time_s,dt_s,v_input_mps,l_m,l_h_m,L_m,width_m,phi_max_rad,theta_ref_rad,theta_ref_deg,theta_rad,theta_deg,theta_t_rad,theta_t_deg,alpha_rad,alpha_deg,phi_rad,phi_deg,e_theta_rad,e_phi_rad,xA_m,yA_m,xB_m,yB_m,xH_m,yH_m,xT_m,yT_m
0.000000,0.020000,3.000000,4.000000,1.800000,15.000000,3.000000,0.261799,1.570796,90.000000,1.570796,90.000000,1.570796,90.000000,0.000000,0.000000,0.000000,0.000000,0.000000,0.000000,0.000000,4.000000,0.000000,0.000000,0.000000,1.800000,-0.000000,-13.200000
0.020000,0.020000,3.000000,4.000000,1.800000,15.000000,3.000000,0.261799,1.570796,90.000000,1.570796,90.000000,1.570796,90.000000,0.000000,0.000000,0.000000,0.000000,0.000000,0.000000,0.000000,4.060000,0.000000,0.060000,0.000000,1.860000,-0.000000,-13.140000
0.040000,0.020000,3.000000,4.000000,1.800000,15.000000,3.000000,0.261799,1.570796,90.000000,1.570796,90.000000,1.570796,90.000000,0.000000,0.000000,0.000000,0.000000,0.000000,0.000000,0.000000,4.120000,0.000000,0.120000,0.000000,1.920000,-0.000000,-13.080000
0.060000,0.020000,3.000000,4.000000,1.800000,15.000000,3.000000,0.261799,1.570796,90.000000,1.570796,90.000000,1.570796,90.000000,0.000000,0.000000,0.000000,0.000000,0.000000,0.000000,0.000000,4.180000,0.000000,0.180000,0.000000,1.980000,-0.000000,-13.020000
0.080000,0.020000,3.000000,4.000000,1.800000,15.000000,3.000000,0.261799,1.570796,90.000000,1.570796,90.000000,1.570796,90.000000,0.000000,0.000000,0.000000,0.000000,0.000000,0.000000,0.000000,4.240000,0.000000,0.240000,0.000000,2.040000,-0.000000,-12.960000
0.100000,0.020000,3.000000,4.000000,1.800000,15.000000,3.000000,0.261799,1.570796,90.000000,1.570796,90.000000,1.570796,90.000000,0.000000,0.000000,0.000000,0.000000,0.000000,0.000000,0.000000,4.300000,0.000000,0.300000,0.000000,2.100000,-0.000000,-12.900000
0.120000,0.020000,3.000000,4.000000,1.800000,15.000000,3.000000,0.261799,1.570796,90.000000,1.570796,90.000000,1.570796,90.000000,0.000000,0.000000,0.000000,0.000000,0.000000,0.000000,0.000000,4.360000,0.000000,0.360000,0.000000,2.160000,-0.000000,-12.840000
0.140000,0.020000,3.000000,4.000000,1.800000,15.000000,3.000000,0.261799,1.570796,90.000000,1.570796,90.000000,1.570796,90.000000,0.000000,0.000000,0.000000,0.000000,0.000000,0.000000,0.000000,4.420000,0.000000,0.420000,0.000000,2.220000,-0.000000,-12.780000
0.160000,0.020000,3.000000,4.000000,1.800000,15.000000,3.000000,0.261799,1.570796,90.000000,1.570796,90.000000,1.570796,90.000000,0.000000,0.000000,0.000000,0.000000,0.000000,0.000000,0.000000,4.480000,0.000000,0.480000,0.000000,2.280000,-0.000000,-12.720000
0.180000,0.020000,3.000000,4.000000,1.800000,15.000000,3.000000,0.261799,1.570796,90.000000,1.570796,90.000000,1.570796,90.000000,0.000000,0.000000,0.000000,0.000000,0.000000,0.000000,0.000000,4.540000,0.000000,0.540000,0.000000,2.340000,-0.000000,-12.660000
0.200000,0.020000,3.000000,4.000000,1.800000,15.000000,3.000000,0.261799,1.570796,90.000000,1.570796,90.000000,1.570796,90.000000,0.000000,0.000000,0.000000,0.000000,0.000000,0.000000,0.000000,4.600000,0.000000,0.600000,0.000000,2.400000,-0.000000,-12.600000
0.220000,0.020000,3.000000,4.000000,1.800000,15.000000,3.000000,0.261799,1.570796,90.000000,1.570796,90.000000,1.570796,90.000000,0.000000,0.000000,0.000000,0.000000,0.000000,0.000000,0.000000,4.660000,0.000000,0.660000,0.000000,2.460000,-0.000000,-12.540000
0.240000,0.020000,3.000000,4.000000,1.800000,15.000000,3.000000,0.261799,1.570796,90.000000,1.570796,90.000000,1.570796,90.000000,0.000000,0.000000,0.000000,0.000000,0.000000,0.000000,0.000000,4.720000,0.000000,0.720000,0.000000,2.520000,-0.000000,-12.480000
0.260000,0.020000,3.000000,4.000000,1.800000,15.000000,3.000000,0.261799,1.570796,90.000000,1.570796,90.000000,1.570796,90.000000,0.000000,0.000000,0.000000,0.000000,0.000000,0.000000,0.000000,4.780000,0.000000,0.780000,0.000000,2.580000,-0.000000,-12.420000
0.280000,0.020000,3.000000,4.000000,1.800000,15.000000,3.000000,0.261799,1.570796,90.000000,1.570796,90.000000,1.570796,90.000000,0.000000,0.000000,0.000000,0.000000,0.000000,0.000000,0.000000,4.840000,0.000000,0.840000,0.000000,2.640000,-0.000000,-12.360000
0.300000,0.020000,3.000000,4.000000,1.800000,15.000000,3.000000,0.261799,1.570796,90.000000,1.570796,90.000000,1.570796,90.000000,0.000000,0.000000,0.000000,0.000000,0.000000,0.000000,0.000000,4.900000,0.000000,0.900000,0.000000,2.700000,-0.000000,-12.300000
0.320000,0.020000,3.000000,4.000000,1.800000,15.000000,3.000000,0.261799,1.570796,90.000000,1.570796,90.000000,1.570796,90.000000,0.000000,0.000000,0.000000,0.000000,0.000000,0.000000,0.000000,4.960000,0.000000,0.960000,0.000000,2.760000,-0.000000,-12.240000
0.340000,0.020000,3.000000,4.000000,1.800000,15.000000,3.000000,0.261799,1.570796,90.000000,1.570796,90.000000,1.570796,90.000000,0.000000,0.000000,0.000000,0.000000,0.000000,0.000000,0.000000,5.020000,0.000000,1.020000,0.000000,2.820000,-0.000000,-12.180000
0.360000,0.020000,3.000000,4.000000,1.800000,15.000000,3.000000,0.261799,1.570796,90.000000,1.570796,90.000000,1.570796,90.000000,0.000000,0.000000,0.000000,0.000000,0.000000,0.000000,0.000000,5.080000,0.000000,1.080000,0.000000,2.880000,-0.000000,-12.120000
0.380000,0.020000,3.000000,4.000000,1.800000,15.000000,3.000000,0.261799,1.570796,90.000000,1.570796,90.000000,1.570796,90.000000,0.000000,0.000000,0.000000,0.000000,0.000000,0.000000,0.000000,5.140000,0.000000,1.140000,0.000000,2.940000,-0.000000,-12.060000
0.400000,0.020000,3.000000,4.000000,1.800000,15.000000,3.000000,0.261799,1.570796,90.000000,1.570796,90.000000,1.570796,90.000000,0.000000,0.000000,0.000000,0.000000,0.000000,0.000000,0.000000,5.200000,0.000000,1.200000,0.000000,3.000000,-0.000000,-12.000000
0.420000,0.020000,3.000000,4.000000,1.800000,15.000000,3.000000,0.261799,1.570796,90.000000,1.570796,90.000000,1.570796,90.000000,0.000000,0.000000,0.000000,0.000000,0.000000,0.000000,0.000000,5.260000,0.000000,1.260000,0.000000,3.060000,-0.000000,-11.940000
0.440000,0.020000,3.000000,4.000000,1.800000,15.000000,3.000000,0.261799,1.570796,90.000000,1.570796,90.000000,1.570796,90.000000,0.000000,0.000000,0.000000,0.000000,0.000000,0.000000,0.000000,5.320000,0.000000,1.320000,0.000000,3.120000,-0.000000,-11.880000
0.460000,0.020000,3.000000,4.000000,1.800000,15.000000,3.000000,0.261799,1.570796,90.000000,1.570796,90.000000,1.570796,90.000000,0.000000,0.000000,0.000000,0.000000,0.000000,0.000000,0.000000,5.380000,0.000000,1.380000,0.000000,3.180000,-0.000000,-11.820000
0.480000,0.020000,3.000000,4.000000,1.800000,15.000000,3.000000,0.261799,1.570796,90.000000,1.570796,90.000000,1.570796,90.000000,0.000000,0.000000,0.000000,0.000000,0.000000,0.000000,0.000000,5.440000,0.000000,1.440000,0.000000,3.240000,-0.000000,-11.760000
0.500000,0.020000,3.000000,4.000000,1.800000,15.000000,3.000000,0.261799,1.570796,90.000000,1.570796,90.000000,1.570796,90.000000,0.000000,0.000000,0.000000,0.000000,0.000000,0.000000,0.000000,5.500000,0.000000,1.500000,0.000000,3.300000,-0.000000,-11.700000
0.520000,0.020000,3.000000,4.000000,1.800000,15.000000,3.000000,0.261799,1.570796,90.000000,1.570796,90.000000,1.570796,90.000000,0.000000,0.000000,0.000000,0.000000,0.000000,0.000000,0.000000,5.560000,0.000000,1.560000,0.000000,3.360000,-0.000000,-11.640000
0.540000,0.020000,3.000000,4.000000,1.800000,15.000000,3.000000,0.261799,1.570796,90.000000,1.570796,90.000000,1.570796,90.000000,0.000000,0.000000,0.000000,0.000000,0.000000,0.000000,0.000000,5.620000,0.000000,1.620000,0.000000,3.420000,-0.000000,-11.580000
0.560000,0.020000,3.000000,4.000000,1.800000,15.000000,3.000000,0.261799,1.570796,90.000000,1.570796,90.000000,1.570796,90.000000,0.000000,0.000000,0.000000,0.000000,0.000000,0.000000,0.000000,5.680000,0.000000,1.680000,0.000000,3.480000,-0.000000,-11.520000
0.580000,0.020000,3.000000,4.000000,1.800000,15.000000,3.000000,0.261799,1.570796,90.000000,1.570796,90.000000,1.570796,90.000000,0.000000,0.000000,0.000000,0.000000,0.000000,0.000000,0.000000,5.740000,0.000000,1.740000,0.000000,3.540000,-0.000000,-11.460000
0.600000,0.020000,3.000000,4.000000,1.800000,15.000000,3.000000,0.261799,1.570796,90.000000,1.570796,90.000000,1.570796,90.000000,0.000000,0.000000,0.000000,0.000000,0.000000,0.000000,0.000000,5.800000,0.000000,1.800000,0.000000,3.600000,-0.000000,-11.400000
0.620000,0.020000,3.000000,4.000000,1.800000,15.000000,3.000000,0.261799,1.570796,90.000000,1.570796,90.000000,1.570796,90.000000,0.000000,0.000000,0.000000,0.000000,0.000000,0.000000,0.000000,5.860000,0.000000,1.860000,0.000000,3.660000,-0.000000,-11.340000
0.640000,0.020000,3.000000,4.000000,1.800000,15.000000,3.000000,0.261799,1.570796,90.000000,1.570796,90.000000,1.570796,90.000000,0.000000,0.000000,0.000000,0.000000,0.000000,0.000000,0.000000,5.920000,0.000000,1.920000,0.000000,3.720000,-0.000000,-11.280000
0.660000,0.020000,3.000000,4.000000,1.800000,15.000000,3.000000,0.261799,1.570796,90.000000,1.570796,90.000000,1.570796,90.000000,0.000000,0.000000,0.000000,0.000000,0.000000,0.000000,0.000000,5.980000,0.000000,1.980000,0.000000,3.780000,-0.000000,-11.220000
0.680000,0.020000,3.000000,4.000000,1.800000,15.000000,3.000000,0.261799,1.570796,90.000000,1.570796,90.000000,1.570796,90.000000,0.000000,0.000000,0.000000,0.000000,0.000000,0.000000,0.000000,6.040000,0.000000,2.040000,0.000000,3.840000,-0.000000,-11.160000
0.700000,0.020000,3.000000,4.000000,1.800000,15.000000,3.000000,0.261799,1.570796,90.000000,1.570796,90.000000,1.570796,90.000000,0.000000,0.000000,0.000000,0.000000,0.000000,0.000000,0.000000,6.100000,0.000000,2.100000,0.000000,3.900000,-0.000000,-11.100000
0.720000,0.020000,3.000000,4.000000,1.800000,15.000000,3.000000,0.261799,1.570796,90.000000,1.570796,90.000000,1.570796,90.000000,0.000000,0.000000,0.000000,0.000000,0.000000,0.000000,0.000000,6.160000,0.000000,2.160000,0.000000,3.960000,-0.000000,-11.040000
0.740000,0.020000,3.000000,4.000000,1.800000,15.000000,3.000000,0.261799,1.570796,90.000000,1.570796,90.000000,1.570796,90.000000,0.000000,0.000000,0.000000,0.000000,0.000000,0.000000,0.000000,6.220000,0.000000,2.220000,0.000000,4.020000,-0.000000,-10.980000
0.760000,0.020000,3.000000,4.000000,1.800000,15.000000,3.000000,0.261799,1.570796,90.000000,1.570796,90.000000,1.570796,90.000000,0.000000,0.000000,0.000000,0.000000,0.000000,0.000000,0.000000,6.280000,0.000000,2.280000,0.000000,4.080000,-0.000000,-10.920000
0.780000,0.020000,3.000000,4.000000,1.800000,15.000000,3.000000,0.261799,1.570796,90.000000,1.570796,90.000000,1.570796,90.000000,0.000000,0.000000,0.000000,0.000000,0.000000,0.000000,0.000000,6.340000,0.000000,2.340000,0.000000,4.140000,-0.000000,-10.860000
0.800000,0.020000,3.000000,4.000000,1.800000,15.000000,3.000000,0.261799,1.570796,90.000000,1.570796,90.000000,1.570796,90.000000,0.000000,0.000000,0.000000,0.000000,0.000000,0.000000,0.000000,6.400000,0.000000,2.400000,0.000000,4.200000,-0.000000,-10.800000
0.820000,0.020000,3.000000,4.000000,1.800000,15.000000,3.000000,0.261799,1.570796,90.000000,1.570796,90.000000,1.570796,90.000000,0.000000,0.000000,0.000000,0.000000,0.000000,0.000000,0.000000,6.460000,0.000000,2.460000,0.000000,4.260000,-0.000000,-10.740000
0.840000,0.020000,3.000000,4.000000,1.800000,15.000000,3.000000,0.261799,1.570796,90.000000,1.570796,90.000000,1.570796,90.000000,0.000000,0.000000,0.000000,0.000000,0.000000,0.000000,0.000000,6.520000,0.000000,2.520000,0.000000,4.320000,-0.000000,-10.680000
0.860000,0.020000,3.000000,4.000000,1.800000,15.000000,3.000000,0.261799,1.570796,90.000000,1.570796,90.000000,1.570796,90.000000,0.000000,0.000000,0.000000,0.000000,0.000000,0.000000,0.000000,6.580000,0.000000,2.580000,0.000000,4.380000,-0.000000,-10.620000
0.880000,0.020000,3.000000,4.000000,1.800000,15.000000,3.000000,0.261799,1.570796,90.000000,1.570796,90.000000,1.570796,90.000000,0.000000,0.000000,0.000000,0.000000,0.000000,0.000000,0.000000,6.640000,0.000000,2.640000,0.000000,4.440000,-0.000000,-10.560000
0.900000,0.020000,3.000000,4.000000,1.800000,15.000000,3.000000,0.261799,1.570796,90.000000,1.570796,90.000000,1.570796,90.000000,0.000000,0.000000,0.000000,0.000000,0.000000,0.000000,0.000000,6.700000,0.000000,2.700000,0.000000,4.500000,-0.000000,-10.500000
0.920000,0.020000,3.000000,4.000000,1.800000,15.000000,3.000000,0.261799,1.570796,90.000000,1.570796,90.000000,1.570796,90.000000,0.000000,0.000000,0.000000,0.000000,0.000000,0.000000,0.000000,6.760000,0.000000,2.760000,0.000000,4.560000,-0.000000,-10.440000
0.940000,0.020000,3.000000,4.000000,1.800000,15.000000,3.000000,0.261799,1.570796,90.000000,1.570796,90.000000,1.570796,90.000000,0.000000,0.000000,0.000000,0.000000,0.000000,0.000000,0.000000,6.820000,0.000000,2.820000,0.000000,4.620000,-0.000000,-10.380000
0.960000,0.020000,3.000000,4.000000,1.800000,15.000000,3.000000,0.261799,1.570796,90.000000,1.570796,90.000000,1.570796,90.000000,0.000000,0.000000,0.000000,0.000000,0.000000,0.000000,0.000000,6.880000,0.000000,2.880000,0.000000,4.680000,-0.000000,-10.320000
0.980000,0.020000,3.000000,4.000000,1.800000,15.000000,3.000000,0.261799,1.570796,90.000000,1.570796,90.000000,1.570796,90.000000,0.000000,0.000000,0.000000,0.000000,0.000000,0.000000,0.000000,6.940000,0.000000,2.940000,0.000000,4.740000,-0.000000,-10.260000
1.000000,0.020000,3.000000,4.000000,1.800000,15.000000,3.000000,0.261799,1.570796,90.000000,1.570796,90.000000,1.570796,90.000000,0.000000,0.000000,0.000000,0.000000,0.000000,0.000000,0.000000,7.000000,0.000000,3.000000,0.000000,4.800000,-0.000000,-10.200000
1.020000,0.020000,3.000000,4.000000,1.800000,15.000000,3.000000,0.261799,1.570796,90.000000,1.570796,90.000000,1.570796,90.000000,0.000000,0.000000,0.000000,0.000000,0.000000,0.000000,0.000000,7.060000,0.000000,3.060000,0.000000,4.860000,-0.000000,-10.140000
1.040000,0.020000,3.000000,4.000000,1.800000,15.000000,3.000000,0.261799,1.570796,90.000000,1.570796,90.000000,1.570796,90.000000,0.000000,0.000000,0.000000,0.000000,0.000000,0.000000,0.000000,7.120000,0.000000,3.120000,0.000000,4.920000,-0.000000,-10.080000
1.060000,0.020000,3.000000,4.000000,1.800000,15.000000,3.000000,0.261799,1.570796,90.000000,1.570796,90.000000,1.570796,90.000000,0.000000,0.000000,0.000000,0.000000,0.000000,0.000000,0.000000,7.180000,0.000000,3.180000,0.000000,4.980000,-0.000000,-10.020000
1.080000,0.020000,3.000000,4.000000,1.800000,15.000000,3.000000,0.261799,1.570796,90.000000,1.570796,90.000000,1.570796,90.000000,0.000000,0.000000,0.000000,0.000000,0.000000,0.000000,0.000000,7.240000,0.000000,3.240000,0.000000,5.040000,-0.000000,-9.960000
1.100000,0.020000,3.000000,4.000000,1.800000,15.000000,3.000000,0.261799,1.570796,90.000000,1.570796,90.000000,1.570796,90.000000,0.000000,0.000000,0.000000,0.000000,0.000000,0.000000,0.000000,7.300000,0.000000,3.300000,0.000000,5.100000,-0.000000,-9.900000
1.120000,0.020000,3.000000,4.000000,1.800000,15.000000,3.000000,0.261799,1.570796,90.000000,1.570796,90.000000,1.570796,90.000000,0.000000,0.000000,0.000000,0.000000,0.000000,0.000000,0.000000,7.360000,0.000000,3.360000,0.000000,5.160000,-0.000000,-9.840000
1.140000,0.020000,3.000000,4.000000,1.800000,15.000000,3.000000,0.261799,1.570796,90.000000,1.570796,90.000000,1.570796,90.000000,0.000000,0.000000,0.000000,0.000000,0.000000,0.000000,0.000000,7.420000,0.000000,3.420000,0.000000,5.220000,-0.000000,-9.780000
1.160000,0.020000,3.000000,4.000000,1.800000,15.000000,3.000000,0.261799,1.570796,90.000000,1.570796,90.000000,1.570796,90.000000,0.000000,0.000000,0.000000,0.000000,0.000000,0.000000,0.000000,7.480000,0.000000,3.480000,0.000000,5.280000,-0.000000,-9.720000
1.180000,0.020000,3.000000,4.000000,1.800000,15.000000,3.000000,0.261799,1.570796,90.000000,1.570796,90.000000,1.570796,90.000000,0.000000,0.000000,0.000000,0.000000,0.000000,0.000000,0.000000,7.540000,0.000000,3.540000,0.000000,5.340000,-0.000000,-9.660000
1.200000,0.020000,3.000000,4.000000,1.800000,15.000000,3.000000,0.261799,1.570796,90.000000,1.570796,90.000000,1.570796,90.000000,0.000000,0.000000,0.000000,0.000000,0.000000,0.000000,0.000000,7.600000,0.000000,3.600000,0.000000,5.400000,-0.000000,-9.600000
1.220000,0.020000,3.000000,4.000000,1.800000,15.000000,3.000000,0.261799,1.570796,90.000000,1.570796,90.000000,1.570796,90.000000,0.000000,0.000000,0.000000,0.000000,0.000000,0.000000,0.000000,7.660000,0.000000,3.660000,0.000000,5.460000,-0.000000,-9.540000
1.240000,0.020000,3.000000,4.000000,1.800000,15.000000,3.000000,0.261799,1.570796,90.000000,1.570796,90.000000,1.570796,90.000000,0.000000,0.000000,0.000000,0.000000,0.000000,0.000000,0.000000,7.720000,0.000000,3.720000,0.000000,5.520000,-0.000000,-9.480000
1.260000,0.020000,3.000000,4.000000,1.800000,15.000000,3.000000,0.261799,1.570796,90.000000,1.570796,90.000000,1.570796,90.000000,0.000000,0.000000,0.000000,0.000000,0.000000,0.000000,0.000000,7.780000,0.000000,3.780000,0.000000,5.580000,-0.000000,-9.420000
1.280000,0.020000,3.000000,4.000000,1.800000,15.000000,3.000000,0.261799,1.570796,90.000000,1.570796,90.000000,1.570796,90.000000,0.000000,0.000000,0.000000,0.000000,0.000000,0.000000,0.000000,7.840000,0.000000,3.840000,0.000000,5.640000,-0.000000,-9.360000
1.300000,0.020000,3.000000,4.000000,1.800000,15.000000,3.000000,0.261799,1.570796,90.000000,1.570796,90.000000,1.570796,90.000000,0.000000,0.000000,0.000000,0.000000,0.000000,0.000000,0.000000,7.900000,0.000000,3.900000,0.000000,5.700000,-0.000000,-9.300000
1.320000,0.020000,3.000000,4.000000,1.800000,15.000000,3.000000,0.261799,1.570796,90.000000,1.570796,90.000000,1.570796,90.000000,0.000000,0.000000,0.000000,0.000000,0.000000,0.000000,0.000000,7.960000,0.000000,3.960000,0.000000,5.760000,-0.000000,-9.240000
1.340000,0.020000,3.000000,4.000000,1.800000,15.000000,3.000000,0.261799,1.570796,90.000000,1.570796,90.000000,1.570796,90.000000,0.000000,0.000000,0.000000,0.000000,0.000000,0.000000,0.000000,8.020000,0.000000,4.020000,0.000000,5.820000,-0.000000,-9.180000
1.360000,0.020000,3.000000,4.000000,1.800000,15.000000,3.000000,0.261799,1.570796,90.000000,1.570796,90.000000,1.570796,90.000000,0.000000,0.000000,0.000000,0.000000,0.000000,0.000000,0.000000,8.080000,0.000000,4.080000,0.000000,5.880000,-0.000000,-9.120000
1.380000,0.020000,3.000000,4.000000,1.800000,15.000000,3.000000,0.261799,1.570796,90.000000,1.570796,90.000000,1.570796,90.000000,0.000000,0.000000,0.000000,0.000000,0.000000,0.000000,0.000000,8.140000,0.000000,4.140000,0.000000,5.940000,-0.000000,-9.060000
1.400000,0.020000,3.000000,4.000000,1.800000,15.000000,3.000000,0.261799,1.570796,90.000000,1.570796,90.000000,1.570796,90.000000,0.000000,0.000000,0.000000,0.000000,0.000000,0.000000,0.000000,8.200000,0.000000,4.200000,0.000000,6.000000,-0.000000,-9.000000
1.420000,0.020000,3.000000,4.000000,1.800000,15.000000,3.000000,0.261799,1.570796,90.000000,1.570796,90.000000,1.570796,90.000000,0.000000,0.000000,0.000000,0.000000,0.000000,0.000000,0.000000,8.260000,0.000000,4.260000,0.000000,6.060000,-0.000000,-8.940000
1.440000,0.020000,3.000000,4.000000,1.800000,15.000000,3.000000,0.261799,1.570796,90.000000,1.570796,90.000000,1.570796,90.000000,0.000000,0.000000,0.000000,0.000000,0.000000,0.000000,0.000000,8.320000,0.000000,4.320000,0.000000,6.120000,-0.000000,-8.880000
1.460000,0.020000,3.000000,4.000000,1.800000,15.000000,3.000000,0.261799,1.570796,90.000000,1.570796,90.000000,1.570796,90.000000,0.000000,0.000000,0.000000,0.000000,0.000000,0.000000,0.000000,8.380000,0.000000,4.380000,0.000000,6.180000,-0.000000,-8.820000
1.480000,0.020000,3.000000,4.000000,1.800000,15.000000,3.000000,0.261799,1.570796,90.000000,1.570796,90.000000,1.570796,90.000000,0.000000,0.000000,0.000000,0.000000,0.000000,0.000000,0.000000,8.440000,0.000000,4.440000,0.000000,6.240000,-0.000000,-8.760000
1.500000,0.020000,3.000000,4.000000,1.800000,15.000000,3.000000,0.261799,1.570796,90.000000,1.570796,90.000000,1.570796,90.000000,0.000000,0.000000,0.000000,0.000000,0.000000,0.000000,0.000000,8.500000,0.000000,4.500000,0.000000,6.300000,-0.000000,-8.700000
1.520000,0.020000,3.000000,4.000000,1.800000,15.000000,3.000000,0.261799,1.570796,90.000000,1.570796,90.000000,1.570796,90.000000,0.000000,0.000000,0.000000,0.000000,0.000000,0.000000,0.000000,8.560000,0.000000,4.560000,0.000000,6.360000,-0.000000,-8.640000
1.540000,0.020000,3.000000,4.000000,1.800000,15.000000,3.000000,0.261799,1.570796,90.000000,1.570796,90.000000,1.570796,90.000000,0.000000,0.000000,0.000000,0.000000,0.000000,0.000000,0.000000,8.620000,0.000000,4.620000,0.000000,6.420000,-0.000000,-8.580000
1.560000,0.020000,3.000000,4.000000,1.800000,15.000000,3.000000,0.261799,1.570796,90.000000,1.570796,90.000000,1.570796,90.000000,0.000000,0.000000,0.000000,0.000000,0.000000,0.000000,0.000000,8.680000,0.000000,4.680000,0.000000,6.480000,-0.000000,-8.520000
1.580000,0.020000,3.000000,4.000000,1.800000,15.000000,3.000000,0.261799,1.570796,90.000000,1.570796,90.000000,1.570796,90.000000,0.000000,0.000000,0.000000,0.000000,0.000000,0.000000,0.000000,8.740000,0.000000,4.740000,0.000000,6.540000,-0.000000,-8.460000
1.600000,0.020000,3.000000,4.000000,1.800000,15.000000,3.000000,0.261799,1.570796,90.000000,1.570796,90.000000,1.570796,90.000000,0.000000,0.000000,0.000000,0.000000,0.000000,0.000000,0.000000,8.800000,0.000000,4.800000,0.000000,6.600000,-0.000000,-8.400000
1.620000,0.020000,3.000000,4.000000,1.800000,15.000000,3.000000,0.261799,1.570796,90.000000,1.570796,90.000000,1.570796,90.000000,0.000000,0.000000,0.000000,0.000000,0.000000,0.000000,0.000000,8.860000,0.000000,4.860000,0.000000,6.660000,-0.000000,-8.340000
1.640000,0.020000,3.000000,4.000000,1.800000,15.000000,3.000000,0.261799,1.570796,90.000000,1.570796,90.000000,1.570796,90.000000,0.000000,0.000000,0.000000,0.000000,0.000000,0.000000,0.000000,8.920000,0.000000,4.920000,0.000000,6.720000,-0.000000,-8.280000
1.660000,0.020000,3.000000,4.000000,1.800000,15.000000,3.000000,0.261799,1.570796,90.000000,1.570796,90.000000,1.570796,90.000000,0.000000,0.000000,0.000000,0.000000,0.000000,0.000000,0.000000,8.980000,0.000000,4.980000,0.000000,6.780000,-0.000000,-8.220000
1.680000,0.020000,3.000000,4.000000,1.800000,15.000000,3.000000,0.261799,1.570796,90.000000,1.570796,90.000000,1.570796,90.000000,0.000000,0.000000,0.000000,0.000000,0.000000,0.000000,0.000000,9.040000,0.000000,5.040000,0.000000,6.840000,-0.000000,-8.160000
1.700000,0.020000,3.000000,4.000000,1.800000,15.000000,3.000000,0.261799,1.570796,90.000000,1.570796,90.000000,1.570796,90.000000,0.000000,0.000000,0.000000,0.000000,0.000000,0.000000,0.000000,9.100000,0.000000,5.100000,0.000000,6.900000,-0.000000,-8.100000
1.720000,0.020000,3.000000,4.000000,1.800000,15.000000,3.000000,0.261799,1.570796,90.000000,1.570796,90.000000,1.570796,90.000000,0.000000,0.000000,0.000000,0.000000,0.000000,0.000000,0.000000,9.160000,0.000000,5.160000,0.000000,6.960000,-0.000000,-8.040000
1.740000,0.020000,3.000000,4.000000,1.800000,15.000000,3.000000,0.261799,1.570796,90.000000,1.570796,90.000000,1.570796,90.000000,0.000000,0.000000,0.000000,0.000000,0.000000,0.000000,0.000000,9.220000,0.000000,5.220000,0.000000,7.020000,-0.000000,-7.980000
1.760000,0.020000,3.000000,4.000000,1.800000,15.000000,3.000000,0.261799,1.570796,90.000000,1.570796,90.000000,1.570796,90.000000,0.000000,0.000000,0.000000,0.000000,0.000000,0.000000,0.000000,9.280000,0.000000,5.280000,0.000000,7.080000,-0.000000,-7.920000
1.780000,0.020000,3.000000,4.000000,1.800000,15.000000,3.000000,0.261799,1.570796,90.000000,1.570796,90.000000,1.570796,90.000000,0.000000,0.000000,0.000000,0.000000,0.000000,0.000000,0.000000,9.340000,0.000000,5.340000,0.000000,7.140000,-0.000000,-7.860000
1.800000,0.020000,3.000000,4.000000,1.800000,15.000000,3.000000,0.261799,1.570796,90.000000,1.570796,90.000000,1.570796,90.000000,0.000000,0.000000,0.000000,0.000000,0.000000,0.000000,0.000000,9.400000,0.000000,5.400000,0.000000,7.200000,-0.000000,-7.800000
1.820000,0.020000,3.000000,4.000000,1.800000,15.000000,3.000000,0.261799,1.570796,90.000000,1.570796,90.000000,1.570796,90.000000,0.000000,0.000000,0.000000,0.000000,0.000000,0.000000,0.000000,9.460000,0.000000,5.460000,0.000000,7.260000,-0.000000,-7.740000
1.840000,0.020000,3.000000,4.000000,1.800000,15.000000,3.000000,0.261799,1.570796,90.000000,1.570796,90.000000,1.570796,90.000000,0.000000,0.000000,0.000000,0.000000,0.000000,0.000000,0.000000,9.520000,0.000000,5.520000,0.000000,7.320000,-0.000000,-7.680000
1.860000,0.020000,3.000000,4.000000,1.800000,15.000000,3.000000,0.261799,1.570796,90.000000,1.570796,90.000000,1.570796,90.000000,0.000000,0.000000,0.000000,0.000000,0.000000,0.000000,0.000000,9.580000,0.000000,5.580000,0.000000,7.380000,-0.000000,-7.620000
1.880000,0.020000,3.000000,4.000000,1.800000,15.000000,3.000000,0.261799,1.570796,90.000000,1.570796,90.000000,1.570796,90.000000,0.000000,0.000000,0.000000,0.000000,0.000000,0.000000,0.000000,9.640000,0.000000,5.640000,0.000000,7.440000,-0.000000,-7.560000
1.900000,0.020000,3.000000,4.000000,1.800000,15.000000,3.000000,0.261799,1.570796,90.000000,1.570796,90.000000,1.570796,90.000000,0.000000,0.000000,0.000000,0.000000,0.000000,0.000000,0.000000,9.700000,0.000000,5.700000,0.000000,7.500000,-0.000000,-7.500000
1.920000,0.020000,3.000000,4.000000,1.800000,15.000000,3.000000,0.261799,1.570796,90.000000,1.570796,90.000000,1.570796,90.000000,0.000000,0.000000,0.000000,0.000000,0.000000,0.000000,0.000000,9.760000,0.000000,5.760000,0.000000,7.560000,-0.000000,-7.440000
1.940000,0.020000,3.000000,4.000000,1.800000,15.000000,3.000000,0.261799,1.570796,90.000000,1.570796,90.000000,1.570796,90.000000,0.000000,0.000000,0.000000,0.000000,0.000000,0.000000,0.000000,9.820000,0.000000,5.820000,0.000000,7.620000,-0.000000,-7.380000
1.960000,0.020000,3.000000,4.000000,1.800000,15.000000,3.000000,0.261799,1.570796,90.000000,1.570796,90.000000,1.570796,90.000000,0.000000,0.000000,0.000000,0.000000,0.000000,0.000000,0.000000,9.880000,0.000000,5.880000,0.000000,7.680000,-0.000000,-7.320000
1.980000,0.020000,3.000000,4.000000,1.800000,15.000000,3.000000,0.261799,1.570796,90.000000,1.570796,90.000000,1.570796,90.000000,0.000000,0.000000,0.000000,0.000000,0.000000,0.000000,0.000000,9.940000,0.000000,5.940000,0.000000,7.740000,-0.000000,-7.260000
2.000000,0.020000,3.000000,4.000000,1.800000,15.000000,3.000000,0.261799,1.570796,90.000000,1.570796,90.000000,1.570796,90.000000,0.000000,0.000000,0.000000,0.000000,0.000000,0.000000,0.000000,10.000000,0.000000,6.000000,0.000000,7.800000,-0.000000,-7.200000
2.020000,0.020000,3.000000,4.000000,1.800000,15.000000,3.000000,0.261799,1.570796,90.000000,1.570796,90.000000,1.570796,90.000000,0.000000,0.000000,0.000000,0.000000,0.000000,0.000000,0.000000,10.060000,0.000000,6.060000,0.000000,7.860000,-0.000000,-7.140000
2.040000,0.020000,3.000000,4.000000,1.800000,15.000000,3.000000,0.261799,1.570796,90.000000,1.570796,90.000000,1.570796,90.000000,0.000000,0.000000,0.000000,0.000000,0.000000,0.000000,0.000000,10.120000,0.000000,6.120000,0.000000,7.920000,-0.000000,-7.080000
2.060000,0.020000,3.000000,4.000000,1.800000,15.000000,3.000000,0.261799,1.570796,90.000000,1.570796,90.000000,1.570796,90.000000,0.000000,0.000000,0.000000,0.000000,0.000000,0.000000,0.000000,10.180000,0.000000,6.180000,0.000000,7.980000,-0.000000,-7.020000
2.080000,0.020000,3.000000,4.000000,1.800000,15.000000,3.000000,0.261799,1.570796,90.000000,1.570796,90.000000,1.570796,90.000000,0.000000,0.000000,0.000000,0.000000,0.000000,0.000000,0.000000,10.240000,0.000000,6.240000,0.000000,8.040000,-0.000000,-6.960000
2.100000,0.020000,3.000000,4.000000,1.800000,15.000000,3.000000,0.261799,1.570796,90.000000,1.570796,90.000000,1.570796,90.000000,0.000000,0.000000,0.000000,0.000000,0.000000,0.000000,0.000000,10.300000,0.000000,6.300000,0.000000,8.100000,-0.000000,-6.900000
2.120000,0.020000,3.000000,4.000000,1.800000,15.000000,3.000000,0.261799,1.570796,90.000000,1.570796,90.000000,1.570796,90.000000,0.000000,0.000000,0.000000,0.000000,0.000000,0.000000,0.000000,10.360000,0.000000,6.360000,0.000000,8.160000,-0.000000,-6.840000
2.140000,0.020000,3.000000,4.000000,1.800000,15.000000,3.000000,0.261799,1.570796,90.000000,1.570796,90.000000,1.570796,90.000000,0.000000,0.000000,0.000000,0.000000,0.000000,0.000000,0.000000,10.420000,0.000000,6.420000,0.000000,8.220000,-0.000000,-6.780000
2.160000,0.020000,3.000000,4.000000,1.800000,15.000000,3.000000,0.261799,1.570796,90.000000,1.570796,90.000000,1.570796,90.000000,0.000000,0.000000,0.000000,0.000000,0.000000,0.000000,0.000000,10.480000,0.000000,6.480000,0.000000,8.280000,-0.000000,-6.720000
2.180000,0.020000,3.000000,4.000000,1.800000,15.000000,3.000000,0.261799,1.570796,90.000000,1.570796,90.000000,1.570796,90.000000,0.000000,0.000000,0.000000,0.000000,0.000000,0.000000,0.000000,10.540000,0.000000,6.540000,0.000000,8.340000,-0.000000,-6.660000
2.200000,0.020000,3.000000,4.000000,1.800000,15.000000,3.000000,0.261799,1.570796,90.000000,1.570796,90.000000,1.570796,90.000000,0.000000,0.000000,0.000000,0.000000,0.000000,0.000000,0.000000,10.600000,0.000000,6.600000,0.000000,8.400000,-0.000000,-6.600000
2.220000,0.020000,3.000000,4.000000,1.800000,15.000000,3.000000,0.261799,1.570796,90.000000,1.570796,90.000000,1.570796,90.000000,0.000000,0.000000,0.000000,0.000000,0.000000,0.000000,0.000000,10.660000,0.000000,6.660000,0.000000,8.460000,-0.000000,-6.540000
2.240000,0.020000,3.000000,4.000000,1.800000,15.000000,3.000000,0.261799,1.570796,90.000000,1.570796,90.000000,1.570796,90.000000,0.000000,0.000000,0.000000,0.000000,0.000000,0.000000,0.000000,10.720000,0.000000,6.720000,0.000000,8.520000,-0.000000,-6.480000
2.260000,0.020000,3.000000,4.000000,1.800000,15.000000,3.000000,0.261799,1.570796,90.000000,1.570796,90.000000,1.570796,90.000000,0.000000,0.000000,0.000000,0.000000,0.000000,0.000000,0.000000,10.780000,0.000000,6.780000,0.000000,8.580000,-0.000000,-6.420000
2.280000,0.020000,3.000000,4.000000,1.800000,15.000000,3.000000,0.261799,1.570796,90.000000,1.570796,90.000000,1.570796,90.000000,0.000000,0.000000,0.000000,0.000000,0.000000,0.000000,0.000000,10.840000,0.000000,6.840000,0.000000,8.640000,-0.000000,-6.360000
2.300000,0.020000,3.000000,4.000000,1.800000,15.000000,3.000000,0.261799,1.570796,90.000000,1.570796,90.000000,1.570796,90.000000,0.000000,0.000000,0.000000,0.000000,0.000000,0.000000,0.000000,10.900000,0.000000,6.900000,0.000000,8.700000,-0.000000,-6.300000
2.320000,0.020000,3.000000,4.000000,1.800000,15.000000,3.000000,0.261799,1.570796,90.000000,1.570796,90.000000,1.570796,90.000000,0.000000,0.000000,0.000000,0.000000,0.000000,0.000000,0.000000,10.960000,0.000000,6.960000,0.000000,8.760000,-0.000000,-6.240000
2.340000,0.020000,3.000000,4.000000,1.800000,15.000000,3.000000,0.261799,1.570796,90.000000,1.570796,90.000000,1.570796,90.000000,0.000000,0.000000,0.000000,0.000000,0.000000,0.000000,0.000000,11.020000,0.000000,7.020000,0.000000,8.820000,-0.000000,-6.180000
2.360000,0.020000,3.000000,4.000000,1.800000,15.000000,3.000000,0.261799,1.570796,90.000000,1.570796,90.000000,1.570796,90.000000,0.000000,0.000000,0.000000,0.000000,0.000000,0.000000,0.000000,11.080000,0.000000,7.080000,0.000000,8.880000,-0.000000,-6.120000
2.380000,0.020000,3.000000,4.000000,1.800000,15.000000,3.000000,0.261799,1.570796,90.000000,1.570796,90.000000,1.570796,90.000000,0.000000,0.000000,0.000000,0.000000,0.000000,0.000000,0.000000,11.140000,0.000000,7.140000,0.000000,8.940000,-0.000000,-6.060000
2.400000,0.020000,3.000000,4.000000,1.800000,15.000000,3.000000,0.261799,1.570796,90.000000,1.570796,90.000000,1.570796,90.000000,0.000000,0.000000,0.000000,0.000000,0.000000,0.000000,0.000000,11.200000,0.000000,7.200000,0.000000,9.000000,-0.000000,-6.000000
2.420000,0.020000,3.000000,4.000000,1.800000,15.000000,3.000000,0.261799,1.570796,90.000000,1.570796,90.000000,1.570796,90.000000,0.000000,0.000000,0.000000,0.000000,0.000000,0.000000,0.000000,11.260000,0.000000,7.260000,0.000000,9.060000,-0.000000,-5.940000
2.440000,0.020000,3.000000,4.000000,1.800000,15.000000,3.000000,0.261799,1.570796,90.000000,1.570796,90.000000,1.570796,90.000000,0.000000,0.000000,0.000000,0.000000,0.000000,0.000000,0.000000,11.320000,0.000000,7.320000,0.000000,9.120000,-0.000000,-5.880000
2.460000,0.020000,3.000000,4.000000,1.800000,15.000000,3.000000,0.261799,1.570796,90.000000,1.570796,90.000000,1.570796,90.000000,0.000000,0.000000,0.000000,0.000000,0.000000,0.000000,0.000000,11.380000,0.000000,7.380000,0.000000,9.180000,-0.000000,-5.820000
2.480000,0.020000,3.000000,4.000000,1.800000,15.000000,3.000000,0.261799,1.570796,90.000000,1.570796,90.000000,1.570796,90.000000,0.000000,0.000000,0.000000,0.000000,0.000000,0.000000,0.000000,11.440000,0.000000,7.440000,0.000000,9.240000,-0.000000,-5.760000
2.500000,0.020000,3.000000,4.000000,1.800000,15.000000,3.000000,0.261799,1.570796,90.000000,1.570796,90.000000,1.570796,90.000000,0.000000,0.000000,0.000000,0.000000,0.000000,0.000000,0.000000,11.500000,0.000000,7.500000,0.000000,9.300000,-0.000000,-5.700000
2.520000,0.020000,3.000000,4.000000,1.800000,15.000000,3.000000,0.261799,1.570796,90.000000,1.570796,90.000000,1.570796,90.000000,0.000000,0.000000,0.000000,0.000000,0.000000,0.000000,0.000000,11.560000,0.000000,7.560000,0.000000,9.360000,-0.000000,-5.640000
2.540000,0.020000,3.000000,4.000000,1.800000,15.000000,3.000000,0.261799,1.570796,90.000000,1.570796,90.000000,1.570796,90.000000,0.000000,0.000000,0.000000,0.000000,0.000000,0.000000,0.000000,11.620000,0.000000,7.620000,0.000000,9.420000,-0.000000,-5.580000
2.560000,0.020000,3.000000,4.000000,1.800000,15.000000,3.000000,0.261799,1.570796,90.000000,1.570796,90.000000,1.570796,90.000000,0.000000,0.000000,0.000000,0.000000,0.000000,0.000000,0.000000,11.680000,0.000000,7.680000,0.000000,9.480000,-0.000000,-5.520000
2.580000,0.020000,3.000000,4.000000,1.800000,15.000000,3.000000,0.261799,1.570796,90.000000,1.570796,90.000000,1.570796,90.000000,0.000000,0.000000,0.000000,0.000000,0.000000,0.000000,0.000000,11.740000,0.000000,7.740000,0.000000,9.540000,-0.000000,-5.460000
2.600000,0.020000,3.000000,4.000000,1.800000,15.000000,3.000000,0.261799,1.570796,90.000000,1.570796,90.000000,1.570796,90.000000,0.000000,0.000000,0.000000,0.000000,0.000000,0.000000,0.000000,11.800000,0.000000,7.800000,0.000000,9.600000,-0.000000,-5.400000
2.620000,0.020000,3.000000,4.000000,1.800000,15.000000,3.000000,0.261799,1.570796,90.000000,1.570796,90.000000,1.570796,90.000000,0.000000,0.000000,0.000000,0.000000,0.000000,0.000000,0.000000,11.860000,0.000000,7.860000,0.000000,9.660000,-0.000000,-5.340000
2.640000,0.020000,3.000000,4.000000,1.800000,15.000000,3.000000,0.261799,1.570796,90.000000,1.570796,90.000000,1.570796,90.000000,0.000000,0.000000,0.000000,0.000000,0.000000,0.000000,0.000000,11.920000,0.000000,7.920000,0.000000,9.720000,-0.000000,-5.280000
2.660000,0.020000,3.000000,4.000000,1.800000,15.000000,3.000000,0.261799,1.570796,90.000000,1.570796,90.000000,1.570796,90.000000,0.000000,0.000000,0.000000,0.000000,0.000000,0.000000,0.000000,11.980000,0.000000,7.980000,0.000000,9.780000,-0.000000,-5.220000
2.680000,0.020000,3.000000,4.000000,1.800000,15.000000,3.000000,0.261799,1.570796,90.000000,1.570796,90.000000,1.570796,90.000000,0.000000,0.000000,0.000000,0.000000,0.000000,0.000000,0.000000,12.040000,0.000000,8.040000,0.000000,9.840000,-0.000000,-5.160000
2.700000,0.020000,3.000000,4.000000,1.800000,15.000000,3.000000,0.261799,1.570796,90.000000,1.570796,90.000000,1.570796,90.000000,0.000000,0.000000,0.000000,0.000000,0.000000,0.000000,0.000000,12.100000,0.000000,8.100000,0.000000,9.900000,-0.000000,-5.100000
2.720000,0.020000,3.000000,4.000000,1.800000,15.000000,3.000000,0.261799,1.570796,90.000000,1.570796,90.000000,1.570796,90.000000,0.000000,0.000000,0.000000,0.000000,0.000000,0.000000,0.000000,12.160000,0.000000,8.160000,0.000000,9.960000,-0.000000,-5.040000
2.740000,0.020000,3.000000,4.000000,1.800000,15.000000,3.000000,0.261799,1.570796,90.000000,1.570796,90.000000,1.570796,90.000000,0.000000,0.000000,0.000000,0.000000,0.000000,0.000000,0.000000,12.220000,0.000000,8.220000,0.000000,10.020000,-0.000000,-4.980000
2.760000,0.020000,3.000000,4.000000,1.800000,15.000000,3.000000,0.261799,1.570796,90.000000,1.570796,90.000000,1.570796,90.000000,0.000000,0.000000,0.000000,0.000000,0.000000,0.000000,0.000000,12.280000,0.000000,8.280000,0.000000,10.080000,-0.000000,-4.920000
2.780000,0.020000,3.000000,4.000000,1.800000,15.000000,3.000000,0.261799,1.570796,90.000000,1.570796,90.000000,1.570796,90.000000,0.000000,0.000000,0.000000,0.000000,0.000000,0.000000,0.000000,12.340000,0.000000,8.340000,0.000000,10.140000,-0.000000,-4.860000
2.800000,0.020000,3.000000,4.000000,1.800000,15.000000,3.000000,0.261799,1.570796,90.000000,1.570796,90.000000,1.570796,90.000000,0.000000,0.000000,0.000000,0.000000,0.000000,0.000000,0.000000,12.400000,0.000000,8.400000,0.000000,10.200000,-0.000000,-4.800000
2.820000,0.020000,3.000000,4.000000,1.800000,15.000000,3.000000,0.261799,1.570796,90.000000,1.570796,90.000000,1.570796,90.000000,0.000000,0.000000,0.000000,0.000000,0.000000,0.000000,0.000000,12.460000,0.000000,8.460000,0.000000,10.260000,-0.000000,-4.740000
2.840000,0.020000,3.000000,4.000000,1.800000,15.000000,3.000000,0.261799,1.570796,90.000000,1.570796,90.000000,1.570796,90.000000,0.000000,0.000000,0.000000,0.000000,0.000000,0.000000,0.000000,12.520000,0.000000,8.520000,0.000000,10.320000,-0.000000,-4.680000
2.860000,0.020000,3.000000,4.000000,1.800000,15.000000,3.000000,0.261799,1.570796,90.000000,1.570796,90.000000,1.570796,90.000000,0.000000,0.000000,0.000000,0.000000,0.000000,0.000000,0.000000,12.580000,0.000000,8.580000,0.000000,10.380000,-0.000000,-4.620000
2.880000,0.020000,3.000000,4.000000,1.800000,15.000000,3.000000,0.261799,1.570796,90.000000,1.570796,90.000000,1.570796,90.000000,0.000000,0.000000,0.000000,0.000000,0.000000,0.000000,0.000000,12.640000,0.000000,8.640000,0.000000,10.440000,-0.000000,-4.560000
2.900000,0.020000,3.000000,4.000000,1.800000,15.000000,3.000000,0.261799,1.570796,90.000000,1.570796,90.000000,1.570796,90.000000,0.000000,0.000000,0.000000,0.000000,0.000000,0.000000,0.000000,12.700000,0.000000,8.700000,0.000000,10.500000,-0.000000,-4.500000
2.920000,0.020000,3.000000,4.000000,1.800000,15.000000,3.000000,0.261799,1.570796,90.000000,1.570796,90.000000,1.570796,90.000000,0.000000,0.000000,0.000000,0.000000,0.000000,0.000000,0.000000,12.760000,0.000000,8.760000,0.000000,10.560000,-0.000000,-4.440000
2.940000,0.020000,3.000000,4.000000,1.800000,15.000000,3.000000,0.261799,1.570796,90.000000,1.570796,90.000000,1.570796,90.000000,0.000000,0.000000,0.000000,0.000000,0.000000,0.000000,0.000000,12.820000,0.000000,8.820000,0.000000,10.620000,-0.000000,-4.380000
2.960000,0.020000,3.000000,4.000000,1.800000,15.000000,3.000000,0.261799,1.570796,90.000000,1.570796,90.000000,1.570796,90.000000,0.000000,0.000000,0.000000,0.000000,0.000000,0.000000,0.000000,12.880000,0.000000,8.880000,0.000000,10.680000,-0.000000,-4.320000
2.980000,0.020000,3.000000,4.000000,1.800000,15.000000,3.000000,0.261799,1.570796,90.000000,1.570796,90.000000,1.570796,90.000000,0.000000,0.000000,0.000000,0.000000,0.000000,0.000000,0.000000,12.940000,0.000000,8.940000,0.000000,10.740000,-0.000000,-4.260000
3.000000,0.020000,3.000000,4.000000,1.800000,15.000000,3.000000,0.261799,1.570796,90.000000,1.570796,90.000000,1.570796,90.000000,0.000000,0.000000,0.000000,0.000000,0.000000,0.000000,0.000000,13.000000,0.000000,9.000000,0.000000,10.800000,-0.000000,-4.200000
3.020000,0.020000,3.000000,4.000000,1.800000,15.000000,3.000000,0.261799,1.568178,89.850000,1.570796,90.000000,1.570796,90.000000,-0.000236,-0.013503,0.000000,0.000000,-0.002618,0.000000,0.000000,13.060000,0.000000,9.060000,0.000000,10.860000,-0.000000,-4.140000
3.040000,0.020000,3.000000,4.000000,1.800000,15.000000,3.000000,0.261799,1.565560,89.700000,1.570793,89.999797,1.570796,89.999976,-0.000564,-0.032311,-0.000003,-0.000178,-0.005232,0.000003,0.000014,13.120000,0.000000,9.120000,0.000006,10.920000,0.000000,-4.080000
3.060000,0.020000,3.000000,4.000000,1.800000,15.000000,3.000000,0.261799,1.562942,89.550000,1.570784,89.999313,1.570795,89.999917,-0.000980,-0.056142,-0.000011,-0.000604,-0.007842,0.000011,0.000048,13.180000,0.000000,9.180000,0.000022,10.980000,0.000000,-4.020000
3.080000,0.020000,3.000000,4.000000,1.800000,15.000000,3.000000,0.261799,1.560324,89.400000,1.570770,89.998471,1.570793,89.999813,-0.001479,-0.084723,-0.000023,-0.001343,-0.010445,0.000023,0.000108,13.240000,0.000001,9.240000,0.000049,11.040000,0.000000,-3.960000
3.100000,0.020000,3.000000,4.000000,1.800000,15.000000,3.000000,0.261799,1.557706,89.250000,1.570747,89.997200,1.570790,89.999655,-0.002056,-0.117792,-0.000043,-0.002456,-0.013041,0.000043,0.000198,13.300000,0.000003,9.300000,0.000091,11.100000,0.000000,-3.900000
3.120000,0.020000,3.000000,4.000000,1.800000,15.000000,3.000000,0.261799,1.555088,89.100000,1.570717,89.995433,1.570786,89.999434,-0.002707,-0.155095,-0.000070,-0.004001,-0.015628,0.000070,0.000324,13.360000,0.000005,9.360000,0.000149,11.160000,0.000001,-3.840000
3.140000,0.020000,3.000000,4.000000,1.800000,15.000000,3.000000,0.261799,1.552470,88.950000,1.570676,89.993106,1.570781,89.999138,-0.003428,-0.196391,-0.000105,-0.006032,-0.018206,0.000105,0.000492,13.420000,0.000010,9.420000,0.000227,11.220000,0.000001,-3.780000
3.160000,0.020000,3.000000,4.000000,1.800000,15.000000,3.000000,0.261799,1.549852,88.800000,1.570625,89.990161,1.570775,89.998761,-0.004214,-0.241444,-0.000150,-0.008600,-0.020772,0.000150,0.000704,13.479999,0.000017,9.479999,0.000327,11.279999,0.000002,-3.720001
3.180000,0.020000,3.000000,4.000000,1.800000,15.000000,3.000000,0.261799,1.547234,88.650000,1.570561,89.986539,1.570767,89.998292,-0.005062,-0.290031,-0.000205,-0.011753,-0.023327,0.000205,0.000968,13.539999,0.000028,9.539999,0.000451,11.339999,0.000003,-3.660001
3.200000,0.020000,3.000000,4.000000,1.800000,15.000000,3.000000,0.261799,1.544616,88.500000,1.570485,89.982189,1.570757,89.997723,-0.005968,-0.341936,-0.000271,-0.015534,-0.025869,0.000271,0.001285,13.599998,0.000042,9.599998,0.000601,11.399998,0.000005,-3.600002
3.220000,0.020000,3.000000,4.000000,1.800000,15.000000,3.000000,0.261799,1.541998,88.350000,1.570396,89.977060,1.570745,89.997045,-0.006928,-0.396949,-0.000349,-0.019986,-0.028398,0.000349,0.001662,13.659997,0.000061,9.659997,0.000781,11.459997,0.000008,-3.540003
3.240000,0.020000,3.000000,4.000000,1.800000,15.000000,3.000000,0.261799,1.539380,88.200000,1.570292,89.971105,1.570731,89.996251,-0.007939,-0.454873,-0.000439,-0.025145,-0.030912,0.000439,0.002102,13.719995,0.000085,9.719995,0.000992,11.519995,0.000011,-3.480005
3.260000,0.020000,3.000000,4.000000,1.800000,15.000000,3.000000,0.261799,1.536762,88.050000,1.570173,89.964282,1.570715,89.995331,-0.008997,-0.515515,-0.000542,-0.031049,-0.033411,0.000542,0.002608,13.779993,0.000115,9.779993,0.001237,11.579993,0.000015,-3.420007
3.280000,0.020000,3.000000,4.000000,1.800000,15.000000,3.000000,0.261799,1.534144,87.900000,1.570038,89.956550,1.570696,89.994279,-0.010100,-0.578691,-0.000659,-0.037730,-0.035894,0.000659,0.003186,13.839990,0.000152,9.839991,0.001517,11.639991,0.000020,-3.360009
3.300000,0.020000,3.000000,4.000000,1.800000,15.000000,3.000000,0.261799,1.531526,87.750000,1.569886,89.947869,1.570676,89.993087,-0.011244,-0.644225,-0.000789,-0.045217,-0.038360,0.000789,0.003837,13.899986,0.000198,9.899988,0.001835,11.699987,0.000026,-3.300013
3.320000,0.020000,3.000000,4.000000,1.800000,15.000000,3.000000,0.261799,1.528908,87.600000,1.569718,89.938206,1.570652,89.991746,-0.012426,-0.711947,-0.000934,-0.053540,-0.040809,0.000934,0.004566,13.959982,0.000252,9.959984,0.002194,11.759983,0.000033,-3.240017
3.340000,0.020000,3.000000,4.000000,1.800000,15.000000,3.000000,0.261799,1.526290,87.450000,1.569531,89.927527,1.570626,89.990251,-0.013643,-0.781695,-0.001095,-0.062723,-0.043241,0.001095,0.005377,14.019977,0.000317,10.019979,0.002594,11.819978,0.000041,-3.180022
3.360000,0.020000,3.000000,4.000000,1.800000,15.000000,3.000000,0.261799,1.523672,87.300000,1.569327,89.915802,1.570597,89.988593,-0.014893,-0.853312,-0.001270,-0.072790,-0.045654,0.001270,0.006271,14.079970,0.000393,10.079974,0.003038,11.879972,0.000052,-3.120028
3.380000,0.020000,3.000000,4.000000,1.800000,15.000000,3.000000,0.261799,1.521054,87.150000,1.569103,89.903003,1.570565,89.986766,-0.016173,-0.926650,-0.001462,-0.083763,-0.048049,0.001462,0.007253,14.139962,0.000481,10.139967,0.003528,11.939965,0.000064,-3.060035
3.400000,0.020000,3.000000,4.000000,1.800000,15.000000,3.000000,0.261799,1.518436,87.000000,1.568861,89.889104,1.570530,89.984763,-0.017481,-1.001565,-0.001670,-0.095659,-0.050424,0.001670,0.008325,14.199952,0.000583,10.199959,0.004067,11.999956,0.000077,-3.000044
3.420000,0.020000,3.000000,4.000000,1.800000,15.000000,3.000000,0.261799,1.515818,86.850000,1.568599,89.874081,1.570492,89.982578,-0.018813,-1.077921,-0.001894,-0.108496,-0.052780,0.001894,0.009489,14.259941,0.000699,10.259950,0.004655,12.059946,0.000093,-2.940054
3.440000,0.020000,3.000000,4.000000,1.800000,15.000000,3.000000,0.261799,1.513200,86.700000,1.568316,89.857913,1.570451,89.980204,-0.020169,-1.155586,-0.002134,-0.122290,-0.055116,0.002134,0.010750,14.319928,0.000831,10.319939,0.005294,12.119934,0.000112,-2.880065
3.460000,0.020000,3.000000,4.000000,1.800000,15.000000,3.000000,0.261799,1.510582,86.550000,1.568014,89.840581,1.570406,89.977635,-0.021545,-1.234435,-0.002392,-0.137054,-0.057431,0.002392,0.012109,14.379912,0.000979,10.379927,0.005988,12.179920,0.000132,-2.820079
3.480000,0.020000,3.000000,4.000000,1.800000,15.000000,3.000000,0.261799,1.507964,86.400000,1.567691,89.822066,1.570358,89.974865,-0.022940,-1.314348,-0.002667,-0.152799,-0.059726,0.002667,0.013568,14.439895,0.001146,10.439913,0.006736,12.239904,0.000156,-2.760095
3.500000,0.020000,3.000000,4.000000,1.800000,15.000000,3.000000,0.261799,1.505346,86.250000,1.567347,89.802352,1.570306,89.971888,-0.024351,-1.395211,-0.002959,-0.169536,-0.062000,0.002959,0.015131,14.499874,0.001333,10.499897,0.007542,12.299886,0.000182,-2.700112
3.520000,0.020000,3.000000,4.000000,1.800000,15.000000,3.000000,0.261799,1.502728,86.100000,1.566981,89.781426,1.570250,89.968699,-0.025777,-1.476913,-0.003269,-0.187273,-0.064253,0.003269,0.016799,14.559851,0.001539,10.559878,0.008406,12.359865,0.000212,-2.640132
3.540000,0.020000,3.000000,4.000000,1.800000,15.000000,3.000000,0.261799,1.500110,85.950000,1.566595,89.759275,1.570191,89.965292,-0.027216,-1.559351,-0.003596,-0.206017,-0.066484,0.003596,0.018574,14.619825,0.001768,10.619858,0.009331,12.419842,0.000244,-2.580155
3.560000,0.020000,3.000000,4.000000,1.800000,15.000000,3.000000,0.261799,1.497492,85.800000,1.566187,89.735888,1.570127,89.961662,-0.028666,-1.642424,-0.003941,-0.225774,-0.068694,0.003941,0.020459,14.679795,0.002020,10.679835,0.010318,12.479816,0.000281,-2.520181
3.580000,0.020000,3.000000,4.000000,1.800000,15.000000,3.000000,0.261799,1.494875,85.650000,1.565757,89.711255,1.570060,89.957803,-0.030125,-1.726038,-0.004303,-0.246549,-0.070882,0.004303,0.022455,14.739762,0.002297,10.739810,0.011368,12.539787,0.000321,-2.460209
3.600000,0.020000,3.000000,4.000000,1.800000,15.000000,3.000000,0.261799,1.492257,85.500000,1.565305,89.685368,1.569988,89.953711,-0.031592,-1.810101,-0.004683,-0.268343,-0.073048,0.004683,0.024564,14.799725,0.002599,10.799782,0.012483,12.599755,0.000365,-2.400240
3.620000,0.020000,3.000000,4.000000,1.800000,15.000000,3.000000,0.261799,1.489639,85.350000,1.564831,89.658221,1.569913,89.949381,-0.033066,-1.894528,-0.005082,-0.291160,-0.075193,0.005082,0.026789,14.859684,0.002928,10.859751,0.013665,12.659719,0.000413,-2.340275
3.640000,0.020000,3.000000,4.000000,1.800000,15.000000,3.000000,0.261799,1.487021,85.200000,1.564335,89.629808,1.569833,89.944807,-0.034544,-1.979236,-0.005498,-0.314999,-0.077315,0.005498,0.029130,14.919638,0.003286,10.919717,0.014916,12.719680,0.000466,-2.280313
3.660000,0.020000,3.000000,4.000000,1.800000,15.000000,3.000000,0.261799,1.484403,85.050000,1.563817,89.600126,1.569749,89.939986,-0.036026,-2.064147,-0.005932,-0.339860,-0.079415,0.005932,0.031590,14.979588,0.003673,10.979680,0.016236,12.779636,0.000524,-2.220355
3.680000,0.020000,3.000000,4.000000,1.800000,15.000000,3.000000,0.261799,1.481785,84.900000,1.563277,89.569170,1.569660,89.934913,-0.037510,-2.149187,-0.006383,-0.365743,-0.081492,0.006383,0.034169,15.039532,0.004092,11.039640,0.017627,12.839589,0.000587,-2.160401
3.700000,0.020000,3.000000,4.000000,1.800000,15.000000,3.000000,0.261799,1.479167,84.750000,1.562714,89.536940,1.569567,89.929584,-0.038996,-2.234284,-0.006853,-0.392644,-0.083548,0.006853,0.036870,15.099471,0.004543,11.099596,0.019090,12.899537,0.000655,-2.100452
3.720000,0.020000,3.000000,4.000000,1.800000,15.000000,3.000000,0.261799,1.476549,84.600000,1.562130,89.503434,1.569470,89.923994,-0.040481,-2.319373,-0.007340,-0.420559,-0.085581,0.007340,0.039694,15.159405,0.005027,11.159548,0.020627,12.959481,0.000729,-2.040506
3.740000,0.020000,3.000000,4.000000,1.800000,15.000000,3.000000,0.261799,1.473931,84.450000,1.561523,89.468653,1.569368,89.918139,-0.041964,-2.404388,-0.007845,-0.449486,-0.087592,0.007845,0.042641,15.219332,0.005547,11.219497,0.022239,13.019420,0.000808,-1.980565
3.760000,0.020000,3.000000,4.000000,1.800000,15.000000,3.000000,0.261799,1.471313,84.300000,1.560893,89.432598,1.569261,89.912016,-0.043446,-2.489271,-0.008367,-0.479418,-0.089581,0.008367,0.045714,15.279254,0.006103,11.279442,0.023928,13.079353,0.000894,-1.920629
3.780000,0.020000,3.000000,4.000000,1.800000,15.000000,3.000000,0.261799,1.468695,84.150000,1.560242,89.395271,1.569149,89.905622,-0.044924,-2.573963,-0.008907,-0.510351,-0.091547,0.008907,0.048914,15.339168,0.006696,11.339382,0.025694,13.139282,0.000986,-1.860698
3.800000,0.020000,3.000000,4.000000,1.800000,15.000000,3.000000,0.261799,1.466077,84.000000,1.559568,89.356674,1.569033,89.898951,-0.046398,-2.658412,-0.009465,-0.542277,-0.093492,0.009465,0.052241,15.399076,0.007329,11.399318,0.027539,13.199205,0.001085,-1.800772
3.820000,0.020000,3.000000,4.000000,1.800000,15.000000,3.000000,0.261799,1.463459,83.850000,1.558872,89.316813,1.568911,89.892001,-0.047867,-2.742566,-0.010039,-0.575188,-0.095414,0.010039,0.055696,15.458976,0.008002,11.459261,0.029464,13.259133,0.001190,-1.740841
3.840000,0.020000,3.000000,4.000000,1.800000,15.000000,3.000000,0.261799,1.460841,83.700000,1.558155,89.275690,1.568785,89.884769,-0.049330,-2.826377,-0.010630,-0.609079,-0.097314,0.010630,0.059282,15.518869,0.008717,11.519188,0.031471,13.319044,0.001303,-1.680926
3.860000,0.020000,3.000000,4.000000,1.800000,15.000000,3.000000,0.261799,1.458223,83.550000,1.557415,89.233311,1.568654,89.877250,-0.050786,-2.909799,-0.011239,-0.643939,-0.099192,0.011239,0.062998,15.578754,0.009474,11.579110,0.033560,13.378949,0.001424,-1.621017
3.880000,0.020000,3.000000,4.000000,1.800000,15.000000,3.000000,0.261799,1.455605,83.400000,1.556654,89.189683,1.568518,89.869443,-0.052234,-2.992790,-0.011864,-0.679760,-0.101049,0.011864,0.066845,15.638630,0.010276,11.639027,0.035732,13.438847,0.001552,-1.561114
3.900000,0.020000,3.000000,4.000000,1.800000,15.000000,3.000000,0.261799,1.452987,83.250000,1.555870,89.144812,1.568376,89.861343,-0.053674,-3.075310,-0.012506,-0.716531,-0.102884,0.012506,0.070825,15.698498,0.011123,11.698939,0.037989,13.498739,0.001689,-1.501217
3.920000,0.020000,3.000000,4.000000,1.800000,15.000000,3.000000,0.261799,1.450369,83.100000,1.555066,89.098704,1.568230,89.852949,-0.055106,-3.157321,-0.013164,-0.754245,-0.104697,0.013164,0.074937,15.758357,0.012018,11.758846,0.040331,13.558624,0.001834,-1.441327
3.940000,0.020000,3.000000,4.000000,1.800000,15.000000,3.000000,0.261799,1.447751,82.950000,1.554240,89.051369,1.568078,89.844257,-0.056528,-3.238788,-0.013839,-0.792888,-0.106489,0.013839,0.079184,15.818207,0.012960,11.818748,0.042761,13.618501,0.001987,-1.381444
3.960000,0.020000,3.000000,4.000000,1.800000,15.000000,3.000000,0.261799,1.445133,82.800000,1.553392,89.002813,1.567921,89.835265,-0.057939,-3.319678,-0.014529,-0.832452,-0.108260,0.014529,0.083565,15.878047,0.013952,11.878644,0.045278,13.678371,0.002150,-1.321567
3.980000,0.020000,3.000000,4.000000,1.800000,15.000000,3.000000,0.261799,1.442515,82.650000,1.552524,88.953046,1.567759,89.825969,-0.059340,-3.399960,-0.015235,-0.872924,-0.110009,0.015235,0.088082,15.937876,0.014994,11.938544,0.047884,13.738244,0.002322,-1.261687
4.000000,0.020000,3.000000,4.000000,1.800000,15.000000,3.000000,0.261799,1.439897,82.500000,1.551634,88.902076,1.567591,89.816368,-0.060731,-3.479604,-0.015957,-0.914292,-0.111737,0.015957,0.092734,15.997696,0.016089,11.998428,0.050579,13.798098,0.002504,-1.201825
4.020000,0.020000,3.000000,4.000000,1.800000,15.000000,3.000000,0.261799,1.437279,82.350000,1.550724,88.849914,1.567418,89.806459,-0.062109,-3.558585,-0.016695,-0.956545,-0.113445,0.016695,0.097522,16.057504,0.017236,12.058307,0.053365,13.857944,0.002696,-1.141970
4.040000,0.020000,3.000000,4.000000,1.800000,15.000000,3.000000,0.261799,1.434661,82.200000,1.549793,88.796570,1.567240,89.796240,-0.063475,-3.636877,-0.017448,-0.999670,-0.115132,0.017448,0.102447,16.117302,0.018438,12.118179,0.056242,13.917782,0.002898,-1.082123
4.060000,0.020000,3.000000,4.000000,1.800000,15.000000,3.000000,0.261799,1.432043,82.050000,1.548841,88.742053,1.567056,89.785709,-0.064830,-3.714457,-0.018215,-1.043656,-0.116798,0.018215,0.107510,16.177088,0.019696,12.178045,0.059212,13.977611,0.003111,-1.022284
4.080000,0.020000,3.000000,4.000000,1.800000,15.000000,3.000000,0.261799,1.429425,81.900000,1.547869,88.686376,1.566867,89.774863,-0.066171,-3.791304,-0.018998,-1.088488,-0.118445,0.018998,0.112711,16.236862,0.021010,12.237905,0.062275,14.037432,0.003335,-0.962453
4.100000,0.020000,3.000000,4.000000,1.800000,15.000000,3.000000,0.261799,1.426807,81.750000,1.546877,88.629548,1.566672,89.763701,-0.067499,-3.867399,-0.019795,-1.134153,-0.120071,0.019795,0.118050,16.296624,0.022383,12.297768,0.065433,14.097253,0.003570,-0.902619
4.120000,0.020000,3.000000,4.000000,1.800000,15.000000,3.000000,0.261799,1.424189,81.600000,1.545866,88.571581,1.566472,89.752220,-0.068813,-3.942723,-0.020606,-1.180640,-0.121677,0.020606,0.123527,16.356373,0.023815,12.357614,0.068685,14.157055,0.003817,-0.842805
4.140000,0.020000,3.000000,4.000000,1.800000,15.000000,3.000000,0.261799,1.421571,81.450000,1.544834,88.512487,1.566266,89.740420,-0.070114,-4.017260,-0.021431,-1.227933,-0.123264,0.021431,0.129143,16.416110,0.025307,12.417454,0.072033,14.216847,0.004076,-0.782999
4.160000,0.020000,3.000000,4.000000,1.800000,15.000000,3.000000,0.261799,1.418953,81.300000,1.543783,88.452277,1.566054,89.728297,-0.071401,-4.090995,-0.022271,-1.276020,-0.124831,0.022271,0.134899,16.475833,0.026861,12.477286,0.075478,14.276630,0.004346,-0.723202
4.180000,0.020000,3.000000,4.000000,1.800000,15.000000,3.000000,0.261799,1.416335,81.150000,1.542713,88.390965,1.565837,89.715851,-0.072674,-4.163915,-0.023124,-1.324886,-0.126379,0.023124,0.140794,16.535543,0.028477,12.537112,0.079020,14.336402,0.004630,-0.663414
4.200000,0.020000,3.000000,4.000000,1.800000,15.000000,3.000000,0.261799,1.413717,81.000000,1.541624,88.328561,1.565614,89.703079,-0.073932,-4.236008,-0.023990,-1.374518,-0.127908,0.023990,0.146830,16.595239,0.030158,12.596941,0.082660,14.396175,0.004927,-0.603624
4.220000,0.020000,3.000000,4.000000,1.800000,15.000000,3.000000,0.261799,1.411099,80.850000,1.540516,88.265079,1.565385,89.689981,-0.075176,-4.307262,-0.024869,-1.424902,-0.129418,0.024869,0.153005,16.654920,0.031903,12.656751,0.086399,14.455926,0.005236,-0.543854
4.240000,0.020000,3.000000,4.000000,1.800000,15.000000,3.000000,0.261799,1.408481,80.700000,1.539390,88.200531,1.565151,89.676555,-0.076405,-4.377668,-0.025761,-1.476024,-0.130909,0.025761,0.159321,16.714587,0.033714,12.716554,0.090237,14.515667,0.005560,-0.484094
4.260000,0.020000,3.000000,4.000000,1.800000,15.000000,3.000000,0.261799,1.405863,80.550000,1.538245,88.134930,1.564911,89.662799,-0.077619,-4.447218,-0.026666,-1.527870,-0.132382,0.026666,0.165777,16.774238,0.035593,12.776350,0.094176,14.575396,0.005897,-0.424344
4.280000,0.020000,3.000000,4.000000,1.800000,15.000000,3.000000,0.261799,1.403245,80.400000,1.537082,88.068288,1.564665,89.648713,-0.078817,-4.515904,-0.027584,-1.580424,-0.133837,0.027584,0.172374,16.833875,0.037540,12.836148,0.098215,14.635125,0.006249,-0.364593
4.300000,0.020000,3.000000,4.000000,1.800000,15.000000,3.000000,0.261799,1.400627,80.250000,1.535901,88.000620,1.564414,89.634295,-0.080001,-4.583721,-0.028513,-1.633674,-0.135274,0.028513,0.179111,16.893495,0.039556,12.895928,0.102356,14.694832,0.006615,-0.304863
4.320000,0.020000,3.000000,4.000000,1.800000,15.000000,3.000000,0.261799,1.398009,80.100000,1.534702,87.931938,1.564156,89.619543,-0.081169,-4.650662,-0.029454,-1.687605,-0.136693,0.029454,0.185990,16.953100,0.041643,12.955699,0.106599,14.754527,0.006996,-0.245143
4.340000,0.020000,3.000000,4.000000,1.800000,15.000000,3.000000,0.261799,1.395391,79.950000,1.533486,87.862254,1.563893,89.604458,-0.082322,-4.716724,-0.030407,-1.742203,-0.138095,0.030407,0.193010,17.012687,0.043801,13.015463,0.110945,14.814210,0.007393,-0.185433
4.360000,0.020000,3.000000,4.000000,1.800000,15.000000,3.000000,0.261799,1.392773,79.800000,1.532252,87.791584,1.563624,89.589037,-0.083460,-4.781904,-0.031371,-1.797453,-0.139479,0.031371,0.200171,17.072259,0.046032,13.075230,0.115394,14.873893,0.007806,-0.125722
4.380000,0.020000,3.000000,4.000000,1.800000,15.000000,3.000000,0.261799,1.390155,79.650000,1.531002,87.719938,1.563349,89.573280,-0.084582,-4.846198,-0.032347,-1.853342,-0.140847,0.032347,0.207473,17.131813,0.048336,13.134976,0.119948,14.933551,0.008234,-0.066033
4.400000,0.020000,3.000000,4.000000,1.800000,15.000000,3.000000,0.261799,1.387537,79.500000,1.529735,87.647332,1.563068,89.557187,-0.085689,-4.909606,-0.033333,-1.909855,-0.142198,0.033333,0.214916,17.191349,0.050715,13.194714,0.124605,14.993197,0.008678,-0.006355
4.420000,0.020000,3.000000,4.000000,1.800000,15.000000,3.000000,0.261799,1.384919,79.350000,1.528451,87.573778,1.562781,89.540755,-0.086780,-4.972127,-0.034330,-1.966977,-0.143532,0.034330,0.222501,17.250868,0.053169,13.254444,0.129368,15.052830,0.009139,0.053312
4.440000,0.020000,3.000000,4.000000,1.800000,15.000000,3.000000,0.261799,1.382301,79.200000,1.527151,87.499290,1.562488,89.523985,-0.087856,-5.033761,-0.035338,-2.024695,-0.144850,0.035338,0.230227,17.310368,0.055700,13.314178,0.134237,15.112463,0.009618,0.112981
4.460000,0.020000,3.000000,4.000000,1.800000,15.000000,3.000000,0.261799,1.379683,79.050000,1.525835,87.423881,1.562190,89.506876,-0.088916,-5.094508,-0.036355,-2.082995,-0.146152,0.036355,0.238094,17.369850,0.058307,13.373889,0.139211,15.172070,0.010113,0.172626
4.480000,0.020000,3.000000,4.000000,1.800000,15.000000,3.000000,0.261799,1.377065,78.900000,1.524503,87.347564,1.561885,89.489427,-0.089961,-5.154370,-0.037383,-2.141863,-0.147438,0.037383,0.246103,17.429313,0.060994,13.433592,0.144293,15.231663,0.010627,0.232259
4.500000,0.020000,3.000000,4.000000,1.800000,15.000000,3.000000,0.261799,1.374447,78.750000,1.523155,87.270353,1.561575,89.471637,-0.090990,-5.213349,-0.038420,-2.201285,-0.148708,0.038420,0.254253,17.488757,0.063760,13.493296,0.149481,15.291253,0.011158,0.291891
4.520000,0.020000,3.000000,4.000000,1.800000,15.000000,3.000000,0.261799,1.371829,78.600000,1.521792,87.192261,1.561258,89.453507,-0.092004,-5.271448,-0.039466,-2.261246,-0.149963,0.039466,0.262544,17.548182,0.066605,13.552980,0.154778,15.350819,0.011708,0.351501
4.540000,0.020000,3.000000,4.000000,1.800000,15.000000,3.000000,0.261799,1.369211,78.450000,1.520414,87.113300,1.560936,89.435035,-0.093003,-5.328669,-0.040522,-2.321734,-0.151203,0.040522,0.270977,17.607586,0.069532,13.612654,0.160182,15.410370,0.012277,0.411099
4.560000,0.020000,3.000000,4.000000,1.800000,15.000000,3.000000,0.261799,1.366593,78.300000,1.519021,87.033486,1.560607,89.416221,-0.093986,-5.385018,-0.041587,-2.382735,-0.152428,0.041587,0.279550,17.666970,0.072541,13.672331,0.165695,15.469918,0.012865,0.470697
4.580000,0.020000,3.000000,4.000000,1.800000,15.000000,3.000000,0.261799,1.363975,78.150000,1.517613,86.952829,1.560273,89.397064,-0.094955,-5.440497,-0.042660,-2.444235,-0.153638,0.042660,0.288265,17.726334,0.075632,13.731986,0.171317,15.529441,0.013472,0.530271
4.600000,0.020000,3.000000,4.000000,1.800000,15.000000,3.000000,0.261799,1.361357,78.000000,1.516191,86.871345,1.559933,89.377565,-0.095908,-5.495111,-0.043742,-2.506220,-0.154834,0.043742,0.297121,17.785677,0.078807,13.791631,0.177048,15.588948,0.014098,0.589833
4.620000,0.020000,3.000000,4.000000,1.800000,15.000000,3.000000,0.261799,1.358739,77.850000,1.514755,86.789045,1.559586,89.357723,-0.096846,-5.548867,-0.044832,-2.568678,-0.156016,0.044832,0.306117,17.844999,0.082068,13.851278,0.182890,15.648452,0.014746,0.649395
4.640000,0.020000,3.000000,4.000000,1.800000,15.000000,3.000000,0.261799,1.356121,77.700000,1.513304,86.705942,1.559234,89.337538,-0.097769,-5.601769,-0.045930,-2.631596,-0.157183,0.045930,0.315255,17.904299,0.085413,13.910903,0.188842,15.707929,0.015413,0.708932
4.660000,0.020000,3.000000,4.000000,1.800000,15.000000,3.000000,0.261799,1.353503,77.550000,1.511840,86.622049,1.558876,89.317009,-0.098678,-5.653824,-0.047036,-2.694960,-0.158337,0.047036,0.324533,17.963577,0.088844,13.970518,0.194904,15.767391,0.016102,0.768457
4.680000,0.020000,3.000000,4.000000,1.800000,15.000000,3.000000,0.261799,1.350885,77.400000,1.510362,86.537380,1.558512,89.296137,-0.099572,-5.705037,-0.048149,-2.758757,-0.159477,0.048149,0.333952,18.022833,0.092363,14.030135,0.201078,15.826849,0.016812,0.827981
4.700000,0.020000,3.000000,4.000000,1.800000,15.000000,3.000000,0.261799,1.348267,77.250000,1.508871,86.451945,1.558141,89.274920,-0.100451,-5.755417,-0.049270,-2.822975,-0.160604,0.049270,0.343512,18.082067,0.095969,14.089729,0.207363,15.886279,0.017543,0.887480
4.720000,0.020000,3.000000,4.000000,1.800000,15.000000,3.000000,0.261799,1.345649,77.100000,1.507367,86.365759,1.557765,89.253360,-0.101316,-5.804969,-0.050398,-2.887601,-0.161718,0.050398,0.353212,18.141277,0.099663,14.149312,0.213760,15.945693,0.018295,0.946966
4.740000,0.020000,3.000000,4.000000,1.800000,15.000000,3.000000,0.261799,1.343031,76.950000,1.505850,86.278834,1.557383,89.231456,-0.102166,-5.853702,-0.051533,-2.952622,-0.162819,0.051533,0.363052,18.200465,0.103448,14.208898,0.220270,16.005103,0.019071,1.006453
4.760000,0.020000,3.000000,4.000000,1.800000,15.000000,3.000000,0.261799,1.340413,76.800000,1.504320,86.191181,1.556994,89.209208,-0.103003,-5.901622,-0.052675,-3.018027,-0.163907,0.052675,0.373032,18.259629,0.107322,14.268460,0.226891,16.064484,0.019869,1.065912
4.780000,0.020000,3.000000,4.000000,1.800000,15.000000,3.000000,0.261799,1.337795,76.650000,1.502778,86.102814,1.556600,89.186616,-0.103825,-5.948738,-0.053823,-3.083803,-0.164983,0.053823,0.383152,18.318770,0.111286,14.328010,0.233625,16.123847,0.020689,1.125359
4.800000,0.020000,3.000000,4.000000,1.800000,15.000000,3.000000,0.261799,1.335177,76.500000,1.501223,86.013743,1.556200,89.163681,-0.104634,-5.995059,-0.054977,-3.149938,-0.166046,0.054977,0.393412,18.377886,0.115343,14.387563,0.240474,16.183208,0.021534,1.184806
4.820000,0.020000,3.000000,4.000000,1.800000,15.000000,3.000000,0.261799,1.332559,76.350000,1.499656,85.923981,1.555793,89.140401,-0.105428,-6.040591,-0.056137,-3.216420,-0.167097,0.056137,0.403811,18.436978,0.119491,14.447090,0.247435,16.242537,0.022401,1.244226
4.840000,0.020000,3.000000,4.000000,1.800000,15.000000,3.000000,0.261799,1.329941,76.200000,1.498078,85.833540,1.555381,89.116778,-0.106209,-6.085345,-0.057303,-3.283238,-0.168137,0.057303,0.414351,18.496045,0.123732,14.506606,0.254510,16.301849,0.023292,1.303631
4.860000,0.020000,3.000000,4.000000,1.800000,15.000000,3.000000,0.261799,1.327323,76.050000,1.496488,85.742432,1.554963,89.092811,-0.106977,-6.129328,-0.058475,-3.350380,-0.169165,0.058475,0.425029,18.555087,0.128068,14.566125,0.261701,16.361158,0.024209,1.363038
4.880000,0.020000,3.000000,4.000000,1.800000,15.000000,3.000000,0.261799,1.324705,75.900000,1.494886,85.650667,1.554539,89.068501,-0.107731,-6.172550,-0.059652,-3.417834,-0.170181,0.059652,0.435847,18.614104,0.132497,14.625618,0.269004,16.420434,0.025149,1.422416
4.900000,0.020000,3.000000,4.000000,1.800000,15.000000,3.000000,0.261799,1.322087,75.750000,1.493273,85.558258,1.554108,89.043848,-0.108473,-6.215020,-0.060835,-3.485590,-0.171186,0.060835,0.446803,18.673095,0.137022,14.685108,0.276424,16.479702,0.026115,1.481791
4.920000,0.020000,3.000000,4.000000,1.800000,15.000000,3.000000,0.261799,1.319469,75.600000,1.491649,85.465216,1.553672,89.018852,-0.109201,-6.256746,-0.062023,-3.553636,-0.172180,0.062023,0.457899,18.732060,0.141641,14.744577,0.283957,16.538942,0.027106,1.541141
4.940000,0.020000,3.000000,4.000000,1.800000,15.000000,3.000000,0.261799,1.316851,75.450000,1.490015,85.371551,1.553230,88.993513,-0.109916,-6.297739,-0.063215,-3.621962,-0.173164,0.063215,0.469133,18.790999,0.146358,14.804043,0.291607,16.598173,0.028123,1.600488
4.960000,0.020000,3.000000,4.000000,1.800000,15.000000,3.000000,0.261799,1.314233,75.300000,1.488369,85.277275,1.552782,88.967832,-0.110619,-6.338008,-0.064412,-3.690556,-0.174136,0.064412,0.480506,18.849911,0.151170,14.863487,0.299371,16.657375,0.029165,1.659809
4.980000,0.020000,3.000000,4.000000,1.800000,15.000000,3.000000,0.261799,1.311615,75.150000,1.486713,85.182399,1.552327,88.941809,-0.111309,-6.377562,-0.065614,-3.759409,-0.175098,0.065614,0.492017,18.908797,0.156081,14.922928,0.307252,16.716569,0.030234,1.719127
5.000000,0.020000,3.000000,4.000000,1.800000,15.000000,3.000000,0.261799,1.308997,75.000000,1.485047,85.086933,1.551867,88.915444,-0.111987,-6.416411,-0.066820,-3.828510,-0.176050,0.066820,0.503666,18.967655,0.161089,14.982346,0.315248,16.775733,0.031329,1.778420
5.020000,0.020000,3.000000,4.000000,1.800000,15.000000,3.000000,0.261799,1.306379,74.850000,1.483371,84.990888,1.551401,88.888737,-0.112653,-6.454564,-0.068030,-3.897849,-0.176992,0.068030,0.515453,19.026486,0.166196,15.041762,0.323362,16.834888,0.032452,1.837709
5.040000,0.020000,3.000000,4.000000,1.800000,15.000000,3.000000,0.261799,1.303761,74.700000,1.481685,84.894275,1.550929,88.861690,-0.113307,-6.492032,-0.069244,-3.967415,-0.177924,0.069244,0.527378,19.085289,0.171402,15.101154,0.331591,16.894012,0.033601,1.896973
5.060000,0.020000,3.000000,4.000000,1.800000,15.000000,3.000000,0.261799,1.301143,74.550000,1.479989,84.797103,1.550451,88.834302,-0.113949,-6.528824,-0.070462,-4.037200,-0.178846,0.070462,0.539440,19.144064,0.176708,15.160545,0.339938,16.953128,0.034780,1.956233
5.080000,0.020000,3.000000,4.000000,1.800000,15.000000,3.000000,0.261799,1.298525,74.400000,1.478283,84.699382,1.549967,88.806574,-0.114580,-6.564951,-0.071684,-4.107192,-0.179758,0.071684,0.551640,19.202810,0.182114,15.219910,0.348400,17.012213,0.035985,2.015466
5.100000,0.020000,3.000000,4.000000,1.800000,15.000000,3.000000,0.261799,1.295907,74.250000,1.476568,84.601123,1.549477,88.778506,-0.115199,-6.600420,-0.072909,-4.177383,-0.180661,0.072909,0.563977,19.261528,0.187622,15.279273,0.356981,17.071288,0.037219,2.074697
5.120000,0.020000,3.000000,4.000000,1.800000,15.000000,3.000000,0.261799,1.293289,74.100000,1.474844,84.502336,1.548981,88.750099,-0.115807,-6.635244,-0.074137,-4.247763,-0.181555,0.074137,0.576451,19.320217,0.193229,15.338611,0.365679,17.130331,0.038482,2.133900
5.140000,0.020000,3.000000,4.000000,1.800000,15.000000,3.000000,0.261799,1.290671,73.950000,1.473111,84.403030,1.548480,88.721354,-0.116404,-6.669431,-0.075369,-4.318324,-0.182440,0.075369,0.589062,19.378877,0.198940,15.397947,0.374495,17.189366,0.039774,2.193101
5.160000,0.020000,3.000000,4.000000,1.800000,15.000000,3.000000,0.261799,1.288053,73.800000,1.471369,84.303214,1.547972,88.692270,-0.116989,-6.702992,-0.076603,-4.389056,-0.183316,0.076603,0.601809,19.437507,0.204753,15.457257,0.383428,17.248367,0.041095,2.252274
5.180000,0.020000,3.000000,4.000000,1.800000,15.000000,3.000000,0.261799,1.285435,73.650000,1.469618,84.202899,1.547459,88.662848,-0.117564,-6.735936,-0.077841,-4.459950,-0.184183,0.077841,0.614693,19.496108,0.210669,15.516565,0.392480,17.307359,0.042446,2.311444
5.200000,0.020000,3.000000,4.000000,1.800000,15.000000,3.000000,0.261799,1.282817,73.500000,1.467858,84.102093,1.546939,88.633090,-0.118129,-6.768273,-0.079081,-4.530997,-0.185041,0.079081,0.627713,19.554678,0.216688,15.575846,0.401649,17.366317,0.043826,2.370586
5.220000,0.020000,3.000000,4.000000,1.800000,15.000000,3.000000,0.261799,1.280199,73.350000,1.466091,84.000805,1.546414,88.602994,-0.118683,-6.800013,-0.080323,-4.602190,-0.185892,0.080323,0.640869,19.613218,0.222811,15.635124,0.410937,17.425267,0.045238,2.429725
5.240000,0.020000,3.000000,4.000000,1.800000,15.000000,3.000000,0.261799,1.277581,73.200000,1.464315,83.899044,1.545883,88.572563,-0.119226,-6.831167,-0.081568,-4.673519,-0.186734,0.081568,0.654161,19.671727,0.229038,15.694376,0.420343,17.484181,0.046680,2.488836
5.260000,0.020000,3.000000,4.000000,1.800000,15.000000,3.000000,0.261799,1.274963,73.050000,1.462530,83.796819,1.545346,88.541796,-0.119760,-6.861742,-0.082815,-4.744977,-0.187567,0.082815,0.667589,19.730205,0.235371,15.753625,0.429869,17.543086,0.048153,2.547944
5.280000,0.020000,3.000000,4.000000,1.800000,15.000000,3.000000,0.261799,1.272345,72.900000,1.460738,83.694139,1.544803,88.510695,-0.120284,-6.891750,-0.084065,-4.816555,-0.188393,0.084065,0.681152,19.788652,0.241808,15.812847,0.439513,17.601956,0.049657,2.607023
5.300000,0.020000,3.000000,4.000000,1.800000,15.000000,3.000000,0.261799,1.269727,72.750000,1.458938,83.591012,1.544254,88.479259,-0.120798,-6.921200,-0.085316,-4.888246,-0.189211,0.085316,0.694851,19.847067,0.248352,15.872066,0.449276,17.660816,0.051194,2.666100
5.320000,0.020000,3.000000,4.000000,1.800000,15.000000,3.000000,0.261799,1.267109,72.600000,1.457131,83.487447,1.543700,88.447489,-0.121302,-6.950101,-0.086569,-4.960043,-0.190022,0.086569,0.708685,19.905451,0.255000,15.931256,0.459158,17.719641,0.052761,2.725147
5.340000,0.020000,3.000000,4.000000,1.800000,15.000000,3.000000,0.261799,1.264491,72.450000,1.455316,83.383451,1.543140,88.415387,-0.121797,-6.978464,-0.087824,-5.031936,-0.190825,0.087824,0.722653,19.963802,0.261757,15.990444,0.469161,17.778455,0.054363,2.784192
5.360000,0.020000,3.000000,4.000000,1.800000,15.000000,3.000000,0.261799,1.261873,72.300000,1.453493,83.279033,1.542574,88.382952,-0.122283,-7.006297,-0.089080,-5.103919,-0.191620,0.089080,0.736757,20.022121,0.268619,16.049603,0.479281,17.837233,0.055995,2.843207
5.380000,0.020000,3.000000,4.000000,1.800000,15.000000,3.000000,0.261799,1.259255,72.150000,1.451664,83.174200,1.542002,88.350186,-0.122760,-7.033610,-0.090338,-5.175986,-0.192409,0.090338,0.750995,20.080407,0.275591,16.108759,0.489523,17.896001,0.057662,2.902219
5.400000,0.020000,3.000000,4.000000,1.800000,15.000000,3.000000,0.261799,1.256637,72.000000,1.449827,83.068961,1.541424,88.317089,-0.123227,-7.060412,-0.091597,-5.248128,-0.193190,0.091597,0.765367,20.138660,0.282668,16.167885,0.499882,17.954731,0.059361,2.961201
5.420000,0.020000,3.000000,4.000000,1.800000,15.000000,3.000000,0.261799,1.254019,71.850000,1.447983,82.963323,1.540841,88.283661,-0.123686,-7.086713,-0.092857,-5.320338,-0.193964,0.092857,0.779874,20.196880,0.289855,16.227009,0.510364,18.013451,0.061094,3.020180
5.440000,0.020000,3.000000,4.000000,1.800000,15.000000,3.000000,0.261799,1.251401,71.700000,1.446133,82.857293,1.540251,88.249904,-0.124137,-7.112522,-0.094119,-5.392611,-0.194732,0.094119,0.794515,20.255067,0.297149,16.286102,0.520963,18.072133,0.062861,3.079130
5.460000,0.020000,3.000000,4.000000,1.800000,15.000000,3.000000,0.261799,1.248783,71.550000,1.444275,82.750879,1.539656,88.215818,-0.124579,-7.137847,-0.095381,-5.464939,-0.195492,0.095381,0.809289,20.313219,0.304554,16.345192,0.531685,18.130804,0.064663,3.138076
5.480000,0.020000,3.000000,4.000000,1.800000,15.000000,3.000000,0.261799,1.246165,71.400000,1.442411,82.644089,1.539056,88.181404,-0.125013,-7.162699,-0.096644,-5.537316,-0.196246,0.096644,0.824197,20.371338,0.312067,16.404251,0.542525,18.189437,0.066498,3.196992
5.500000,0.020000,3.000000,4.000000,1.800000,15.000000,3.000000,0.261799,1.243547,71.250000,1.440541,82.536928,1.538449,88.146663,-0.125438,-7.187085,-0.097908,-5.609735,-0.196994,0.097908,0.839239,20.429422,0.319690,16.463306,0.553487,18.248058,0.068369,3.255905
5.520000,0.020000,3.000000,4.000000,1.800000,15.000000,3.000000,0.261799,1.240929,71.100000,1.438665,82.429404,1.537837,88.111595,-0.125856,-7.211015,-0.099173,-5.682191,-0.197735,0.099173,0.854414,20.487471,0.327422,16.522331,0.564568,18.306641,0.070274,3.314787
5.540000,0.020000,3.000000,4.000000,1.800000,15.000000,3.000000,0.261799,1.238311,70.950000,1.436782,82.321525,1.537220,88.076202,-0.126266,-7.234497,-0.100438,-5.754677,-0.198471,0.100438,0.869722,20.545485,0.335267,16.581351,0.575772,18.365212,0.072217,3.373666
5.560000,0.020000,3.000000,4.000000,1.800000,15.000000,3.000000,0.261799,1.235693,70.800000,1.434893,82.213296,1.536596,88.040482,-0.126668,-7.257540,-0.101704,-5.827187,-0.199200,0.101704,0.885163,20.603464,0.343220,16.640340,0.587094,18.423743,0.074193,3.432514
5.580000,0.020000,3.000000,4.000000,1.800000,15.000000,3.000000,0.261799,1.233075,70.650000,1.432998,82.104724,1.535967,88.004439,-0.127063,-7.280153,-0.102969,-5.899716,-0.199923,0.102969,0.900737,20.661408,0.351286,16.699325,0.598539,18.482262,0.076208,3.491359
5.600000,0.020000,3.000000,4.000000,1.800000,15.000000,3.000000,0.261799,1.230457,70.500000,1.431097,81.995815,1.535332,87.968072,-0.127450,-7.302344,-0.104236,-5.972257,-0.200640,0.104236,0.916444,20.719315,0.359461,16.758277,0.610103,18.540741,0.078257,3.550173
5.620000,0.020000,3.000000,4.000000,1.800000,15.000000,3.000000,0.261799,1.227839,70.350000,1.429190,81.886577,1.534692,87.931383,-0.127830,-7.324121,-0.105502,-6.044806,-0.201351,0.105502,0.932283,20.777187,0.367750,16.817225,0.621790,18.599208,0.080345,3.608983
5.640000,0.020000,3.000000,4.000000,1.800000,15.000000,3.000000,0.261799,1.225221,70.200000,1.427278,81.777014,1.534046,87.894371,-0.128203,-7.345492,-0.106768,-6.117357,-0.202057,0.106768,0.948254,20.835022,0.376149,16.876139,0.633596,18.657633,0.082467,3.667762
5.660000,0.020000,3.000000,4.000000,1.800000,15.000000,3.000000,0.261799,1.222603,70.050000,1.425360,81.667133,1.533395,87.857038,-0.128569,-7.366466,-0.108034,-6.189905,-0.202757,0.108034,0.964357,20.892821,0.384662,16.935050,0.645525,18.716047,0.084630,3.726537
5.680000,0.020000,3.000000,4.000000,1.800000,15.000000,3.000000,0.261799,1.219985,69.900000,1.423437,81.556941,1.532737,87.819385,-0.128928,-7.387051,-0.109300,-6.262444,-0.203452,0.109300,0.980593,20.950583,0.393286,16.993926,0.657573,18.774418,0.086827,3.785281
5.700000,0.020000,3.000000,4.000000,1.800000,15.000000,3.000000,0.261799,1.217367,69.750000,1.421509,81.446442,1.532075,87.781412,-0.129281,-7.407254,-0.110566,-6.334970,-0.204141,0.110566,0.996960,21.008307,0.402024,17.052798,0.669745,18.832777,0.089065,3.844021
5.720000,0.020000,3.000000,4.000000,1.800000,15.000000,3.000000,0.261799,1.214749,69.600000,1.419575,81.335643,1.531406,87.743120,-0.129627,-7.427084,-0.111832,-6.407477,-0.204826,0.111832,1.013459,21.065994,0.410874,17.111636,0.682037,18.891094,0.091339,3.902729
5.740000,0.020000,3.000000,4.000000,1.800000,15.000000,3.000000,0.261799,1.212131,69.450000,1.417636,81.224548,1.530732,87.704510,-0.129967,-7.446547,-0.113097,-6.479962,-0.205505,0.113097,1.030089,21.123643,0.419839,17.170468,0.694452,18.949397,0.093654,3.961434
5.760000,0.020000,3.000000,4.000000,1.800000,15.000000,3.000000,0.261799,1.209513,69.300000,1.415692,81.113165,1.530053,87.665583,-0.130300,-7.465652,-0.114361,-6.552419,-0.206179,0.114361,1.046850,21.181255,0.428916,17.229266,0.706986,19.007657,0.096006,4.020106
5.780000,0.020000,3.000000,4.000000,1.800000,15.000000,3.000000,0.261799,1.206895,69.150000,1.413743,81.001497,1.529368,87.626340,-0.130628,-7.484407,-0.115625,-6.624843,-0.206848,0.115625,1.063743,21.238827,0.438108,17.288058,0.719644,19.065904,0.098399,4.078774
5.800000,0.020000,3.000000,4.000000,1.800000,15.000000,3.000000,0.261799,1.204277,69.000000,1.411789,80.889550,1.528678,87.586781,-0.130949,-7.502817,-0.116889,-6.697231,-0.207512,0.116889,1.080767,21.296362,0.447413,17.346814,0.732422,19.124107,0.100829,4.137410
5.820000,0.020000,3.000000,4.000000,1.800000,15.000000,3.000000,0.261799,1.201659,68.850000,1.409830,80.777329,1.527982,87.546908,-0.131264,-7.520891,-0.118151,-6.769579,-0.208171,0.118151,1.097922,21.353857,0.456834,17.405565,0.745324,19.182297,0.103302,4.196043
5.840000,0.020000,3.000000,4.000000,1.800000,15.000000,3.000000,0.261799,1.199041,68.700000,1.407867,80.664840,1.527280,87.506720,-0.131574,-7.538636,-0.119413,-6.841881,-0.208826,0.119413,1.115207,21.411313,0.466368,17.464280,0.758345,19.240442,0.105812,4.254642
5.860000,0.020000,3.000000,4.000000,1.800000,15.000000,3.000000,0.261799,1.196423,68.550000,1.405899,80.552087,1.526574,87.466220,-0.131878,-7.556059,-0.120674,-6.914134,-0.209476,0.120674,1.132623,21.468730,0.476019,17.522989,0.771491,19.298573,0.108365,4.313238
5.880000,0.020000,3.000000,4.000000,1.800000,15.000000,3.000000,0.261799,1.193805,68.400000,1.403927,80.439074,1.525861,87.425407,-0.132177,-7.573166,-0.121935,-6.986333,-0.210121,0.121935,1.150169,21.526107,0.485783,17.581661,0.784756,19.356659,0.110956,4.371800
5.900000,0.020000,3.000000,4.000000,1.800000,15.000000,3.000000,0.261799,1.191187,68.250000,1.401950,80.325807,1.525143,87.384284,-0.132470,-7.589965,-0.123194,-7.058476,-0.210763,0.123194,1.167846,21.583444,0.495664,17.640327,0.798146,19.414730,0.113591,4.430359
5.920000,0.020000,3.000000,4.000000,1.800000,15.000000,3.000000,0.261799,1.188569,68.100000,1.399969,80.212291,1.524420,87.342849,-0.132758,-7.606462,-0.124452,-7.130559,-0.211399,0.124452,1.185652,21.640741,0.505658,17.698956,0.811655,19.472756,0.116264,4.488883
5.940000,0.020000,3.000000,4.000000,1.800000,15.000000,3.000000,0.261799,1.185951,67.950000,1.397983,80.098529,1.523692,87.301105,-0.133041,-7.622664,-0.125709,-7.202576,-0.212032,0.125709,1.203589,21.697997,0.515771,17.757578,0.825289,19.530767,0.118981,4.547405
5.960000,0.020000,3.000000,4.000000,1.800000,15.000000,3.000000,0.261799,1.183333,67.800000,1.395993,79.984526,1.522958,87.259053,-0.133318,-7.638577,-0.126964,-7.274526,-0.212660,0.126964,1.221655,21.755213,0.525997,17.816162,0.839043,19.588731,0.121738,4.605892
5.980000,0.020000,3.000000,4.000000,1.800000,15.000000,3.000000,0.261799,1.180715,67.650000,1.393999,79.870287,1.522218,87.216692,-0.133590,-7.654139,-0.128219,-7.346405,-0.213284,0.128219,1.239851,21.812387,0.536342,17.874739,0.852921,19.646680,0.124540,4.664375
6.000000,0.020000,3.000000,4.000000,1.800000,15.000000,3.000000,0.261799,1.178097,67.500000,1.392002,79.755816,1.521474,87.174025,-0.133853,-7.669184,-0.129472,-7.418208,-0.213904,0.129472,1.258177,21.869520,0.546801,17.933277,0.866920,19.704583,0.127381,4.722825
6.020000,0.020000,3.000000,4.000000,1.800000,15.000000,3.000000,0.261799,1.175479,67.350000,1.390000,79.641122,1.520724,87.131051,-0.134106,-7.683729,-0.130724,-7.489929,-0.214521,0.130724,1.276632,21.926611,0.557379,17.991808,0.881043,19.762470,0.130268,4.781270
6.040000,0.020000,3.000000,4.000000,1.800000,15.000000,3.000000,0.261799,1.172861,67.200000,1.387994,79.526212,1.519968,87.087774,-0.134352,-7.697792,-0.131974,-7.561562,-0.215133,0.131974,1.295215,21.983661,0.568071,18.050300,0.895285,19.820309,0.133194,4.839681
6.060000,0.020000,3.000000,4.000000,1.800000,15.000000,3.000000,0.261799,1.170243,67.050000,1.385985,79.411092,1.519208,87.044193,-0.134589,-7.711389,-0.133223,-7.633101,-0.215742,0.133223,1.313927,22.040669,0.578883,18.108785,0.909653,19.878132,0.136167,4.898088
6.080000,0.020000,3.000000,4.000000,1.800000,15.000000,3.000000,0.261799,1.167625,66.900000,1.383972,79.295770,1.518442,87.000310,-0.134819,-7.724537,-0.134470,-7.704540,-0.216347,0.134470,1.332767,22.097634,0.589809,18.167230,0.924139,19.935908,0.139181,4.956461
6.100000,0.020000,3.000000,4.000000,1.800000,15.000000,3.000000,0.261799,1.165007,66.750000,1.381956,79.180253,1.517671,86.956127,-0.135041,-7.737252,-0.135715,-7.775874,-0.216949,0.135715,1.351734,22.154557,0.600855,18.225667,0.938751,19.993667,0.142242,5.014830
6.120000,0.020000,3.000000,4.000000,1.800000,15.000000,3.000000,0.261799,1.162389,66.600000,1.379937,79.064547,1.516894,86.911645,-0.135255,-7.749550,-0.136958,-7.847097,-0.217547,0.136958,1.370829,22.211437,0.612016,18.284063,0.953481,20.051378,0.145343,5.073163
6.140000,0.020000,3.000000,4.000000,1.800000,15.000000,3.000000,0.261799,1.159771,66.450000,1.377914,78.948658,1.516113,86.866864,-0.135463,-7.761445,-0.138199,-7.918205,-0.218143,0.138199,1.390051,22.268275,0.623297,18.342452,0.968336,20.109072,0.148492,5.131494
6.160000,0.020000,3.000000,4.000000,1.800000,15.000000,3.000000,0.261799,1.157153,66.300000,1.375888,78.832593,1.515326,86.821786,-0.135664,-7.772952,-0.139438,-7.989193,-0.218735,0.139438,1.409400,22.325070,0.634693,18.400800,0.983310,20.166718,0.151682,5.189789
6.180000,0.020000,3.000000,4.000000,1.800000,15.000000,3.000000,0.261799,1.154535,66.150000,1.373860,78.716356,1.514534,86.776413,-0.135858,-7.784086,-0.140675,-8.060057,-0.219324,0.140675,1.428875,22.381821,0.646210,18.459139,0.998409,20.224346,0.154921,5.248080
6.200000,0.020000,3.000000,4.000000,1.800000,15.000000,3.000000,0.261799,1.151917,66.000000,1.371828,78.599954,1.513737,86.730745,-0.136046,-7.794859,-0.141909,-8.130791,-0.219911,0.141909,1.448476,22.438529,0.657842,18.517437,1.013626,20.281925,0.158202,5.306336
6.220000,0.020000,3.000000,4.000000,1.800000,15.000000,3.000000,0.261799,1.149299,65.850000,1.369794,78.483392,1.512935,86.684784,-0.136228,-7.805285,-0.143141,-8.201392,-0.220494,0.143141,1.468203,22.495193,0.669595,18.575726,1.028969,20.339486,0.161531,5.364589
6.240000,0.020000,3.000000,4.000000,1.800000,15.000000,3.000000,0.261799,1.146681,65.700000,1.367756,78.366674,1.512128,86.638530,-0.136404,-7.815378,-0.144371,-8.271856,-0.221075,0.144371,1.488055,22.551814,0.681463,18.633973,1.044429,20.396998,0.164903,5.422806
6.260000,0.020000,3.000000,4.000000,1.800000,15.000000,3.000000,0.261799,1.144063,65.550000,1.365717,78.249807,1.511315,86.591986,-0.136575,-7.825149,-0.145598,-8.342179,-0.221653,0.145598,1.508033,22.608390,0.693453,18.692211,1.060014,20.454492,0.168324,5.481019
6.280000,0.020000,3.000000,4.000000,1.800000,15.000000,3.000000,0.261799,1.141445,65.400000,1.363675,78.132795,1.510498,86.545152,-0.136740,-7.834610,-0.146823,-8.412357,-0.222229,0.146823,1.528136,22.664922,0.705558,18.750407,1.075717,20.511935,0.171788,5.539196
6.300000,0.020000,3.000000,4.000000,1.800000,15.000000,3.000000,0.261799,1.138827,65.250000,1.361630,78.015642,1.509675,86.498029,-0.136900,-7.843774,-0.148046,-8.482388,-0.222802,0.148046,1.548363,22.721410,0.717785,18.808593,1.091545,20.569361,0.175302,5.597370
6.320000,0.020000,3.000000,4.000000,1.800000,15.000000,3.000000,0.261799,1.136209,65.100000,1.359583,77.898353,1.508848,86.450619,-0.137055,-7.852651,-0.149265,-8.552267,-0.223373,0.149265,1.568715,22.777853,0.730127,18.866736,1.107491,20.626735,0.178860,5.655508
6.340000,0.020000,3.000000,4.000000,1.800000,15.000000,3.000000,0.261799,1.133591,64.950000,1.357533,77.780932,1.508015,86.402923,-0.137205,-7.861253,-0.150482,-8.621992,-0.223942,0.150482,1.589192,22.834251,0.742591,18.924869,1.123561,20.684091,0.182468,5.713642
6.360000,0.020000,3.000000,4.000000,1.800000,15.000000,3.000000,0.261799,1.130973,64.800000,1.355482,77.663383,1.507178,86.354942,-0.137350,-7.869589,-0.151696,-8.691559,-0.224508,0.151696,1.609792,22.890604,0.755171,18.982958,1.139750,20.741395,0.186119,5.771739
6.380000,0.020000,3.000000,4.000000,1.800000,15.000000,3.000000,0.261799,1.128355,64.650000,1.353428,77.545710,1.506336,86.306677,-0.137491,-7.877671,-0.152908,-8.760967,-0.225073,0.152908,1.630516,22.946911,0.767873,19.041037,1.156062,20.798680,0.189822,5.829833
6.400000,0.020000,3.000000,4.000000,1.800000,15.000000,3.000000,0.261799,1.125737,64.500000,1.351372,77.427917,1.505488,86.258129,-0.137628,-7.885519,-0.154116,-8.830212,-0.225635,0.154116,1.651363,23.003173,0.780691,19.099073,1.172493,20.855914,0.193569,5.887891
6.420000,0.020000,3.000000,4.000000,1.800000,15.000000,3.000000,0.261799,1.123119,64.350000,1.349314,77.310008,1.504636,86.209299,-0.137763,-7.893220,-0.155322,-8.899291,-0.226195,0.155322,1.672334,23.059388,0.793631,19.157097,1.189047,20.913128,0.197368,5.945945
6.440000,0.020000,3.000000,4.000000,1.800000,15.000000,3.000000,0.261799,1.120501,64.200000,1.347254,77.191984,1.503779,86.160189,-0.137895,-7.900780,-0.156525,-8.968205,-0.226753,0.156525,1.693428,23.115558,0.806687,19.215077,1.205720,20.970290,0.201212,6.003962
6.460000,0.020000,3.000000,4.000000,1.800000,15.000000,3.000000,0.261799,1.117883,64.050000,1.345192,77.073848,1.502917,86.110799,-0.138024,-7.908204,-0.157725,-9.036951,-0.227309,0.157725,1.714645,23.171682,0.819865,19.273045,1.222516,21.027431,0.205108,6.061975
6.480000,0.020000,3.000000,4.000000,1.800000,15.000000,3.000000,0.261799,1.115265,63.900000,1.343129,76.955601,1.502050,86.061130,-0.138151,-7.915497,-0.158921,-9.105528,-0.227863,0.158921,1.735985,23.227758,0.833159,19.330968,1.239430,21.084520,0.209048,6.119951
6.500000,0.020000,3.000000,4.000000,1.800000,15.000000,3.000000,0.261799,1.112647,63.750000,1.341063,76.837246,1.501178,86.011183,-0.138277,-7.922664,-0.160115,-9.173937,-0.228416,0.160115,1.757448,23.283788,0.846577,19.388880,1.256469,21.141589,0.213042,6.177924
6.520000,0.020000,3.000000,4.000000,1.800000,15.000000,3.000000,0.261799,1.110029,63.600000,1.338995,76.718785,1.500302,85.960959,-0.138400,-7.929709,-0.161306,-9.242174,-0.228966,0.161306,1.779034,23.339771,0.860109,19.446746,1.273624,21.198603,0.217082,6.235859
6.540000,0.020000,3.000000,4.000000,1.800000,15.000000,3.000000,0.261799,1.107411,63.450000,1.336926,76.600219,1.499420,85.910460,-0.138520,-7.936638,-0.162494,-9.310241,-0.229515,0.162494,1.800742,23.395706,0.873765,19.504599,1.290905,21.255597,0.221174,6.293790
6.560000,0.020000,3.000000,4.000000,1.800000,15.000000,3.000000,0.261799,1.104793,63.300000,1.334855,76.481550,1.498534,85.859685,-0.138639,-7.943454,-0.163679,-9.378135,-0.230061,0.163679,1.822573,23.451594,0.887537,19.562407,1.308302,21.312537,0.225313,6.351684
6.580000,0.020000,3.000000,4.000000,1.800000,15.000000,3.000000,0.261799,1.102175,63.150000,1.332782,76.362780,1.497643,85.808637,-0.138756,-7.950162,-0.164861,-9.445857,-0.230607,0.164861,1.844526,23.507433,0.901432,19.620201,1.325824,21.369456,0.229506,6.409573
6.600000,0.020000,3.000000,4.000000,1.800000,15.000000,3.000000,0.261799,1.099557,63.000000,1.330707,76.243910,1.496747,85.757315,-0.138872,-7.956765,-0.166040,-9.513405,-0.231150,0.166040,1.866601,23.563225,0.915442,19.677949,1.343463,21.426320,0.233745,6.467425
6.620000,0.020000,3.000000,4.000000,1.800000,15.000000,3.000000,0.261799,1.096939,62.850000,1.328631,76.124942,1.495847,85.705721,-0.138985,-7.963269,-0.167216,-9.580779,-0.231691,0.167216,1.888798,23.618968,0.929576,19.735684,1.361226,21.483162,0.238039,6.525273
6.640000,0.020000,3.000000,4.000000,1.800000,15.000000,3.000000,0.261799,1.094321,62.700000,1.326553,76.005878,1.494942,85.653856,-0.139097,-7.969677,-0.168389,-9.647978,-0.232231,0.168389,1.911117,23.674662,0.943826,19.793372,1.379106,21.539949,0.242379,6.583082
6.660000,0.020000,3.000000,4.000000,1.800000,15.000000,3.000000,0.261799,1.091703,62.550000,1.324473,75.886718,1.494032,85.601720,-0.139207,-7.975992,-0.169559,-9.715002,-0.232770,0.169559,1.933559,23.730307,0.958199,19.851045,1.397111,21.596713,0.246775,6.640887
6.680000,0.020000,3.000000,4.000000,1.800000,15.000000,3.000000,0.261799,1.089085,62.400000,1.322392,75.767464,1.493117,85.549315,-0.139316,-7.982218,-0.170726,-9.781851,-0.233306,0.170726,1.956122,23.785903,0.972688,19.908671,1.415232,21.653422,0.251217,6.698655
6.700000,0.020000,3.000000,4.000000,1.800000,15.000000,3.000000,0.261799,1.086467,62.250000,1.320309,75.648118,1.492198,85.496642,-0.139423,-7.988358,-0.171889,-9.848524,-0.233841,0.171889,1.978806,23.841450,0.987301,19.966283,1.433478,21.710108,0.255716,6.756417
6.720000,0.020000,3.000000,4.000000,1.800000,15.000000,3.000000,0.261799,1.083849,62.100000,1.318224,75.528681,1.491274,85.443701,-0.139529,-7.994417,-0.173050,-9.915020,-0.234375,0.173050,2.001613,23.896946,1.002029,20.023846,1.451841,21.766738,0.260261,6.814141
6.740000,0.020000,3.000000,4.000000,1.800000,15.000000,3.000000,0.261799,1.081231,61.950000,1.316138,75.409154,1.490345,85.390493,-0.139633,-8.000396,-0.174207,-9.981339,-0.234907,0.174207,2.024541,23.952393,1.016882,20.081395,1.470328,21.823344,0.264864,6.871861
6.760000,0.020000,3.000000,4.000000,1.800000,15.000000,3.000000,0.261799,1.078613,61.800000,1.314050,75.289538,1.489412,85.337020,-0.139736,-8.006300,-0.175362,-10.047482,-0.235437,0.175362,2.047590,24.007789,1.031849,20.138895,1.488932,21.879893,0.269513,6.929542
6.780000,0.020000,3.000000,4.000000,1.800000,15.000000,3.000000,0.261799,1.075995,61.650000,1.311961,75.169834,1.488474,85.283281,-0.139838,-8.012131,-0.176513,-10.113447,-0.235966,0.176513,2.070760,24.063134,1.046941,20.196379,1.507660,21.936419,0.274220,6.987218
6.800000,0.020000,3.000000,4.000000,1.800000,15.000000,3.000000,0.261799,1.073377,61.500000,1.309870,75.050044,1.487532,85.229279,-0.139939,-8.017892,-0.177661,-10.179235,-0.236493,0.177661,2.094052,24.118429,1.062149,20.253815,1.526504,21.992887,0.278975,7.044855
6.820000,0.020000,3.000000,4.000000,1.800000,15.000000,3.000000,0.261799,1.070759,61.350000,1.307778,74.930168,1.486584,85.175013,-0.140038,-8.023587,-0.178806,-10.244846,-0.237019,0.178806,2.117465,24.173672,1.077481,20.311234,1.545474,22.049331,0.283788,7.102487
6.840000,0.020000,3.000000,4.000000,1.800000,15.000000,3.000000,0.261799,1.068142,61.200000,1.305684,74.810207,1.485633,85.120485,-0.140136,-8.029216,-0.179948,-10.310278,-0.237543,0.179948,2.140999,24.228864,1.092928,20.368603,1.564559,22.105717,0.288648,7.160080
6.860000,0.020000,3.000000,4.000000,1.800000,15.000000,3.000000,0.261799,1.065524,61.050000,1.303589,74.690163,1.484676,85.065696,-0.140233,-8.034784,-0.181087,-10.375533,-0.238066,0.181087,2.164654,24.284005,1.108499,20.425956,1.583769,22.162078,0.293567,7.217668
6.880000,0.020000,3.000000,4.000000,1.800000,15.000000,3.000000,0.261799,1.062906,60.900000,1.301493,74.570036,1.483716,85.010647,-0.140330,-8.040293,-0.182223,-10.440610,-0.238587,0.182223,2.188429,24.339093,1.124186,20.483259,1.603094,22.218380,0.298535,7.275217
6.900000,0.020000,3.000000,4.000000,1.800000,15.000000,3.000000,0.261799,1.060288,60.750000,1.299395,74.449828,1.482750,84.955337,-0.140425,-8.045744,-0.183356,-10.505510,-0.239107,0.183356,2.212326,24.394129,1.139997,20.540545,1.622545,22.274658,0.303561,7.332761
6.920000,0.020000,3.000000,4.000000,1.800000,15.000000,3.000000,0.261799,1.057670,60.600000,1.297295,74.329538,1.481781,84.899769,-0.140519,-8.051141,-0.184485,-10.570231,-0.239626,0.184485,2.236343,24.449113,1.155924,20.597780,1.642111,22.330876,0.308637,7.390265
6.940000,0.020000,3.000000,4.000000,1.800000,15.000000,3.000000,0.261799,1.055052,60.450000,1.295194,74.209168,1.480806,84.843943,-0.140612,-8.056486,-0.185612,-10.634775,-0.240143,0.185612,2.260480,24.504043,1.171975,20.654997,1.661803,22.387068,0.313771,7.447764
6.960000,0.020000,3.000000,4.000000,1.800000,15.000000,3.000000,0.261799,1.052434,60.300000,1.293092,74.088719,1.479827,84.787860,-0.140705,-8.061781,-0.186735,-10.699141,-0.240659,0.186735,2.284738,24.558921,1.188142,20.712163,1.681609,22.443200,0.318955,7.505222
6.980000,0.020000,3.000000,4.000000,1.800000,15.000000,3.000000,0.261799,1.049816,60.150000,1.290988,73.968191,1.478844,84.731520,-0.140796,-8.067027,-0.187856,-10.763329,-0.241173,0.187856,2.309117,24.613745,1.204433,20.769311,1.701541,22.499306,0.324199,7.562676
7.000000,0.020000,3.000000,4.000000,1.800000,15.000000,3.000000,0.261799,1.047198,60.000000,1.288884,73.847586,1.477856,84.674926,-0.140887,-8.072227,-0.188973,-10.827340,-0.241686,0.188973,2.333616,24.668515,1.220839,20.826407,1.721588,22.555352,0.329492,7.620089
7.020000,0.020000,3.000000,4.000000,1.800000,15.000000,3.000000,0.261799,1.044580,59.850000,1.286777,73.726903,1.476864,84.618076,-0.140977,-8.077383,-0.190087,-10.891173,-0.242198,0.190087,2.358234,24.723232,1.237370,20.883484,1.741759,22.611371,0.334846,7.677497
7.040000,0.020000,3.000000,4.000000,1.800000,15.000000,3.000000,0.261799,1.041962,59.700000,1.284670,73.606143,1.475867,84.560973,-0.141066,-8.082496,-0.191198,-10.954830,-0.242708,0.191198,2.382974,24.777895,1.254017,20.940509,1.762046,22.667329,0.340250,7.734864
7.060000,0.020000,3.000000,4.000000,1.800000,15.000000,3.000000,0.261799,1.039344,59.550000,1.282561,73.485308,1.474866,84.503617,-0.141155,-8.087569,-0.192306,-11.018309,-0.243217,0.192306,2.407833,24.832502,1.270788,20.997515,1.782458,22.723259,0.345714,7.792226
7.080000,0.020000,3.000000,4.000000,1.800000,15.000000,3.000000,0.261799,1.036726,59.400000,1.280450,73.364397,1.473861,84.446009,-0.141243,-8.092603,-0.193411,-11.081612,-0.243725,0.193411,2.432812,24.887056,1.287674,21.054468,1.802985,22.779128,0.351229,7.849547
7.100000,0.020000,3.000000,4.000000,1.800000,15.000000,3.000000,0.261799,1.034108,59.250000,1.278339,73.243412,1.472851,84.388150,-0.141330,-8.097600,-0.194512,-11.144738,-0.244231,0.194512,2.457910,24.941554,1.304685,21.111401,1.823636,22.834970,0.356805,7.906862
7.120000,0.020000,3.000000,4.000000,1.800000,15.000000,3.000000,0.261799,1.031490,59.100000,1.276226,73.122352,1.471837,84.330040,-0.141416,-8.102560,-0.195611,-11.207689,-0.244736,0.195611,2.483129,24.995997,1.321811,21.168280,1.844403,22.890749,0.362432,7.964136
7.140000,0.020000,3.000000,4.000000,1.800000,15.000000,3.000000,0.261799,1.028872,58.950000,1.274112,73.001219,1.470818,84.271681,-0.141502,-8.107487,-0.196707,-11.270463,-0.245240,0.196707,2.508467,25.050384,1.339062,21.225140,1.865294,22.946500,0.368121,8.021404
7.160000,0.020000,3.000000,4.000000,1.800000,15.000000,3.000000,0.261799,1.026254,58.800000,1.271996,72.880012,1.469795,84.213073,-0.141588,-8.112381,-0.197799,-11.333061,-0.245743,0.197799,2.533925,25.104715,1.356428,21.281945,1.886300,23.002188,0.373861,8.078632
7.180000,0.020000,3.000000,4.000000,1.800000,15.000000,3.000000,0.261799,1.023636,58.650000,1.269879,72.758733,1.468768,84.154217,-0.141673,-8.117243,-0.198889,-11.395484,-0.246244,0.198889,2.559503,25.158990,1.373919,21.338730,1.907431,23.057847,0.379663,8.135852
7.200000,0.020000,3.000000,4.000000,1.800000,15.000000,3.000000,0.261799,1.021018,58.500000,1.267761,72.637381,1.467737,84.095114,-0.141757,-8.122075,-0.199975,-11.457733,-0.246744,0.199975,2.585200,25.213209,1.391524,21.395460,1.928677,23.113443,0.385516,8.193032
7.220000,0.020000,3.000000,4.000000,1.800000,15.000000,3.000000,0.261799,1.018400,58.350000,1.265642,72.515958,1.466701,84.035764,-0.141841,-8.126878,-0.201059,-11.519806,-0.247243,0.201059,2.611016,25.267371,1.409255,21.452168,1.950047,23.169010,0.391433,8.250205
7.240000,0.020000,3.000000,4.000000,1.800000,15.000000,3.000000,0.261799,1.015782,58.200000,1.263522,72.394463,1.465661,83.976169,-0.141924,-8.131654,-0.202139,-11.581706,-0.247740,0.202139,2.636951,25.321476,1.427101,21.508822,1.971532,23.224512,0.397401,8.307337
7.260000,0.020000,3.000000,4.000000,1.800000,15.000000,3.000000,0.261799,1.013164,58.050000,1.261400,72.272898,1.464616,83.916329,-0.142007,-8.136403,-0.203216,-11.643431,-0.248236,0.203216,2.663006,25.375524,1.445071,21.565454,1.993142,23.279985,0.403432,8.364462
7.280000,0.020000,3.000000,4.000000,1.800000,15.000000,3.000000,0.261799,1.010546,57.900000,1.259277,72.151262,1.463568,83.856245,-0.142089,-8.141126,-0.204290,-11.704983,-0.248731,0.204290,2.689180,25.429514,1.463156,21.622029,2.014866,23.335394,0.409515,8.421546
7.300000,0.020000,3.000000,4.000000,1.800000,15.000000,3.000000,0.261799,1.007928,57.750000,1.257153,72.029556,1.462515,83.795918,-0.142171,-8.145826,-0.205362,-11.766362,-0.249225,0.205362,2.715472,25.483446,1.481367,21.678583,2.036714,23.390772,0.415662,8.478623
7.320000,0.020000,3.000000,4.000000,1.800000,15.000000,3.000000,0.261799,1.005310,57.600000,1.255028,71.907780,1.461458,83.735349,-0.142253,-8.150502,-0.206430,-11.827569,-0.249718,0.206430,2.741884,25.537320,1.499692,21.735080,2.058677,23.446084,0.421861,8.535657
7.340000,0.020000,3.000000,4.000000,1.800000,15.000000,3.000000,0.261799,1.002692,57.450000,1.252901,71.785935,1.460396,83.674538,-0.142334,-8.155156,-0.207495,-11.888603,-0.250209,0.207495,2.768414,25.591136,1.518142,21.791555,2.080765,23.501366,0.428124,8.592685
7.360000,0.020000,3.000000,4.000000,1.800000,15.000000,3.000000,0.261799,1.000074,57.300000,1.250773,71.664020,1.459331,83.613485,-0.142415,-8.159788,-0.208558,-11.949465,-0.250699,0.208558,2.795064,25.644893,1.536706,21.847972,2.102966,23.556583,0.434440,8.649671
7.380000,0.020000,3.000000,4.000000,1.800000,15.000000,3.000000,0.261799,0.997456,57.150000,1.248644,71.542037,1.458261,83.552193,-0.142496,-8.164400,-0.209617,-12.010156,-0.251188,0.209617,2.821832,25.698591,1.555396,21.904366,2.125292,23.611768,0.440821,8.706649
7.400000,0.020000,3.000000,4.000000,1.800000,15.000000,3.000000,0.261799,0.994838,57.000000,1.246514,71.419986,1.457187,83.490662,-0.142576,-8.168993,-0.210673,-12.070676,-0.251676,0.210673,2.848718,25.752230,1.574200,21.960703,2.147732,23.666886,0.447255,8.763585
7.420000,0.020000,3.000000,4.000000,1.800000,15.000000,3.000000,0.261799,0.992220,56.850000,1.244383,71.297866,1.456109,83.428892,-0.142656,-8.173567,-0.211726,-12.131026,-0.252163,0.211726,2.875723,25.805809,1.593130,22.017016,2.170297,23.721973,0.453753,8.820514
7.440000,0.020000,3.000000,4.000000,1.800000,15.000000,3.000000,0.261799,0.989602,56.700000,1.242250,71.175678,1.455027,83.366884,-0.142735,-8.178122,-0.212777,-12.191205,-0.252648,0.212777,2.902846,25.859329,1.612173,22.073270,2.192975,23.776993,0.460306,8.877400
7.460000,0.020000,3.000000,4.000000,1.800000,15.000000,3.000000,0.261799,0.986984,56.550000,1.240116,71.053423,1.453940,83.304639,-0.142814,-8.182660,-0.213824,-12.251216,-0.253132,0.213824,2.930088,25.912788,1.631343,22.129501,2.215778,23.831980,0.466923,8.934279
7.480000,0.020000,3.000000,4.000000,1.800000,15.000000,3.000000,0.261799,0.984366,56.400000,1.237981,70.931100,1.452850,83.242157,-0.142893,-8.187182,-0.214868,-12.311057,-0.253616,0.214868,2.957448,25.966187,1.650625,22.185672,2.238694,23.886900,0.473594,8.991115
7.500000,0.020000,3.000000,4.000000,1.800000,15.000000,3.000000,0.261799,0.981748,56.250000,1.235845,70.808710,1.451755,83.179440,-0.142972,-8.191688,-0.215910,-12.370730,-0.254097,0.215910,2.984926,26.019525,1.670034,22.241819,2.261735,23.941787,0.480331,9.047942
7.520000,0.020000,3.000000,4.000000,1.800000,15.000000,3.000000,0.261799,0.979130,56.100000,1.233708,70.686253,1.450656,83.116489,-0.143050,-8.196178,-0.216949,-12.430235,-0.254578,0.216949,3.012522,26.072802,1.689556,22.297907,2.284890,23.996606,0.487122,9.104728
7.540000,0.020000,3.000000,4.000000,1.800000,15.000000,3.000000,0.261799,0.976512,55.950000,1.231569,70.563730,1.449554,83.053303,-0.143128,-8.200654,-0.217984,-12.489573,-0.255058,0.217984,3.040236,26.126018,1.709204,22.353969,2.308169,24.051391,0.493980,9.161504
7.560000,0.020000,3.000000,4.000000,1.800000,15.000000,3.000000,0.261799,0.973894,55.800000,1.229430,70.441140,1.448447,82.989884,-0.143206,-8.205116,-0.219017,-12.548744,-0.255536,0.219017,3.068069,26.179172,1.728965,22.409971,2.331560,24.106108,0.500891,9.218238
7.580000,0.020000,3.000000,4.000000,1.800000,15.000000,3.000000,0.261799,0.971276,55.650000,1.227289,70.318484,1.447336,82.926232,-0.143284,-8.209564,-0.220047,-12.607748,-0.256013,0.220047,3.096018,26.232264,1.748852,22.465947,2.355077,24.160790,0.507870,9.274964
7.600000,0.020000,3.000000,4.000000,1.800000,15.000000,3.000000,0.261799,0.968658,55.500000,1.225147,70.195761,1.446221,82.862348,-0.143361,-8.213999,-0.221074,-12.666587,-0.256489,0.221074,3.124086,26.285295,1.768853,22.521863,2.378706,24.215404,0.514903,9.331646
7.620000,0.020000,3.000000,4.000000,1.800000,15.000000,3.000000,0.261799,0.966040,55.350000,1.223004,70.072974,1.445102,82.798234,-0.143439,-8.218422,-0.222098,-12.725260,-0.256964,0.222098,3.152271,26.338263,1.788979,22.577753,2.402460,24.269982,0.522003,9.388320
7.640000,0.020000,3.000000,4.000000,1.800000,15.000000,3.000000,0.261799,0.963422,55.200000,1.220860,69.950120,1.443979,82.733888,-0.143515,-8.222832,-0.223119,-12.783769,-0.257438,0.223119,3.180574,26.391168,1.809218,22.633581,2.426327,24.324491,0.529158,9.444950
7.660000,0.020000,3.000000,4.000000,1.800000,15.000000,3.000000,0.261799,0.960804,55.050000,1.218715,69.827201,1.442852,82.669313,-0.143592,-8.227231,-0.224137,-12.842113,-0.257911,0.224137,3.208994,26.444010,1.829583,22.689383,2.450318,24.378965,0.536381,9.501571
7.680000,0.020000,3.000000,4.000000,1.800000,15.000000,3.000000,0.261799,0.958186,54.900000,1.216568,69.704216,1.441721,82.604509,-0.143669,-8.231619,-0.225153,-12.900293,-0.258382,0.225153,3.237531,26.496789,1.850062,22.745122,2.474422,24.433368,0.543658,9.558149
7.700000,0.020000,3.000000,4.000000,1.800000,15.000000,3.000000,0.261799,0.955568,54.750000,1.214420,69.581167,1.440586,82.539477,-0.143745,-8.235996,-0.226165,-12.958311,-0.258853,0.226165,3.266186,26.549504,1.870666,22.800835,2.498650,24.487736,0.551004,9.614718
7.720000,0.020000,3.000000,4.000000,1.800000,15.000000,3.000000,0.261799,0.952950,54.600000,1.212272,69.458052,1.439447,82.474218,-0.143821,-8.240362,-0.227175,-13.016166,-0.259322,0.227175,3.294958,26.602156,1.891382,22.856485,2.522990,24.542033,0.558405,9.671242
7.740000,0.020000,3.000000,4.000000,1.800000,15.000000,3.000000,0.261799,0.950332,54.450000,1.210122,69.334873,1.438304,82.408731,-0.143897,-8.244718,-0.228182,-13.073859,-0.259790,0.228182,3.323847,26.654743,1.912225,22.912107,2.547455,24.596293,0.565875,9.727758
7.760000,0.020000,3.000000,4.000000,1.800000,15.000000,3.000000,0.261799,0.947714,54.300000,1.207971,69.211628,1.437157,82.343018,-0.143973,-8.249065,-0.229186,-13.131390,-0.260257,0.229186,3.352853,26.707266,1.933181,22.967666,2.572032,24.650482,0.573400,9.784229
7.780000,0.020000,3.000000,4.000000,1.800000,15.000000,3.000000,0.261799,0.945096,54.150000,1.205819,69.088320,1.436006,82.277081,-0.144049,-8.253402,-0.230187,-13.188761,-0.260723,0.230187,3.381976,26.759724,1.954262,23.023197,2.596733,24.704634,0.580994,9.840691
7.800000,0.020000,3.000000,4.000000,1.800000,15.000000,3.000000,0.261799,0.942478,54.000000,1.203665,68.964947,1.434851,82.210918,-0.144125,-8.257730,-0.231186,-13.245971,-0.261188,0.231186,3.411215,26.812117,1.975456,23.078665,2.621546,24.758714,0.588644,9.897109
7.820000,0.020000,3.000000,4.000000,1.800000,15.000000,3.000000,0.261799,0.939860,53.850000,1.201511,68.841510,1.433693,82.144531,-0.144200,-8.262049,-0.232182,-13.303021,-0.261651,0.232182,3.440572,26.864445,1.996776,23.134103,2.646484,24.812757,0.596364,9.953517
7.840000,0.020000,3.000000,4.000000,1.800000,15.000000,3.000000,0.261799,0.937242,53.700000,1.199355,68.718008,1.432530,82.077921,-0.144275,-8.266360,-0.233174,-13.359913,-0.262114,0.233174,3.470045,26.916707,2.018208,23.189477,2.671533,24.866727,0.604139,10.009881
7.860000,0.020000,3.000000,4.000000,1.800000,15.000000,3.000000,0.261799,0.934624,53.550000,1.197199,68.594443,1.431364,82.011088,-0.144350,-8.270662,-0.234165,-13.416645,-0.262575,0.234165,3.499634,26.968904,2.039766,23.244822,2.696707,24.920659,0.611985,10.066234
7.880000,0.020000,3.000000,4.000000,1.800000,15.000000,3.000000,0.261799,0.932006,53.400000,1.195041,68.470814,1.430193,81.944033,-0.144425,-8.274956,-0.235152,-13.473220,-0.263035,0.235152,3.529340,27.021034,2.061436,23.300102,2.721991,24.974518,0.619886,10.122543
7.900000,0.020000,3.000000,4.000000,1.800000,15.000000,3.000000,0.261799,0.929388,53.250000,1.192882,68.347121,1.429019,81.876757,-0.144500,-8.279242,-0.236137,-13.529637,-0.263494,0.236137,3.559162,27.073098,2.083232,23.355352,2.747401,25.028338,0.627858,10.178842
7.920000,0.020000,3.000000,4.000000,1.800000,15.000000,3.000000,0.261799,0.926770,53.100000,1.190722,68.223364,1.427841,81.809261,-0.144575,-8.283521,-0.237119,-13.585897,-0.263952,0.237119,3.589101,27.125095,2.105141,23.410537,2.772921,25.082084,0.635887,10.235095
7.940000,0.020000,3.000000,4.000000,1.800000,15.000000,3.000000,0.261799,0.924152,52.950000,1.188561,68.099544,1.426659,81.741544,-0.144649,-8.287792,-0.238098,-13.642000,-0.264409,0.238098,3.619155,27.177025,2.127175,23.465692,2.798566,25.135792,0.643986,10.291339
7.960000,0.020000,3.000000,4.000000,1.800000,15.000000,3.000000,0.261799,0.921534,52.800000,1.186399,67.975660,1.425473,81.673608,-0.144724,-8.292055,-0.239074,-13.697948,-0.264865,0.239074,3.649326,27.228887,2.149321,23.520780,2.824321,25.189425,0.652142,10.347537
7.980000,0.020000,3.000000,4.000000,1.800000,15.000000,3.000000,0.261799,0.918916,52.650000,1.184236,67.851714,1.424284,81.605454,-0.144798,-8.296311,-0.240048,-13.753740,-0.265320,0.240048,3.679612,27.280683,2.171592,23.575838,2.850201,25.243018,0.660369,10.403724
8.000000,0.020000,3.000000,4.000000,1.800000,15.000000,3.000000,0.261799,0.916298,52.500000,1.182071,67.727704,1.423091,81.537082,-0.144872,-8.300561,-0.241019,-13.809378,-0.265774,0.241019,3.710015,27.332410,2.193976,23.630829,2.876192,25.296536,0.668653,10.459866
8.020000,0.020000,3.000000,4.000000,1.800000,15.000000,3.000000,0.261799,0.913680,52.350000,1.179906,67.603631,1.421893,81.468493,-0.144946,-8.304803,-0.241987,-13.864862,-0.266226,0.241987,3.740533,27.384069,2.216485,23.685788,2.902307,25.350014,0.677008,10.515998
8.040000,0.020000,3.000000,4.000000,1.800000,15.000000,3.000000,0.261799,0.911062,52.200000,1.177739,67.479495,1.420693,81.399687,-0.145020,-8.309038,-0.242953,-13.920192,-0.266677,0.242953,3.771166,27.435659,2.239106,23.740680,2.928532,25.403417,0.685421,10.572083
8.060000,0.020000,3.000000,4.000000,1.800000,15.000000,3.000000,0.261799,0.908444,52.050000,1.175572,67.355296,1.419488,81.330665,-0.145094,-8.313267,-0.243916,-13.975369,-0.267128,0.243916,3.801915,27.487181,2.261853,23.795541,2.954881,25.456779,0.693905,10.628158
8.080000,0.020000,3.000000,4.000000,1.800000,15.000000,3.000000,0.261799,0.905826,51.900000,1.173403,67.231034,1.418279,81.261428,-0.145168,-8.317489,-0.244877,-14.030394,-0.267577,0.244877,3.832780,27.538634,2.284712,23.850333,2.981341,25.510065,0.702447,10.684187
8.100000,0.020000,3.000000,4.000000,1.800000,15.000000,3.000000,0.261799,0.903208,51.750000,1.171233,67.106710,1.417067,81.191977,-0.145241,-8.321705,-0.245834,-14.085267,-0.268025,0.245834,3.863760,27.590017,2.307696,23.905093,3.007924,25.563309,0.711061,10.740205
8.120000,0.020000,3.000000,4.000000,1.800000,15.000000,3.000000,0.261799,0.900590,51.600000,1.169062,66.982323,1.415851,81.122311,-0.145315,-8.325914,-0.246789,-14.139988,-0.268472,0.246789,3.894855,27.641331,2.330791,23.959785,3.034618,25.616477,0.719733,10.796176
8.140000,0.020000,3.000000,4.000000,1.800000,15.000000,3.000000,0.261799,0.897972,51.450000,1.166890,66.857874,1.414632,81.052433,-0.145388,-8.330117,-0.247742,-14.194559,-0.268918,0.247742,3.926065,27.692574,2.354012,24.014443,3.061436,25.669602,0.728478,10.852136
8.160000,0.020000,3.000000,4.000000,1.800000,15.000000,3.000000,0.261799,0.895354,51.300000,1.164717,66.733362,1.413408,80.982342,-0.145461,-8.334314,-0.248692,-14.248979,-0.269363,0.248692,3.957390,27.743748,2.377344,24.069033,3.088363,25.722651,0.737280,10.908050
8.180000,0.020000,3.000000,4.000000,1.800000,15.000000,3.000000,0.261799,0.892736,51.150000,1.162543,66.608789,1.412181,80.912039,-0.145534,-8.338504,-0.249639,-14.303250,-0.269807,0.249639,3.988830,27.794851,2.400802,24.123589,3.115414,25.775657,0.746156,10.963952
8.200000,0.020000,3.000000,4.000000,1.800000,15.000000,3.000000,0.261799,0.890118,51.000000,1.160367,66.484152,1.410951,80.841524,-0.145607,-8.342688,-0.250583,-14.357372,-0.270249,0.250583,4.020385,27.845883,2.424370,24.178076,3.142575,25.828585,0.755089,11.019807
8.220000,0.020000,3.000000,4.000000,1.800000,15.000000,3.000000,0.261799,0.887500,50.850000,1.158191,66.359454,1.409716,80.770799,-0.145680,-8.346866,-0.251525,-14.411345,-0.270691,0.251525,4.052054,27.896845,2.448065,24.232528,3.169860,25.881470,0.764096,11.075651
8.240000,0.020000,3.000000,4.000000,1.800000,15.000000,3.000000,0.261799,0.884882,50.700000,1.156013,66.234694,1.408478,80.699864,-0.145753,-8.351038,-0.252465,-14.465170,-0.271132,0.252465,4.083838,27.947735,2.471870,24.286910,3.197254,25.934277,0.773161,11.131447
8.260000,0.020000,3.000000,4.000000,1.800000,15.000000,3.000000,0.261799,0.882264,50.550000,1.153835,66.109872,1.407237,80.628719,-0.145826,-8.355204,-0.253402,-14.518848,-0.271571,0.253402,4.115737,27.998553,2.495800,24.341258,3.224772,25.987041,0.782300,11.187232
8.280000,0.020000,3.000000,4.000000,1.800000,15.000000,3.000000,0.261799,0.879646,50.400000,1.151655,65.984988,1.405991,80.557366,-0.145898,-8.359364,-0.254336,-14.572378,-0.272009,0.254336,4.147749,28.049299,2.519842,24.395535,3.252398,26.039725,0.791498,11.242970
8.300000,0.020000,3.000000,4.000000,1.800000,15.000000,3.000000,0.261799,0.877028,50.250000,1.149475,65.860042,1.404742,80.485805,-0.145971,-8.363518,-0.255268,-14.625763,-0.272447,0.255268,4.179876,28.099973,2.544009,24.449776,3.280149,26.092365,0.800770,11.298695
8.320000,0.020000,3.000000,4.000000,1.800000,15.000000,3.000000,0.261799,0.874410,50.100000,1.147293,65.735034,1.403490,80.414036,-0.146043,-8.367666,-0.256197,-14.679001,-0.272883,0.256197,4.212117,28.150575,2.568286,24.503947,3.308008,26.144926,0.810100,11.354373
8.340000,0.020000,3.000000,4.000000,1.800000,15.000000,3.000000,0.261799,0.871792,49.950000,1.145110,65.609966,1.402233,80.342060,-0.146116,-8.371808,-0.257124,-14.732095,-0.273318,0.257124,4.244472,28.201103,2.592688,24.558081,3.335991,26.197441,0.819505,11.410038
8.360000,0.020000,3.000000,4.000000,1.800000,15.000000,3.000000,0.261799,0.869174,49.800000,1.142926,65.484835,1.400974,80.269878,-0.146188,-8.375943,-0.258048,-14.785043,-0.273752,0.258048,4.276941,28.251559,2.617201,24.612144,3.364082,26.249877,0.828969,11.465656
8.380000,0.020000,3.000000,4.000000,1.800000,15.000000,3.000000,0.261799,0.866556,49.650000,1.140741,65.359643,1.399710,80.197491,-0.146260,-8.380073,-0.258969,-14.837848,-0.274185,0.258969,4.309524,28.301941,2.641840,24.666171,3.392298,26.302267,0.838508,11.521261
8.400000,0.020000,3.000000,4.000000,1.800000,15.000000,3.000000,0.261799,0.863938,49.500000,1.138555,65.234390,1.398443,80.124898,-0.146332,-8.384197,-0.259888,-14.890508,-0.274617,0.259888,4.342220,28.352250,2.666588,24.720125,3.420621,26.354577,0.848106,11.576818
8.420000,0.020000,3.000000,4.000000,1.800000,15.000000,3.000000,0.261799,0.861320,49.350000,1.136368,65.109076,1.397173,80.052102,-0.146404,-8.388315,-0.260805,-14.943026,-0.275048,0.260805,4.375030,28.402484,2.691462,24.774042,3.449067,26.406841,0.857779,11.632362
8.440000,0.020000,3.000000,4.000000,1.800000,15.000000,3.000000,0.261799,0.858702,49.200000,1.134180,64.983701,1.395899,79.979101,-0.146475,-8.392427,-0.261719,-14.995400,-0.275478,0.261719,4.407953,28.452645,2.716445,24.827886,3.477622,26.459024,0.867511,11.687858
8.460000,0.020000,3.000000,4.000000,1.800000,15.000000,3.000000,0.261799,0.856084,49.050000,1.131990,64.858264,1.393790,79.858264,-0.146580,-8.398438,-0.261799,-15.000000,-0.275906,0.261799,4.440990,28.502731,2.741554,24.881692,3.506300,26.511160,0.865043,11.745532
8.480000,0.020000,3.000000,4.000000,1.800000,15.000000,3.000000,0.261799,0.853466,48.900000,1.129799,64.732739,1.391599,79.732739,-0.146699,-8.405238,-0.261799,-15.000000,-0.276333,0.261799,4.474141,28.552741,2.766772,24.935426,3.535086,26.563213,0.861486,11.803408
8.500000,0.020000,3.000000,4.000000,1.800000,15.000000,3.000000,0.261799,0.850848,48.750000,1.127607,64.607112,1.389406,79.607112,-0.146829,-8.412668,-0.261799,-15.000000,-0.276759,0.261799,4.507408,28.602674,2.792116,24.989120,3.563997,26.615219,0.858041,11.861311
8.520000,0.020000,3.000000,4.000000,1.800000,15.000000,3.000000,0.261799,0.848230,48.600000,1.125412,64.481375,1.387212,79.481375,-0.146969,-8.420692,-0.261799,-15.000000,-0.277182,0.261799,4.540790,28.652530,2.817568,25.042740,3.593016,26.667141,0.854689,11.919207
8.540000,0.020000,3.000000,4.000000,1.800000,15.000000,3.000000,0.261799,0.845612,48.450000,1.123216,64.355520,1.385015,79.355520,-0.147119,-8.429274,-0.261799,-15.000000,-0.277604,0.261799,4.574289,28.702307,2.843146,25.096320,3.622161,26.719014,0.851445,11.977131
8.560000,0.020000,3.000000,4.000000,1.800000,15.000000,3.000000,0.261799,0.842994,48.300000,1.121017,64.229536,1.382816,79.229536,-0.147278,-8.438381,-0.261799,-15.000000,-0.278023,0.261799,4.607905,28.752006,2.868833,25.149826,3.651413,26.770803,0.848290,12.035047
8.580000,0.020000,3.000000,4.000000,1.800000,15.000000,3.000000,0.261799,0.840376,48.150000,1.118816,64.103418,1.380615,79.103418,-0.147445,-8.447982,-0.261799,-15.000000,-0.278440,0.261799,4.641637,28.801626,2.894645,25.203291,3.680792,26.822542,0.845239,12.092992
8.600000,0.020000,3.000000,4.000000,1.800000,15.000000,3.000000,0.261799,0.837758,48.000000,1.116612,63.977157,1.378411,78.977157,-0.147621,-8.458045,-0.261799,-15.000000,-0.278854,0.261799,4.675488,28.851166,2.920566,25.256680,3.710279,26.874195,0.842274,12.150929
8.620000,0.020000,3.000000,4.000000,1.800000,15.000000,3.000000,0.261799,0.835140,47.850000,1.114406,63.850748,1.376205,78.850748,-0.147804,-8.468541,-0.261799,-15.000000,-0.279266,0.261799,4.709455,28.900625,2.946612,25.310028,3.739891,26.925797,0.839410,12.208895
8.640000,0.020000,3.000000,4.000000,1.800000,15.000000,3.000000,0.261799,0.832522,47.700000,1.112197,63.724182,1.373996,78.724182,-0.147994,-8.479441,-0.261799,-15.000000,-0.279675,0.261799,4.743541,28.950002,2.972766,25.363300,3.769613,26.977312,0.836629,12.266853
8.660000,0.020000,3.000000,4.000000,1.800000,15.000000,3.000000,0.261799,0.829904,47.550000,1.109985,63.597454,1.371784,78.597454,-0.148191,-8.490720,-0.261799,-15.000000,-0.280081,0.261799,4.777746,28.999298,2.999046,25.416530,3.799461,27.028775,0.833947,12.324840
8.680000,0.020000,3.000000,4.000000,1.800000,15.000000,3.000000,0.261799,0.827286,47.400000,1.107770,63.470559,1.369570,78.470559,-0.148394,-8.502350,-0.261799,-15.000000,-0.280484,0.261799,4.812069,29.048511,3.025434,25.469682,3.829418,27.080151,0.831346,12.382819
8.700000,0.020000,3.000000,4.000000,1.800000,15.000000,3.000000,0.261799,0.824668,47.250000,1.105552,63.343492,1.367352,78.343492,-0.148603,-8.514308,-0.261799,-15.000000,-0.280884,0.261799,4.846511,29.097641,3.051948,25.522792,3.859501,27.131474,0.828842,12.440827
8.720000,0.020000,3.000000,4.000000,1.800000,15.000000,3.000000,0.261799,0.822050,47.100000,1.103332,63.216247,1.365131,78.216247,-0.148817,-8.526569,-0.261799,-15.000000,-0.281282,0.261799,4.881071,29.146687,3.078569,25.575824,3.889693,27.182708,0.826416,12.498828
8.740000,0.020000,3.000000,4.000000,1.800000,15.000000,3.000000,0.261799,0.819432,46.950000,1.101108,63.088821,1.362907,78.088821,-0.149036,-8.539110,-0.261799,-15.000000,-0.281676,0.261799,4.915752,29.195649,3.105317,25.628812,3.920013,27.233889,0.824086,12.556858
8.760000,0.020000,3.000000,4.000000,1.800000,15.000000,3.000000,0.261799,0.816814,46.800000,1.098880,62.961208,1.360680,77.961208,-0.149259,-8.551911,-0.261799,-15.000000,-0.282066,0.261799,4.950552,29.244526,3.132172,25.681722,3.950441,27.284980,0.821833,12.614881
8.780000,0.020000,3.000000,4.000000,1.800000,15.000000,3.000000,0.261799,0.814196,46.650000,1.096650,62.833406,1.358449,77.833406,-0.149487,-8.564951,-0.261799,-15.000000,-0.282454,0.261799,4.985471,29.293318,3.159154,25.734587,3.980997,27.336016,0.819673,12.672932
8.800000,0.020000,3.000000,4.000000,1.800000,15.000000,3.000000,0.261799,0.811578,46.500000,1.094416,62.705410,1.356215,77.705410,-0.149718,-8.578208,-0.261799,-15.000000,-0.282838,0.261799,5.020510,29.342024,3.186243,25.787373,4.011661,27.386962,0.817589,12.730977
8.820000,0.020000,3.000000,4.000000,1.800000,15.000000,3.000000,0.261799,0.808960,46.350000,1.092178,62.577217,1.353978,77.577217,-0.149953,-8.591666,-0.261799,-15.000000,-0.283218,0.261799,5.055670,29.390643,3.213458,25.840114,4.042453,27.437852,0.815598,12.789050
8.840000,0.020000,3.000000,4.000000,1.800000,15.000000,3.000000,0.261799,0.806342,46.200000,1.089938,62.448825,1.351737,77.448825,-0.150191,-8.605305,-0.261799,-15.000000,-0.283595,0.261799,5.090949,29.439175,3.240786,25.892783,4.073359,27.488659,0.813686,12.847125
8.860000,0.020000,3.000000,4.000000,1.800000,15.000000,3.000000,0.261799,0.803724,46.050000,1.087693,62.320230,1.349493,77.320230,-0.150432,-8.619108,-0.261799,-15.000000,-0.283969,0.261799,5.126348,29.487620,3.268231,25.945389,4.104384,27.539393,0.811858,12.905211
8.880000,0.020000,3.000000,4.000000,1.800000,15.000000,3.000000,0.261799,0.801106,45.900000,1.085445,62.191431,1.347245,77.191431,-0.150675,-8.633058,-0.261799,-15.000000,-0.284339,0.261799,5.161868,29.535976,3.295793,25.997931,4.135527,27.590051,0.810112,12.963308
8.900000,0.020000,3.000000,4.000000,1.800000,15.000000,3.000000,0.261799,0.798488,45.750000,1.083194,62.062425,1.344993,77.062425,-0.150921,-8.647141,-0.261799,-15.000000,-0.284706,0.261799,5.197509,29.584244,3.323471,26.050410,4.166788,27.640635,0.808448,13.021416
8.920000,0.020000,3.000000,4.000000,1.800000,15.000000,3.000000,0.261799,0.795870,45.600000,1.080938,61.933210,1.342738,76.933210,-0.151169,-8.661340,-0.261799,-15.000000,-0.285068,0.261799,5.233269,29.632422,3.351267,26.102824,4.198168,27.691143,0.806867,13.079535
8.940000,0.020000,3.000000,4.000000,1.800000,15.000000,3.000000,0.261799,0.793252,45.450000,1.078680,61.803784,1.340479,76.803784,-0.151419,-8.675642,-0.261799,-15.000000,-0.285427,0.261799,5.269150,29.680511,3.379180,26.155173,4.229667,27.741575,0.805368,13.137665
8.960000,0.020000,3.000000,4.000000,1.800000,15.000000,3.000000,0.261799,0.790634,45.300000,1.076417,61.674146,1.338216,76.674146,-0.151670,-8.690032,-0.261799,-15.000000,-0.285783,0.261799,5.305152,29.728510,3.407210,26.207457,4.261284,27.791931,0.803951,13.195806
8.980000,0.020000,3.000000,4.000000,1.800000,15.000000,3.000000,0.261799,0.788016,45.150000,1.074151,61.544295,1.335950,76.544295,-0.151922,-8.704499,-0.261799,-15.000000,-0.286134,0.261799,5.341274,29.776418,3.435357,26.259675,4.293020,27.842210,0.802617,13.253958
9.000000,0.020000,3.000000,4.000000,1.800000,15.000000,3.000000,0.261799,0.785398,45.000000,1.071881,61.414230,1.333680,76.414230,-0.152176,-8.719029,-0.261799,-15.000000,-0.286482,0.261799,5.377517,29.824235,3.463622,26.311828,4.324875,27.892411,0.801364,13.312121
9.020000,0.020000,3.000000,4.000000,1.800000,15.000000,3.000000,0.261799,0.782780,44.850000,1.069607,61.283949,1.331406,76.283949,-0.152430,-8.733610,-0.261799,-15.000000,-0.286827,0.261799,5.413880,29.871961,3.492003,26.363914,4.356848,27.942535,0.800193,13.370294
9.040000,0.020000,3.000000,4.000000,1.800000,15.000000,3.000000,0.261799,0.780162,44.700000,1.067329,61.153452,1.329128,76.153452,-0.152685,-8.748231,-0.261799,-15.000000,-0.287167,0.261799,5.450364,29.919594,3.520502,26.415934,4.388940,27.992581,0.799105,13.428478
9.060000,0.020000,3.000000,4.000000,1.800000,15.000000,3.000000,0.261799,0.777544,44.550000,1.065048,61.022738,1.326847,76.022738,-0.152941,-8.762882,-0.261799,-15.000000,-0.287504,0.261799,5.486968,29.967135,3.549118,26.467886,4.421151,28.042548,0.798099,13.486673
9.080000,0.020000,3.000000,4.000000,1.800000,15.000000,3.000000,0.261799,0.774926,44.400000,1.062763,60.891806,1.324562,75.891806,-0.153197,-8.777553,-0.261799,-15.000000,-0.287836,0.261799,5.523693,30.014582,3.577852,26.519772,4.453481,28.092436,0.797175,13.544879
9.100000,0.020000,3.000000,4.000000,1.800000,15.000000,3.000000,0.261799,0.772308,44.250000,1.060474,60.760658,1.322273,75.760658,-0.153453,-8.792232,-0.261799,-15.000000,-0.288165,0.261799,5.560539,30.061936,3.606703,26.571589,4.485929,28.142245,0.796334,13.603095
9.120000,0.020000,3.000000,4.000000,1.800000,15.000000,3.000000,0.261799,0.769690,44.100000,1.058181,60.629291,1.319980,75.629291,-0.153710,-8.806913,-0.261799,-15.000000,-0.288491,0.261799,5.597504,30.109197,3.635671,26.623338,4.518496,28.191975,0.795576,13.661322
9.140000,0.020000,3.000000,4.000000,1.800000,15.000000,3.000000,0.261799,0.767072,43.950000,1.055884,60.497708,1.317684,75.497708,-0.153966,-8.821585,-0.261799,-15.000000,-0.288812,0.261799,5.634590,30.156363,3.664757,26.675019,4.551182,28.241623,0.794901,13.719559
9.160000,0.020000,3.000000,4.000000,1.800000,15.000000,3.000000,0.261799,0.764454,43.800000,1.053584,60.365906,1.315383,75.365906,-0.154221,-8.836241,-0.261799,-15.000000,-0.289130,0.261799,5.671797,30.203434,3.693960,26.726630,4.583987,28.291192,0.794309,13.777807
9.180000,0.020000,3.000000,4.000000,1.800000,15.000000,3.000000,0.261799,0.761836,43.650000,1.051280,60.233888,1.313079,75.233888,-0.154477,-8.850872,-0.261799,-15.000000,-0.289443,0.261799,5.709123,30.250410,3.723281,26.778173,4.616910,28.340679,0.793802,13.836065
9.200000,0.020000,3.000000,4.000000,1.800000,15.000000,3.000000,0.261799,0.759218,43.500000,1.048972,60.101652,1.310771,75.101652,-0.154732,-8.865472,-0.261799,-15.000000,-0.289753,0.261799,5.746570,30.297290,3.752719,26.829645,4.649952,28.390085,0.793378,13.894333
9.220000,0.020000,3.000000,4.000000,1.800000,15.000000,3.000000,0.261799,0.756600,43.350000,1.046660,59.969200,1.308459,74.969200,-0.154986,-8.880032,-0.261799,-15.000000,-0.290060,0.261799,5.784137,30.344074,3.782275,26.881048,4.683113,28.439409,0.793039,13.952611
9.240000,0.020000,3.000000,4.000000,1.800000,15.000000,3.000000,0.261799,0.753982,43.200000,1.044345,59.836533,1.306144,74.836533,-0.155239,-8.894547,-0.261799,-15.000000,-0.290362,0.261799,5.821823,30.390761,3.811948,26.932380,4.716392,28.488651,0.792785,14.010899
9.260000,0.020000,3.000000,4.000000,1.800000,15.000000,3.000000,0.261799,0.751364,43.050000,1.042025,59.703650,1.303825,74.703650,-0.155492,-8.909010,-0.261799,-15.000000,-0.290661,0.261799,5.859630,30.437352,3.841739,26.983641,4.749790,28.537811,0.792616,14.069197
9.280000,0.020000,3.000000,4.000000,1.800000,15.000000,3.000000,0.261799,0.748746,42.900000,1.039702,59.570553,1.301502,74.570553,-0.155743,-8.923416,-0.261799,-15.000000,-0.290956,0.261799,5.897556,30.483845,3.871648,27.034831,4.783306,28.586887,0.792533,14.127505
9.300000,0.020000,3.000000,4.000000,1.800000,15.000000,3.000000,0.261799,0.746128,42.750000,1.037376,59.437242,1.299175,74.437242,-0.155993,-8.937758,-0.261799,-15.000000,-0.291247,0.261799,5.935602,30.530240,3.901674,27.085949,4.816942,28.635880,0.792536,14.185823
9.320000,0.020000,3.000000,4.000000,1.800000,15.000000,3.000000,0.261799,0.743510,42.600000,1.035045,59.303719,1.296845,74.303719,-0.156242,-8.952031,-0.261799,-15.000000,-0.291535,0.261799,5.973767,30.576537,3.931818,27.136996,4.850695,28.684789,0.792626,14.244150
9.340000,0.020000,3.000000,4.000000,1.800000,15.000000,3.000000,0.261799,0.740892,42.450000,1.032711,59.169985,1.294510,74.169985,-0.156490,-8.966231,-0.261799,-15.000000,-0.291819,0.261799,6.012051,30.622736,3.962080,27.187970,4.884567,28.733614,0.792803,14.302486
9.360000,0.020000,3.000000,4.000000,1.800000,15.000000,3.000000,0.261799,0.738274,42.300000,1.030373,59.036040,1.292173,74.036040,-0.156737,-8.980353,-0.261799,-15.000000,-0.292099,0.261799,6.050455,30.668835,3.992459,27.238871,4.918557,28.782355,0.793067,14.360832
9.380000,0.020000,3.000000,4.000000,1.800000,15.000000,3.000000,0.261799,0.735656,42.150000,1.028032,58.901886,1.289831,73.901886,-0.156982,-8.994392,-0.261799,-15.000000,-0.292376,0.261799,6.088977,30.714835,4.022957,27.289699,4.952666,28.831010,0.793420,14.419186
9.400000,0.020000,3.000000,4.000000,1.800000,15.000000,3.000000,0.261799,0.733038,42.000000,1.025687,58.767523,1.287486,73.767523,-0.157225,-9.008344,-0.261799,-15.000000,-0.292648,0.261799,6.127619,30.760736,4.053572,27.340454,4.986893,28.879581,0.793862,14.477550
9.420000,0.020000,3.000000,4.000000,1.800000,15.000000,3.000000,0.261799,0.730420,41.850000,1.023338,58.632955,1.285137,73.632955,-0.157467,-9.022205,-0.261799,-15.000000,-0.292918,0.261799,6.166379,30.806536,4.084304,27.391135,5.021238,28.928065,0.794393,14.535922
9.440000,0.020000,3.000000,4.000000,1.800000,15.000000,3.000000,0.261799,0.727802,41.700000,1.020986,58.498180,1.282785,73.498180,-0.157707,-9.035972,-0.261799,-15.000000,-0.293184,0.261799,6.205257,30.852236,4.115155,27.441741,5.055701,28.976464,0.795014,14.594303
9.460000,0.020000,3.000000,4.000000,1.800000,15.000000,3.000000,0.261799,0.725184,41.550000,1.018630,58.363202,1.280429,73.363202,-0.157946,-9.049641,-0.261799,-15.000000,-0.293446,0.261799,6.244254,30.897834,4.146123,27.492273,5.090282,29.024776,0.795725,14.652692
9.480000,0.020000,3.000000,4.000000,1.800000,15.000000,3.000000,0.261799,0.722566,41.400000,1.016271,58.228021,1.278070,73.228021,-0.158183,-9.063210,-0.261799,-15.000000,-0.293704,0.261799,6.283369,30.943332,4.177209,27.542730,5.124981,29.073001,0.796528,14.711090
9.500000,0.020000,3.000000,4.000000,1.800000,15.000000,3.000000,0.261799,0.719948,41.250000,1.013908,58.092640,1.275707,73.092640,-0.158418,-9.076674,-0.261799,-15.000000,-0.293960,0.261799,6.322603,30.988727,4.208413,27.593112,5.159798,29.121139,0.797422,14.769495
9.520000,0.020000,3.000000,4.000000,1.800000,15.000000,3.000000,0.261799,0.717330,41.100000,1.011541,57.957059,1.273341,72.957059,-0.158651,-9.090033,-0.261799,-15.000000,-0.294211,0.261799,6.361953,31.034021,4.239735,27.643418,5.194733,29.169189,0.798408,14.827909
9.540000,0.020000,3.000000,4.000000,1.800000,15.000000,3.000000,0.261799,0.714712,40.950000,1.009172,57.821280,1.270971,72.821280,-0.158882,-9.103282,-0.261799,-15.000000,-0.294459,0.261799,6.401422,31.079212,4.271174,27.693648,5.229786,29.217152,0.799487,14.886330
9.560000,0.020000,3.000000,4.000000,1.800000,15.000000,3.000000,0.261799,0.712094,40.800000,1.006798,57.685305,1.268598,72.685305,-0.159112,-9.116420,-0.261799,-15.000000,-0.294704,0.261799,6.441008,31.124300,4.302731,27.743801,5.264956,29.265026,0.800660,14.944758
9.580000,0.020000,3.000000,4.000000,1.800000,15.000000,3.000000,0.261799,0.709476,40.650000,1.004422,57.549135,1.266221,72.549135,-0.159339,-9.129445,-0.261799,-15.000000,-0.294946,0.261799,6.480711,31.169285,4.334406,27.793878,5.300244,29.312811,0.801926,15.003194
9.600000,0.020000,3.000000,4.000000,1.800000,15.000000,3.000000,0.261799,0.706858,40.500000,1.002042,57.412772,1.263841,72.412772,-0.159564,-9.142354,-0.261799,-15.000000,-0.295184,0.261799,6.520531,31.214167,4.366199,27.843877,5.335649,29.360507,0.803288,15.061637
9.620000,0.020000,3.000000,4.000000,1.800000,15.000000,3.000000,0.261799,0.704240,40.350000,0.999659,57.276218,1.261458,72.276218,-0.159787,-9.155146,-0.261799,-15.000000,-0.295418,0.261799,6.560468,31.258944,4.398110,27.893799,5.371171,29.408114,0.804744,15.120086
9.640000,0.020000,3.000000,4.000000,1.800000,15.000000,3.000000,0.261799,0.701622,40.200000,0.997272,57.139475,1.259071,72.139475,-0.160009,-9.167819,-0.261799,-15.000000,-0.295650,0.261799,6.600522,31.303618,4.430138,27.943642,5.406811,29.455631,0.806297,15.178542
9.660000,0.020000,3.000000,4.000000,1.800000,15.000000,3.000000,0.261799,0.699004,40.050000,0.994882,57.002544,1.256681,72.002544,-0.160228,-9.180372,-0.261799,-15.000000,-0.295878,0.261799,6.640692,31.348187,4.462284,27.993408,5.442568,29.503058,0.807946,15.237005
9.680000,0.020000,3.000000,4.000000,1.800000,15.000000,3.000000,0.261799,0.696386,39.900000,0.992489,56.865427,1.254288,71.865427,-0.160445,-9.192804,-0.261799,-15.000000,-0.296103,0.261799,6.680978,31.392651,4.494548,28.043094,5.478441,29.550395,0.809693,15.295473
9.700000,0.020000,3.000000,4.000000,1.800000,15.000000,3.000000,0.261799,0.693768,39.750000,0.990093,56.728126,1.251892,71.728126,-0.160660,-9.205112,-0.261799,-15.000000,-0.296324,0.261799,6.721380,31.437009,4.526930,28.092702,5.514432,29.597640,0.811537,15.353948
9.720000,0.020000,3.000000,4.000000,1.800000,15.000000,3.000000,0.261799,0.691150,39.600000,0.987693,56.590643,1.249492,71.590643,-0.160872,-9.217297,-0.261799,-15.000000,-0.296543,0.261799,6.761897,31.481262,4.559429,28.142230,5.550540,29.644795,0.813480,15.412428
9.740000,0.020000,3.000000,4.000000,1.800000,15.000000,3.000000,0.261799,0.688532,39.450000,0.985290,56.452979,1.247090,71.452979,-0.161083,-9.229357,-0.261799,-15.000000,-0.296758,0.261799,6.802530,31.525409,4.592046,28.191679,5.586764,29.691857,0.815522,15.470913
9.760000,0.020000,3.000000,4.000000,1.800000,15.000000,3.000000,0.261799,0.685914,39.300000,0.982885,56.315137,1.244684,71.315137,-0.161291,-9.241291,-0.261799,-15.000000,-0.296970,0.261799,6.843279,31.569450,4.624780,28.241047,5.623104,29.738828,0.817664,15.529404
9.780000,0.020000,3.000000,4.000000,1.800000,15.000000,3.000000,0.261799,0.683296,39.150000,0.980476,56.177118,1.242275,71.177118,-0.161497,-9.253099,-0.261799,-15.000000,-0.297179,0.261799,6.884142,31.613383,4.657632,28.290335,5.659562,29.785707,0.819906,15.587899
9.800000,0.020000,3.000000,4.000000,1.800000,15.000000,3.000000,0.261799,0.680678,39.000000,0.978064,56.038925,1.239863,71.038925,-0.161701,-9.264780,-0.261799,-15.000000,-0.297385,0.261799,6.925120,31.657210,4.690602,28.339541,5.696135,29.832492,0.822249,15.646399
9.820000,0.020000,3.000000,4.000000,1.800000,15.000000,3.000000,0.261799,0.678060,38.850000,0.975649,55.900558,1.237448,70.900558,-0.161903,-9.276334,-0.261799,-15.000000,-0.297588,0.261799,6.966213,31.700930,4.723689,28.388667,5.732825,29.879185,0.824694,15.704904
9.840000,0.020000,3.000000,4.000000,1.800000,15.000000,3.000000,0.261799,0.675442,38.700000,0.973231,55.762020,1.235030,70.762020,-0.162102,-9.287760,-0.261799,-15.000000,-0.297788,0.261799,7.007419,31.744542,4.756893,28.437711,5.769630,29.925785,0.827241,15.763412
9.860000,0.020000,3.000000,4.000000,1.800000,15.000000,3.000000,0.261799,0.672824,38.550000,0.970810,55.623314,1.232609,70.623314,-0.162299,-9.299058,-0.261799,-15.000000,-0.297986,0.261799,7.048740,31.788046,4.790215,28.486673,5.806552,29.972290,0.829892,15.821924
9.880000,0.020000,3.000000,4.000000,1.800000,15.000000,3.000000,0.261799,0.670206,38.400000,0.968386,55.484440,1.230186,70.484440,-0.162494,-9.310227,-0.261799,-15.000000,-0.298180,0.261799,7.090175,31.831441,4.823655,28.535552,5.843589,30.018702,0.832646,15.880440
9.900000,0.020000,3.000000,4.000000,1.800000,15.000000,3.000000,0.261799,0.667588,38.250000,0.965959,55.345400,1.227759,70.345400,-0.162687,-9.321269,-0.261799,-15.000000,-0.298371,0.261799,7.131723,31.874728,4.857211,28.584349,5.880742,30.065020,0.835504,15.938959
9.920000,0.020000,3.000000,4.000000,1.800000,15.000000,3.000000,0.261799,0.664970,38.100000,0.963530,55.206197,1.225329,70.206197,-0.162877,-9.332182,-0.261799,-15.000000,-0.298559,0.261799,7.173384,31.917906,4.890885,28.633062,5.918010,30.111242,0.838468,15.997481
9.940000,0.020000,3.000000,4.000000,1.800000,15.000000,3.000000,0.261799,0.662352,37.950000,0.961098,55.066833,1.222897,70.066833,-0.163066,-9.342967,-0.261799,-15.000000,-0.298745,0.261799,7.215158,31.960975,4.924676,28.681693,5.955393,30.157370,0.841536,16.056006
9.960000,0.020000,3.000000,4.000000,1.800000,15.000000,3.000000,0.261799,0.659734,37.800000,0.958662,54.927309,1.220462,69.927309,-0.163252,-9.353623,-0.261799,-15.000000,-0.298928,0.261799,7.257046,32.003934,4.958585,28.730239,5.992892,30.203402,0.844711,16.114533
9.980000,0.020000,3.000000,4.000000,1.800000,15.000000,3.000000,0.261799,0.657116,37.650000,0.956224,54.787627,1.218024,69.787627,-0.163435,-9.364152,-0.261799,-15.000000,-0.299108,0.261799,7.299045,32.046783,4.992610,28.778701,6.030506,30.249338,0.847993,16.173062
10.000000,0.020000,3.000000,4.000000,1.800000,15.000000,3.000000,0.261799,0.654498,37.500000,0.953784,54.647790,1.215583,69.647790,-0.163617,-9.374553,-0.261799,-15.000000,-0.299285,0.261799,7.341157,32.089522,5.026752,28.827079,6.068234,30.295178,0.851382,16.231592
10.020000,0.020000,3.000000,4.000000,1.800000,15.000000,3.000000,0.261799,0.651880,37.350000,0.951341,54.507798,1.213140,69.507798,-0.163796,-9.384826,-0.261799,-15.000000,-0.299460,0.261799,7.383380,32.132150,5.061012,28.875372,6.106078,30.340922,0.854879,16.290124
10.040000,0.020000,3.000000,4.000000,1.800000,15.000000,3.000000,0.261799,0.649262,37.200000,0.948895,54.367655,1.210694,69.367655,-0.163973,-9.394973,-0.261799,-15.000000,-0.299632,0.261799,7.425716,32.174667,5.095388,28.923579,6.144035,30.386569,0.858485,16.348658
10.060000,0.020000,3.000000,4.000000,1.800000,15.000000,3.000000,0.261799,0.646644,37.050000,0.946446,54.227361,1.208245,69.227361,-0.164148,-9.404992,-0.261799,-15.000000,-0.299802,0.261799,7.468162,32.217074,5.129881,28.971701,6.182108,30.432119,0.862200,16.407192
10.080000,0.020000,3.000000,4.000000,1.800000,15.000000,3.000000,0.261799,0.644026,36.900000,0.943995,54.086919,1.205794,69.086919,-0.164321,-9.414886,-0.261799,-15.000000,-0.299968,0.261799,7.510720,32.259368,5.164491,29.019737,6.220294,30.477571,0.866025,16.465726
10.100000,0.020000,3.000000,4.000000,1.800000,15.000000,3.000000,0.261799,0.641409,36.750000,0.941541,53.946331,1.203340,68.946331,-0.164491,-9.424654,-0.261799,-15.000000,-0.300133,0.261799,7.553388,32.301551,5.199217,29.067687,6.258594,30.522926,0.869960,16.524261
10.120000,0.020000,3.000000,4.000000,1.800000,15.000000,3.000000,0.261799,0.638791,36.600000,0.939085,53.805598,1.200884,68.805598,-0.164660,-9.434298,-0.261799,-15.000000,-0.300294,0.261799,7.596168,32.343622,5.234060,29.115550,6.297009,30.568182,0.874006,16.582795
10.140000,0.020000,3.000000,4.000000,1.800000,15.000000,3.000000,0.261799,0.636173,36.450000,0.936626,53.664723,1.198425,68.664723,-0.164826,-9.443817,-0.261799,-15.000000,-0.300454,0.261799,7.639057,32.385580,5.269020,29.163326,6.335537,30.613340,0.878164,16.641329
10.160000,0.020000,3.000000,4.000000,1.800000,15.000000,3.000000,0.261799,0.633555,36.300000,0.934165,53.523706,1.195964,68.523706,-0.164990,-9.453212,-0.261799,-15.000000,-0.300610,0.261799,7.682056,32.427426,5.304096,29.211014,6.374178,30.658399,0.882434,16.699862
10.180000,0.020000,3.000000,4.000000,1.800000,15.000000,3.000000,0.261799,0.630937,36.150000,0.931701,53.382551,1.193501,68.382551,-0.165152,-9.462484,-0.261799,-15.000000,-0.300765,0.261799,7.725165,32.469158,5.339288,29.258615,6.412933,30.703359,0.886817,16.758394
10.200000,0.020000,3.000000,4.000000,1.800000,15.000000,3.000000,0.261799,0.628319,36.000000,0.929235,53.241258,1.191035,68.241258,-0.165311,-9.471635,-0.261799,-15.000000,-0.300917,0.261799,7.768384,32.510778,5.374597,29.306128,6.451801,30.748220,0.891314,16.816925
10.220000,0.020000,3.000000,4.000000,1.800000,15.000000,3.000000,0.261799,0.625701,35.850000,0.926767,53.099830,1.188566,68.099830,-0.165469,-9.480663,-0.261799,-15.000000,-0.301066,0.261799,7.811712,32.552283,5.410021,29.353552,6.490782,30.792981,0.895924,16.875454
10.240000,0.020000,3.000000,4.000000,1.800000,15.000000,3.000000,0.261799,0.623083,35.700000,0.924296,52.958268,1.186096,67.958268,-0.165624,-9.489572,-0.261799,-15.000000,-0.301214,0.261799,7.855148,32.593675,5.445562,29.400887,6.529876,30.837642,0.900648,16.933980
10.260000,0.020000,3.000000,4.000000,1.800000,15.000000,3.000000,0.261799,0.620465,35.550000,0.921823,52.816575,1.183623,67.816575,-0.165778,-9.498360,-0.261799,-15.000000,-0.301359,0.261799,7.898693,32.634952,5.481218,29.448133,6.569082,30.882202,0.905488,16.992504
10.280000,0.020000,3.000000,4.000000,1.800000,15.000000,3.000000,0.261799,0.617847,35.400000,0.919348,52.674752,1.181147,67.674752,-0.165929,-9.507030,-0.261799,-15.000000,-0.301501,0.261799,7.942346,32.676115,5.516991,29.495290,6.608401,30.926661,0.910443,17.051025
10.300000,0.020000,3.000000,4.000000,1.800000,15.000000,3.000000,0.261799,0.615229,35.250000,0.916870,52.532800,1.178670,67.532800,-0.166078,-9.515581,-0.261799,-15.000000,-0.301642,0.261799,7.986108,32.717164,5.552879,29.542357,6.647832,30.971020,0.915515,17.109543
10.320000,0.020000,3.000000,4.000000,1.800000,15.000000,3.000000,0.261799,0.612611,35.100000,0.914391,52.390722,1.176190,67.390722,-0.166225,-9.524016,-0.261799,-15.000000,-0.301780,0.261799,8.029976,32.758097,5.588883,29.589333,6.687375,31.015277,0.920703,17.168057
10.340000,0.020000,3.000000,4.000000,1.800000,15.000000,3.000000,0.261799,0.609993,34.950000,0.911909,52.248519,1.173708,67.248519,-0.166371,-9.532335,-0.261799,-15.000000,-0.301916,0.261799,8.073953,32.798914,5.625002,29.636219,6.727030,31.059432,0.926008,17.226567
10.360000,0.020000,3.000000,4.000000,1.800000,15.000000,3.000000,0.261799,0.607375,34.800000,0.909425,52.106193,1.171224,67.106193,-0.166514,-9.540538,-0.261799,-15.000000,-0.302050,0.261799,8.118036,32.839616,5.661237,29.683014,6.766796,31.103485,0.931431,17.285073
10.380000,0.020000,3.000000,4.000000,1.800000,15.000000,3.000000,0.261799,0.604757,34.650000,0.906938,51.963745,1.168738,66.963745,-0.166655,-9.548627,-0.261799,-15.000000,-0.302182,0.261799,8.162226,32.880202,5.697586,29.729718,6.806674,31.147436,0.936972,17.343575
10.400000,0.020000,3.000000,4.000000,1.800000,15.000000,3.000000,0.261799,0.602139,34.500000,0.904450,51.821178,1.166250,66.821178,-0.166794,-9.556603,-0.261799,-15.000000,-0.302312,0.261799,8.206523,32.920672,5.734051,29.776331,6.846664,31.191284,0.942632,17.402071
10.420000,0.020000,3.000000,4.000000,1.800000,15.000000,3.000000,0.261799,0.599521,34.350000,0.901960,51.678493,1.163759,66.678493,-0.166931,-9.564467,-0.261799,-15.000000,-0.302439,0.261799,8.250926,32.961026,5.770632,29.822851,6.886764,31.235029,0.948411,17.460562
10.440000,0.020000,3.000000,4.000000,1.800000,15.000000,3.000000,0.261799,0.596903,34.200000,0.899468,51.535692,1.161267,66.535692,-0.167067,-9.572220,-0.261799,-15.000000,-0.302565,0.261799,8.295434,33.001262,5.807326,29.869279,6.926975,31.278671,0.954309,17.519047
10.460000,0.020000,3.000000,4.000000,1.800000,15.000000,3.000000,0.261799,0.594285,34.050000,0.896973,51.392776,1.158773,66.392776,-0.167200,-9.579863,-0.261799,-15.000000,-0.302689,0.261799,8.340049,33.041381,5.844136,29.915614,6.967297,31.322210,0.960328,17.577526
10.480000,0.020000,3.000000,4.000000,1.800000,15.000000,3.000000,0.261799,0.591667,33.900000,0.894477,51.249747,1.156276,66.249747,-0.167332,-9.587397,-0.261799,-15.000000,-0.302810,0.261799,8.384768,33.081384,5.881061,29.961857,7.007729,31.365644,0.966468,17.635998
10.500000,0.020000,3.000000,4.000000,1.800000,15.000000,3.000000,0.261799,0.589049,33.750000,0.891979,51.106606,1.153778,66.106606,-0.167461,-9.594823,-0.261799,-15.000000,-0.302930,0.261799,8.429593,33.121268,5.918100,30.008006,7.048272,31.408974,0.972729,17.694464
10.520000,0.020000,3.000000,4.000000,1.800000,15.000000,3.000000,0.261799,0.586431,33.600000,0.889478,50.963356,1.151278,65.963356,-0.167589,-9.602143,-0.261799,-15.000000,-0.303048,0.261799,8.474522,33.161034,5.955253,30.054061,7.088924,31.452199,0.979112,17.752922
10.540000,0.020000,3.000000,4.000000,1.800000,15.000000,3.000000,0.261799,0.583813,33.450000,0.886976,50.819998,1.148776,65.819998,-0.167715,-9.609356,-0.261799,-15.000000,-0.303164,0.261799,8.519555,33.200683,5.992520,30.100022,7.129686,31.495319,0.985616,17.811372
10.560000,0.020000,3.000000,4.000000,1.800000,15.000000,3.000000,0.261799,0.581195,33.300000,0.884472,50.676532,1.146272,65.676532,-0.167839,-9.616465,-0.261799,-15.000000,-0.303278,0.261799,8.564693,33.240212,6.029902,30.145889,7.170558,31.538335,0.992244,17.869815
10.580000,0.020000,3.000000,4.000000,1.800000,15.000000,3.000000,0.261799,0.578577,33.150000,0.881967,50.532962,1.143766,65.532962,-0.167961,-9.623471,-0.261799,-15.000000,-0.303390,0.261799,8.609934,33.279623,6.067398,30.191662,7.211539,31.581244,0.998994,17.928249
10.600000,0.020000,3.000000,4.000000,1.800000,15.000000,3.000000,0.261799,0.575959,33.000000,0.879459,50.389288,1.141258,65.389288,-0.168082,-9.630374,-0.261799,-15.000000,-0.303500,0.261799,8.655279,33.318915,6.105007,30.237339,7.252629,31.624048,1.005868,17.986674
10.620000,0.020000,3.000000,4.000000,1.800000,15.000000,3.000000,0.261799,0.573341,32.850000,0.876950,50.245512,1.138749,65.245512,-0.168200,-9.637175,-0.261799,-15.000000,-0.303609,0.261799,8.700727,33.358088,6.142730,30.282921,7.293829,31.666746,1.012865,18.045090
10.640000,0.020000,3.000000,4.000000,1.800000,15.000000,3.000000,0.261799,0.570723,32.700000,0.874438,50.101635,1.136238,65.101635,-0.168317,-9.643877,-0.261799,-15.000000,-0.303716,0.261799,8.746277,33.397141,6.180566,30.328407,7.335136,31.709337,1.019987,18.103497
10.660000,0.020000,3.000000,4.000000,1.800000,15.000000,3.000000,0.261799,0.568105,32.550000,0.871926,49.957659,1.133725,64.957659,-0.168433,-9.650479,-0.261799,-15.000000,-0.303821,0.261799,8.791930,33.436074,6.218516,30.373797,7.376553,31.751822,1.027234,18.161893
10.680000,0.020000,3.000000,4.000000,1.800000,15.000000,3.000000,0.261799,0.565487,32.400000,0.869411,49.813586,1.131210,64.813586,-0.168546,-9.656984,-0.261799,-15.000000,-0.303924,0.261799,8.837686,33.474887,6.256579,30.419091,7.418077,31.794199,1.034606,18.220280
10.700000,0.020000,3.000000,4.000000,1.800000,15.000000,3.000000,0.261799,0.562869,32.250000,0.866895,49.669416,1.128694,64.669416,-0.168658,-9.663392,-0.261799,-15.000000,-0.304026,0.261799,8.883543,33.513580,6.294756,30.464288,7.459710,31.836470,1.042104,18.278655
10.720000,0.020000,3.000000,4.000000,1.800000,15.000000,3.000000,0.261799,0.560251,32.100000,0.864377,49.525152,1.126176,64.525152,-0.168768,-9.669704,-0.261799,-15.000000,-0.304126,0.261799,8.929501,33.552152,6.333045,30.509388,7.501450,31.878632,1.049728,18.337019
10.740000,0.020000,3.000000,4.000000,1.800000,15.000000,3.000000,0.261799,0.557633,31.950000,0.861857,49.380794,1.123657,64.380794,-0.168877,-9.675921,-0.261799,-15.000000,-0.304225,0.261799,8.975561,33.590603,6.371446,30.554391,7.543298,31.920686,1.057478,18.395372
10.760000,0.020000,3.000000,4.000000,1.800000,15.000000,3.000000,0.261799,0.555015,31.800000,0.859336,49.236345,1.121136,64.236345,-0.168984,-9.682045,-0.261799,-15.000000,-0.304322,0.261799,9.021722,33.628933,6.409961,30.599296,7.585253,31.962633,1.065355,18.453713
10.780000,0.020000,3.000000,4.000000,1.800000,15.000000,3.000000,0.261799,0.552397,31.650000,0.856814,49.091805,1.118613,64.091805,-0.169089,-9.688077,-0.261799,-15.000000,-0.304417,0.261799,9.067983,33.667142,6.448588,30.644103,7.627316,32.004470,1.073359,18.512041
10.800000,0.020000,3.000000,4.000000,1.800000,15.000000,3.000000,0.261799,0.549779,31.500000,0.854289,48.947175,1.116089,63.947175,-0.169193,-9.694017,-0.261799,-15.000000,-0.304511,0.261799,9.114345,33.705229,6.487327,30.688811,7.669485,32.046199,1.081490,18.570357
10.820000,0.020000,3.000000,4.000000,1.800000,15.000000,3.000000,0.261799,0.547161,31.350000,0.851764,48.802458,1.113563,63.802458,-0.169295,-9.699868,-0.261799,-15.000000,-0.304603,0.261799,9.160806,33.743194,6.526178,30.733421,7.711760,32.087819,1.089750,18.628659
10.840000,0.020000,3.000000,4.000000,1.800000,15.000000,3.000000,0.261799,0.544543,31.200000,0.849236,48.657654,1.111036,63.657654,-0.169395,-9.705629,-0.261799,-15.000000,-0.304694,0.261799,9.207367,33.781036,6.565140,30.777932,7.754143,32.129329,1.098138,18.686948
10.860000,0.020000,3.000000,4.000000,1.800000,15.000000,3.000000,0.261799,0.541925,31.050000,0.846707,48.512765,1.108507,63.512765,-0.169494,-9.711302,-0.261799,-15.000000,-0.304783,0.261799,9.254028,33.818756,6.604215,30.822343,7.796631,32.170729,1.106655,18.745223
10.880000,0.020000,3.000000,4.000000,1.800000,15.000000,3.000000,0.261799,0.539307,30.900000,0.844177,48.367793,1.105977,63.367793,-0.169592,-9.716889,-0.261799,-15.000000,-0.304870,0.261799,9.300787,33.856354,6.643401,30.866655,7.839225,32.212019,1.115300,18.803483
10.900000,0.020000,3.000000,4.000000,1.800000,15.000000,3.000000,0.261799,0.536689,30.750000,0.841646,48.222737,1.103445,63.222737,-0.169688,-9.722390,-0.261799,-15.000000,-0.304957,0.261799,9.347645,33.893828,6.682699,30.910867,7.881924,32.253199,1.124075,18.861729
10.920000,0.020000,3.000000,4.000000,1.800000,15.000000,3.000000,0.261799,0.534071,30.600000,0.839112,48.077601,1.100912,63.077601,-0.169782,-9.727806,-0.261799,-15.000000,-0.305042,0.261799,9.394601,33.931179,6.722107,30.954978,7.924730,32.294269,1.132980,18.919960
10.940000,0.020000,3.000000,4.000000,1.800000,15.000000,3.000000,0.261799,0.531453,30.450000,0.836578,47.932384,1.098377,62.932384,-0.169875,-9.733139,-0.261799,-15.000000,-0.305125,0.261799,9.441655,33.968407,6.761627,30.998989,7.967640,32.335227,1.142015,18.978175
10.960000,0.020000,3.000000,4.000000,1.800000,15.000000,3.000000,0.261799,0.528835,30.300000,0.834042,47.787088,1.095841,62.787088,-0.169967,-9.738390,-0.261799,-15.000000,-0.305207,0.261799,9.488807,34.005511,6.801257,31.042898,8.010655,32.376074,1.151180,19.036374
10.980000,0.020000,3.000000,4.000000,1.800000,15.000000,3.000000,0.261799,0.526217,30.150000,0.831505,47.641715,1.093304,62.641715,-0.170057,-9.743559,-0.261799,-15.000000,-0.305288,0.261799,9.536057,34.042491,6.840998,31.086707,8.053775,32.416809,1.160475,19.094556
11.000000,0.020000,3.000000,4.000000,1.800000,15.000000,3.000000,0.261799,0.523599,30.000000,0.828966,47.496265,1.090766,62.496265,-0.170146,-9.748648,-0.261799,-15.000000,-0.305367,0.261799,9.583403,34.079346,6.880850,31.130413,8.096999,32.457433,1.169902,19.152722
11.020000,0.020000,3.000000,4.000000,1.800000,15.000000,3.000000,0.261799,0.520981,29.850000,0.826426,47.350741,1.088226,62.350741,-0.170233,-9.753658,-0.261799,-15.000000,-0.305446,0.261799,9.630846,34.116078,6.920811,31.174018,8.140327,32.497945,1.179460,19.210871
11.040000,0.020000,3.000000,4.000000,1.800000,15.000000,3.000000,0.261799,0.518363,29.700000,0.823885,47.205142,1.085685,62.205142,-0.170320,-9.758589,-0.261799,-15.000000,-0.305522,0.261799,9.678385,34.152684,6.960883,31.217520,8.183759,32.538344,1.189150,19.269002
11.060000,0.020000,3.000000,4.000000,1.800000,15.000000,3.000000,0.261799,0.515745,29.550000,0.821343,47.059470,1.083142,62.059470,-0.170404,-9.763444,-0.261799,-15.000000,-0.305598,0.261799,9.726020,34.189165,7.001065,31.260920,8.227295,32.578630,1.198972,19.327114
11.080000,0.020000,3.000000,4.000000,1.800000,15.000000,3.000000,0.261799,0.513127,29.400000,0.818799,46.913726,1.080598,61.913726,-0.170488,-9.768222,-0.261799,-15.000000,-0.305672,0.261799,9.773751,34.225521,7.041356,31.304217,8.270934,32.618804,1.208926,19.385209
11.100000,0.020000,3.000000,4.000000,1.800000,15.000000,3.000000,0.261799,0.510509,29.250000,0.816254,46.767912,1.078053,61.767912,-0.170570,-9.772926,-0.261799,-15.000000,-0.305745,0.261799,9.821577,34.261752,7.081756,31.347411,8.314676,32.658864,1.219012,19.443284
11.120000,0.020000,3.000000,4.000000,1.800000,15.000000,3.000000,0.261799,0.507891,29.100000,0.813708,46.622028,1.075507,61.622028,-0.170651,-9.777555,-0.261799,-15.000000,-0.305817,0.261799,9.869499,34.297856,7.122266,31.390501,8.358521,32.698811,1.229231,19.501340
11.140000,0.020000,3.000000,4.000000,1.800000,15.000000,3.000000,0.261799,0.505273,28.950000,0.811161,46.476076,1.072960,61.476076,-0.170730,-9.782111,-0.261799,-15.000000,-0.305888,0.261799,9.917515,34.333835,7.162885,31.433487,8.402468,32.738644,1.239583,19.559377
11.160000,0.020000,3.000000,4.000000,1.800000,15.000000,3.000000,0.261799,0.502655,28.800000,0.808612,46.330056,1.070411,61.330056,-0.170808,-9.786596,-0.261799,-15.000000,-0.305957,0.261799,9.965625,34.369687,7.203613,31.476369,8.446518,32.778363,1.250069,19.617393
11.180000,0.020000,3.000000,4.000000,1.800000,15.000000,3.000000,0.261799,0.500037,28.650000,0.806062,46.183971,1.067862,61.183971,-0.170885,-9.791009,-0.261799,-15.000000,-0.306026,0.261799,10.013829,34.405413,7.244449,31.519147,8.490670,32.817967,1.260688,19.675389
11.200000,0.020000,3.000000,4.000000,1.800000,15.000000,3.000000,0.261799,0.497419,28.500000,0.803512,46.037820,1.065311,61.037820,-0.170961,-9.795353,-0.261799,-15.000000,-0.306093,0.261799,10.062127,34.441013,7.285394,31.561820,8.534924,32.857457,1.271441,19.733364
11.220000,0.020000,3.000000,4.000000,1.800000,15.000000,3.000000,0.261799,0.494801,28.350000,0.800960,45.891604,1.062759,60.891604,-0.171036,-9.799627,-0.261799,-15.000000,-0.306159,0.261799,10.110519,34.476485,7.326447,31.604387,8.579279,32.896831,1.282328,19.791317
11.240000,0.020000,3.000000,4.000000,1.800000,15.000000,3.000000,0.261799,0.492183,28.200000,0.798407,45.745326,1.060206,60.745326,-0.171109,-9.803834,-0.261799,-15.000000,-0.306224,0.261799,10.159003,34.511830,7.367607,31.646850,8.623735,32.936091,1.293349,19.849249
11.260000,0.020000,3.000000,4.000000,1.800000,15.000000,3.000000,0.261799,0.489565,28.050000,0.795852,45.598985,1.057652,60.598985,-0.171181,-9.807973,-0.261799,-15.000000,-0.306288,0.261799,10.207580,34.547047,7.408876,31.689206,8.668293,32.975235,1.304505,19.907158
11.280000,0.020000,3.000000,4.000000,1.800000,15.000000,3.000000,0.261799,0.486947,27.900000,0.793297,45.452583,1.055097,60.452583,-0.171253,-9.812047,-0.261799,-15.000000,-0.306350,0.261799,10.256249,34.582137,7.450252,31.731456,8.712951,33.014263,1.315796,19.965045
11.300000,0.020000,3.000000,4.000000,1.800000,15.000000,3.000000,0.261799,0.484329,27.750000,0.790741,45.306121,1.052540,60.306121,-0.171322,-9.816055,-0.261799,-15.000000,-0.306412,0.261799,10.305011,34.617099,7.491736,31.773600,8.757709,33.053175,1.327221,20.022908
11.320000,0.020000,3.000000,4.000000,1.800000,15.000000,3.000000,0.261799,0.481711,27.600000,0.788184,45.159600,1.049983,60.159600,-0.171391,-9.819999,-0.261799,-15.000000,-0.306473,0.261799,10.353864,34.651933,7.533326,31.815638,8.802568,33.091971,1.338782,20.080748
11.340000,0.020000,3.000000,4.000000,1.800000,15.000000,3.000000,0.261799,0.479093,27.450000,0.785625,45.013020,1.047425,60.013020,-0.171459,-9.823879,-0.261799,-15.000000,-0.306533,0.261799,10.402808,34.686638,7.575024,31.857568,8.847527,33.130650,1.350479,20.138564
11.360000,0.020000,3.000000,4.000000,1.800000,15.000000,3.000000,0.261799,0.476475,27.300000,0.783066,44.866384,1.044866,59.866384,-0.171526,-9.827698,-0.261799,-15.000000,-0.306591,0.261799,10.451843,34.721215,7.616828,31.899391,8.892585,33.169212,1.362311,20.196356
11.380000,0.020000,3.000000,4.000000,1.800000,15.000000,3.000000,0.261799,0.473857,27.150000,0.780506,44.719690,1.042305,59.719690,-0.171591,-9.831454,-0.261799,-15.000000,-0.306649,0.261799,10.500969,34.755662,7.658738,31.941107,8.937742,33.207657,1.374279,20.254123
11.400000,0.020000,3.000000,4.000000,1.800000,15.000000,3.000000,0.261799,0.471239,27.000000,0.777945,44.572941,1.039744,59.572941,-0.171656,-9.835151,-0.261799,-15.000000,-0.306706,0.261799,10.550185,34.789981,7.700755,31.982714,8.982999,33.245984,1.386383,20.311865
11.420000,0.020000,3.000000,4.000000,1.800000,15.000000,3.000000,0.261799,0.468621,26.850000,0.775382,44.426138,1.037182,59.426138,-0.171719,-9.838787,-0.261799,-15.000000,-0.306761,0.261799,10.599491,34.824170,7.742878,32.024214,9.028354,33.284194,1.398623,20.369582
11.440000,0.020000,3.000000,4.000000,1.800000,15.000000,3.000000,0.261799,0.466003,26.700000,0.772819,44.279281,1.034619,59.279281,-0.171782,-9.842365,-0.261799,-15.000000,-0.306816,0.261799,10.648887,34.858230,7.785106,32.065604,9.073807,33.322286,1.411000,20.427272
11.460000,0.020000,3.000000,4.000000,1.800000,15.000000,3.000000,0.261799,0.463385,26.550000,0.770255,44.132370,1.032055,59.132370,-0.171843,-9.845885,-0.261799,-15.000000,-0.306870,0.261799,10.698372,34.892160,7.827440,32.106886,9.119359,33.360259,1.423514,20.484936
11.480000,0.020000,3.000000,4.000000,1.800000,15.000000,3.000000,0.261799,0.460767,26.400000,0.767690,43.985408,1.029490,58.985408,-0.171904,-9.849347,-0.261799,-15.000000,-0.306923,0.261799,10.747946,34.925960,7.869879,32.148059,9.165009,33.398114,1.436164,20.542573
11.500000,0.020000,3.000000,4.000000,1.800000,15.000000,3.000000,0.261799,0.458149,26.250000,0.765124,43.838395,1.026924,58.838395,-0.171963,-9.852754,-0.261799,-15.000000,-0.306975,0.261799,10.797608,34.959629,7.912423,32.189123,9.210757,33.435851,1.448951,20.600183
11.520000,0.020000,3.000000,4.000000,1.800000,15.000000,3.000000,0.261799,0.455531,26.100000,0.762558,43.691331,1.024357,58.691331,-0.172021,-9.856105,-0.261799,-15.000000,-0.307027,0.261799,10.847359,34.993169,7.955072,32.230076,9.256601,33.473468,1.461876,20.657765
11.540000,0.020000,3.000000,4.000000,1.800000,15.000000,3.000000,0.261799,0.452913,25.950000,0.759990,43.544218,1.021789,58.544218,-0.172079,-9.859402,-0.261799,-15.000000,-0.307077,0.261799,10.897197,35.026577,7.997826,32.270920,9.302543,33.510966,1.474937,20.715318
11.560000,0.020000,3.000000,4.000000,1.800000,15.000000,3.000000,0.261799,0.450295,25.800000,0.757422,43.397056,1.019221,58.397056,-0.172136,-9.862644,-0.261799,-15.000000,-0.307127,0.261799,10.947124,35.059854,8.040684,32.311654,9.348582,33.548344,1.488137,20.772844
11.580000,0.020000,3.000000,4.000000,1.800000,15.000000,3.000000,0.261799,0.447677,25.650000,0.754852,43.249846,1.016652,58.249846,-0.172191,-9.865834,-0.261799,-15.000000,-0.307175,0.261799,10.997137,35.093001,8.083646,32.352276,9.394717,33.585602,1.501474,20.830340
11.600000,0.020000,3.000000,4.000000,1.800000,15.000000,3.000000,0.261799,0.445059,25.500000,0.752282,43.102589,1.014081,58.102589,-0.172246,-9.868972,-0.261799,-15.000000,-0.307223,0.261799,11.047237,35.126015,8.126711,32.392788,9.440948,33.622741,1.514948,20.887807
11.620000,0.020000,3.000000,4.000000,1.800000,15.000000,3.000000,0.261799,0.442441,25.350000,0.749711,42.955286,1.011511,57.955286,-0.172300,-9.872058,-0.261799,-15.000000,-0.307270,0.261799,11.097423,35.158899,8.169881,32.433189,9.487275,33.659758,1.528561,20.945244
11.640000,0.020000,3.000000,4.000000,1.800000,15.000000,3.000000,0.261799,0.439823,25.200000,0.747139,42.807937,1.008939,57.807937,-0.172353,-9.875094,-0.261799,-15.000000,-0.307316,0.261799,11.147696,35.191650,8.213153,32.473478,9.533698,33.696656,1.542312,21.002651
11.660000,0.020000,3.000000,4.000000,1.800000,15.000000,3.000000,0.261799,0.437205,25.050000,0.744567,42.660543,1.006366,57.660543,-0.172405,-9.878080,-0.261799,-15.000000,-0.307362,0.261799,11.198055,35.224269,8.256529,32.513656,9.580216,33.733432,1.556201,21.060027
11.680000,0.020000,3.000000,4.000000,1.800000,15.000000,3.000000,0.261799,0.434587,24.900000,0.741994,42.513105,1.003793,57.513105,-0.172456,-9.881017,-0.261799,-15.000000,-0.307407,0.261799,11.248499,35.256757,8.300007,32.553721,9.626828,33.770087,1.570228,21.117372
11.700000,0.020000,3.000000,4.000000,1.800000,15.000000,3.000000,0.261799,0.431969,24.750000,0.739420,42.365624,1.001219,57.365624,-0.172507,-9.883906,-0.261799,-15.000000,-0.307451,0.261799,11.299028,35.289111,8.343589,32.593674,9.673536,33.806621,1.584394,21.174686
11.720000,0.020000,3.000000,4.000000,1.800000,15.000000,3.000000,0.261799,0.429351,24.600000,0.736845,42.218100,0.998644,57.218100,-0.172556,-9.886747,-0.261799,-15.000000,-0.307494,0.261799,11.349641,35.321333,8.387272,32.633515,9.720338,33.843033,1.598699,21.231967
11.740000,0.020000,3.000000,4.000000,1.800000,15.000000,3.000000,0.261799,0.426733,24.450000,0.734269,42.070534,0.996069,57.070534,-0.172605,-9.889542,-0.261799,-15.000000,-0.307536,0.261799,11.400340,35.353422,8.431057,32.673242,9.767234,33.879323,1.613142,21.289217
11.760000,0.020000,3.000000,4.000000,1.800000,15.000000,3.000000,0.261799,0.424115,24.300000,0.731693,41.922927,0.993492,56.922927,-0.172653,-9.892290,-0.261799,-15.000000,-0.307578,0.261799,11.451122,35.385378,8.474945,32.712856,9.814224,33.915491,1.627724,21.346433
11.780000,0.020000,3.000000,4.000000,1.800000,15.000000,3.000000,0.261799,0.421497,24.150000,0.729116,41.775279,0.990916,56.775279,-0.172700,-9.894993,-0.261799,-15.000000,-0.307619,0.261799,11.501988,35.417200,8.518934,32.752357,9.861308,33.951536,1.642445,21.403617
11.800000,0.020000,3.000000,4.000000,1.800000,15.000000,3.000000,0.261799,0.418879,24.000000,0.726539,41.627591,0.988338,56.627591,-0.172747,-9.897651,-0.261799,-15.000000,-0.307659,0.261799,11.552937,35.448889,8.563024,32.791744,9.908485,33.987459,1.657305,21.460766
11.820000,0.020000,3.000000,4.000000,1.800000,15.000000,3.000000,0.261799,0.416261,23.850000,0.723960,41.479864,0.985760,56.479864,-0.172792,-9.900266,-0.261799,-15.000000,-0.307699,0.261799,11.603969,35.480444,8.607215,32.831016,9.955754,34.023259,1.672304,21.517882
11.840000,0.020000,3.000000,4.000000,1.800000,15.000000,3.000000,0.261799,0.413643,23.700000,0.721381,41.332098,0.983181,56.332098,-0.172837,-9.902837,-0.261799,-15.000000,-0.307738,0.261799,11.655084,35.511865,8.651507,32.870175,10.003116,34.058935,1.687442,21.574963
11.860000,0.020000,3.000000,4.000000,1.800000,15.000000,3.000000,0.261799,0.411025,23.550000,0.718802,41.184294,0.980601,56.184294,-0.172881,-9.905365,-0.261799,-15.000000,-0.307776,0.261799,11.706281,35.543151,8.695899,32.909219,10.050571,34.094488,1.702720,21.632009
11.880000,0.020000,3.000000,4.000000,1.800000,15.000000,3.000000,0.261799,0.408407,23.400000,0.716221,41.036453,0.978021,56.036453,-0.172925,-9.907852,-0.261799,-15.000000,-0.307814,0.261799,11.757560,35.574304,8.740392,32.948147,10.098117,34.129918,1.718137,21.689020
11.900000,0.020000,3.000000,4.000000,1.800000,15.000000,3.000000,0.261799,0.405789,23.250000,0.713640,40.888575,0.975440,55.888575,-0.172967,-9.910297,-0.261799,-15.000000,-0.307851,0.261799,11.808920,35.605321,8.784984,32.986961,10.145756,34.165223,1.733694,21.745995
11.920000,0.020000,3.000000,4.000000,1.800000,15.000000,3.000000,0.261799,0.403171,23.100000,0.711059,40.740661,0.972858,55.740661,-0.173009,-9.912702,-0.261799,-15.000000,-0.307888,0.261799,11.860362,35.636204,8.829677,33.025659,10.193485,34.200404,1.749390,21.802934
11.940000,0.020000,3.000000,4.000000,1.800000,15.000000,3.000000,0.261799,0.400553,22.950000,0.708476,40.592712,0.970276,55.592712,-0.173051,-9.915066,-0.261799,-15.000000,-0.307923,0.261799,11.911885,35.666952,8.874468,33.064241,10.241306,34.235461,1.765226,21.859837
11.960000,0.020000,3.000000,4.000000,1.800000,15.000000,3.000000,0.261799,0.397935,22.800000,0.705894,40.444727,0.967693,55.444727,-0.173091,-9.917392,-0.261799,-15.000000,-0.307959,0.261799,11.963488,35.697564,8.919359,33.102707,10.289217,34.270393,1.781202,21.916702
11.980000,0.020000,3.000000,4.000000,1.800000,15.000000,3.000000,0.261799,0.395317,22.650000,0.703310,40.296708,0.965110,55.296708,-0.173131,-9.919678,-0.261799,-15.000000,-0.307993,0.261799,12.015171,35.728041,8.964349,33.141057,10.337219,34.305200,1.797318,21.973530
12.000000,0.020000,3.000000,4.000000,1.800000,15.000000,3.000000,0.261799,0.392699,22.500000,0.700726,40.148656,0.962526,55.148656,-0.173170,-9.921927,-0.261799,-15.000000,-0.308027,0.261799,12.066934,35.758382,9.009438,33.179291,10.385311,34.339882,1.813573,22.030320
12.020000,0.020000,3.000000,4.000000,1.800000,15.000000,3.000000,0.261799,0.390081,22.350000,0.698142,40.000570,0.959941,55.000570,-0.173209,-9.924137,-0.261799,-15.000000,-0.308061,0.261799,12.118777,35.788588,9.054624,33.217407,10.433493,34.374438,1.829968,22.087072
12.040000,0.020000,3.000000,4.000000,1.800000,15.000000,3.000000,0.261799,0.387463,22.200000,0.695556,39.852451,0.957356,54.852451,-0.173247,-9.926311,-0.261799,-15.000000,-0.308093,0.261799,12.170698,35.818657,9.099909,33.255406,10.481764,34.408869,1.846504,22.143785
12.060000,0.020000,3.000000,4.000000,1.800000,15.000000,3.000000,0.261799,0.384845,22.050000,0.692971,39.704301,0.954770,54.704301,-0.173284,-9.928449,-0.261799,-15.000000,-0.308126,0.261799,12.222698,35.848590,9.145292,33.293288,10.530125,34.443174,1.863179,22.200459
12.080000,0.020000,3.000000,4.000000,1.800000,15.000000,3.000000,0.261799,0.382227,21.900000,0.690385,39.556119,0.952184,54.556119,-0.173321,-9.930551,-0.261799,-15.000000,-0.308157,0.261799,12.274777,35.878387,9.190772,33.331052,10.578574,34.477352,1.879995,22.257094
12.100000,0.020000,3.000000,4.000000,1.800000,15.000000,3.000000,0.261799,0.379609,21.750000,0.687798,39.407905,0.949597,54.407905,-0.173357,-9.932618,-0.261799,-15.000000,-0.308189,0.261799,12.326933,35.908046,9.236349,33.368698,10.627112,34.511405,1.896950,22.313689
12.120000,0.020000,3.000000,4.000000,1.800000,15.000000,3.000000,0.261799,0.376991,21.600000,0.685210,39.259661,0.947010,54.259661,-0.173392,-9.934650,-0.261799,-15.000000,-0.308219,0.261799,12.379167,35.937569,9.282023,33.406226,10.675738,34.545330,1.914046,22.370243
12.140000,0.020000,3.000000,4.000000,1.800000,15.000000,3.000000,0.261799,0.374373,21.450000,0.682622,39.111388,0.944422,54.111388,-0.173427,-9.936648,-0.261799,-15.000000,-0.308249,0.261799,12.431478,35.966955,9.327794,33.443635,10.724452,34.579129,1.931282,22.426756
12.160000,0.020000,3.000000,4.000000,1.800000,15.000000,3.000000,0.261799,0.371755,21.300000,0.680034,38.963084,0.941833,53.963084,-0.173462,-9.938612,-0.261799,-15.000000,-0.308279,0.261799,12.483867,35.996204,9.373662,33.480925,10.773254,34.612801,1.948658,22.483229
12.180000,0.020000,3.000000,4.000000,1.800000,15.000000,3.000000,0.261799,0.369137,21.150000,0.677445,38.814752,0.939245,53.814752,-0.173495,-9.940544,-0.261799,-15.000000,-0.308308,0.261799,12.536331,36.025315,9.419625,33.518097,10.822143,34.646345,1.966175,22.539660
12.200000,0.020000,3.000000,4.000000,1.800000,15.000000,3.000000,0.261799,0.366519,21.000000,0.674856,38.666391,0.936655,53.666391,-0.173528,-9.942443,-0.261799,-15.000000,-0.308337,0.261799,12.588872,36.054288,9.465684,33.555149,10.871119,34.679761,1.983832,22.596048
12.220000,0.020000,3.000000,4.000000,1.800000,15.000000,3.000000,0.261799,0.363901,20.850000,0.672266,38.518002,0.934065,53.518002,-0.173561,-9.944310,-0.261799,-15.000000,-0.308365,0.261799,12.641489,36.083123,9.511839,33.592081,10.920182,34.713050,2.001629,22.652394
12.240000,0.020000,3.000000,4.000000,1.800000,15.000000,3.000000,0.261799,0.361283,20.700000,0.669676,38.369585,0.931475,53.369585,-0.173593,-9.946146,-0.261799,-15.000000,-0.308392,0.261799,12.694181,36.111821,9.558089,33.628894,10.969331,34.746211,2.019566,22.708698
12.260000,0.020000,3.000000,4.000000,1.800000,15.000000,3.000000,0.261799,0.358665,20.550000,0.667085,38.221142,0.928884,53.221142,-0.173625,-9.947951,-0.261799,-15.000000,-0.308420,0.261799,12.746948,36.140380,9.604434,33.665586,11.018565,34.779243,2.037644,22.764958
12.280000,0.020000,3.000000,4.000000,1.800000,15.000000,3.000000,0.261799,0.356047,20.400000,0.664493,38.072671,0.926293,53.072671,-0.173655,-9.949726,-0.261799,-15.000000,-0.308446,0.261799,12.799790,36.168800,9.650873,33.702158,11.067886,34.812147,2.055862,22.821174
12.300000,0.020000,3.000000,4.000000,1.800000,15.000000,3.000000,0.261799,0.353429,20.250000,0.661902,37.924175,0.923701,52.924175,-0.173686,-9.951470,-0.261799,-15.000000,-0.308473,0.261799,12.852707,36.197082,9.697407,33.738610,11.117292,34.844922,2.074221,22.877347
12.320000,0.020000,3.000000,4.000000,1.800000,15.000000,3.000000,0.261799,0.350811,20.100000,0.659310,37.775653,0.921109,52.775653,-0.173716,-9.953185,-0.261799,-15.000000,-0.308498,0.261799,12.905697,36.225225,9.744035,33.774940,11.166783,34.877568,2.092720,22.933475
12.340000,0.020000,3.000000,4.000000,1.800000,15.000000,3.000000,0.261799,0.348193,19.950000,0.656717,37.627105,0.918516,52.627105,-0.173745,-9.954872,-0.261799,-15.000000,-0.308524,0.261799,12.958761,36.253229,9.790757,33.811150,11.216359,34.910085,2.111359,22.989557
12.360000,0.020000,3.000000,4.000000,1.800000,15.000000,3.000000,0.261799,0.345575,19.800000,0.654124,37.478532,0.915923,52.478532,-0.173774,-9.956530,-0.261799,-15.000000,-0.308549,0.261799,13.011898,36.281094,9.837573,33.847237,11.266019,34.942473,2.130139,23.045595
12.380000,0.020000,3.000000,4.000000,1.800000,15.000000,3.000000,0.261799,0.342957,19.650000,0.651530,37.329935,0.913330,52.329935,-0.173803,-9.958159,-0.261799,-15.000000,-0.308573,0.261799,13.065108,36.308819,9.884481,33.883204,11.315763,34.974731,2.149060,23.101587
12.400000,0.020000,3.000000,4.000000,1.800000,15.000000,3.000000,0.261799,0.340339,19.500000,0.648936,37.181314,0.910736,52.181314,-0.173831,-9.959762,-0.261799,-15.000000,-0.308597,0.261799,13.118391,36.336405,9.931482,33.919048,11.365591,35.006859,2.168120,23.157532
12.420000,0.020000,3.000000,4.000000,1.800000,15.000000,3.000000,0.261799,0.337721,19.350000,0.646342,37.032669,0.908141,52.032669,-0.173858,-9.961337,-0.261799,-15.000000,-0.308621,0.261799,13.171745,36.363851,9.978576,33.954770,11.415502,35.038856,2.187321,23.213431
12.440000,0.020000,3.000000,4.000000,1.800000,15.000000,3.000000,0.261799,0.335103,19.200000,0.643747,36.884001,0.905547,51.884001,-0.173885,-9.962885,-0.261799,-15.000000,-0.308644,0.261799,13.225172,36.391157,10.025762,33.990369,11.465497,35.070724,2.206663,23.269283
12.460000,0.020000,3.000000,4.000000,1.800000,15.000000,3.000000,0.261799,0.332485,19.050000,0.641152,36.735310,0.902951,51.735310,-0.173912,-9.964408,-0.261799,-15.000000,-0.308667,0.261799,13.278669,36.418323,10.073041,34.025846,11.515574,35.102461,2.226145,23.325088
12.480000,0.020000,3.000000,4.000000,1.800000,15.000000,3.000000,0.261799,0.329867,18.900000,0.638557,36.586597,0.900356,51.586597,-0.173938,-9.965904,-0.261799,-15.000000,-0.308689,0.261799,13.332238,36.445348,10.120411,34.061200,11.565733,35.134067,2.245767,23.380845
12.500000,0.020000,3.000000,4.000000,1.800000,15.000000,3.000000,0.261799,0.327249,18.750000,0.635961,36.437861,0.897760,51.437861,-0.173964,-9.967375,-0.261799,-15.000000,-0.308711,0.261799,13.385878,36.472233,10.167872,34.096431,11.615975,35.165542,2.265529,23.436553
12.520000,0.020000,3.000000,4.000000,1.800000,15.000000,3.000000,0.261799,0.324631,18.600000,0.633364,36.289104,0.895164,51.289104,-0.173989,-9.968822,-0.261799,-15.000000,-0.308733,0.261799,13.439588,36.498977,10.215424,34.131538,11.666298,35.196886,2.285432,23.492213
12.540000,0.020000,3.000000,4.000000,1.800000,15.000000,3.000000,0.261799,0.322013,18.450000,0.630768,36.140325,0.892567,51.140325,-0.174014,-9.970243,-0.261799,-15.000000,-0.308754,0.261799,13.493368,36.525581,10.263068,34.166521,11.716703,35.228098,2.305475,23.547824
12.560000,0.020000,3.000000,4.000000,1.800000,15.000000,3.000000,0.261799,0.319395,18.300000,0.628171,35.991525,0.889970,50.991525,-0.174038,-9.971641,-0.261799,-15.000000,-0.308775,0.261799,13.547217,36.552043,10.310801,34.201380,11.767188,35.259179,2.325658,23.603386
12.580000,0.020000,3.000000,4.000000,1.800000,15.000000,3.000000,0.261799,0.316777,18.150000,0.625573,35.842705,0.887373,50.842705,-0.174062,-9.973015,-0.261799,-15.000000,-0.308796,0.261799,13.601135,36.578364,10.358625,34.236116,11.817755,35.290127,2.345982,23.658897
12.600000,0.020000,3.000000,4.000000,1.800000,15.000000,3.000000,0.261799,0.314159,18.000000,0.622975,35.693864,0.884775,50.693864,-0.174086,-9.974365,-0.261799,-15.000000,-0.308816,0.261799,13.655123,36.604543,10.406539,34.270726,11.868401,35.320944,2.366445,23.714358
12.620000,0.020000,3.000000,4.000000,1.800000,15.000000,3.000000,0.261799,0.311541,17.850000,0.620377,35.545004,0.882177,50.545004,-0.174109,-9.975693,-0.261799,-15.000000,-0.308836,0.261799,13.709178,36.630581,10.454542,34.305212,11.919128,35.351628,2.387049,23.769769
12.640000,0.020000,3.000000,4.000000,1.800000,15.000000,3.000000,0.261799,0.308923,17.700000,0.617779,35.396124,0.879578,50.396124,-0.174131,-9.976998,-0.261799,-15.000000,-0.308856,0.261799,13.763302,36.656477,10.502634,34.339573,11.969935,35.382180,2.407793,23.825128
12.660000,0.020000,3.000000,4.000000,1.800000,15.000000,3.000000,0.261799,0.306305,17.550000,0.615180,35.247224,0.876979,50.247224,-0.174154,-9.978281,-0.261799,-15.000000,-0.308875,0.261799,13.817494,36.682232,10.550816,34.373809,12.020821,35.412599,2.428677,23.880437
12.680000,0.020000,3.000000,4.000000,1.800000,15.000000,3.000000,0.261799,0.303687,17.400000,0.612581,35.098306,0.874380,50.098306,-0.174176,-9.979542,-0.261799,-15.000000,-0.308894,0.261799,13.871753,36.707844,10.599086,34.407920,12.071786,35.442885,2.449701,23.935693
12.700000,0.020000,3.000000,4.000000,1.800000,15.000000,3.000000,0.261799,0.301069,17.250000,0.609982,34.949369,0.871781,49.949369,-0.174197,-9.980781,-0.261799,-15.000000,-0.308912,0.261799,13.926078,36.733313,10.647444,34.441904,12.122830,35.473038,2.470865,23.990897
12.720000,0.020000,3.000000,4.000000,1.800000,15.000000,3.000000,0.261799,0.298451,17.100000,0.607382,34.800413,0.869181,49.800413,-0.174219,-9.982000,-0.261799,-15.000000,-0.308930,0.261799,13.980471,36.758641,10.695890,34.475763,12.173952,35.503058,2.492169,24.046048
12.740000,0.020000,3.000000,4.000000,1.800000,15.000000,3.000000,0.261799,0.295833,16.950000,0.604782,34.651440,0.866581,49.651440,-0.174240,-9.983197,-0.261799,-15.000000,-0.308948,0.261799,14.034929,36.783825,10.744424,34.509495,12.225152,35.532944,2.513613,24.101146
12.760000,0.020000,3.000000,4.000000,1.800000,15.000000,3.000000,0.261799,0.293215,16.800000,0.602181,34.502449,0.863981,49.502449,-0.174260,-9.984375,-0.261799,-15.000000,-0.308966,0.261799,14.089454,36.808867,10.793046,34.543101,12.276429,35.562696,2.535196,24.156190
12.780000,0.020000,3.000000,4.000000,1.800000,15.000000,3.000000,0.261799,0.290597,16.650000,0.599581,34.353440,0.861380,49.353440,-0.174280,-9.985532,-0.261799,-15.000000,-0.308983,0.261799,14.144044,36.833766,10.841754,34.576581,12.327784,35.592314,2.556919,24.211181
12.800000,0.020000,3.000000,4.000000,1.800000,15.000000,3.000000,0.261799,0.287979,16.500000,0.596980,34.204415,0.858779,49.204415,-0.174300,-9.986669,-0.261799,-15.000000,-0.309000,0.261799,14.198698,36.858522,10.890549,34.609933,12.379216,35.621798,2.578782,24.266117
12.820000,0.020000,3.000000,4.000000,1.800000,15.000000,3.000000,0.261799,0.285361,16.350000,0.594378,34.055372,0.856178,49.055372,-0.174320,-9.987787,-0.261799,-15.000000,-0.309017,0.261799,14.253418,36.883134,10.939431,34.643159,12.430725,35.651148,2.600785,24.320999
12.840000,0.020000,3.000000,4.000000,1.800000,15.000000,3.000000,0.261799,0.282743,16.200000,0.591777,33.906314,0.853576,48.906314,-0.174339,-9.988886,-0.261799,-15.000000,-0.309033,0.261799,14.308202,36.907603,10.988399,34.676257,12.482310,35.680362,2.622927,24.375825
12.860000,0.020000,3.000000,4.000000,1.800000,15.000000,3.000000,0.261799,0.280125,16.050000,0.589175,33.757238,0.850974,48.757238,-0.174358,-9.989967,-0.261799,-15.000000,-0.309050,0.261799,14.363050,36.931928,11.037452,34.709227,12.533971,35.709442,2.645209,24.430596
12.880000,0.020000,3.000000,4.000000,1.800000,15.000000,3.000000,0.261799,0.277507,15.900000,0.586573,33.608147,0.848372,48.608147,-0.174376,-9.991028,-0.261799,-15.000000,-0.309065,0.261799,14.417961,36.956109,11.086591,34.742069,12.585708,35.738387,2.667630,24.485311
12.900000,0.020000,3.000000,4.000000,1.800000,15.000000,3.000000,0.261799,0.274889,15.750000,0.583970,33.459041,0.845770,48.459041,-0.174395,-9.992072,-0.261799,-15.000000,-0.309081,0.261799,14.472936,36.980147,11.135815,34.774784,12.637519,35.767197,2.690190,24.539970
12.920000,0.020000,3.000000,4.000000,1.800000,15.000000,3.000000,0.261799,0.272271,15.600000,0.581368,33.309918,0.843167,48.309918,-0.174412,-9.993098,-0.261799,-15.000000,-0.309096,0.261799,14.527973,37.004040,11.185124,34.807370,12.689406,35.795871,2.712890,24.594572
12.940000,0.020000,3.000000,4.000000,1.800000,15.000000,3.000000,0.261799,0.269653,15.450000,0.578765,33.160781,0.840564,48.160781,-0.174430,-9.994106,-0.261799,-15.000000,-0.309111,0.261799,14.583073,37.027789,11.234517,34.839828,12.741367,35.824410,2.735728,24.649116
12.960000,0.020000,3.000000,4.000000,1.800000,15.000000,3.000000,0.261799,0.267035,15.300000,0.576162,33.011629,0.837961,48.011629,-0.174447,-9.995097,-0.261799,-15.000000,-0.309126,0.261799,14.638235,37.051393,11.283995,34.872156,12.793403,35.852813,2.758706,24.703604
12.980000,0.020000,3.000000,4.000000,1.800000,15.000000,3.000000,0.261799,0.264417,15.150000,0.573558,32.862462,0.835358,47.862462,-0.174464,-9.996071,-0.261799,-15.000000,-0.309141,0.261799,14.693458,37.074853,11.333556,34.904356,12.845512,35.881080,2.781823,24.758033
13.000000,0.020000,3.000000,4.000000,1.800000,15.000000,3.000000,0.261799,0.261799,15.000000,0.570954,32.713281,0.832754,47.713281,-0.174481,-9.997028,-0.261799,-15.000000,-0.309155,0.261799,14.748743,37.098168,11.383201,34.936427,12.897695,35.909210,2.805079,24.812404
13.020000,0.020000,3.000000,4.000000,1.800000,15.000000,3.000000,0.261799,0.259181,14.850000,0.568351,32.564085,0.830150,47.564085,-0.174497,-9.997969,-0.261799,-15.000000,-0.309169,0.261799,14.804089,37.121338,11.432929,34.968368,12.949951,35.937204,2.828474,24.866717
13.040000,0.020000,3.000000,4.000000,1.800000,15.000000,3.000000,0.261799,0.256563,14.700000,0.565746,32.414876,0.827546,47.414876,-0.174514,-9.998894,-0.261799,-15.000000,-0.309183,0.261799,14.859495,37.144363,11.482740,35.000179,13.002280,35.965062,2.852007,24.920970
13.060000,0.020000,3.000000,4.000000,1.800000,15.000000,3.000000,0.261799,0.253945,14.550000,0.563142,32.265653,0.824941,47.265653,-0.174529,-9.999803,-0.261799,-15.000000,-0.309196,0.261799,14.914962,37.167243,11.532633,35.031861,13.054681,35.992783,2.875680,24.975164
13.080000,0.020000,3.000000,4.000000,1.800000,15.000000,3.000000,0.261799,0.251327,14.400000,0.560537,32.116417,0.822337,47.116417,-0.174545,-10.000697,-0.261799,-15.000000,-0.309210,0.261799,14.970488,37.189977,11.582609,35.063412,13.107154,36.020366,2.899490,25.029298
13.100000,0.020000,3.000000,4.000000,1.800000,15.000000,3.000000,0.261799,0.248709,14.250000,0.557932,31.967167,0.819732,46.967167,-0.174560,-10.001575,-0.261799,-15.000000,-0.309223,0.261799,15.026073,37.212566,11.632667,35.094833,13.159700,36.047813,2.923439,25.083371
13.120000,0.020000,3.000000,4.000000,1.800000,15.000000,3.000000,0.261799,0.246091,14.100000,0.555327,31.817905,0.817127,46.817905,-0.174575,-10.002438,-0.261799,-15.000000,-0.309236,0.261799,15.081718,37.235009,11.682806,35.126123,13.212316,36.075122,2.947527,25.137384
13.140000,0.020000,3.000000,4.000000,1.800000,15.000000,3.000000,0.261799,0.243473,13.950000,0.552722,31.668629,0.814521,46.668629,-0.174590,-10.003286,-0.261799,-15.000000,-0.309248,0.261799,15.137421,37.257306,11.733026,35.157283,13.265004,36.102293,2.971753,25.191336
13.160000,0.020000,3.000000,4.000000,1.800000,15.000000,3.000000,0.261799,0.240855,13.800000,0.550116,31.519342,0.811916,46.519342,-0.174605,-10.004120,-0.261799,-15.000000,-0.309261,0.261799,15.193182,37.279457,11.783327,35.188312,13.317762,36.129327,2.996117,25.245226
13.180000,0.020000,3.000000,4.000000,1.800000,15.000000,3.000000,0.261799,0.238237,13.650000,0.547511,31.370042,0.809310,46.370042,-0.174619,-10.004939,-0.261799,-15.000000,-0.309273,0.261799,15.249001,37.301462,11.833709,35.219209,13.370591,36.156223,3.020619,25.299055
13.200000,0.020000,3.000000,4.000000,1.800000,15.000000,3.000000,0.261799,0.235619,13.500000,0.544905,31.220729,0.806704,46.220729,-0.174633,-10.005744,-0.261799,-15.000000,-0.309285,0.261799,15.304878,37.323320,11.884171,35.249975,13.423489,36.182980,3.045259,25.352821
13.220000,0.020000,3.000000,4.000000,1.800000,15.000000,3.000000,0.261799,0.233001,13.350000,0.542298,31.071405,0.804098,46.071405,-0.174647,-10.006536,-0.261799,-15.000000,-0.309297,0.261799,15.360812,37.345033,11.934713,35.280609,13.476457,36.209600,3.070037,25.406525
13.240000,0.020000,3.000000,4.000000,1.800000,15.000000,3.000000,0.261799,0.230383,13.200000,0.539692,30.922069,0.801491,45.922069,-0.174661,-10.007314,-0.261799,-15.000000,-0.309308,0.261799,15.416802,37.366598,11.985334,35.311111,13.529495,36.236080,3.094953,25.460166
13.260000,0.020000,3.000000,4.000000,1.800000,15.000000,3.000000,0.261799,0.227765,13.050000,0.537085,30.772722,0.798885,45.772722,-0.174674,-10.008078,-0.261799,-15.000000,-0.309320,0.261799,15.472849,37.388017,12.036035,35.341481,13.582601,36.262422,3.120006,25.513743
13.280000,0.020000,3.000000,4.000000,1.800000,15.000000,3.000000,0.261799,0.225147,12.900000,0.534479,30.623363,0.796278,45.623363,-0.174687,-10.008830,-0.261799,-15.000000,-0.309331,0.261799,15.528952,37.409289,12.086814,35.371719,13.635776,36.288625,3.145197,25.567257
13.300000,0.020000,3.000000,4.000000,1.800000,15.000000,3.000000,0.261799,0.222529,12.750000,0.531872,30.473994,0.793671,45.473994,-0.174700,-10.009568,-0.261799,-15.000000,-0.309342,0.261799,15.585110,37.430413,12.137672,35.401824,13.689019,36.314689,3.170525,25.620706
13.320000,0.020000,3.000000,4.000000,1.800000,15.000000,3.000000,0.261799,0.219911,12.600000,0.529264,30.324613,0.791064,45.324613,-0.174713,-10.010294,-0.261799,-15.000000,-0.309353,0.261799,15.641323,37.451391,12.188608,35.431797,13.742330,36.340614,3.195991,25.674091
13.340000,0.020000,3.000000,4.000000,1.800000,15.000000,3.000000,0.261799,0.217293,12.450000,0.526657,30.175222,0.788456,45.175222,-0.174725,-10.011007,-0.261799,-15.000000,-0.309363,0.261799,15.697591,37.472221,12.239622,35.461637,13.795708,36.366400,3.221593,25.727410
13.360000,0.020000,3.000000,4.000000,1.800000,15.000000,3.000000,0.261799,0.214675,12.300000,0.524049,30.025820,0.785849,45.025820,-0.174737,-10.011709,-0.261799,-15.000000,-0.309374,0.261799,15.753914,37.492904,12.290714,35.491343,13.849154,36.392045,3.247333,25.780665
13.380000,0.020000,3.000000,4.000000,1.800000,15.000000,3.000000,0.261799,0.212058,12.150000,0.521442,29.876408,0.783241,44.876408,-0.174749,-10.012398,-0.261799,-15.000000,-0.309384,0.261799,15.810290,37.513439,12.341883,35.520916,13.902666,36.417551,3.273210,25.833854
13.400000,0.020000,3.000000,4.000000,1.800000,15.000000,3.000000,0.261799,0.209440,12.000000,0.518834,29.726985,0.780633,44.726985,-0.174761,-10.013075,-0.261799,-15.000000,-0.309394,0.261799,15.866721,37.533826,12.393128,35.550355,13.956245,36.442917,3.299223,25.886976
13.420000,0.020000,3.000000,4.000000,1.800000,15.000000,3.000000,0.261799,0.206822,11.850000,0.516226,29.577553,0.778025,44.577553,-0.174773,-10.013740,-0.261799,-15.000000,-0.309404,0.261799,15.923204,37.554066,12.444450,35.579661,14.009889,36.468143,3.325373,25.940032
13.440000,0.020000,3.000000,4.000000,1.800000,15.000000,3.000000,0.261799,0.204204,11.700000,0.513617,29.428111,0.775417,44.428111,-0.174784,-10.014394,-0.261799,-15.000000,-0.309414,0.261799,15.979740,37.574157,12.495849,35.608833,14.063600,36.493229,3.351660,25.993022
13.460000,0.020000,3.000000,4.000000,1.800000,15.000000,3.000000,0.261799,0.201586,11.550000,0.511009,29.278659,0.772808,44.278659,-0.174795,-10.015037,-0.261799,-15.000000,-0.309423,0.261799,16.036329,37.594100,12.547323,35.637870,14.117375,36.518174,3.378083,26.045944
13.480000,0.020000,3.000000,4.000000,1.800000,15.000000,3.000000,0.261799,0.198968,11.400000,0.508400,29.129197,0.770200,44.129197,-0.174806,-10.015669,-0.261799,-15.000000,-0.309433,0.261799,16.092969,37.613895,12.598872,35.666773,14.171216,36.542978,3.404642,26.098798
13.500000,0.020000,3.000000,4.000000,1.800000,15.000000,3.000000,0.261799,0.196350,11.250000,0.505792,28.979727,0.767591,43.979727,-0.174817,-10.016290,-0.261799,-15.000000,-0.309442,0.261799,16.149662,37.633542,12.650497,35.695541,14.225121,36.567641,3.431338,26.151584
13.520000,0.020000,3.000000,4.000000,1.800000,15.000000,3.000000,0.261799,0.193732,11.100000,0.503183,28.830247,0.764982,43.830247,-0.174828,-10.016900,-0.261799,-15.000000,-0.309451,0.261799,16.206405,37.653039,12.702196,35.724175,14.279090,36.592164,3.458169,26.204302
13.540000,0.020000,3.000000,4.000000,1.800000,15.000000,3.000000,0.261799,0.191114,10.950000,0.500574,28.680758,0.762373,43.680758,-0.174838,-10.017499,-0.261799,-15.000000,-0.309460,0.261799,16.263200,37.672389,12.753970,35.752673,14.333123,36.616545,3.485136,26.256952
13.560000,0.020000,3.000000,4.000000,1.800000,15.000000,3.000000,0.261799,0.188496,10.800000,0.497964,28.531260,0.759764,43.531260,-0.174849,-10.018089,-0.261799,-15.000000,-0.309469,0.261799,16.320044,37.691589,12.805818,35.781036,14.387220,36.640785,3.512239,26.309532
13.580000,0.020000,3.000000,4.000000,1.800000,15.000000,3.000000,0.261799,0.185878,10.650000,0.495355,28.381753,0.757154,43.381753,-0.174859,-10.018668,-0.261799,-15.000000,-0.309477,0.261799,16.376940,37.710640,12.857740,35.809264,14.441380,36.664883,3.539478,26.362042
13.600000,0.020000,3.000000,4.000000,1.800000,15.000000,3.000000,0.261799,0.183260,10.500000,0.492746,28.232238,0.754545,43.232238,-0.174869,-10.019237,-0.261799,-15.000000,-0.309486,0.261799,16.433884,37.729543,12.909735,35.837356,14.495602,36.688840,3.566852,26.414483
13.620000,0.020000,3.000000,4.000000,1.800000,15.000000,3.000000,0.261799,0.180642,10.350000,0.490136,28.082715,0.751935,43.082715,-0.174878,-10.019796,-0.261799,-15.000000,-0.309494,0.261799,16.490878,37.748296,12.961803,35.865313,14.549887,36.712655,3.594361,26.466853
13.640000,0.020000,3.000000,4.000000,1.800000,15.000000,3.000000,0.261799,0.178024,10.200000,0.487526,27.933183,0.749325,42.933183,-0.174888,-10.020346,-0.261799,-15.000000,-0.309502,0.261799,16.547921,37.766899,13.013943,35.893133,14.604233,36.736328,3.622006,26.519153
13.660000,0.020000,3.000000,4.000000,1.800000,15.000000,3.000000,0.261799,0.175406,10.050000,0.484916,27.783643,0.746715,42.783643,-0.174897,-10.020886,-0.261799,-15.000000,-0.309510,0.261799,16.605013,37.785354,13.066157,35.920817,14.658642,36.759858,3.649785,26.571381
13.680000,0.020000,3.000000,4.000000,1.800000,15.000000,3.000000,0.261799,0.172788,9.900000,0.482306,27.634096,0.744105,42.634096,-0.174907,-10.021417,-0.261799,-15.000000,-0.309518,0.261799,16.662153,37.803658,13.118442,35.948365,14.713112,36.783247,3.677699,26.623538
13.700000,0.020000,3.000000,4.000000,1.800000,15.000000,3.000000,0.261799,0.170170,9.750000,0.479696,27.484540,0.741495,42.484540,-0.174916,-10.021939,-0.261799,-15.000000,-0.309526,0.261799,16.719340,37.821813,13.170798,35.975776,14.767642,36.806493,3.705748,26.675624
13.720000,0.020000,3.000000,4.000000,1.800000,15.000000,3.000000,0.261799,0.167552,9.600000,0.477085,27.334977,0.738885,42.334977,-0.174925,-10.022451,-0.261799,-15.000000,-0.309534,0.261799,16.776575,37.839818,13.223226,36.003050,14.822233,36.829596,3.733932,26.727637
13.740000,0.020000,3.000000,4.000000,1.800000,15.000000,3.000000,0.261799,0.164934,9.450000,0.474475,27.185406,0.736274,42.185406,-0.174934,-10.022955,-0.261799,-15.000000,-0.309541,0.261799,16.833856,37.857673,13.275725,36.030187,14.876884,36.852556,3.762249,26.779578
13.760000,0.020000,3.000000,4.000000,1.800000,15.000000,3.000000,0.261799,0.162316,9.300000,0.471864,27.035827,0.733664,42.035827,-0.174942,-10.023450,-0.261799,-15.000000,-0.309549,0.261799,16.891185,37.875378,13.328295,36.057188,14.931595,36.875373,3.790701,26.831446
13.780000,0.020000,3.000000,4.000000,1.800000,15.000000,3.000000,0.261799,0.159698,9.150000,0.469253,26.886242,0.731053,41.886242,-0.174951,-10.023937,-0.261799,-15.000000,-0.309556,0.261799,16.948559,37.892933,13.380935,36.084050,14.986366,36.898047,3.819287,26.883240
13.800000,0.020000,3.000000,4.000000,1.800000,15.000000,3.000000,0.261799,0.157080,9.000000,0.466643,26.736649,0.728442,41.736649,-0.174959,-10.024415,-0.261799,-15.000000,-0.309563,0.261799,17.005980,37.910337,13.433644,36.110776,15.041195,36.920578,3.848007,26.934961
13.820000,0.020000,3.000000,4.000000,1.800000,15.000000,3.000000,0.261799,0.154462,8.850000,0.464032,26.587049,0.725831,41.587049,-0.174967,-10.024885,-0.261799,-15.000000,-0.309570,0.261799,17.063445,37.927591,13.486424,36.137363,15.096083,36.942966,3.876861,26.986608
13.840000,0.020000,3.000000,4.000000,1.800000,15.000000,3.000000,0.261799,0.151844,8.700000,0.461420,26.437442,0.723220,41.437442,-0.174975,-10.025347,-0.261799,-15.000000,-0.309577,0.261799,17.120956,37.944694,13.539272,36.163812,15.151030,36.965209,3.905848,27.038181
13.860000,0.020000,3.000000,4.000000,1.800000,15.000000,3.000000,0.261799,0.149226,8.550000,0.458809,26.287828,0.720609,41.287828,-0.174983,-10.025801,-0.261799,-15.000000,-0.309584,0.261799,17.178511,37.961647,13.592189,36.190124,15.206034,36.987309,3.934969,27.089678
13.880000,0.020000,3.000000,4.000000,1.800000,15.000000,3.000000,0.261799,0.146608,8.400000,0.456198,26.138208,0.717997,41.138208,-0.174991,-10.026247,-0.261799,-15.000000,-0.309590,0.261799,17.236111,37.978449,13.645175,36.216297,15.261096,37.009265,3.964223,27.141101
13.900000,0.020000,3.000000,4.000000,1.800000,15.000000,3.000000,0.261799,0.143990,8.250000,0.453586,25.988581,0.715386,40.988581,-0.174999,-10.026685,-0.261799,-15.000000,-0.309597,0.261799,17.293754,37.995100,13.698228,36.242331,15.316215,37.031077,3.993610,27.192448
13.920000,0.020000,3.000000,4.000000,1.800000,15.000000,3.000000,0.261799,0.141372,8.100000,0.450975,25.838948,0.712774,40.838948,-0.175006,-10.027116,-0.261799,-15.000000,-0.309603,0.261799,17.351441,38.011599,13.751350,36.268227,15.371391,37.052745,4.023130,27.243719
13.940000,0.020000,3.000000,4.000000,1.800000,15.000000,3.000000,0.261799,0.138754,7.950000,0.448363,25.689308,0.710162,40.689308,-0.175014,-10.027539,-0.261799,-15.000000,-0.309609,0.261799,17.409170,38.027948,13.804539,36.293984,15.426623,37.074268,4.052783,27.294914
13.960000,0.020000,3.000000,4.000000,1.800000,15.000000,3.000000,0.261799,0.136136,7.800000,0.445751,25.539662,0.707551,40.539662,-0.175021,-10.027955,-0.261799,-15.000000,-0.309616,0.261799,17.466943,38.044146,13.857794,36.319602,15.481911,37.095647,4.082568,27.346033
13.980000,0.020000,3.000000,4.000000,1.800000,15.000000,3.000000,0.261799,0.133518,7.650000,0.443139,25.390009,0.704939,40.390009,-0.175028,-10.028364,-0.261799,-15.000000,-0.309622,0.261799,17.524757,38.060192,13.911117,36.345081,15.537255,37.116881,4.112485,27.397074
14.000000,0.020000,3.000000,4.000000,1.800000,15.000000,3.000000,0.261799,0.130900,7.500000,0.440527,25.240351,0.702327,40.240351,-0.175035,-10.028765,-0.261799,-15.000000,-0.309628,0.261799,17.582614,38.076086,13.964506,36.370421,15.592654,37.137970,4.142535,27.448039
14.020000,0.020000,3.000000,4.000000,1.800000,15.000000,3.000000,0.261799,0.128282,7.350000,0.437915,25.090687,0.699714,40.090687,-0.175042,-10.029160,-0.261799,-15.000000,-0.309633,0.261799,17.640511,38.091829,14.017960,36.395621,15.648108,37.158915,4.172717,27.498925
14.040000,0.020000,3.000000,4.000000,1.800000,15.000000,3.000000,0.261799,0.125664,7.200000,0.435303,24.941017,0.697102,39.941017,-0.175049,-10.029548,-0.261799,-15.000000,-0.309639,0.261799,17.698450,38.107421,14.071481,36.420681,15.703617,37.179714,4.203031,27.549734
14.060000,0.020000,3.000000,4.000000,1.800000,15.000000,3.000000,0.261799,0.123046,7.050000,0.432691,24.791341,0.694490,39.791341,-0.175055,-10.029929,-0.261799,-15.000000,-0.309645,0.261799,17.756430,38.122860,14.125066,36.445601,15.759180,37.200368,4.233476,27.600464
14.080000,0.020000,3.000000,4.000000,1.800000,15.000000,3.000000,0.261799,0.120428,6.900000,0.430078,24.641660,0.691877,39.641660,-0.175062,-10.030304,-0.261799,-15.000000,-0.309650,0.261799,17.814449,38.138148,14.178717,36.470381,15.814796,37.220876,4.264053,27.651115
14.100000,0.020000,3.000000,4.000000,1.800000,15.000000,3.000000,0.261799,0.117810,6.750000,0.427466,24.491973,0.689265,39.491973,-0.175068,-10.030672,-0.261799,-15.000000,-0.309656,0.261799,17.872509,38.153284,14.232432,36.495021,15.870466,37.241239,4.294761,27.701687
14.120000,0.020000,3.000000,4.000000,1.800000,15.000000,3.000000,0.261799,0.115192,6.600000,0.424853,24.342281,0.686652,39.342281,-0.175075,-10.031034,-0.261799,-15.000000,-0.309661,0.261799,17.930608,38.168267,14.286211,36.519520,15.926189,37.261456,4.325600,27.752180
14.140000,0.020000,3.000000,4.000000,1.800000,15.000000,3.000000,0.261799,0.112574,6.450000,0.422240,24.192583,0.684040,39.192583,-0.175081,-10.031389,-0.261799,-15.000000,-0.309666,0.261799,17.988746,38.183099,14.340053,36.543879,15.981965,37.281528,4.356570,27.802593
14.160000,0.020000,3.000000,4.000000,1.800000,15.000000,3.000000,0.261799,0.109956,6.300000,0.419627,24.042880,0.681427,39.042880,-0.175087,-10.031739,-0.261799,-15.000000,-0.309672,0.261799,18.046923,38.197778,14.393959,36.568097,16.037793,37.301453,4.387671,27.852926
14.180000,0.020000,3.000000,4.000000,1.800000,15.000000,3.000000,0.261799,0.107338,6.150000,0.417015,23.893172,0.678814,38.893172,-0.175093,-10.032082,-0.261799,-15.000000,-0.309677,0.261799,18.105138,38.212304,14.447929,36.592174,16.093673,37.321233,4.418903,27.903178
14.200000,0.020000,3.000000,4.000000,1.800000,15.000000,3.000000,0.261799,0.104720,6.000000,0.414402,23.743459,0.676201,38.743459,-0.175099,-10.032419,-0.261799,-15.000000,-0.309682,0.261799,18.163390,38.226678,14.501961,36.616110,16.149604,37.340866,4.450265,27.953349
14.220000,0.020000,3.000000,4.000000,1.800000,15.000000,3.000000,0.261799,0.102102,5.850000,0.411788,23.593741,0.673588,38.593741,-0.175105,-10.032751,-0.261799,-15.000000,-0.309687,0.261799,18.221681,38.240900,14.556055,36.639904,16.205586,37.360352,4.481757,28.003439
14.240000,0.020000,3.000000,4.000000,1.800000,15.000000,3.000000,0.261799,0.099484,5.700000,0.409175,23.444018,0.670975,38.444018,-0.175110,-10.033076,-0.261799,-15.000000,-0.309692,0.261799,18.280008,38.254969,14.610211,36.663557,16.261619,37.379693,4.513379,28.053447
14.260000,0.020000,3.000000,4.000000,1.800000,15.000000,3.000000,0.261799,0.096866,5.550000,0.406562,23.294290,0.668361,38.294290,-0.175116,-10.033396,-0.261799,-15.000000,-0.309696,0.261799,18.338372,38.268885,14.664428,36.687069,16.317703,37.398886,4.545131,28.103374
14.280000,0.020000,3.000000,4.000000,1.800000,15.000000,3.000000,0.261799,0.094248,5.400000,0.403949,23.144557,0.665748,38.144557,-0.175121,-10.033711,-0.261799,-15.000000,-0.309701,0.261799,18.396772,38.282648,14.718707,36.710439,16.373836,37.417933,4.577012,28.153218
14.300000,0.020000,3.000000,4.000000,1.800000,15.000000,3.000000,0.261799,0.091630,5.250000,0.401335,22.994820,0.663135,37.994820,-0.175127,-10.034020,-0.261799,-15.000000,-0.309706,0.261799,18.455208,38.296258,14.773047,36.733666,16.430019,37.436833,4.609023,28.202979
14.320000,0.020000,3.000000,4.000000,1.800000,15.000000,3.000000,0.261799,0.089012,5.100000,0.398722,22.845078,0.660521,37.845078,-0.175132,-10.034324,-0.261799,-15.000000,-0.309710,0.261799,18.513679,38.309715,14.827447,36.756752,16.486252,37.455585,4.641163,28.252658
14.340000,0.020000,3.000000,4.000000,1.800000,15.000000,3.000000,0.261799,0.086394,4.950000,0.396108,22.695332,0.657908,37.695332,-0.175137,-10.034622,-0.261799,-15.000000,-0.309714,0.261799,18.572186,38.323019,14.881908,36.779696,16.542533,37.474191,4.673432,28.302252
14.360000,0.020000,3.000000,4.000000,1.800000,15.000000,3.000000,0.261799,0.083776,4.800000,0.393495,22.545581,0.655294,37.545581,-0.175142,-10.034916,-0.261799,-15.000000,-0.309719,0.261799,18.630727,38.336170,14.936428,36.802496,16.598862,37.492649,4.705830,28.351764
14.380000,0.020000,3.000000,4.000000,1.800000,15.000000,3.000000,0.261799,0.081158,4.650000,0.390881,22.395826,0.652680,37.395826,-0.175147,-10.035204,-0.261799,-15.000000,-0.309723,0.261799,18.689302,38.349167,14.991007,36.825155,16.655240,37.510960,4.738357,28.401191
14.400000,0.020000,3.000000,4.000000,1.800000,15.000000,3.000000,0.261799,0.078540,4.500000,0.388267,22.246067,0.650066,37.246067,-0.175152,-10.035487,-0.261799,-15.000000,-0.309727,0.261799,18.747911,38.362011,15.045645,36.847670,16.711665,37.529124,4.771012,28.450533
14.420000,0.020000,3.000000,4.000000,1.800000,15.000000,3.000000,0.261799,0.075922,4.350000,0.385653,22.096303,0.647453,37.096303,-0.175157,-10.035766,-0.261799,-15.000000,-0.309731,0.261799,18.806554,38.374701,15.100342,36.870043,16.768138,37.547139,4.803795,28.499791
14.440000,0.020000,3.000000,4.000000,1.800000,15.000000,3.000000,0.261799,0.073304,4.200000,0.383039,21.946536,0.644839,36.946536,-0.175162,-10.036039,-0.261799,-15.000000,-0.309735,0.261799,18.865230,38.387238,15.155098,36.892273,16.824657,37.565007,4.836706,28.548964
14.460000,0.020000,3.000000,4.000000,1.800000,15.000000,3.000000,0.261799,0.070686,4.050000,0.380425,21.796764,0.642225,36.796764,-0.175167,-10.036308,-0.261799,-15.000000,-0.309739,0.261799,18.923938,38.399621,15.209911,36.914359,16.881223,37.582727,4.869745,28.598051
14.480000,0.020000,3.000000,4.000000,1.800000,15.000000,3.000000,0.261799,0.068068,3.900000,0.377811,21.646989,0.639611,36.646989,-0.175171,-10.036572,-0.261799,-15.000000,-0.309743,0.261799,18.982678,38.411850,15.264781,36.936302,16.937835,37.600299,4.902911,28.647053
14.500000,0.020000,3.000000,4.000000,1.800000,15.000000,3.000000,0.261799,0.065450,3.750000,0.375197,21.497209,0.636996,36.497209,-0.175176,-10.036831,-0.261799,-15.000000,-0.309747,0.261799,19.041451,38.423925,15.319709,36.958102,16.994493,37.617722,4.936205,28.695968
14.520000,0.020000,3.000000,4.000000,1.800000,15.000000,3.000000,0.261799,0.062832,3.600000,0.372583,21.347426,0.634382,36.347426,-0.175180,-10.037087,-0.261799,-15.000000,-0.309751,0.261799,19.100254,38.435847,15.374693,36.979758,17.051196,37.634998,4.969626,28.744797
14.540000,0.020000,3.000000,4.000000,1.800000,15.000000,3.000000,0.261799,0.060214,3.450000,0.369969,21.197639,0.631768,36.197639,-0.175185,-10.037337,-0.261799,-15.000000,-0.309755,0.261799,19.159089,38.447614,15.429734,37.001270,17.107944,37.652125,5.003174,28.793539
14.560000,0.020000,3.000000,4.000000,1.800000,15.000000,3.000000,0.261799,0.057596,3.300000,0.367354,21.047848,0.629154,36.047848,-0.175189,-10.037583,-0.261799,-15.000000,-0.309758,0.261799,19.217955,38.459227,15.484831,37.022638,17.164737,37.669103,5.036849,28.842193
14.580000,0.020000,3.000000,4.000000,1.800000,15.000000,3.000000,0.261799,0.054978,3.150000,0.364740,20.898053,0.626539,35.898053,-0.175193,-10.037825,-0.261799,-15.000000,-0.309762,0.261799,19.276850,38.470687,15.539984,37.043862,17.221574,37.685933,5.070650,28.890760
14.600000,0.020000,3.000000,4.000000,1.800000,15.000000,3.000000,0.261799,0.052360,3.000000,0.362125,20.748255,0.623925,35.748255,-0.175197,-10.038063,-0.261799,-15.000000,-0.309765,0.261799,19.335775,38.481991,15.595192,37.064941,17.278454,37.702614,5.104578,28.939239
14.620000,0.020000,3.000000,4.000000,1.800000,15.000000,3.000000,0.261799,0.049742,2.850000,0.359511,20.598454,0.621310,35.598454,-0.175201,-10.038297,-0.261799,-15.000000,-0.309769,0.261799,19.394730,38.493142,15.650454,37.085876,17.335378,37.719146,5.138631,28.987630
14.640000,0.020000,3.000000,4.000000,1.800000,15.000000,3.000000,0.261799,0.047124,2.700000,0.356896,20.448649,0.618696,35.448649,-0.175205,-10.038526,-0.261799,-15.000000,-0.309772,0.261799,19.453714,38.504138,15.705771,37.106667,17.392346,37.735529,5.172811,29.035933
14.660000,0.020000,3.000000,4.000000,1.800000,15.000000,3.000000,0.261799,0.044506,2.550000,0.354282,20.298841,0.616081,35.298841,-0.175209,-10.038752,-0.261799,-15.000000,-0.309776,0.261799,19.512726,38.514980,15.761143,37.127313,17.449355,37.751763,5.207116,29.084146
14.680000,0.020000,3.000000,4.000000,1.800000,15.000000,3.000000,0.261799,0.041888,2.400000,0.351667,20.149029,0.613466,35.149029,-0.175213,-10.038974,-0.261799,-15.000000,-0.309779,0.261799,19.571767,38.525667,15.816568,37.147814,17.506407,37.767848,5.241547,29.132270
14.700000,0.020000,3.000000,4.000000,1.800000,15.000000,3.000000,0.261799,0.039270,2.250000,0.349052,19.999214,0.610852,34.999214,-0.175217,-10.039192,-0.261799,-15.000000,-0.309782,0.261799,19.630835,38.536199,15.872046,37.168170,17.563501,37.783783,5.276103,29.180305
14.720000,0.020000,3.000000,4.000000,1.800000,15.000000,3.000000,0.261799,0.036652,2.100000,0.346437,19.849396,0.608237,34.849396,-0.175221,-10.039406,-0.261799,-15.000000,-0.309785,0.261799,19.689931,38.546577,15.927578,37.188381,17.620637,37.799569,5.310783,29.228250
14.740000,0.020000,3.000000,4.000000,1.800000,15.000000,3.000000,0.261799,0.034034,1.950000,0.343822,19.699574,0.605622,34.699574,-0.175224,-10.039616,-0.261799,-15.000000,-0.309789,0.261799,19.749054,38.556799,15.983162,37.208446,17.677813,37.815205,5.345589,29.276104
14.760000,0.020000,3.000000,4.000000,1.800000,15.000000,3.000000,0.261799,0.031416,1.800000,0.341208,19.549750,0.603007,34.549750,-0.175228,-10.039823,-0.261799,-15.000000,-0.309792,0.261799,19.808203,38.566867,16.038798,37.228367,17.735030,37.830692,5.380519,29.323868
14.780000,0.020000,3.000000,4.000000,1.800000,15.000000,3.000000,0.261799,0.028798,1.650000,0.338593,19.399923,0.600392,34.399923,-0.175232,-10.040026,-0.261799,-15.000000,-0.309795,0.261799,19.867378,38.576781,16.094486,37.248141,17.792288,37.846029,5.415574,29.371541
14.800000,0.020000,3.000000,4.000000,1.800000,15.000000,3.000000,0.261799,0.026180,1.500000,0.335977,19.250092,0.597777,34.250092,-0.175235,-10.040225,-0.261799,-15.000000,-0.309798,0.261799,19.926580,38.586539,16.150226,37.267770,17.849585,37.861216,5.450752,29.419122
14.820000,0.020000,3.000000,4.000000,1.800000,15.000000,3.000000,0.261799,0.023562,1.350000,0.333362,19.100259,0.595162,34.100259,-0.175238,-10.040422,-0.261799,-15.000000,-0.309800,0.261799,19.985806,38.596142,16.206016,37.287253,17.906922,37.876253,5.486055,29.466612
14.840000,0.020000,3.000000,4.000000,1.800000,15.000000,3.000000,0.261799,0.020944,1.200000,0.330747,18.950422,0.592547,33.950422,-0.175242,-10.040614,-0.261799,-15.000000,-0.309803,0.261799,20.045058,38.605590,16.261858,37.306590,17.964298,37.891140,5.521481,29.514010
14.860000,0.020000,3.000000,4.000000,1.800000,15.000000,3.000000,0.261799,0.018326,1.050000,0.328132,18.800583,0.589931,33.800583,-0.175245,-10.040804,-0.261799,-15.000000,-0.309806,0.261799,20.104334,38.614882,16.317750,37.325781,18.021712,37.905877,5.557030,29.561316
14.880000,0.020000,3.000000,4.000000,1.800000,15.000000,3.000000,0.261799,0.015708,0.900000,0.325517,18.650741,0.587316,33.650741,-0.175248,-10.040990,-0.261799,-15.000000,-0.309809,0.261799,20.163634,38.624020,16.373691,37.344826,18.079165,37.920463,5.592703,29.608529
14.900000,0.020000,3.000000,4.000000,1.800000,15.000000,3.000000,0.261799,0.013090,0.750000,0.322902,18.500896,0.584701,33.500896,-0.175252,-10.041173,-0.261799,-15.000000,-0.309812,0.261799,20.222958,38.633002,16.429683,37.363724,18.136656,37.934899,5.628499,29.655649
14.920000,0.020000,3.000000,4.000000,1.800000,15.000000,3.000000,0.261799,0.010472,0.600000,0.320286,18.351049,0.582086,33.351049,-0.175255,-10.041352,-0.261799,-15.000000,-0.309814,0.261799,20.282305,38.641829,16.485723,37.382476,18.194185,37.949185,5.664417,29.702676
14.940000,0.020000,3.000000,4.000000,1.800000,15.000000,3.000000,0.261799,0.007854,0.450000,0.317671,18.201199,0.579470,33.201199,-0.175258,-10.041529,-0.261799,-15.000000,-0.309817,0.261799,20.341675,38.650500,16.541813,37.401081,18.251751,37.963320,5.700458,29.749609
14.960000,0.020000,3.000000,4.000000,1.800000,15.000000,3.000000,0.261799,0.005236,0.300000,0.315055,18.051346,0.576855,33.051346,-0.175261,-10.041702,-0.261799,-15.000000,-0.309819,0.261799,20.401067,38.659016,16.597951,37.419540,18.309353,37.977304,5.736621,29.796448
14.980000,0.020000,3.000000,4.000000,1.800000,15.000000,3.000000,0.261799,0.002618,0.150000,0.312440,17.901491,0.574239,32.901491,-0.175264,-10.041873,-0.261799,-15.000000,-0.309822,0.261799,20.460482,38.667377,16.654136,37.437851,18.366992,37.991138,5.772906,29.843193
15.000000,0.020000,3.000000,4.000000,1.800000,15.000000,3.000000,0.261799,0.000000,0.000000,0.309824,17.751633,0.571624,32.751633,-0.175267,-10.042040,-0.261799,-15.000000,-0.309824,0.261799,20.519918,38.675582,16.710370,37.456016,18.424667,38.004820,5.809313,29.889844
15.020000,0.020000,3.000000,4.000000,1.800000,15.000000,3.000000,0.261799,0.000000,0.000000,0.307209,17.601773,0.569008,32.601773,-0.175034,-10.028705,-0.261799,-15.000000,-0.307209,0.261799,20.579376,38.683631,16.766651,37.474033,18.482377,38.018352,5.845841,29.936399
15.040000,0.020000,3.000000,4.000000,1.800000,15.000000,3.000000,0.261799,0.000000,0.000000,0.304597,17.452109,0.566396,32.452109,-0.174708,-10.010060,-0.261799,-15.000000,-0.304597,0.261799,20.638853,38.691538,16.822981,37.491904,18.540123,38.031739,5.882519,29.982822
15.060000,0.020000,3.000000,4.000000,1.800000,15.000000,3.000000,0.261799,0.000000,0.000000,0.301989,17.302722,0.563789,32.302722,-0.174295,-9.986385,-0.261799,-15.000000,-0.301989,0.261799,20.698347,38.699310,16.879361,37.509629,18.597905,38.044985,5.919358,30.029098
15.080000,0.020000,3.000000,4.000000,1.800000,15.000000,3.000000,0.261799,0.000000,0.000000,0.299388,17.153683,0.561188,32.153683,-0.173799,-9.957950,-0.261799,-15.000000,-0.299388,0.261799,20.757859,38.706950,16.935790,37.527207,18.655721,38.058092,5.956366,30.075211
15.100000,0.020000,3.000000,4.000000,1.800000,15.000000,3.000000,0.261799,0.000000,0.000000,0.296794,17.005065,0.558594,32.005065,-0.173224,-9.925013,-0.261799,-15.000000,-0.296794,0.261799,20.817386,38.714466,16.992271,37.544641,18.713573,38.071062,5.993554,30.121149
15.120000,0.020000,3.000000,4.000000,1.800000,15.000000,3.000000,0.261799,0.000000,0.000000,0.294209,16.856934,0.556008,31.856934,-0.172575,-9.887822,-0.261799,-15.000000,-0.294209,0.261799,20.876929,38.721861,17.048801,37.561930,18.771459,38.083899,6.030929,30.166898
15.140000,0.020000,3.000000,4.000000,1.800000,15.000000,3.000000,0.261799,0.000000,0.000000,0.291633,16.709352,0.553433,31.709352,-0.171856,-9.846614,-0.261799,-15.000000,-0.291633,0.261799,20.936485,38.729141,17.105383,37.579074,18.829379,38.096604,6.068499,30.212447
15.160000,0.020000,3.000000,4.000000,1.800000,15.000000,3.000000,0.261799,0.000000,0.000000,0.289068,16.562379,0.550867,31.562379,-0.171071,-9.801619,-0.261799,-15.000000,-0.289068,0.261799,20.996056,38.736311,17.162016,37.596075,18.887334,38.109181,6.106272,30.257783
15.180000,0.020000,3.000000,4.000000,1.800000,15.000000,3.000000,0.261799,0.000000,0.000000,0.286514,16.416071,0.548314,31.416071,-0.170223,-9.753054,-0.261799,-15.000000,-0.286514,0.261799,21.055638,38.743374,17.218699,37.612932,18.945322,38.121631,6.144253,30.302896
15.200000,0.020000,3.000000,4.000000,1.800000,15.000000,3.000000,0.261799,0.000000,0.000000,0.283973,16.270481,0.545773,31.270481,-0.169317,-9.701130,-0.261799,-15.000000,-0.283973,0.261799,21.115233,38.750336,17.275434,37.629647,19.003344,38.133957,6.182448,30.347775
15.220000,0.020000,3.000000,4.000000,1.800000,15.000000,3.000000,0.261799,0.000000,0.000000,0.281446,16.125659,0.543245,31.125659,-0.168355,-9.646047,-0.261799,-15.000000,-0.281446,0.261799,21.174839,38.757200,17.332220,37.646221,19.061398,38.146162,6.220863,30.392411
15.240000,0.020000,3.000000,4.000000,1.800000,15.000000,3.000000,0.261799,0.000000,0.000000,0.278932,15.981651,0.540732,30.981651,-0.167342,-9.587999,-0.261799,-15.000000,-0.278932,0.261799,21.234456,38.763971,17.389056,37.662653,19.119486,38.158246,6.259503,30.436793
15.260000,0.020000,3.000000,4.000000,1.800000,15.000000,3.000000,0.261799,0.000000,0.000000,0.276434,15.838502,0.538233,30.838502,-0.166280,-9.527171,-0.261799,-15.000000,-0.276434,0.261799,21.294083,38.770653,17.445943,37.678946,19.177606,38.170214,6.298372,30.480915
15.280000,0.020000,3.000000,4.000000,1.800000,15.000000,3.000000,0.261799,0.000000,0.000000,0.273951,15.696252,0.535751,30.696252,-0.165173,-9.463738,-0.261799,-15.000000,-0.273951,0.261799,21.353719,38.777249,17.502881,37.695099,19.235758,38.182066,6.337473,30.524766
15.300000,0.020000,3.000000,4.000000,1.800000,15.000000,3.000000,0.261799,0.000000,0.000000,0.271485,15.554941,0.533284,30.554941,-0.164024,-9.397872,-0.261799,-15.000000,-0.271485,0.261799,21.413364,38.783763,17.559869,37.711113,19.293942,38.193806,6.376811,30.568340
15.320000,0.020000,3.000000,4.000000,1.800000,15.000000,3.000000,0.261799,0.000000,0.000000,0.269036,15.414604,0.530835,30.414604,-0.162835,-9.329735,-0.261799,-15.000000,-0.269036,0.261799,21.473018,38.790198,17.616908,37.726990,19.352157,38.205434,6.416388,30.611630
15.340000,0.020000,3.000000,4.000000,1.800000,15.000000,3.000000,0.261799,0.000000,0.000000,0.266604,15.275276,0.528403,30.275276,-0.161608,-9.259481,-0.261799,-15.000000,-0.266604,0.261799,21.532680,38.796558,17.673996,37.742731,19.410404,38.216953,6.456206,30.654628
15.360000,0.020000,3.000000,4.000000,1.800000,15.000000,3.000000,0.261799,0.000000,0.000000,0.264190,15.136988,0.525990,30.136988,-0.160348,-9.187261,-0.261799,-15.000000,-0.264190,0.261799,21.592350,38.802846,17.731133,37.758335,19.468680,38.228365,6.496268,30.697328
15.380000,0.020000,3.000000,4.000000,1.800000,15.000000,3.000000,0.261799,0.000000,0.000000,0.261795,14.999769,0.523595,29.999769,-0.159056,-9.113217,-0.261799,-15.000000,-0.261795,0.261799,21.652027,38.809065,17.788319,37.773805,19.526988,38.239672,6.536576,30.739724
15.400000,0.020000,3.000000,4.000000,1.800000,15.000000,3.000000,0.261799,0.000000,0.000000,0.259420,14.863647,0.521219,29.863647,-0.157734,-9.037484,-0.261799,-15.000000,-0.259420,0.261799,21.711710,38.815219,17.845554,37.789141,19.585324,38.250876,6.577132,30.781812
15.420000,0.020000,3.000000,4.000000,1.800000,15.000000,3.000000,0.261799,0.000000,0.000000,0.257063,14.728646,0.518863,29.728646,-0.156385,-8.960195,-0.261799,-15.000000,-0.257063,0.261799,21.771400,38.821310,17.902837,37.804344,19.643691,38.261978,6.617935,30.823585
15.440000,0.020000,3.000000,4.000000,1.800000,15.000000,3.000000,0.261799,0.000000,0.000000,0.254727,14.594791,0.516527,29.594791,-0.155011,-8.881473,-0.261799,-15.000000,-0.254727,0.261799,21.831097,38.827340,17.960168,37.819415,19.702086,38.272981,6.658988,30.865039
15.460000,0.020000,3.000000,4.000000,1.800000,15.000000,3.000000,0.261799,0.000000,0.000000,0.252411,14.462102,0.514211,29.462102,-0.153614,-8.801437,-0.261799,-15.000000,-0.252411,0.261799,21.890798,38.833313,18.017546,37.834355,19.760510,38.283886,6.700291,30.906170
15.480000,0.020000,3.000000,4.000000,1.800000,15.000000,3.000000,0.261799,0.000000,0.000000,0.250116,14.330599,0.511916,29.330599,-0.152196,-8.720203,-0.261799,-15.000000,-0.250116,0.261799,21.950506,38.839231,18.074971,37.849165,19.818962,38.294695,6.741845,30.946973
15.500000,0.020000,3.000000,4.000000,1.800000,15.000000,3.000000,0.261799,0.000000,0.000000,0.247842,14.200300,0.509641,29.200300,-0.150759,-8.637879,-0.261799,-15.000000,-0.247842,0.261799,22.010218,38.845097,18.132442,37.863847,19.877442,38.305410,6.783649,30.987446
15.520000,0.020000,3.000000,4.000000,1.800000,15.000000,3.000000,0.261799,0.000000,0.000000,0.245589,14.071223,0.507389,29.071223,-0.149305,-8.554568,-0.261799,-15.000000,-0.245589,0.261799,22.069936,38.850913,18.189959,37.878402,19.935949,38.316032,6.825703,31.027585
15.540000,0.020000,3.000000,4.000000,1.800000,15.000000,3.000000,0.261799,0.000000,0.000000,0.243358,13.943381,0.505157,28.943381,-0.147836,-8.470372,-0.261799,-15.000000,-0.243358,0.261799,22.129658,38.856681,18.247511,37.892827,19.994473,38.326560,6.867997,31.067384
15.560000,0.020000,3.000000,4.000000,1.800000,15.000000,3.000000,0.261799,0.000000,0.000000,0.241148,13.816788,0.502948,28.816788,-0.146353,-8.385384,-0.261799,-15.000000,-0.241148,0.261799,22.189384,38.862404,18.305127,37.907132,20.053043,38.337004,6.910561,31.106848
15.580000,0.020000,3.000000,4.000000,1.800000,15.000000,3.000000,0.261799,0.000000,0.000000,0.238961,13.691456,0.500760,28.691456,-0.144857,-8.299695,-0.261799,-15.000000,-0.238961,0.261799,22.249115,38.868083,18.362768,37.921308,20.111620,38.347356,6.953354,31.145965
15.600000,0.020000,3.000000,4.000000,1.800000,15.000000,3.000000,0.261799,0.000000,0.000000,0.236796,13.567396,0.498595,28.567396,-0.143351,-8.213392,-0.261799,-15.000000,-0.236796,0.261799,22.308850,38.873721,18.420471,37.935365,20.170241,38.357625,6.996413,31.184743
15.620000,0.020000,3.000000,4.000000,1.800000,15.000000,3.000000,0.261799,0.000000,0.000000,0.234653,13.444617,0.496452,28.444617,-0.141835,-8.126557,-0.261799,-15.000000,-0.234653,0.261799,22.368588,38.879319,18.478198,37.949296,20.228870,38.367806,7.039701,31.223170
15.640000,0.020000,3.000000,4.000000,1.800000,15.000000,3.000000,0.261799,0.000000,0.000000,0.232532,13.323127,0.494332,28.323127,-0.140312,-8.039268,-0.261799,-15.000000,-0.232532,0.261799,22.428330,38.884880,18.535986,37.963110,20.287541,38.377907,7.083252,31.261253
15.660000,0.020000,3.000000,4.000000,1.800000,15.000000,3.000000,0.261799,0.000000,0.000000,0.230435,13.202934,0.492234,28.202934,-0.138782,-7.951601,-0.261799,-15.000000,-0.230435,0.261799,22.488075,38.890406,18.593797,37.976801,20.346218,38.387922,7.127029,31.298984
15.680000,0.020000,3.000000,4.000000,1.800000,15.000000,3.000000,0.261799,0.000000,0.000000,0.228360,13.084042,0.490159,28.084042,-0.137246,-7.863627,-0.261799,-15.000000,-0.228360,0.261799,22.547823,38.895897,18.651667,37.990377,20.404937,38.397861,7.171067,31.336369
15.700000,0.020000,3.000000,4.000000,1.800000,15.000000,3.000000,0.261799,0.000000,0.000000,0.226307,12.966458,0.488107,27.966458,-0.135707,-7.775414,-0.261799,-15.000000,-0.226307,0.261799,22.607574,38.901357,18.709559,38.003832,20.463662,38.407717,7.215328,31.373399
15.720000,0.020000,3.000000,4.000000,1.800000,15.000000,3.000000,0.261799,0.000000,0.000000,0.224278,12.850185,0.486077,27.850185,-0.134164,-7.687025,-0.261799,-15.000000,-0.224278,0.261799,22.667328,38.906785,18.767508,38.017175,20.522427,38.417500,7.259845,31.410081
15.740000,0.020000,3.000000,4.000000,1.800000,15.000000,3.000000,0.261799,0.000000,0.000000,0.222272,12.735225,0.484071,27.735225,-0.132619,-7.598524,-0.261799,-15.000000,-0.222272,0.261799,22.727084,38.912185,18.825480,38.030399,20.581198,38.427202,7.304583,31.446407
15.760000,0.020000,3.000000,4.000000,1.800000,15.000000,3.000000,0.261799,0.000000,0.000000,0.220288,12.621582,0.482088,27.621582,-0.131074,-7.509967,-0.261799,-15.000000,-0.220288,0.261799,22.786843,38.917557,18.883505,38.043513,20.640007,38.436833,7.349572,31.482386
15.780000,0.020000,3.000000,4.000000,1.800000,15.000000,3.000000,0.261799,0.000000,0.000000,0.218328,12.509255,0.480127,27.509255,-0.129528,-7.421412,-0.261799,-15.000000,-0.218328,0.261799,22.846605,38.922902,18.941553,38.056512,20.698823,38.446387,7.394779,31.518009
15.800000,0.020000,3.000000,4.000000,1.800000,15.000000,3.000000,0.261799,0.000000,0.000000,0.216390,12.398245,0.478190,27.398245,-0.127983,-7.332909,-0.261799,-15.000000,-0.216390,0.261799,22.906368,38.928223,18.999653,38.069402,20.757675,38.455872,7.440233,31.553283
15.820000,0.020000,3.000000,4.000000,1.800000,15.000000,3.000000,0.261799,0.000000,0.000000,0.214476,12.288551,0.476275,27.288551,-0.126441,-7.244510,-0.261799,-15.000000,-0.214476,0.261799,22.966134,38.933521,19.057774,38.082179,20.816533,38.465282,7.485900,31.588202
15.840000,0.020000,3.000000,4.000000,1.800000,15.000000,3.000000,0.261799,0.000000,0.000000,0.212584,12.180173,0.474384,27.180173,-0.124900,-7.156261,-0.261799,-15.000000,-0.212584,0.261799,23.025902,38.938796,19.115946,38.094850,20.875426,38.474626,7.531809,31.622774
15.860000,0.020000,3.000000,4.000000,1.800000,15.000000,3.000000,0.261799,0.000000,0.000000,0.210715,12.073108,0.472515,27.073108,-0.123363,-7.068208,-0.261799,-15.000000,-0.210715,0.261799,23.085671,38.944051,19.174138,38.107411,20.934325,38.483898,7.577927,31.656992
15.880000,0.020000,3.000000,4.000000,1.800000,15.000000,3.000000,0.261799,0.000000,0.000000,0.208870,11.967354,0.470669,26.967354,-0.121831,-6.980393,-0.261799,-15.000000,-0.208870,0.261799,23.145442,38.949285,19.232379,38.119868,20.993257,38.493105,7.624282,31.690864
15.900000,0.020000,3.000000,4.000000,1.800000,15.000000,3.000000,0.261799,0.000000,0.000000,0.207047,11.862907,0.468846,26.862907,-0.120303,-6.892856,-0.261799,-15.000000,-0.207047,0.261799,23.205215,38.954501,19.290640,38.132217,21.052196,38.502244,7.670842,31.724385
15.920000,0.020000,3.000000,4.000000,1.800000,15.000000,3.000000,0.261799,0.000000,0.000000,0.205247,11.759764,0.467046,26.759764,-0.118781,-6.805635,-0.261799,-15.000000,-0.205247,0.261799,23.264990,38.959699,19.348947,38.144464,21.111166,38.511320,7.717633,31.757561
15.940000,0.020000,3.000000,4.000000,1.800000,15.000000,3.000000,0.261799,0.000000,0.000000,0.203469,11.657920,0.465268,26.657920,-0.117265,-6.718767,-0.261799,-15.000000,-0.203469,0.261799,23.324766,38.964880,19.407273,38.156607,21.170142,38.520329,7.764625,31.790388
15.960000,0.020000,3.000000,4.000000,1.800000,15.000000,3.000000,0.261799,0.000000,0.000000,0.201714,11.557369,0.463514,26.557369,-0.115755,-6.632284,-0.261799,-15.000000,-0.201714,0.261799,23.384543,38.970046,19.465644,38.168650,21.229149,38.529278,7.811842,31.822873
15.980000,0.020000,3.000000,4.000000,1.800000,15.000000,3.000000,0.261799,0.000000,0.000000,0.199982,11.458107,0.461781,26.458107,-0.114253,-6.546220,-0.261799,-15.000000,-0.199982,0.261799,23.444321,38.975197,19.524035,38.180591,21.288161,38.538163,7.859255,31.855013
16.000000,0.020000,3.000000,4.000000,1.800000,15.000000,3.000000,0.261799,0.000000,0.000000,0.198272,11.360127,0.460071,26.360127,-0.112759,-6.460604,-0.261799,-15.000000,-0.198272,0.261799,23.504101,38.980335,19.582467,38.192434,21.347202,38.546990,7.906888,31.886813
16.020000,0.020000,3.000000,4.000000,1.800000,15.000000,3.000000,0.261799,0.000000,0.000000,0.196584,11.263424,0.458383,26.263424,-0.111273,-6.375464,-0.261799,-15.000000,-0.196584,0.261799,23.563882,38.985459,19.640918,38.204178,21.406249,38.555754,7.954713,31.918272
16.040000,0.020000,3.000000,4.000000,1.800000,15.000000,3.000000,0.261799,0.000000,0.000000,0.194918,11.167989,0.456718,26.167989,-0.109796,-6.290827,-0.261799,-15.000000,-0.194918,0.261799,23.623663,38.990572,19.699409,38.215827,21.465324,38.564462,8.002750,31.949395
16.060000,0.020000,3.000000,4.000000,1.800000,15.000000,3.000000,0.261799,0.000000,0.000000,0.193275,11.073816,0.455074,26.073816,-0.108328,-6.206719,-0.261799,-15.000000,-0.193275,0.261799,23.683446,38.995673,19.757919,38.227378,21.524404,38.573110,8.050976,31.980179
16.080000,0.020000,3.000000,4.000000,1.800000,15.000000,3.000000,0.261799,0.000000,0.000000,0.191653,10.980898,0.453452,25.980898,-0.106869,-6.123162,-0.261799,-15.000000,-0.191653,0.261799,23.743230,39.000764,19.816467,38.238837,21.583510,38.581704,8.099408,32.010632
16.100000,0.020000,3.000000,4.000000,1.800000,15.000000,3.000000,0.261799,0.000000,0.000000,0.190053,10.889225,0.451852,25.889225,-0.105421,-6.040178,-0.261799,-15.000000,-0.190053,0.261799,23.803014,39.005845,19.875032,38.250200,21.642622,38.590240,8.148023,32.040751
16.120000,0.020000,3.000000,4.000000,1.800000,15.000000,3.000000,0.261799,0.000000,0.000000,0.188474,10.798790,0.450274,25.798790,-0.103983,-5.957787,-0.261799,-15.000000,-0.188474,0.261799,23.862800,39.010916,19.933635,38.261474,21.701759,38.598723,8.196840,32.070542
16.140000,0.020000,3.000000,4.000000,1.800000,15.000000,3.000000,0.261799,0.000000,0.000000,0.186918,10.709585,0.448717,25.709585,-0.102556,-5.876010,-0.261799,-15.000000,-0.186918,0.261799,23.922586,39.015980,19.992254,38.272655,21.760901,38.607151,8.245834,32.100004
16.160000,0.020000,3.000000,4.000000,1.800000,15.000000,3.000000,0.261799,0.000000,0.000000,0.185382,10.621599,0.447181,25.621599,-0.101139,-5.794863,-0.261799,-15.000000,-0.185382,0.261799,23.982372,39.021036,20.050899,38.283746,21.820058,38.615526,8.295014,32.129140
16.180000,0.020000,3.000000,4.000000,1.800000,15.000000,3.000000,0.261799,0.000000,0.000000,0.183867,10.534825,0.445667,25.534825,-0.099734,-5.714363,-0.261799,-15.000000,-0.183867,0.261799,24.042159,39.026084,20.109584,38.294752,21.879243,38.623851,8.344391,32.157957
16.200000,0.020000,3.000000,4.000000,1.800000,15.000000,3.000000,0.261799,0.000000,0.000000,0.182374,10.449251,0.444173,25.449251,-0.098341,-5.634525,-0.261799,-15.000000,-0.182374,0.261799,24.101947,39.031126,20.168279,38.305667,21.938428,38.632123,8.393934,32.186451
16.220000,0.020000,3.000000,4.000000,1.800000,15.000000,3.000000,0.261799,0.000000,0.000000,0.180901,10.364870,0.442700,25.364870,-0.096959,-5.555363,-0.261799,-15.000000,-0.180901,0.261799,24.161735,39.036162,20.226999,38.316496,21.997626,38.640345,8.443655,32.214628
16.240000,0.020000,3.000000,4.000000,1.800000,15.000000,3.000000,0.261799,0.000000,0.000000,0.179449,10.281670,0.441248,25.281670,-0.095590,-5.476890,-0.261799,-15.000000,-0.179449,0.261799,24.221524,39.041193,20.285755,38.327243,22.056851,38.648520,8.493563,32.242491
16.260000,0.020000,3.000000,4.000000,1.800000,15.000000,3.000000,0.261799,0.000000,0.000000,0.178017,10.199642,0.439817,25.199642,-0.094232,-5.399119,-0.261799,-15.000000,-0.178017,0.261799,24.281313,39.046218,20.344522,38.337903,22.116077,38.656645,8.543631,32.270040
16.280000,0.020000,3.000000,4.000000,1.800000,15.000000,3.000000,0.261799,0.000000,0.000000,0.176606,10.118775,0.438405,25.118775,-0.092887,-5.322059,-0.261799,-15.000000,-0.176606,0.261799,24.341103,39.051240,20.403312,38.348481,22.175314,38.664722,8.593868,32.297280
16.300000,0.020000,3.000000,4.000000,1.800000,15.000000,3.000000,0.261799,0.000000,0.000000,0.175215,10.039059,0.437014,25.039059,-0.091555,-5.245721,-0.261799,-15.000000,-0.175215,0.261799,24.400893,39.056257,20.462136,38.358979,22.234577,38.672754,8.644284,32.324214
16.320000,0.020000,3.000000,4.000000,1.800000,15.000000,3.000000,0.261799,0.000000,0.000000,0.173843,9.960483,0.435643,24.960483,-0.090236,-5.170115,-0.261799,-15.000000,-0.173843,0.261799,24.460683,39.061271,20.520970,38.369394,22.293839,38.680738,8.694853,32.350842
16.340000,0.020000,3.000000,4.000000,1.800000,15.000000,3.000000,0.261799,0.000000,0.000000,0.172492,9.883037,0.434291,24.883037,-0.088929,-5.095247,-0.261799,-15.000000,-0.172492,0.261799,24.520473,39.066281,20.579825,38.379730,22.353114,38.688678,8.745584,32.377169
16.360000,0.020000,3.000000,4.000000,1.800000,15.000000,3.000000,0.261799,0.000000,0.000000,0.171159,9.806709,0.432959,24.806709,-0.087635,-5.021125,-0.261799,-15.000000,-0.171159,0.261799,24.580264,39.071289,20.638712,38.389990,22.412410,38.696574,8.796485,32.403199
16.380000,0.020000,3.000000,4.000000,1.800000,15.000000,3.000000,0.261799,0.000000,0.000000,0.169847,9.731488,0.431646,24.731488,-0.086355,-4.947756,-0.261799,-15.000000,-0.169847,0.261799,24.640055,39.076295,20.697608,38.400170,22.471708,38.704426,8.847532,32.428931
16.400000,0.020000,3.000000,4.000000,1.800000,15.000000,3.000000,0.261799,0.000000,0.000000,0.168553,9.657364,0.430352,24.657364,-0.085087,-4.875145,-0.261799,-15.000000,-0.168553,0.261799,24.699846,39.081298,20.756525,38.410274,22.531016,38.712234,8.898733,32.454371
16.420000,0.020000,3.000000,4.000000,1.800000,15.000000,3.000000,0.261799,0.000000,0.000000,0.167278,9.584325,0.429077,24.584325,-0.083833,-4.803298,-0.261799,-15.000000,-0.167278,0.261799,24.759637,39.086301,20.815470,38.420305,22.590345,38.720003,8.950096,32.479522
16.440000,0.020000,3.000000,4.000000,1.800000,15.000000,3.000000,0.261799,0.000000,0.000000,0.166022,9.512360,0.427821,24.512360,-0.082593,-4.732218,-0.261799,-15.000000,-0.166022,0.261799,24.819428,39.091301,20.874425,38.430259,22.649675,38.727728,9.001598,32.504385
16.460000,0.020000,3.000000,4.000000,1.800000,15.000000,3.000000,0.261799,0.000000,0.000000,0.164785,9.441458,0.426584,24.441458,-0.081366,-4.661909,-0.261799,-15.000000,-0.164785,0.261799,24.879219,39.096301,20.933398,38.440141,22.709015,38.735413,9.053247,32.528964
16.480000,0.020000,3.000000,4.000000,1.800000,15.000000,3.000000,0.261799,0.000000,0.000000,0.163565,9.371607,0.425365,24.371607,-0.080152,-4.592374,-0.261799,-15.000000,-0.163565,0.261799,24.939011,39.101301,20.992390,38.449951,22.768365,38.743058,9.105041,32.553262
16.500000,0.020000,3.000000,4.000000,1.800000,15.000000,3.000000,0.261799,0.000000,0.000000,0.162364,9.302795,0.424164,24.302795,-0.078952,-4.523615,-0.261799,-15.000000,-0.162364,0.261799,24.998802,39.106300,21.051411,38.459692,22.827737,38.750665,9.156989,32.577283
16.520000,0.020000,3.000000,4.000000,1.800000,15.000000,3.000000,0.261799,0.000000,0.000000,0.161181,9.235011,0.422981,24.235011,-0.077765,-4.455634,-0.261799,-15.000000,-0.161181,0.261799,25.058594,39.111299,21.110437,38.469361,22.887106,38.758233,9.209064,32.601028
16.540000,0.020000,3.000000,4.000000,1.800000,15.000000,3.000000,0.261799,0.000000,0.000000,0.160016,9.168244,0.421814,24.168134,-0.076593,-4.388437,-0.261797,-14.999890,-0.160016,0.261797,25.118385,39.116298,21.169481,38.478961,22.946485,38.765762,9.261266,32.624527
16.560000,0.020000,3.000000,4.000000,1.800000,15.000000,3.000000,0.261799,0.000000,0.000000,0.158868,9.102482,0.420648,24.101369,-0.075434,-4.322057,-0.261780,-14.998887,-0.158868,0.261780,25.178176,39.121297,21.228540,38.488493,23.005873,38.773254,9.313507,32.647970
16.580000,0.020000,3.000000,4.000000,1.800000,15.000000,3.000000,0.261799,0.000000,0.000000,0.157738,9.037713,0.419485,24.034718,-0.074290,-4.256505,-0.261747,-14.997005,-0.157738,0.261747,25.237968,39.126298,21.287627,38.497960,23.065280,38.780712,9.365798,32.671360
16.600000,0.020000,3.000000,4.000000,1.800000,15.000000,3.000000,0.261799,0.000000,0.000000,0.156625,8.973924,0.418324,23.968182,-0.073161,-4.191791,-0.261699,-14.994258,-0.156625,0.261699,25.297759,39.131299,21.346719,38.507359,23.124686,38.788131,9.418118,32.694692
16.620000,0.020000,3.000000,4.000000,1.800000,15.000000,3.000000,0.261799,0.000000,0.000000,0.155528,8.911103,0.417164,23.901764,-0.072046,-4.127923,-0.261636,-14.990661,-0.155528,0.261636,25.357550,39.136301,21.405826,38.516693,23.184099,38.795516,9.470477,32.717970
16.640000,0.020000,3.000000,4.000000,1.800000,15.000000,3.000000,0.261799,0.000000,0.000000,0.154448,8.849238,0.416007,23.835466,-0.070946,-4.064909,-0.261559,-14.986228,-0.154448,0.261559,25.417341,39.141304,21.464948,38.525963,23.243521,38.802866,9.522876,32.741192
16.660000,0.020000,3.000000,4.000000,1.800000,15.000000,3.000000,0.261799,0.000000,0.000000,0.153385,8.788316,0.414852,23.769290,-0.069861,-4.002756,-0.261467,-14.980974,-0.153385,0.261467,25.477132,39.146308,21.524084,38.535170,23.302952,38.810181,9.575314,32.764359
16.680000,0.020000,3.000000,4.000000,1.800000,15.000000,3.000000,0.261799,0.000000,0.000000,0.152338,8.728323,0.413700,23.703236,-0.068792,-3.941468,-0.261362,-14.974913,-0.152338,0.261362,25.536923,39.151314,21.583247,38.544316,23.362401,38.817465,9.627803,32.787473
16.700000,0.020000,3.000000,4.000000,1.800000,15.000000,3.000000,0.261799,0.000000,0.000000,0.151307,8.669248,0.412549,23.637308,-0.067737,-3.881050,-0.261242,-14.968060,-0.151307,0.261242,25.596713,39.156321,21.642412,38.553399,23.421847,38.824714,9.680319,32.810529
16.720000,0.020000,3.000000,4.000000,1.800000,15.000000,3.000000,0.261799,0.000000,0.000000,0.150292,8.611077,0.411400,23.571507,-0.066698,-3.821505,-0.261109,-14.960430,-0.150292,0.261109,25.656504,39.161329,21.701590,38.562423,23.481300,38.831930,9.732874,32.833531
16.740000,0.020000,3.000000,4.000000,1.800000,15.000000,3.000000,0.261799,0.000000,0.000000,0.149292,8.553797,0.410254,23.505834,-0.065674,-3.762835,-0.260962,-14.952037,-0.149292,0.260962,25.716295,39.166339,21.760782,38.571386,23.540760,38.839114,9.785468,32.856478
16.760000,0.020000,3.000000,4.000000,1.800000,15.000000,3.000000,0.261799,0.000000,0.000000,0.148308,8.497395,0.409110,23.440291,-0.064665,-3.705043,-0.260803,-14.942896,-0.148308,0.260803,25.776085,39.171350,21.819987,38.580291,23.600227,38.846267,9.838100,32.879370
16.780000,0.020000,3.000000,4.000000,1.800000,15.000000,3.000000,0.261799,0.000000,0.000000,0.147338,8.441858,0.407969,23.374879,-0.063672,-3.648129,-0.260630,-14.933021,-0.147338,0.260630,25.835875,39.176363,21.879214,38.589140,23.659711,38.853390,9.890781,32.902208
16.800000,0.020000,3.000000,4.000000,1.800000,15.000000,3.000000,0.261799,0.000000,0.000000,0.146384,8.387173,0.406829,23.309600,-0.062694,-3.592092,-0.260445,-14.922427,-0.146384,0.260445,25.895665,39.181377,21.938443,38.597930,23.719192,38.860481,9.943491,32.924991
16.820000,0.020000,3.000000,4.000000,1.800000,15.000000,3.000000,0.261799,0.000000,0.000000,0.145444,8.333327,0.405692,23.244455,-0.061731,-3.536933,-0.260248,-14.911128,-0.145444,0.260248,25.955455,39.186392,21.997685,38.606665,23.778680,38.867542,9.996239,32.947718
16.840000,0.020000,3.000000,4.000000,1.800000,15.000000,3.000000,0.261799,0.000000,0.000000,0.144519,8.280307,0.404558,23.179446,-0.060784,-3.482649,-0.260039,-14.899139,-0.144519,0.260039,26.015245,39.191409,22.056939,38.615344,23.838174,38.874573,10.049025,32.970391
16.860000,0.020000,3.000000,4.000000,1.800000,15.000000,3.000000,0.261799,0.000000,0.000000,0.143607,8.228099,0.403425,23.114573,-0.059851,-3.429238,-0.259818,-14.886474,-0.143607,0.259818,26.075035,39.196428,22.116203,38.623969,23.897674,38.881575,10.101849,32.993009
16.880000,0.020000,3.000000,4.000000,1.800000,15.000000,3.000000,0.261799,0.000000,0.000000,0.142710,8.176692,0.402296,23.049839,-0.058935,-3.376698,-0.259585,-14.873147,-0.142710,0.259585,26.134825,39.201447,22.175479,38.632541,23.957181,38.888548,10.154712,33.015573
16.900000,0.020000,3.000000,4.000000,1.800000,15.000000,3.000000,0.261799,0.000000,0.000000,0.141827,8.126071,0.401168,22.985243,-0.058033,-3.325026,-0.259341,-14.859173,-0.141827,0.259341,26.194614,39.206468,22.234776,38.641061,24.016703,38.895494,10.207622,33.038084
16.920000,0.020000,3.000000,4.000000,1.800000,15.000000,3.000000,0.261799,0.000000,0.000000,0.140957,8.076223,0.400043,22.920788,-0.057146,-3.274216,-0.259087,-14.844565,-0.140957,0.259087,26.254404,39.211490,22.294074,38.649528,24.076222,38.902410,10.260559,33.060538
16.940000,0.020000,3.000000,4.000000,1.800000,15.000000,3.000000,0.261799,0.000000,0.000000,0.140100,8.027137,0.398921,22.856474,-0.056274,-3.224266,-0.258821,-14.829337,-0.140100,0.258821,26.314193,39.216512,22.353382,38.657943,24.135746,38.909299,10.313534,33.082939
16.960000,0.020000,3.000000,4.000000,1.800000,15.000000,3.000000,0.261799,0.000000,0.000000,0.139256,7.978798,0.397801,22.792302,-0.055417,-3.175170,-0.258544,-14.813504,-0.139256,0.258544,26.373982,39.221536,22.412700,38.666309,24.195275,38.916161,10.366547,33.105285
16.980000,0.020000,3.000000,4.000000,1.800000,15.000000,3.000000,0.261799,0.000000,0.000000,0.138425,7.931195,0.396683,22.728273,-0.054575,-3.126922,-0.258258,-14.797078,-0.138425,0.258258,26.433772,39.226560,22.472028,38.674624,24.254810,38.922995,10.419597,33.127577
17.000000,0.020000,3.000000,4.000000,1.800000,15.000000,3.000000,0.261799,0.000000,0.000000,0.137607,7.884315,0.395568,22.664389,-0.053748,-3.079517,-0.257961,-14.780074,-0.137607,0.257961,26.493561,39.231586,22.531366,38.682891,24.314350,38.929803,10.472684,33.149814
17.020000,0.020000,3.000000,4.000000,1.800000,15.000000,3.000000,0.261799,0.000000,0.000000,0.136801,7.838144,0.394456,22.600650,-0.052935,-3.032949,-0.257654,-14.762505,-0.136801,0.257654,26.553350,39.236611,22.590713,38.691110,24.373896,38.936585,10.525808,33.171998
17.040000,0.020000,3.000000,4.000000,1.800000,15.000000,3.000000,0.261799,0.000000,0.000000,0.136008,7.792671,0.393346,22.537056,-0.052137,-2.987211,-0.257338,-14.744385,-0.136008,0.257338,26.613139,39.241637,22.650069,38.699281,24.433446,38.943341,10.578968,33.194127
17.060000,0.020000,3.000000,4.000000,1.800000,15.000000,3.000000,0.261799,0.000000,0.000000,0.135226,7.747884,0.392238,22.473609,-0.051353,-2.942296,-0.257012,-14.725725,-0.135226,0.257012,26.672928,39.246664,22.709445,38.707406,24.493012,38.950072,10.632177,33.216204
17.080000,0.020000,3.000000,4.000000,1.800000,15.000000,3.000000,0.261799,0.000000,0.000000,0.134456,7.703769,0.391134,22.410309,-0.050583,-2.898196,-0.256678,-14.706541,-0.134456,0.256678,26.732717,39.251690,22.768819,38.715485,24.552572,38.956777,10.685411,33.238226
17.100000,0.020000,3.000000,4.000000,1.800000,15.000000,3.000000,0.261799,0.000000,0.000000,0.133698,7.660314,0.390031,22.347158,-0.049827,-2.854905,-0.256334,-14.686844,-0.133698,0.256334,26.792506,39.256717,22.828201,38.723517,24.612137,38.963457,10.738681,33.260194
17.120000,0.020000,3.000000,4.000000,1.800000,15.000000,3.000000,0.261799,0.000000,0.000000,0.132951,7.617508,0.388932,22.284155,-0.049086,-2.812413,-0.255981,-14.666647,-0.132951,0.255981,26.852295,39.261743,22.887592,38.731505,24.671707,38.970112,10.791988,33.282108
17.140000,0.020000,3.000000,4.000000,1.800000,15.000000,3.000000,0.261799,0.000000,0.000000,0.132215,7.575339,0.387835,22.221301,-0.048358,-2.770714,-0.255620,-14.645962,-0.132215,0.255620,26.912085,39.266769,22.946991,38.739449,24.731281,38.976743,10.845330,33.303968
17.160000,0.020000,3.000000,4.000000,1.800000,15.000000,3.000000,0.261799,0.000000,0.000000,0.131490,7.533795,0.386740,22.158598,-0.047644,-2.729799,-0.255251,-14.624803,-0.131490,0.255251,26.971874,39.271794,23.006397,38.747350,24.790859,38.983350,10.898709,33.325775
17.180000,0.020000,3.000000,4.000000,1.800000,15.000000,3.000000,0.261799,0.000000,0.000000,0.130775,7.492863,0.385649,22.096045,-0.046943,-2.689658,-0.254874,-14.603182,-0.130775,0.254874,27.031663,39.276819,23.065812,38.755208,24.850442,38.989933,10.952123,33.347528
17.200000,0.020000,3.000000,4.000000,1.800000,15.000000,3.000000,0.261799,0.000000,0.000000,0.130071,7.452533,0.384560,22.033643,-0.046256,-2.650284,-0.254488,-14.581110,-0.130071,0.254488,27.091452,39.281843,23.125234,38.763023,24.910029,38.996492,11.005573,33.369227
17.220000,0.020000,3.000000,4.000000,1.800000,15.000000,3.000000,0.261799,0.000000,0.000000,0.129378,7.412793,0.383473,21.971393,-0.045582,-2.611667,-0.254095,-14.558600,-0.129378,0.254095,27.151242,39.286866,23.184664,38.770797,24.969620,39.003028,11.059058,33.390874
17.240000,0.020000,3.000000,4.000000,1.800000,15.000000,3.000000,0.261799,0.000000,0.000000,0.128694,7.373632,0.382389,21.909294,-0.044921,-2.573798,-0.253695,-14.535663,-0.128694,0.253695,27.211031,39.291888,23.244100,38.778530,25.029215,39.009541,11.112579,33.412466
17.260000,0.020000,3.000000,4.000000,1.800000,15.000000,3.000000,0.261799,0.000000,0.000000,0.128021,7.335038,0.381308,21.847349,-0.044273,-2.536668,-0.253288,-14.512311,-0.128021,0.253288,27.270821,39.296909,23.303554,38.786224,25.088824,39.016032,11.166145,33.434007
17.280000,0.020000,3.000000,4.000000,1.800000,15.000000,3.000000,0.261799,0.000000,0.000000,0.127357,7.297000,0.380230,21.785555,-0.043638,-2.500267,-0.252873,-14.488555,-0.127357,0.252873,27.330610,39.301928,23.363005,38.793877,25.148427,39.022500,11.219736,33.455493
17.300000,0.020000,3.000000,4.000000,1.800000,15.000000,3.000000,0.261799,0.000000,0.000000,0.126702,7.259508,0.379154,21.723916,-0.043015,-2.464586,-0.252452,-14.464407,-0.126702,0.252452,27.390400,39.306945,23.422463,38.801490,25.208034,39.028945,11.273361,33.476927
17.320000,0.020000,3.000000,4.000000,1.800000,15.000000,3.000000,0.261799,0.000000,0.000000,0.126057,7.222551,0.378081,21.662429,-0.042405,-2.429614,-0.252023,-14.439878,-0.126057,0.252023,27.450190,39.311960,23.481927,38.809065,25.267644,39.035368,11.327022,33.498307
17.340000,0.020000,3.000000,4.000000,1.800000,15.000000,3.000000,0.261799,0.000000,0.000000,0.125421,7.186118,0.377010,21.601097,-0.041807,-2.395343,-0.251589,-14.414979,-0.125421,0.251589,27.509980,39.316974,23.541397,38.816602,25.327258,39.041769,11.380716,33.519634
17.360000,0.020000,3.000000,4.000000,1.800000,15.000000,3.000000,0.261799,0.000000,0.000000,0.124794,7.150198,0.375942,21.539918,-0.041221,-2.361762,-0.251148,-14.389720,-0.124794,0.251148,27.569771,39.321985,23.600874,38.824101,25.386876,39.048148,11.434446,33.540908
17.380000,0.020000,3.000000,4.000000,1.800000,15.000000,3.000000,0.261799,0.000000,0.000000,0.124176,7.114782,0.374877,21.478894,-0.040646,-2.328862,-0.250701,-14.364113,-0.124176,0.250701,27.629561,39.326993,23.660356,38.831563,25.446497,39.054506,11.488209,33.562129
17.400000,0.020000,3.000000,4.000000,1.800000,15.000000,3.000000,0.261799,0.000000,0.000000,0.123567,7.079858,0.373815,21.418025,-0.040084,-2.296632,-0.250248,-14.338167,-0.123567,0.250248,27.689352,39.331999,23.719845,38.838988,25.506121,39.060843,11.542006,33.583298
17.420000,0.020000,3.000000,4.000000,1.800000,15.000000,3.000000,0.261799,0.000000,0.000000,0.122966,7.045418,0.372755,21.357311,-0.039533,-2.265062,-0.249790,-14.311893,-0.122966,0.249790,27.749143,39.337002,23.779340,38.846377,25.565749,39.067158,11.595837,33.604413
17.440000,0.020000,3.000000,4.000000,1.800000,15.000000,3.000000,0.261799,0.000000,0.000000,0.122373,7.011451,0.371698,21.296751,-0.038993,-2.234143,-0.249326,-14.285300,-0.122373,0.249326,27.808935,39.342003,23.838840,38.853731,25.625380,39.073453,11.649702,33.625477
17.460000,0.020000,3.000000,4.000000,1.800000,15.000000,3.000000,0.261799,0.000000,0.000000,0.121788,6.977948,0.370644,21.236347,-0.038465,-2.203864,-0.248856,-14.258400,-0.121788,0.248856,27.868726,39.347000,23.898346,38.861049,25.685014,39.079727,11.703601,33.646487
17.480000,0.020000,3.000000,4.000000,1.800000,15.000000,3.000000,0.261799,0.000000,0.000000,0.121211,6.944898,0.369593,21.176099,-0.037947,-2.174215,-0.248381,-14.231201,-0.121211,0.248381,27.928518,39.351993,23.957858,38.868333,25.744651,39.085980,11.757533,33.667446
17.500000,0.020000,3.000000,4.000000,1.800000,15.000000,3.000000,0.261799,0.000000,0.000000,0.120642,6.912293,0.368544,21.116005,-0.037441,-2.145186,-0.247902,-14.203713,-0.120642,0.247902,27.988310,39.356983,24.017375,38.875583,25.804292,39.092213,11.811498,33.688351
17.520000,0.020000,3.000000,4.000000,1.800000,15.000000,3.000000,0.261799,0.000000,0.000000,0.120081,6.880122,0.367498,21.056068,-0.036945,-2.116766,-0.247417,-14.175945,-0.120081,0.247417,28.048103,39.361970,24.076897,38.882799,25.863935,39.098425,11.865496,33.709205
17.540000,0.020000,3.000000,4.000000,1.800000,15.000000,3.000000,0.261799,0.000000,0.000000,0.119527,6.848378,0.366454,20.996286,-0.036459,-2.088947,-0.246928,-14.147908,-0.119527,0.246928,28.107895,39.366952,24.136435,38.889983,25.923592,39.104619,11.919537,33.730007
17.560000,0.020000,3.000000,4.000000,1.800000,15.000000,3.000000,0.261799,0.000000,0.000000,0.118980,6.817051,0.365414,20.936659,-0.035984,-2.061717,-0.246434,-14.119609,-0.118980,0.246434,28.167688,39.371930,24.195967,38.897132,25.983241,39.110791,11.973601,33.750757
17.580000,0.020000,3.000000,4.000000,1.800000,15.000000,3.000000,0.261799,0.000000,0.000000,0.118440,6.786132,0.364376,20.877189,-0.035519,-2.035068,-0.245935,-14.091057,-0.118440,0.245935,28.227482,39.376904,24.255504,38.904250,26.042894,39.116944,12.027697,33.771454
17.600000,0.020000,3.000000,4.000000,1.800000,15.000000,3.000000,0.261799,0.000000,0.000000,0.117908,6.755612,0.363340,20.817874,-0.035063,-2.008987,-0.245433,-14.062262,-0.117908,0.245433,28.287276,39.381874,24.315046,38.911335,26.102549,39.123078,12.081826,33.792099
17.620000,0.020000,3.000000,4.000000,1.800000,15.000000,3.000000,0.261799,0.000000,0.000000,0.117382,6.725484,0.362308,20.758715,-0.034618,-1.983467,-0.244926,-14.033232,-0.117382,0.244926,28.347070,39.386839,24.374593,38.918389,26.162207,39.129191,12.135987,33.812692
17.640000,0.020000,3.000000,4.000000,1.800000,15.000000,3.000000,0.261799,0.000000,0.000000,0.116863,6.695738,0.361278,20.699712,-0.034182,-1.958496,-0.244415,-14.003975,-0.116863,0.244415,28.406865,39.391799,24.434144,38.925411,26.221867,39.135286,12.190180,33.833234
17.660000,0.020000,3.000000,4.000000,1.800000,15.000000,3.000000,0.261799,0.000000,0.000000,0.116350,6.666366,0.360251,20.640865,-0.033756,-1.934066,-0.243901,-13.974499,-0.116350,0.243901,28.466660,39.396754,24.493700,38.932403,26.281531,39.141361,12.244405,33.853723
17.680000,0.020000,3.000000,4.000000,1.800000,15.000000,3.000000,0.261799,0.000000,0.000000,0.115844,6.637360,0.359227,20.582174,-0.033339,-1.910165,-0.243383,-13.944813,-0.115844,0.243383,28.526455,39.401704,24.553261,38.939364,26.341196,39.147417,12.298662,33.874161
17.700000,0.020000,3.000000,4.000000,1.800000,15.000000,3.000000,0.261799,0.000000,0.000000,0.115344,6.608713,0.358205,20.523638,-0.032931,-1.886785,-0.242861,-13.914924,-0.115344,0.242861,28.586251,39.406649,24.612826,38.946296,26.400865,39.153454,12.352951,33.894548
17.720000,0.020000,3.000000,4.000000,1.800000,15.000000,3.000000,0.261799,0.000000,0.000000,0.114850,6.580417,0.357186,20.465258,-0.032531,-1.863916,-0.242336,-13.884841,-0.114850,0.242336,28.646047,39.411588,24.672395,38.953197,26.460536,39.159473,12.407271,33.914883
17.740000,0.020000,3.000000,4.000000,1.800000,15.000000,3.000000,0.261799,0.000000,0.000000,0.114362,6.552463,0.356170,20.407033,-0.032141,-1.841548,-0.241808,-13.854570,-0.114362,0.241808,28.705844,39.416522,24.731968,38.960069,26.520210,39.165473,12.461622,33.935166
17.760000,0.020000,3.000000,4.000000,1.800000,15.000000,3.000000,0.261799,0.000000,0.000000,0.113880,6.524844,0.355156,20.348964,-0.031759,-1.819672,-0.241276,-13.824119,-0.113880,0.241276,28.765641,39.421449,24.791545,38.966913,26.579886,39.171454,12.516004,33.955399
17.780000,0.020000,3.000000,4.000000,1.800000,15.000000,3.000000,0.261799,0.000000,0.000000,0.113404,6.497554,0.354146,20.291050,-0.031386,-1.798278,-0.240742,-13.793496,-0.113404,0.240742,28.825439,39.426371,24.851126,38.973727,26.639564,39.177417,12.570418,33.975580
17.800000,0.020000,3.000000,4.000000,1.800000,15.000000,3.000000,0.261799,0.000000,0.000000,0.112933,6.470584,0.353138,20.233291,-0.031021,-1.777357,-0.240205,-13.762707,-0.112933,0.240205,28.885238,39.431287,24.910712,38.980514,26.699245,39.183361,12.624862,33.995710
17.820000,0.020000,3.000000,4.000000,1.800000,15.000000,3.000000,0.261799,0.000000,0.000000,0.112468,6.443928,0.352132,20.175688,-0.030664,-1.756899,-0.239664,-13.731759,-0.112468,0.239664,28.945036,39.436196,24.970301,38.987272,26.758929,39.189287,12.679337,34.015788
17.840000,0.020000,3.000000,4.000000,1.800000,15.000000,3.000000,0.261799,0.000000,0.000000,0.112008,6.417579,0.351130,20.118239,-0.030315,-1.736896,-0.239122,-13.700660,-0.112008,0.239122,29.004836,39.441099,25.029894,38.994003,26.818614,39.195195,12.733842,34.035816
17.860000,0.020000,3.000000,4.000000,1.800000,15.000000,3.000000,0.261799,0.000000,0.000000,0.111553,6.391530,0.350130,20.060945,-0.029973,-1.717339,-0.238576,-13.669415,-0.111553,0.238576,29.064636,39.445995,25.089490,39.000706,26.878302,39.201086,12.788378,34.055793
17.880000,0.020000,3.000000,4.000000,1.800000,15.000000,3.000000,0.261799,0.000000,0.000000,0.111104,6.365773,0.349132,20.003806,-0.029639,-1.698218,-0.238029,-13.638032,-0.111104,0.238029,29.124436,39.450884,25.149090,39.007382,26.937992,39.206958,12.842944,34.075719
17.900000,0.020000,3.000000,4.000000,1.800000,15.000000,3.000000,0.261799,0.000000,0.000000,0.110659,6.340304,0.348138,19.946821,-0.029313,-1.679524,-0.237479,-13.606517,-0.110659,0.237479,29.184237,39.455767,25.208694,39.014032,26.997685,39.212812,12.897540,34.095595
17.920000,0.020000,3.000000,4.000000,1.800000,15.000000,3.000000,0.261799,0.000000,0.000000,0.110220,6.315115,0.347146,19.889990,-0.028994,-1.661250,-0.236926,-13.574876,-0.110220,0.236926,29.244039,39.460642,25.268302,39.020655,27.057379,39.218649,12.952166,34.115420
17.940000,0.020000,3.000000,4.000000,1.800000,15.000000,3.000000,0.261799,0.000000,0.000000,0.109785,6.290200,0.346157,19.833314,-0.028682,-1.643386,-0.236372,-13.543114,-0.109785,0.236372,29.303841,39.465510,25.327913,39.027252,27.117076,39.224468,13.006821,34.135194
17.960000,0.020000,3.000000,4.000000,1.800000,15.000000,3.000000,0.261799,0.000000,0.000000,0.109355,6.265552,0.345170,19.776791,-0.028378,-1.625923,-0.235816,-13.511239,-0.109355,0.235816,29.363644,39.470371,25.387527,39.033823,27.176775,39.230269,13.061506,34.154918
17.980000,0.020000,3.000000,4.000000,1.800000,15.000000,3.000000,0.261799,0.000000,0.000000,0.108929,6.241167,0.344186,19.720422,-0.028080,-1.608854,-0.235257,-13.479255,-0.108929,0.235257,29.423447,39.475224,25.447155,39.040370,27.236486,39.236054,13.116231,34.174592
18.000000,0.020000,3.000000,4.000000,1.800000,15.000000,3.000000,0.261799,0.000000,0.000000,0.108508,6.217037,0.343205,19.664206,-0.027789,-1.592170,-0.234697,-13.447169,-0.108508,0.234697,29.483251,39.480070,25.506775,39.046890,27.296189,39.241821,13.170975,34.194216
18.020000,0.020000,3.000000,4.000000,1.800000,15.000000,3.000000,0.261799,0.000000,0.000000,0.108091,6.193158,0.342227,19.608144,-0.027504,-1.575862,-0.234136,-13.414986,-0.108091,0.234136,29.543056,39.484908,25.566400,39.053385,27.355895,39.247570,13.225748,34.213789
18.040000,0.020000,3.000000,4.000000,1.800000,15.000000,3.000000,0.261799,0.000000,0.000000,0.107678,6.169523,0.341251,19.552234,-0.027226,-1.559923,-0.233572,-13.382711,-0.107678,0.233572,29.602861,39.489738,25.626027,39.059856,27.415602,39.253303,13.280550,34.233311
18.060000,0.020000,3.000000,4.000000,1.800000,15.000000,3.000000,0.261799,0.000000,0.000000,0.107270,6.146127,0.340278,19.496477,-0.026954,-1.544345,-0.233008,-13.350350,-0.107270,0.233008,29.662667,39.494560,25.685657,39.066302,27.475311,39.259018,13.335381,34.252784
18.080000,0.020000,3.000000,4.000000,1.800000,15.000000,3.000000,0.261799,0.000000,0.000000,0.106866,6.122964,0.339307,19.440872,-0.026688,-1.529119,-0.232441,-13.317908,-0.106866,0.232441,29.722473,39.499374,25.745291,39.072723,27.535022,39.264716,13.390240,34.272207
18.100000,0.020000,3.000000,4.000000,1.800000,15.000000,3.000000,0.261799,0.000000,0.000000,0.106466,6.100030,0.338339,19.385420,-0.026428,-1.514238,-0.231874,-13.285389,-0.106466,0.231874,29.782281,39.504179,25.804927,39.079121,27.594735,39.270397,13.445128,34.291580
18.120000,0.020000,3.000000,4.000000,1.800000,15.000000,3.000000,0.261799,0.000000,0.000000,0.106069,6.077319,0.337374,19.330119,-0.026175,-1.499695,-0.231305,-13.252800,-0.106069,0.231305,29.842089,39.508976,25.864567,39.085494,27.654450,39.276061,13.500044,34.310904
18.140000,0.020000,3.000000,4.000000,1.800000,15.000000,3.000000,0.261799,0.000000,0.000000,0.105677,6.054827,0.336412,19.274970,-0.025927,-1.485482,-0.230735,-13.220144,-0.105677,0.230735,29.901897,39.513765,25.924209,39.091844,27.714168,39.281708,13.554989,34.330178
18.160000,0.020000,3.000000,4.000000,1.800000,15.000000,3.000000,0.261799,0.000000,0.000000,0.105288,6.032547,0.335452,19.219972,-0.025684,-1.471591,-0.230164,-13.187426,-0.105288,0.230164,29.961707,39.518545,25.983854,39.098171,27.773886,39.287339,13.609961,34.349402
18.180000,0.020000,3.000000,4.000000,1.800000,15.000000,3.000000,0.261799,0.000000,0.000000,0.104903,6.010475,0.334495,19.165126,-0.025447,-1.458015,-0.229592,-13.154650,-0.104903,0.229592,30.021517,39.523316,26.043502,39.104474,27.833607,39.292953,13.664962,34.368576
18.200000,0.020000,3.000000,4.000000,1.800000,15.000000,3.000000,0.261799,0.000000,0.000000,0.104521,5.988608,0.333540,19.110430,-0.025216,-1.444747,-0.229019,-13.121822,-0.104521,0.229019,30.081327,39.528078,26.103153,39.110755,27.893330,39.298550,13.719990,34.387702
18.220000,0.020000,3.000000,4.000000,1.800000,15.000000,3.000000,0.261799,0.000000,0.000000,0.104143,5.966939,0.332588,19.055884,-0.024989,-1.431781,-0.228445,-13.088946,-0.104143,0.228445,30.141139,39.532832,26.162807,39.117013,27.953054,39.304131,13.775046,34.406778
18.240000,0.020000,3.000000,4.000000,1.800000,15.000000,3.000000,0.261799,0.000000,0.000000,0.103768,5.945464,0.331639,19.001489,-0.024768,-1.419108,-0.227871,-13.056025,-0.103768,0.227871,30.200951,39.537576,26.222463,39.123248,28.012781,39.309695,13.830129,34.425805
18.260000,0.020000,3.000000,4.000000,1.800000,15.000000,3.000000,0.261799,0.000000,0.000000,0.103396,5.924180,0.330692,18.947243,-0.024552,-1.406722,-0.227295,-13.023064,-0.103396,0.227295,30.260764,39.542311,26.282122,39.129461,28.072509,39.315243,13.885240,34.444782
18.280000,0.020000,3.000000,4.000000,1.800000,15.000000,3.000000,0.261799,0.000000,0.000000,0.103028,5.903081,0.329748,18.893147,-0.024341,-1.394617,-0.226719,-12.990066,-0.103028,0.226719,30.320577,39.547037,26.341784,39.135652,28.132239,39.320775,13.940377,34.463711
18.300000,0.020000,3.000000,4.000000,1.800000,15.000000,3.000000,0.261799,0.000000,0.000000,0.102663,5.882164,0.328806,18.839201,-0.024134,-1.382786,-0.226143,-12.957037,-0.102663,0.226143,30.380392,39.551753,26.401448,39.141821,28.191970,39.326290,13.995542,34.482591
18.320000,0.020000,3.000000,4.000000,1.800000,15.000000,3.000000,0.261799,0.000000,0.000000,0.102301,5.861424,0.327867,18.785403,-0.023932,-1.371222,-0.225566,-12.923978,-0.102301,0.225566,30.440207,39.556460,26.461114,39.147968,28.251704,39.331789,14.050734,34.501422
18.340000,0.020000,3.000000,4.000000,1.800000,15.000000,3.000000,0.261799,0.000000,0.000000,0.101942,5.840858,0.326931,18.731753,-0.023735,-1.359919,-0.224989,-12.890895,-0.101942,0.224989,30.500023,39.561157,26.520784,39.154094,28.311439,39.337272,14.105952,34.520204
18.360000,0.020000,3.000000,4.000000,1.800000,15.000000,3.000000,0.261799,0.000000,0.000000,0.101586,5.820461,0.325997,18.678252,-0.023542,-1.348871,-0.224411,-12.857791,-0.101586,0.224411,30.559839,39.565845,26.580455,39.160198,28.371175,39.342739,14.161197,34.538937
18.380000,0.020000,3.000000,4.000000,1.800000,15.000000,3.000000,0.261799,0.000000,0.000000,0.101233,5.800230,0.325066,18.624899,-0.023354,-1.338072,-0.223833,-12.824669,-0.101233,0.223833,30.619657,39.570523,26.640129,39.166281,28.430914,39.348190,14.216468,34.557622
18.400000,0.020000,3.000000,4.000000,1.800000,15.000000,3.000000,0.261799,0.000000,0.000000,0.100883,5.780161,0.324137,18.571693,-0.023170,-1.327516,-0.223254,-12.791533,-0.100883,0.223254,30.679475,39.575191,26.699806,39.172343,28.490654,39.353624,14.271766,34.576259
18.420000,0.020000,3.000000,4.000000,1.800000,15.000000,3.000000,0.261799,0.000000,0.000000,0.100535,5.760250,0.323211,18.518635,-0.022989,-1.317196,-0.222676,-12.758385,-0.100535,0.222676,30.739294,39.579849,26.759485,39.178384,28.550396,39.359043,14.327090,34.594847
18.440000,0.020000,3.000000,4.000000,1.800000,15.000000,3.000000,0.261799,0.000000,0.000000,0.100191,5.740494,0.322288,18.465723,-0.022813,-1.307107,-0.222097,-12.725229,-0.100191,0.222097,30.799113,39.584497,26.819166,39.184404,28.610139,39.364446,14.382440,34.613387
18.460000,0.020000,3.000000,4.000000,1.800000,15.000000,3.000000,0.261799,0.000000,0.000000,0.099848,5.720889,0.321367,18.412958,-0.022641,-1.297244,-0.221518,-12.692069,-0.099848,0.221518,30.858934,39.589135,26.878850,39.190404,28.669884,39.369833,14.437815,34.631878
18.480000,0.020000,3.000000,4.000000,1.800000,15.000000,3.000000,0.261799,0.000000,0.000000,0.099509,5.701432,0.320448,18.360339,-0.022473,-1.287600,-0.220940,-12.658907,-0.099509,0.220940,30.918755,39.593763,26.938536,39.196384,28.729631,39.375204,14.493217,34.650322
18.500000,0.020000,3.000000,4.000000,1.800000,15.000000,3.000000,0.261799,0.000000,0.000000,0.099172,5.682119,0.319533,18.307866,-0.022308,-1.278171,-0.220361,-12.625746,-0.099172,0.220361,30.978577,39.598380,26.998224,39.202343,28.789379,39.380559,14.548644,34.668718
18.520000,0.020000,3.000000,4.000000,1.800000,15.000000,3.000000,0.261799,0.000000,0.000000,0.098837,5.662948,0.318619,18.255538,-0.022147,-1.268951,-0.219782,-12.592590,-0.098837,0.219782,31.038400,39.602988,27.057914,39.208282,28.849129,39.385899,14.604097,34.687065
18.540000,0.020000,3.000000,4.000000,1.800000,15.000000,3.000000,0.261799,0.000000,0.000000,0.098505,5.643916,0.317708,18.203356,-0.021990,-1.259934,-0.219204,-12.559440,-0.098505,0.219204,31.098224,39.607585,27.117607,39.214201,28.908881,39.391223,14.659574,34.705365
18.560000,0.020000,3.000000,4.000000,1.800000,15.000000,3.000000,0.261799,0.000000,0.000000,0.098175,5.625018,0.316800,18.151318,-0.021836,-1.251116,-0.218625,-12.526300,-0.098175,0.218625,31.158048,39.612171,27.177301,39.220100,28.968634,39.396532,14.715077,34.723617
18.580000,0.020000,3.000000,4.000000,1.800000,15.000000,3.000000,0.261799,0.000000,0.000000,0.097848,5.606253,0.315895,18.099425,-0.021686,-1.242491,-0.218047,-12.493172,-0.097848,0.218047,31.217873,39.616747,27.236998,39.225980,29.028388,39.401825,14.770605,34.741822
18.600000,0.020000,3.000000,4.000000,1.800000,15.000000,3.000000,0.261799,0.000000,0.000000,0.097522,5.587617,0.314991,18.047675,-0.021538,-1.234055,-0.217469,-12.460058,-0.097522,0.217469,31.277699,39.621312,27.296697,39.231840,29.088144,39.407102,14.826158,34.759978
18.620000,0.020000,3.000000,4.000000,1.800000,15.000000,3.000000,0.261799,0.000000,0.000000,0.097199,5.569108,0.314091,17.996070,-0.021394,-1.225803,-0.216891,-12.426962,-0.097199,0.216891,31.337526,39.625867,27.356398,39.237681,29.147902,39.412364,14.881736,34.778088
18.640000,0.020000,3.000000,4.000000,1.800000,15.000000,3.000000,0.261799,0.000000,0.000000,0.096878,5.550722,0.313192,17.944607,-0.021253,-1.217730,-0.216314,-12.393885,-0.096878,0.216314,31.397354,39.630411,27.416101,39.243502,29.207661,39.417611,14.937339,34.796150
18.660000,0.020000,3.000000,4.000000,1.800000,15.000000,3.000000,0.261799,0.000000,0.000000,0.096560,5.532458,0.312297,17.893288,-0.021116,-1.209831,-0.215737,-12.360830,-0.096560,0.215737,31.457182,39.634944,27.475806,39.249305,29.267422,39.422842,14.992966,34.814165
18.680000,0.020000,3.000000,4.000000,1.800000,15.000000,3.000000,0.261799,0.000000,0.000000,0.096243,5.514312,0.311404,17.842111,-0.020981,-1.202102,-0.215161,-12.327800,-0.096243,0.215161,31.517012,39.639466,27.535514,39.255088,29.327184,39.428058,15.048617,34.832133
18.700000,0.020000,3.000000,4.000000,1.800000,15.000000,3.000000,0.261799,0.000000,0.000000,0.095928,5.496281,0.310513,17.791077,-0.020849,-1.194539,-0.214585,-12.294795,-0.095928,0.214585,31.576842,39.643978,27.595223,39.260852,29.386947,39.433258,15.104292,34.850053
18.720000,0.020000,3.000000,4.000000,1.800000,15.000000,3.000000,0.261799,0.000000,0.000000,0.095616,5.478365,0.309625,17.740184,-0.020719,-1.187137,-0.214009,-12.261819,-0.095616,0.214009,31.636673,39.648478,27.654934,39.266598,29.446712,39.438444,15.159992,34.867927
18.740000,0.020000,3.000000,4.000000,1.800000,15.000000,3.000000,0.261799,0.000000,0.000000,0.095305,5.460559,0.308739,17.689433,-0.020593,-1.179891,-0.213434,-12.228874,-0.095305,0.213434,31.696505,39.652968,27.714647,39.272325,29.506479,39.443614,15.215715,34.885754
18.760000,0.020000,3.000000,4.000000,1.800000,15.000000,3.000000,0.261799,0.000000,0.000000,0.094996,5.442862,0.307856,17.638823,-0.020469,-1.172798,-0.212860,-12.195961,-0.094996,0.212860,31.756337,39.657446,27.774372,39.278034,29.566256,39.448770,15.271473,34.903534
18.780000,0.020000,3.000000,4.000000,1.800000,15.000000,3.000000,0.261799,0.000000,0.000000,0.094689,5.425271,0.306975,17.588353,-0.020348,-1.165854,-0.212286,-12.163082,-0.094689,0.212286,31.816171,39.661914,27.834089,39.283724,29.626026,39.453910,15.327244,34.921268
18.800000,0.020000,3.000000,4.000000,1.800000,15.000000,3.000000,0.261799,0.000000,0.000000,0.094384,5.407785,0.306096,17.538024,-0.020229,-1.159055,-0.211713,-12.130240,-0.094384,0.211713,31.876005,39.666370,27.893808,39.289396,29.685796,39.459034,15.383039,34.938954
18.820000,0.020000,3.000000,4.000000,1.800000,15.000000,3.000000,0.261799,0.000000,0.000000,0.094080,5.390400,0.305220,17.487835,-0.020113,-1.152396,-0.211140,-12.097435,-0.094080,0.211140,31.935840,39.670815,27.953529,39.295049,29.745569,39.464144,15.438857,34.956595
18.840000,0.020000,3.000000,4.000000,1.800000,15.000000,3.000000,0.261799,0.000000,0.000000,0.093779,5.373115,0.304347,17.437786,-0.019999,-1.145874,-0.210568,-12.064671,-0.093779,0.210568,31.995676,39.675249,28.013251,39.300685,29.805342,39.469239,15.494698,34.974188
18.860000,0.020000,3.000000,4.000000,1.800000,15.000000,3.000000,0.261799,0.000000,0.000000,0.093479,5.355928,0.303476,17.387876,-0.019888,-1.139486,-0.209997,-12.031948,-0.093479,0.209997,32.055513,39.679672,28.072976,39.306302,29.865117,39.474319,15.550563,34.991736
18.880000,0.020000,3.000000,4.000000,1.800000,15.000000,3.000000,0.261799,0.000000,0.000000,0.093180,5.338837,0.302607,17.338105,-0.019779,-1.133227,-0.209427,-11.999267,-0.093180,0.209427,32.115350,39.684084,28.132702,39.311902,29.924893,39.479383,15.606451,35.009237
18.900000,0.020000,3.000000,4.000000,1.800000,15.000000,3.000000,0.261799,0.000000,0.000000,0.092884,5.321840,0.301741,17.288472,-0.019672,-1.127095,-0.208857,-11.966632,-0.092884,0.208857,32.175189,39.688484,28.192430,39.317483,29.984671,39.484433,15.662362,35.026692
18.920000,0.020000,3.000000,4.000000,1.800000,15.000000,3.000000,0.261799,0.000000,0.000000,0.092589,5.304934,0.300877,17.238977,-0.019567,-1.121085,-0.208288,-11.934043,-0.092589,0.208288,32.235028,39.692873,28.252160,39.323047,30.044450,39.489469,15.718295,35.044101
18.940000,0.020000,3.000000,4.000000,1.800000,15.000000,3.000000,0.261799,0.000000,0.000000,0.092295,5.288119,0.300015,17.189620,-0.019464,-1.115195,-0.207720,-11.901501,-0.092295,0.207720,32.294868,39.697250,28.311891,39.328593,30.104230,39.494489,15.774251,35.061464
18.960000,0.020000,3.000000,4.000000,1.800000,15.000000,3.000000,0.261799,0.000000,0.000000,0.092003,5.271392,0.299156,17.140401,-0.019363,-1.109420,-0.207153,-11.869008,-0.092003,0.207153,32.354709,39.701616,28.371625,39.334122,30.164012,39.499494,15.830230,35.078781
18.980000,0.020000,3.000000,4.000000,1.800000,15.000000,3.000000,0.261799,0.000000,0.000000,0.091713,5.254752,0.298300,17.091318,-0.019264,-1.103758,-0.206587,-11.836566,-0.091713,0.206587,32.414551,39.705971,28.431360,39.339634,30.223795,39.504485,15.886231,35.096053
19.000000,0.020000,3.000000,4.000000,1.800000,15.000000,3.000000,0.261799,0.000000,0.000000,0.091424,5.238197,0.297446,17.042372,-0.019167,-1.098207,-0.206022,-11.804176,-0.091424,0.206022,32.474394,39.710314,28.491096,39.345128,30.283579,39.509461,15.942255,35.113279
19.020000,0.020000,3.000000,4.000000,1.800000,15.000000,3.000000,0.261799,0.000000,0.000000,0.091136,5.221725,0.296594,16.993563,-0.019072,-1.092761,-0.205457,-11.771838,-0.091136,0.205457,32.534237,39.714645,28.550835,39.350604,30.343365,39.514423,15.998301,35.130459
19.040000,0.020000,3.000000,4.000000,1.800000,15.000000,3.000000,0.261799,0.000000,0.000000,0.090850,5.205334,0.295744,16.944889,-0.018979,-1.087419,-0.204894,-11.739555,-0.090850,0.204894,32.594081,39.718965,28.610575,39.356064,30.403152,39.519370,16.054369,35.147594
19.060000,0.020000,3.000000,4.000000,1.800000,15.000000,3.000000,0.261799,0.000000,0.000000,0.090566,5.189024,0.294897,16.896351,-0.018888,-1.082178,-0.204331,-11.707327,-0.090566,0.204331,32.653926,39.723274,28.670317,39.361507,30.462940,39.524302,16.110458,35.164683
19.080000,0.020000,3.000000,4.000000,1.800000,15.000000,3.000000,0.261799,0.000000,0.000000,0.090282,5.172792,0.294052,16.847948,-0.018798,-1.077035,-0.203770,-11.675155,-0.090282,0.203770,32.713772,39.727571,28.730060,39.366932,30.522729,39.529219,16.166570,35.181727
19.100000,0.020000,3.000000,4.000000,1.800000,15.000000,3.000000,0.261799,0.000000,0.000000,0.090000,5.156638,0.293210,16.799679,-0.018710,-1.071987,-0.203209,-11.643042,-0.090000,0.203209,32.773619,39.731856,28.789805,39.372341,30.582520,39.534123,16.222703,35.198726
19.120000,0.020000,3.000000,4.000000,1.800000,15.000000,3.000000,0.261799,0.000000,0.000000,0.089720,5.140559,0.292370,16.751545,-0.018623,-1.067032,-0.202650,-11.610986,-0.089720,0.202650,32.833467,39.736130,28.849552,39.377733,30.642312,39.539011,16.278858,35.215680
19.140000,0.020000,3.000000,4.000000,1.800000,15.000000,3.000000,0.261799,0.000000,0.000000,0.089440,5.124554,0.291532,16.703545,-0.018538,-1.062166,-0.202092,-11.578991,-0.089440,0.202092,32.893315,39.740392,28.909300,39.383108,30.702106,39.543886,16.335035,35.232589
19.160000,0.020000,3.000000,4.000000,1.800000,15.000000,3.000000,0.261799,0.000000,0.000000,0.089162,5.108623,0.290696,16.655679,-0.018455,-1.057387,-0.201534,-11.547056,-0.089162,0.201534,32.953164,39.744643,28.969050,39.388466,30.761900,39.548745,16.391233,35.249453
19.180000,0.020000,3.000000,4.000000,1.800000,15.000000,3.000000,0.261799,0.000000,0.000000,0.088885,5.092763,0.289863,16.607946,-0.018373,-1.052693,-0.200978,-11.515183,-0.088885,0.200978,33.013014,39.748882,29.028802,39.393808,30.821696,39.553591,16.447452,35.266272
19.200000,0.020000,3.000000,4.000000,1.800000,15.000000,3.000000,0.261799,0.000000,0.000000,0.088610,5.076973,0.289033,16.560346,-0.018292,-1.048081,-0.200423,-11.483373,-0.088610,0.200423,33.072865,39.753109,29.088555,39.399133,30.881493,39.558422,16.503692,35.283046
19.220000,0.020000,3.000000,4.000000,1.800000,15.000000,3.000000,0.261799,0.000000,0.000000,0.088336,5.061253,0.288204,16.512878,-0.018213,-1.043549,-0.199869,-11.451625,-0.088336,0.199869,33.132717,39.757325,29.148309,39.404442,30.941291,39.563239,16.559953,35.299776
19.240000,0.020000,3.000000,4.000000,1.800000,15.000000,3.000000,0.261799,0.000000,0.000000,0.088062,5.045601,0.287378,16.465543,-0.018136,-1.039095,-0.199316,-11.419942,-0.088062,0.199316,33.192570,39.761529,29.208066,39.409734,31.001091,39.568041,16.616235,35.316461
19.260000,0.020000,3.000000,4.000000,1.800000,15.000000,3.000000,0.261799,0.000000,0.000000,0.087790,5.030015,0.286554,16.418339,-0.018059,-1.034716,-0.198764,-11.388324,-0.087790,0.198764,33.252423,39.765721,29.267823,39.415010,31.060891,39.572830,16.672538,35.333102
19.280000,0.020000,3.000000,4.000000,1.800000,15.000000,3.000000,0.261799,0.000000,0.000000,0.087519,5.014495,0.285733,16.371267,-0.017984,-1.030410,-0.198213,-11.356772,-0.087519,0.198213,33.312277,39.769901,29.327582,39.420270,31.120693,39.577604,16.728861,35.349699
19.300000,0.020000,3.000000,4.000000,1.800000,15.000000,3.000000,0.261799,0.000000,0.000000,0.087250,4.999040,0.284913,16.324326,-0.017910,-1.026175,-0.197664,-11.325286,-0.087250,0.197664,33.372132,39.774070,29.387343,39.425513,31.180496,39.582364,16.785205,35.366251
19.320000,0.020000,3.000000,4.000000,1.800000,15.000000,3.000000,0.261799,0.000000,0.000000,0.086981,4.983648,0.284096,16.277515,-0.017837,-1.022009,-0.197115,-11.293867,-0.086981,0.197115,33.431988,39.778227,29.447105,39.430741,31.240300,39.587109,16.841570,35.382759
19.340000,0.020000,3.000000,4.000000,1.800000,15.000000,3.000000,0.261799,0.000000,0.000000,0.086714,4.968319,0.283282,16.230835,-0.017766,-1.017909,-0.196568,-11.262516,-0.086714,0.196568,33.491845,39.782372,29.506869,39.435952,31.300106,39.591841,16.897955,35.399223
19.360000,0.020000,3.000000,4.000000,1.800000,15.000000,3.000000,0.261799,0.000000,0.000000,0.086447,4.953051,0.282469,16.184285,-0.017695,-1.013875,-0.196022,-11.231234,-0.086447,0.196022,33.551702,39.786506,29.566634,39.441148,31.359912,39.596559,16.954360,35.415643
19.380000,0.020000,3.000000,4.000000,1.800000,15.000000,3.000000,0.261799,0.000000,0.000000,0.086182,4.937844,0.281659,16.137864,-0.017626,-1.009903,-0.195477,-11.200020,-0.086182,0.195477,33.611560,39.790628,29.626401,39.446327,31.419720,39.601262,17.010785,35.432020
19.400000,0.020000,3.000000,4.000000,1.800000,15.000000,3.000000,0.261799,0.000000,0.000000,0.085917,4.922696,0.280851,16.091572,-0.017558,-1.005993,-0.194934,-11.168876,-0.085917,0.194934,33.671419,39.794738,29.686169,39.451491,31.479529,39.605952,17.067230,35.448352
19.420000,0.020000,3.000000,4.000000,1.800000,15.000000,3.000000,0.261799,0.000000,0.000000,0.085654,4.907607,0.280045,16.045410,-0.017491,-1.002141,-0.194391,-11.137803,-0.085654,0.194391,33.731279,39.798836,29.745938,39.456639,31.539339,39.610628,17.123695,35.464641
19.440000,0.020000,3.000000,4.000000,1.800000,15.000000,3.000000,0.261799,0.000000,0.000000,0.085392,4.892576,0.279242,15.999376,-0.017424,-0.998348,-0.193850,-11.106800,-0.085392,0.193850,33.791140,39.802923,29.805709,39.461771,31.599150,39.615289,17.180180,35.480886
19.460000,0.020000,3.000000,4.000000,1.800000,15.000000,3.000000,0.261799,0.000000,0.000000,0.085130,4.877601,0.278441,15.953470,-0.017359,-0.994609,-0.193310,-11.075868,-0.085130,0.193310,33.851001,39.806998,29.865481,39.466888,31.658963,39.619937,17.236684,35.497088
19.480000,0.020000,3.000000,4.000000,1.800000,15.000000,3.000000,0.261799,0.000000,0.000000,0.084870,4.862683,0.277642,15.907691,-0.017295,-0.990925,-0.192772,-11.045009,-0.084870,0.192772,33.910864,39.811061,29.925255,39.471989,31.718776,39.624571,17.293208,35.513246
19.500000,0.020000,3.000000,4.000000,1.800000,15.000000,3.000000,0.261799,0.000000,0.000000,0.084610,4.847820,0.276845,15.862040,-0.017232,-0.987294,-0.192234,-11.014221,-0.084610,0.192234,33.970727,39.815112,29.985030,39.477074,31.778591,39.629191,17.349752,35.529361
19.520000,0.020000,3.000000,4.000000,1.800000,15.000000,3.000000,0.261799,0.000000,0.000000,0.084352,4.833011,0.276050,15.816517,-0.017169,-0.983713,-0.191698,-10.983506,-0.084352,0.191698,34.030591,39.819152,30.044807,39.482144,31.838407,39.633797,17.406315,35.545433
19.540000,0.020000,3.000000,4.000000,1.800000,15.000000,3.000000,0.261799,0.000000,0.000000,0.084094,4.818256,0.275258,15.771119,-0.017107,-0.980182,-0.191164,-10.952863,-0.084094,0.191164,34.090455,39.823180,30.104584,39.487198,31.898224,39.638390,17.462897,35.561462
19.560000,0.020000,3.000000,4.000000,1.800000,15.000000,3.000000,0.261799,0.000000,0.000000,0.083838,4.803554,0.274468,15.725849,-0.017047,-0.976698,-0.190630,-10.922295,-0.083838,0.190630,34.150321,39.827196,30.164364,39.492237,31.958042,39.642968,17.519498,35.577447
19.580000,0.020000,3.000000,4.000000,1.800000,15.000000,3.000000,0.261799,0.000000,0.000000,0.083582,4.788904,0.273680,15.680704,-0.016987,-0.973261,-0.190098,-10.891800,-0.083582,0.190098,34.210187,39.831201,30.224144,39.497261,32.017861,39.647533,17.576118,35.593390
19.600000,0.020000,3.000000,4.000000,1.800000,15.000000,3.000000,0.261799,0.000000,0.000000,0.083327,4.774306,0.272894,15.635685,-0.016927,-0.969869,-0.189567,-10.861378,-0.083327,0.189567,34.270054,39.835193,30.283926,39.502269,32.077681,39.652085,17.632757,35.609290
19.620000,0.020000,3.000000,4.000000,1.800000,15.000000,3.000000,0.261799,0.000000,0.000000,0.083073,4.759759,0.272111,15.590791,-0.016869,-0.966521,-0.189037,-10.831032,-0.083073,0.189037,34.329922,39.839175,30.343709,39.507262,32.137502,39.656622,17.689415,35.625147
19.640000,0.020000,3.000000,4.000000,1.800000,15.000000,3.000000,0.261799,0.000000,0.000000,0.082820,4.745262,0.271329,15.546022,-0.016811,-0.963214,-0.188509,-10.800760,-0.082820,0.188509,34.389790,39.843144,30.403494,39.512240,32.197324,39.661147,17.746092,35.640962
19.660000,0.020000,3.000000,4.000000,1.800000,15.000000,3.000000,0.261799,0.000000,0.000000,0.082568,4.730814,0.270550,15.501377,-0.016754,-0.959949,-0.187982,-10.770563,-0.082568,0.187982,34.449659,39.847102,30.463280,39.517203,32.257148,39.665657,17.802787,35.656734
19.680000,0.020000,3.000000,4.000000,1.800000,15.000000,3.000000,0.261799,0.000000,0.000000,0.082317,4.716416,0.269773,15.456857,-0.016698,-0.956723,-0.187456,-10.740441,-0.082317,0.187456,34.509530,39.851048,30.523067,39.522151,32.316972,39.670154,17.859501,35.672464
19.700000,0.020000,3.000000,4.000000,1.800000,15.000000,3.000000,0.261799,0.000000,0.000000,0.082067,4.702065,0.268998,15.412460,-0.016642,-0.953536,-0.186932,-10.710395,-0.082067,0.186932,34.569400,39.854982,30.582856,39.527084,32.376798,39.674638,17.916233,35.688151
19.720000,0.020000,3.000000,4.000000,1.800000,15.000000,3.000000,0.261799,0.000000,0.000000,0.081817,4.687763,0.268225,15.368187,-0.016587,-0.950387,-0.186409,-10.680424,-0.081817,0.186409,34.629272,39.858905,30.642645,39.532001,32.436624,39.679107,17.972984,35.703796
19.740000,0.020000,3.000000,4.000000,1.800000,15.000000,3.000000,0.261799,0.000000,0.000000,0.081568,4.673508,0.267455,15.324037,-0.016533,-0.947273,-0.185887,-10.650529,-0.081568,0.185887,34.689144,39.862816,30.702436,39.536904,32.496452,39.683564,18.029752,35.719399
19.760000,0.020000,3.000000,4.000000,1.800000,15.000000,3.000000,0.261799,0.000000,0.000000,0.081320,4.659300,0.266686,15.280010,-0.016479,-0.944194,-0.185366,-10.620711,-0.081320,0.185366,34.749018,39.866715,30.762229,39.541792,32.556280,39.688007,18.086539,35.734959
19.780000,0.020000,3.000000,4.000000,1.800000,15.000000,3.000000,0.261799,0.000000,0.000000,0.081073,4.645137,0.265920,15.236106,-0.016426,-0.941150,-0.184847,-10.590969,-0.081073,0.184847,34.808892,39.870603,30.822022,39.546665,32.616110,39.692437,18.143344,35.750478
19.800000,0.020000,3.000000,4.000000,1.800000,15.000000,3.000000,0.261799,0.000000,0.000000,0.080827,4.631021,0.265156,15.192323,-0.016374,-0.938138,-0.184330,-10.561303,-0.080827,0.184330,34.868766,39.874479,30.881817,39.551524,32.675941,39.696853,18.200167,35.765955
19.820000,0.020000,3.000000,4.000000,1.800000,15.000000,3.000000,0.261799,0.000000,0.000000,0.080581,4.616949,0.264394,15.148663,-0.016322,-0.935158,-0.183813,-10.531713,-0.080581,0.183813,34.928642,39.878343,30.941613,39.556367,32.735773,39.701256,18.257007,35.781390
19.840000,0.020000,3.000000,4.000000,1.800000,15.000000,3.000000,0.261799,0.000000,0.000000,0.080336,4.602923,0.263634,15.105123,-0.016270,-0.932210,-0.183298,-10.502201,-0.080336,0.183298,34.988518,39.882196,31.001411,39.561196,32.795605,39.705646,18.313865,35.796783
19.860000,0.020000,3.000000,4.000000,1.800000,15.000000,3.000000,0.261799,0.000000,0.000000,0.080092,4.588940,0.262876,15.061705,-0.016219,-0.929291,-0.182784,-10.472765,-0.080092,0.182784,35.048395,39.886037,31.061209,39.566011,32.855439,39.710022,18.370741,35.812135
19.880000,0.020000,3.000000,4.000000,1.800000,15.000000,3.000000,0.261799,0.000000,0.000000,0.079849,4.575001,0.262121,15.018408,-0.016169,-0.926401,-0.182272,-10.443406,-0.079849,0.182272,35.108272,39.889867,31.121009,39.570810,32.915274,39.714386,18.427635,35.827445
19.900000,0.020000,3.000000,4.000000,1.800000,15.000000,3.000000,0.261799,0.000000,0.000000,0.079606,4.561106,0.261367,14.975231,-0.016119,-0.923539,-0.181761,-10.414125,-0.079606,0.181761,35.168151,39.893685,31.180810,39.575596,32.975110,39.718736,18.484545,35.842714
19.920000,0.020000,3.000000,4.000000,1.800000,15.000000,3.000000,0.261799,0.000000,0.000000,0.079365,4.547254,0.260616,14.932174,-0.016069,-0.920705,-0.181251,-10.384920,-0.079365,0.181251,35.228030,39.897492,31.240612,39.580366,33.034946,39.723073,18.541473,35.857942
19.940000,0.020000,3.000000,4.000000,1.800000,15.000000,3.000000,0.261799,0.000000,0.000000,0.079124,4.533444,0.259866,14.889236,-0.016020,-0.917897,-0.180743,-10.355793,-0.079124,0.180743,35.287910,39.901287,31.300416,39.585123,33.094784,39.727396,18.598419,35.873128
19.960000,0.020000,3.000000,4.000000,1.800000,15.000000,3.000000,0.261799,0.000000,0.000000,0.078883,4.519676,0.259119,14.846418,-0.015972,-0.915115,-0.180236,-10.326743,-0.078883,0.180236,35.347790,39.905071,31.360220,39.589865,33.154623,39.731707,18.655381,35.888273
19.980000,0.020000,3.000000,4.000000,1.800000,15.000000,3.000000,0.261799,0.000000,0.000000,0.078644,4.505950,0.258374,14.803720,-0.015924,-0.912357,-0.179730,-10.297770,-0.078644,0.179730,35.407672,39.908843,31.420026,39.594592,33.214463,39.736005,18.712361,35.903377
20.000000,0.020000,3.000000,4.000000,1.800000,15.000000,3.000000,0.261799,0.000000,0.000000,0.078405,4.492265,0.257630,14.761139,-0.015876,-0.909624,-0.179226,-10.268875,-0.078405,0.179226,35.467554,39.912604,31.479833,39.599305,33.274303,39.740289,18.769357,35.918440
20.020000,0.020000,3.000000,4.000000,1.800000,15.000000,3.000000,0.261799,0.000000,0.000000,0.078167,4.478621,0.256889,14.718678,-0.015829,-0.906913,-0.178723,-10.240056,-0.078167,0.178723,35.527436,39.916353,31.539641,39.604004,33.334145,39.744561,18.826370,35.933462
20.040000,0.020000,3.000000,4.000000,1.800000,15.000000,3.000000,0.261799,0.000000,0.000000,0.077929,4.465018,0.256150,14.676334,-0.015782,-0.904226,-0.178221,-10.211316,-0.077929,0.178221,35.587320,39.920091,31.599451,39.608689,33.393988,39.748819,18.883400,35.948444
20.060000,0.020000,3.000000,4.000000,1.800000,15.000000,3.000000,0.261799,0.000000,0.000000,0.077693,4.451455,0.255413,14.634108,-0.015735,-0.901560,-0.177721,-10.182653,-0.077693,0.177721,35.647204,39.923818,31.659261,39.613359,33.453831,39.753065,18.940447,35.963384
20.080000,0.020000,3.000000,4.000000,1.800000,15.000000,3.000000,0.261799,0.000000,0.000000,0.077457,4.437932,0.254678,14.591999,-0.015689,-0.898916,-0.177222,-10.154067,-0.077457,0.177222,35.707089,39.927533,31.719073,39.618015,33.513676,39.757298,18.997510,35.978284
20.100000,0.020000,3.000000,4.000000,1.800000,15.000000,3.000000,0.261799,0.000000,0.000000,0.077221,4.424449,0.253946,14.550007,-0.015643,-0.896292,-0.176724,-10.125558,-0.077221,0.176724,35.766974,39.931236,31.778885,39.622658,33.573521,39.761518,19.054590,35.993144
20.120000,0.020000,3.000000,4.000000,1.800000,15.000000,3.000000,0.261799,0.000000,0.000000,0.076987,4.411005,0.253215,14.508133,-0.015598,-0.893688,-0.176228,-10.097127,-0.076987,0.176228,35.826861,39.934929,31.838699,39.627286,33.633368,39.765725,19.111686,36.007963
20.140000,0.020000,3.000000,4.000000,1.800000,15.000000,3.000000,0.261799,0.000000,0.000000,0.076753,4.397601,0.252486,14.466374,-0.015553,-0.891103,-0.175733,-10.068773,-0.076753,0.175733,35.886748,39.938610,31.898514,39.631900,33.693215,39.769919,19.168799,36.022742
20.160000,0.020000,3.000000,4.000000,1.800000,15.000000,3.000000,0.261799,0.000000,0.000000,0.076519,4.384235,0.251759,14.424732,-0.015508,-0.888537,-0.175240,-10.040497,-0.076519,0.175240,35.946635,39.942279,31.958330,39.636500,33.753063,39.774100,19.225927,36.037481
20.180000,0.020000,3.000000,4.000000,1.800000,15.000000,3.000000,0.261799,0.000000,0.000000,0.076287,4.370907,0.251034,14.383205,-0.015463,-0.885990,-0.174748,-10.012298,-0.076287,0.174748,36.006524,39.945938,32.018148,39.641086,33.812912,39.778269,19.283072,36.052180
20.200000,0.020000,3.000000,4.000000,1.800000,15.000000,3.000000,0.261799,0.000000,0.000000,0.076055,4.357618,0.250312,14.341794,-0.015419,-0.883460,-0.174257,-9.984176,-0.076055,0.174257,36.066413,39.949585,32.077976,39.645659,33.872773,39.782426,19.340243,36.066839
20.220000,0.020000,3.000000,4.000000,1.800000,15.000000,3.000000,0.261799,0.000000,0.000000,0.075824,4.344367,0.249591,14.300497,-0.015375,-0.880947,-0.173767,-9.956131,-0.075824,0.173767,36.126303,39.953221,32.137795,39.650217,33.932624,39.786569,19.397420,36.081458
20.240000,0.020000,3.000000,4.000000,1.800000,15.000000,3.000000,0.261799,0.000000,0.000000,0.075593,4.331153,0.248872,14.259316,-0.015332,-0.878450,-0.173279,-9.928163,-0.075593,0.173279,36.186193,39.956845,32.197616,39.654762,33.992475,39.790699,19.454612,36.096036
20.260000,0.020000,3.000000,4.000000,1.800000,15.000000,3.000000,0.261799,0.000000,0.000000,0.075363,4.317977,0.248155,14.218249,-0.015289,-0.875970,-0.172792,-9.900272,-0.075363,0.172792,36.246084,39.960459,32.257437,39.659293,34.052328,39.794817,19.511821,36.110575
20.280000,0.020000,3.000000,4.000000,1.800000,15.000000,3.000000,0.261799,0.000000,0.000000,0.075134,4.304838,0.247440,14.177296,-0.015246,-0.873505,-0.172307,-9.872458,-0.075134,0.172307,36.305976,39.964061,32.317260,39.663810,34.112182,39.798923,19.569045,36.125075
20.300000,0.020000,3.000000,4.000000,1.800000,15.000000,3.000000,0.261799,0.000000,0.000000,0.074905,4.291736,0.246728,14.136457,-0.015203,-0.871055,-0.171823,-9.844721,-0.074905,0.171823,36.365868,39.967652,32.377084,39.668313,34.172037,39.803016,19.626285,36.139534
20.320000,0.020000,3.000000,4.000000,1.800000,15.000000,3.000000,0.261799,0.000000,0.000000,0.074677,4.278670,0.246017,14.095731,-0.015160,-0.868621,-0.171340,-9.817061,-0.074677,0.171340,36.425761,39.971232,32.436909,39.672802,34.231892,39.807096,19.683540,36.153955
20.340000,0.020000,3.000000,4.000000,1.800000,15.000000,3.000000,0.261799,0.000000,0.000000,0.074449,4.265641,0.245308,14.055119,-0.015118,-0.866200,-0.170859,-9.789477,-0.074449,0.170859,36.485655,39.974801,32.496735,39.677278,34.291749,39.811164,19.740810,36.168335
20.360000,0.020000,3.000000,4.000000,1.800000,15.000000,3.000000,0.261799,0.000000,0.000000,0.074223,4.252649,0.244601,14.014619,-0.015076,-0.863793,-0.170379,-9.761970,-0.074223,0.170379,36.545550,39.978359,32.556562,39.681741,34.351606,39.815219,19.798096,36.182677
20.380000,0.020000,3.000000,4.000000,1.800000,15.000000,3.000000,0.261799,0.000000,0.000000,0.073997,4.239693,0.243896,13.974232,-0.015034,-0.861400,-0.169900,-9.734539,-0.073997,0.169900,36.605445,39.981906,32.616390,39.686189,34.411464,39.819262,19.855398,36.196979
20.400000,0.020000,3.000000,4.000000,1.800000,15.000000,3.000000,0.261799,0.000000,0.000000,0.073771,4.226772,0.243193,13.933957,-0.014993,-0.859019,-0.169422,-9.707185,-0.073771,0.169422,36.665340,39.985441,32.676219,39.690625,34.471323,39.823292,19.912714,36.211243
20.420000,0.020000,3.000000,4.000000,1.800000,15.000000,3.000000,0.261799,0.000000,0.000000,0.073546,4.213887,0.242492,13.893794,-0.014951,-0.856652,-0.168946,-9.679907,-0.073546,0.168946,36.725237,39.988966,32.736049,39.695046,34.531183,39.827310,19.970045,36.225467
20.440000,0.020000,3.000000,4.000000,1.800000,15.000000,3.000000,0.261799,0.000000,0.000000,0.073322,4.201038,0.241793,13.853743,-0.014910,-0.854296,-0.168471,-9.652705,-0.073322,0.168471,36.785134,39.992480,32.795880,39.699455,34.591044,39.831316,20.027392,36.239652
20.460000,0.020000,3.000000,4.000000,1.800000,15.000000,3.000000,0.261799,0.000000,0.000000,0.073098,4.188224,0.241096,13.813803,-0.014869,-0.851953,-0.167998,-9.625579,-0.073098,0.167998,36.845031,39.995983,32.855712,39.703850,34.650905,39.835309,20.084753,36.253798
20.480000,0.020000,3.000000,4.000000,1.800000,15.000000,3.000000,0.261799,0.000000,0.000000,0.072875,4.175445,0.240401,13.773974,-0.014829,-0.849621,-0.167526,-9.598529,-0.072875,0.167526,36.904930,39.999474,32.915545,39.708231,34.710768,39.839290,20.142130,36.267906
20.500000,0.020000,3.000000,4.000000,1.800000,15.000000,3.000000,0.261799,0.000000,0.000000,0.072653,4.162701,0.239708,13.734255,-0.014788,-0.847301,-0.167055,-9.571554,-0.072653,0.167055,36.964829,40.002955,32.975379,39.712599,34.770631,39.843259,20.199521,36.281975
20.520000,0.020000,3.000000,4.000000,1.800000,15.000000,3.000000,0.261799,0.000000,0.000000,0.072431,4.149992,0.239017,13.694647,-0.014748,-0.844992,-0.166586,-9.544655,-0.072431,0.166586,37.024728,40.006425,33.035215,39.716954,34.830495,39.847216,20.256926,36.296005
20.540000,0.020000,3.000000,4.000000,1.800000,15.000000,3.000000,0.261799,0.000000,0.000000,0.072210,4.137318,0.238327,13.655149,-0.014708,-0.842693,-0.166117,-9.517831,-0.072210,0.166117,37.084628,40.009884,33.095051,39.721296,34.890360,39.851160,20.314347,36.309997
20.560000,0.020000,3.000000,4.000000,1.800000,15.000000,3.000000,0.261799,0.000000,0.000000,0.071989,4.124678,0.237640,13.615761,-0.014668,-0.840405,-0.165651,-9.491083,-0.071989,0.165651,37.144529,40.013332,33.154888,39.725624,34.950226,39.855093,20.371781,36.323951
20.580000,0.020000,3.000000,4.000000,1.800000,15.000000,3.000000,0.261799,0.000000,0.000000,0.071769,4.112072,0.236954,13.576482,-0.014628,-0.838126,-0.165185,-9.464410,-0.071769,0.165185,37.204431,40.016770,33.214726,39.729939,35.010092,39.859013,20.429231,36.337866
20.600000,0.020000,3.000000,4.000000,1.800000,15.000000,3.000000,0.261799,0.000000,0.000000,0.071550,4.099501,0.236271,13.537312,-0.014588,-0.835858,-0.164721,-9.437811,-0.071550,0.164721,37.264333,40.020196,33.274565,39.734241,35.069960,39.862921,20.486694,36.351743
20.620000,0.020000,3.000000,4.000000,1.800000,15.000000,3.000000,0.261799,0.000000,0.000000,0.071331,4.086963,0.235589,13.498251,-0.014549,-0.833599,-0.164258,-9.411288,-0.071331,0.164258,37.324236,40.023612,33.334405,39.738530,35.129828,39.866817,20.544172,36.365582
20.640000,0.020000,3.000000,4.000000,1.800000,15.000000,3.000000,0.261799,0.000000,0.000000,0.071113,4.074460,0.234909,13.459299,-0.014510,-0.831350,-0.163796,-9.384839,-0.071113,0.163796,37.384139,40.027017,33.394246,39.742806,35.189697,39.870701,20.601664,36.379382
20.660000,0.020000,3.000000,4.000000,1.800000,15.000000,3.000000,0.261799,0.000000,0.000000,0.070895,4.061990,0.234231,13.420455,-0.014471,-0.829110,-0.163336,-9.358465,-0.070895,0.163336,37.444043,40.030412,33.454088,39.747069,35.249567,39.874573,20.659171,36.393145
20.680000,0.020000,3.000000,4.000000,1.800000,15.000000,3.000000,0.261799,0.000000,0.000000,0.070678,4.049554,0.233555,13.381719,-0.014432,-0.826878,-0.162877,-9.332165,-0.070678,0.162877,37.503947,40.033795,33.513931,39.751318,35.309437,39.878433,20.716691,36.406870
20.700000,0.020000,3.000000,4.000000,1.800000,15.000000,3.000000,0.261799,0.000000,0.000000,0.070462,4.037151,0.232881,13.343090,-0.014393,-0.824656,-0.162419,-9.305939,-0.070462,0.162419,37.563852,40.037168,33.573775,39.755555,35.369309,39.882281,20.774225,36.420557
20.720000,0.020000,3.000000,4.000000,1.800000,15.000000,3.000000,0.261799,0.000000,0.000000,0.070246,4.024782,0.232209,13.304569,-0.014354,-0.822441,-0.161963,-9.279787,-0.070246,0.161963,37.623758,40.040531,33.633620,39.759779,35.429181,39.886117,20.831773,36.434207
20.740000,0.020000,3.000000,4.000000,1.800000,15.000000,3.000000,0.261799,0.000000,0.000000,0.070030,4.012446,0.231538,13.266155,-0.014316,-0.820235,-0.161508,-9.253709,-0.070030,0.161508,37.683664,40.043882,33.693466,39.763990,35.489054,39.889941,20.889335,36.447819
20.760000,0.020000,3.000000,4.000000,1.800000,15.000000,3.000000,0.261799,0.000000,0.000000,0.069816,4.000143,0.230869,13.227847,-0.014277,-0.818037,-0.161054,-9.227705,-0.069816,0.161054,37.743571,40.047224,33.753313,39.768188,35.548928,39.893754,20.946911,36.461393
20.780000,0.020000,3.000000,4.000000,1.800000,15.000000,3.000000,0.261799,0.000000,0.000000,0.069602,3.987872,0.230203,13.189646,-0.014239,-0.815847,-0.160601,-9.201774,-0.069602,0.160601,37.803479,40.050554,33.813161,39.772373,35.608803,39.897554,21.004500,36.474930
20.800000,0.020000,3.000000,4.000000,1.800000,15.000000,3.000000,0.261799,0.000000,0.000000,0.069388,3.975635,0.229538,13.151551,-0.014201,-0.813665,-0.160150,-9.175916,-0.069388,0.160150,37.863387,40.053874,33.873009,39.776545,35.668678,39.901343,21.062103,36.488430
20.820000,0.020000,3.000000,4.000000,1.800000,15.000000,3.000000,0.261799,0.000000,0.000000,0.069175,3.963431,0.228875,13.113562,-0.014163,-0.811490,-0.159700,-9.150132,-0.069175,0.159700,37.923296,40.057184,33.932859,39.780704,35.728554,39.905120,21.119720,36.501892
20.840000,0.020000,3.000000,4.000000,1.800000,15.000000,3.000000,0.261799,0.000000,0.000000,0.068962,3.951259,0.228214,13.075679,-0.014125,-0.809322,-0.159251,-9.124420,-0.068962,0.159251,37.983205,40.060483,33.992709,39.784851,35.788431,39.908885,21.177350,36.515318
20.860000,0.020000,3.000000,4.000000,1.800000,15.000000,3.000000,0.261799,0.000000,0.000000,0.068751,3.939119,0.227554,13.037900,-0.014088,-0.807162,-0.158804,-9.098781,-0.068751,0.158804,38.043115,40.063771,34.052561,39.788985,35.848309,39.912639,21.234993,36.528706
20.880000,0.020000,3.000000,4.000000,1.800000,15.000000,3.000000,0.261799,0.000000,0.000000,0.068539,3.927012,0.226897,13.000227,-0.014050,-0.805009,-0.158357,-9.073215,-0.068539,0.158357,38.103025,40.067049,34.112413,39.793107,35.908187,39.916381,21.292649,36.542057
20.900000,0.020000,3.000000,4.000000,1.800000,15.000000,3.000000,0.261799,0.000000,0.000000,0.068329,3.914937,0.226241,12.962658,-0.014013,-0.802862,-0.157913,-9.047721,-0.068329,0.157913,38.162936,40.070317,34.172266,39.797215,35.968066,39.920111,21.350319,36.555371
20.920000,0.020000,3.000000,4.000000,1.800000,15.000000,3.000000,0.261799,0.000000,0.000000,0.068118,3.902895,0.225587,12.925194,-0.013975,-0.800723,-0.157469,-9.022299,-0.068118,0.157469,38.222847,40.073575,34.232121,39.801312,36.027946,39.923830,21.408002,36.568649
20.940000,0.020000,3.000000,4.000000,1.800000,15.000000,3.000000,0.261799,0.000000,0.000000,0.067909,3.890884,0.224935,12.887834,-0.013938,-0.798590,-0.157026,-8.996950,-0.067909,0.157026,38.282759,40.076822,34.291976,39.805395,36.087827,39.927537,21.465698,36.581890
20.960000,0.020000,3.000000,4.000000,1.800000,15.000000,3.000000,0.261799,0.000000,0.000000,0.067700,3.878906,0.224285,12.850578,-0.013901,-0.796463,-0.156585,-8.971672,-0.067700,0.156585,38.342672,40.080058,34.351831,39.809466,36.147708,39.931232,21.523407,36.595094
20.980000,0.020000,3.000000,4.000000,1.800000,15.000000,3.000000,0.261799,0.000000,0.000000,0.067491,3.866959,0.223636,12.813425,-0.013864,-0.794343,-0.156145,-8.946465,-0.067491,0.156145,38.402585,40.083285,34.411688,39.813525,36.207590,39.934916,21.581129,36.608262
21.000000,0.020000,3.000000,4.000000,1.800000,15.000000,3.000000,0.261799,0.000000,0.000000,0.067283,3.855045,0.222990,12.776375,-0.013827,-0.792229,-0.155707,-8.921331,-0.067283,0.155707,38.462499,40.086501,34.471546,39.817571,36.267473,39.938589,21.638864,36.621393
21.020000,0.020000,3.000000,4.000000,1.800000,15.000000,3.000000,0.261799,0.000000,0.000000,0.067076,3.843162,0.222345,12.739429,-0.013790,-0.790121,-0.155269,-8.896267,-0.067076,0.155269,38.522413,40.089707,34.531404,39.821604,36.327357,39.942250,21.696611,36.634488
21.040000,0.020000,3.000000,4.000000,1.800000,15.000000,3.000000,0.261799,0.000000,0.000000,0.066869,3.831310,0.221702,12.702585,-0.013754,-0.788019,-0.154833,-8.871275,-0.066869,0.154833,38.582328,40.092902,34.591264,39.825625,36.387241,39.945900,21.754372,36.647547
21.060000,0.020000,3.000000,4.000000,1.800000,15.000000,3.000000,0.261799,0.000000,0.000000,0.066663,3.819490,0.221061,12.665843,-0.013717,-0.785924,-0.154398,-8.846353,-0.066663,0.154398,38.642244,40.096088,34.651124,39.829634,36.447126,39.949538,21.812144,36.660569
21.080000,0.020000,3.000000,4.000000,1.800000,15.000000,3.000000,0.261799,0.000000,0.000000,0.066457,3.807702,0.220421,12.629204,-0.013680,-0.783833,-0.153964,-8.821502,-0.066457,0.153964,38.702159,40.099263,34.710985,39.833630,36.507012,39.953165,21.869930,36.673555
21.100000,0.020000,3.000000,4.000000,1.800000,15.000000,3.000000,0.261799,0.000000,0.000000,0.066252,3.795945,0.219783,12.592666,-0.013644,-0.781749,-0.153532,-8.796721,-0.066252,0.153532,38.762076,40.102428,34.770847,39.837615,36.566898,39.956780,21.927728,36.686506
21.120000,0.020000,3.000000,4.000000,1.800000,15.000000,3.000000,0.261799,0.000000,0.000000,0.066047,3.784219,0.219148,12.556230,-0.013608,-0.779670,-0.153100,-8.772011,-0.066047,0.153100,38.821993,40.105583,34.830710,39.841586,36.626785,39.960385,21.985538,36.699420
21.140000,0.020000,3.000000,4.000000,1.800000,15.000000,3.000000,0.261799,0.000000,0.000000,0.065843,3.772524,0.218513,12.519895,-0.013572,-0.777597,-0.152670,-8.747371,-0.065843,0.152670,38.881910,40.108728,34.890573,39.845546,36.686673,39.963978,22.043361,36.712299
21.160000,0.020000,3.000000,4.000000,1.800000,15.000000,3.000000,0.261799,0.000000,0.000000,0.065639,3.760861,0.217881,12.483661,-0.013536,-0.775530,-0.152242,-8.722801,-0.065639,0.152242,38.941829,40.111863,34.950438,39.849493,36.746562,39.967559,22.101196,36.725141
21.180000,0.020000,3.000000,4.000000,1.800000,15.000000,3.000000,0.261799,0.000000,0.000000,0.065436,3.749228,0.217250,12.447528,-0.013500,-0.773467,-0.151814,-8.698300,-0.065436,0.151814,39.001747,40.114988,35.010303,39.853429,36.806451,39.971130,22.159044,36.737949
21.200000,0.020000,3.000000,4.000000,1.800000,15.000000,3.000000,0.261799,0.000000,0.000000,0.065234,3.737626,0.216621,12.411496,-0.013464,-0.771411,-0.151388,-8.673869,-0.065234,0.151388,39.061666,40.118102,35.070169,39.857352,36.866341,39.974689,22.216903,36.750720
21.220000,0.020000,3.000000,4.000000,1.800000,15.000000,3.000000,0.261799,0.000000,0.000000,0.065032,3.726056,0.215994,12.375563,-0.013428,-0.769359,-0.150962,-8.649507,-0.065032,0.150962,39.121586,40.121207,35.130036,39.861262,36.926231,39.978237,22.274775,36.763456
21.240000,0.020000,3.000000,4.000000,1.800000,15.000000,3.000000,0.261799,0.000000,0.000000,0.064831,3.714516,0.215369,12.339730,-0.013392,-0.767312,-0.150538,-8.625215,-0.064831,0.150538,39.181506,40.124302,35.189904,39.865161,36.986123,39.981774,22.332658,36.776157
21.260000,0.020000,3.000000,4.000000,1.800000,15.000000,3.000000,0.261799,0.000000,0.000000,0.064630,3.703006,0.214745,12.303997,-0.013356,-0.765271,-0.150116,-8.600991,-0.064630,0.150116,39.241427,40.127387,35.249773,39.869048,37.046015,39.985300,22.390554,36.788822
21.280000,0.020000,3.000000,4.000000,1.800000,15.000000,3.000000,0.261799,0.000000,0.000000,0.064429,3.691528,0.214123,12.268363,-0.013321,-0.763235,-0.149694,-8.576836,-0.064429,0.149694,39.301348,40.130462,35.309642,39.872923,37.105907,39.988815,22.448462,36.801452
21.300000,0.020000,3.000000,4.000000,1.800000,15.000000,3.000000,0.261799,0.000000,0.000000,0.064230,3.680079,0.213503,12.232829,-0.013286,-0.761203,-0.149274,-8.552749,-0.064230,0.149274,39.361269,40.133527,35.369512,39.876785,37.165801,39.992319,22.506381,36.814047
21.320000,0.020000,3.000000,4.000000,1.800000,15.000000,3.000000,0.261799,0.000000,0.000000,0.064030,3.668662,0.212885,12.197393,-0.013250,-0.759177,-0.148854,-8.528731,-0.064030,0.148854,39.421192,40.136583,35.429383,39.880636,37.225695,39.995812,22.564312,36.826607
21.340000,0.020000,3.000000,4.000000,1.800000,15.000000,3.000000,0.261799,0.000000,0.000000,0.063831,3.657274,0.212268,12.162055,-0.013215,-0.757156,-0.148436,-8.504781,-0.063831,0.148436,39.481114,40.139628,35.489255,39.884475,37.285589,39.999294,22.622255,36.839132
21.360000,0.020000,3.000000,4.000000,1.800000,15.000000,3.000000,0.261799,0.000000,0.000000,0.063633,3.645917,0.211653,12.126816,-0.013180,-0.755139,-0.148020,-8.480899,-0.063633,0.148020,39.541037,40.142664,35.549128,39.888302,37.345485,40.002765,22.680209,36.851622
21.380000,0.020000,3.000000,4.000000,1.800000,15.000000,3.000000,0.261799,0.000000,0.000000,0.063436,3.634591,0.211040,12.091675,-0.013145,-0.753127,-0.147604,-8.457084,-0.063436,0.147604,39.600961,40.145690,35.609001,39.892117,37.405381,40.006225,22.738175,36.864077
21.400000,0.020000,3.000000,4.000000,1.800000,15.000000,3.000000,0.261799,0.000000,0.000000,0.063238,3.623294,0.210428,12.056631,-0.013110,-0.751120,-0.147190,-8.433337,-0.063238,0.147190,39.660885,40.148706,35.668875,39.895920,37.465277,40.009674,22.796153,36.876498
21.420000,0.020000,3.000000,4.000000,1.800000,15.000000,3.000000,0.261799,0.000000,0.000000,0.063042,3.612028,0.209818,12.021685,-0.013075,-0.749118,-0.146776,-8.409658,-0.063042,0.146776,39.720810,40.151712,35.728750,39.899712,37.525174,40.013112,22.854142,36.888884
21.440000,0.020000,3.000000,4.000000,1.800000,15.000000,3.000000,0.261799,0.000000,0.000000,0.062846,3.600791,0.209210,11.986836,-0.013040,-0.747120,-0.146364,-8.386045,-0.062846,0.146364,39.780735,40.154709,35.788626,39.903492,37.585072,40.016539,22.912142,36.901235
21.460000,0.020000,3.000000,4.000000,1.800000,15.000000,3.000000,0.261799,0.000000,0.000000,0.062650,3.589585,0.208603,11.952084,-0.013005,-0.745127,-0.145953,-8.362499,-0.062650,0.145953,39.840660,40.157696,35.848502,39.907259,37.644971,40.019956,22.970154,36.913552
21.480000,0.020000,3.000000,4.000000,1.800000,15.000000,3.000000,0.261799,0.000000,0.000000,0.062455,3.578408,0.207998,11.917429,-0.012970,-0.743138,-0.145543,-8.339020,-0.062455,0.145543,39.900587,40.160674,35.908379,39.911016,37.704870,40.023362,23.028177,36.925834
21.500000,0.020000,3.000000,4.000000,1.800000,15.000000,3.000000,0.261799,0.000000,0.000000,0.062260,3.567261,0.207395,11.882869,-0.012936,-0.741155,-0.145135,-8.315608,-0.062260,0.145135,39.960513,40.163642,35.968257,39.914760,37.764770,40.026757,23.086211,36.938082
21.520000,0.020000,3.000000,4.000000,1.800000,15.000000,3.000000,0.261799,0.000000,0.000000,0.062066,3.556144,0.206794,11.848406,-0.012901,-0.739175,-0.144727,-8.292262,-0.062066,0.144727,40.020440,40.166600,36.028136,39.918493,37.824670,40.030141,23.144256,36.950296
21.540000,0.020000,3.000000,4.000000,1.800000,15.000000,3.000000,0.261799,0.000000,0.000000,0.061873,3.545057,0.206194,11.814039,-0.012867,-0.737200,-0.144321,-8.268982,-0.061873,0.144321,40.080368,40.169549,36.088016,39.922214,37.884571,40.033515,23.202313,36.962476
21.560000,0.020000,3.000000,4.000000,1.800000,15.000000,3.000000,0.261799,0.000000,0.000000,0.061680,3.533999,0.205596,11.779768,-0.012832,-0.735230,-0.143916,-8.245768,-0.061680,0.143916,40.140296,40.172488,36.147896,39.925924,37.944473,40.036878,23.260380,36.974622
21.580000,0.020000,3.000000,4.000000,1.800000,15.000000,3.000000,0.261799,0.000000,0.000000,0.061487,3.522971,0.204999,11.745591,-0.012798,-0.733264,-0.143512,-8.222620,-0.061487,0.143512,40.200224,40.175418,36.207777,39.929622,38.004375,40.040230,23.318458,36.986734
21.600000,0.020000,3.000000,4.000000,1.800000,15.000000,3.000000,0.261799,0.000000,0.000000,0.061295,3.511973,0.204404,11.711510,-0.012764,-0.731303,-0.143109,-8.199537,-0.061295,0.143109,40.260153,40.178338,36.267659,39.933309,38.064278,40.043572,23.376547,36.998812
21.620000,0.020000,3.000000,4.000000,1.800000,15.000000,3.000000,0.261799,0.000000,0.000000,0.061104,3.501003,0.203811,11.677524,-0.012729,-0.729346,-0.142707,-8.176520,-0.061104,0.142707,40.320082,40.181249,36.327541,39.936984,38.124182,40.046903,23.434647,37.010856
21.640000,0.020000,3.000000,4.000000,1.800000,15.000000,3.000000,0.261799,0.000000,0.000000,0.060913,3.490064,0.203220,11.643632,-0.012695,-0.727393,-0.142307,-8.153568,-0.060913,0.142307,40.380012,40.184150,36.387424,39.940648,38.184086,40.050224,23.492758,37.022866
21.660000,0.020000,3.000000,4.000000,1.800000,15.000000,3.000000,0.261799,0.000000,0.000000,0.060723,3.479153,0.202630,11.609834,-0.012661,-0.725444,-0.141907,-8.130681,-0.060723,0.141907,40.439942,40.187042,36.447308,39.944300,38.243991,40.053534,23.550880,37.034843
21.680000,0.020000,3.000000,4.000000,1.800000,15.000000,3.000000,0.261799,0.000000,0.000000,0.060533,3.468272,0.202042,11.576130,-0.012627,-0.723500,-0.141509,-8.107859,-0.060533,0.141509,40.499873,40.189924,36.507193,39.947941,38.303896,40.056833,23.609012,37.046786
21.700000,0.020000,3.000000,4.000000,1.800000,15.000000,3.000000,0.261799,0.000000,0.000000,0.060343,3.457419,0.201455,11.542520,-0.012594,-0.721561,-0.141112,-8.085101,-0.060343,0.141112,40.559804,40.192798,36.567078,39.951570,38.363802,40.060122,23.667155,37.058696
21.720000,0.020000,3.000000,4.000000,1.800000,15.000000,3.000000,0.261799,0.000000,0.000000,0.060154,3.446596,0.200870,11.509004,-0.012560,-0.719625,-0.140716,-8.062408,-0.060154,0.140716,40.619736,40.195661,36.626964,39.955188,38.423708,40.063401,23.725308,37.070572
21.740000,0.020000,3.000000,4.000000,1.800000,15.000000,3.000000,0.261799,0.000000,0.000000,0.059966,3.435802,0.200287,11.475581,-0.012526,-0.717694,-0.140321,-8.039778,-0.059966,0.140321,40.679668,40.198516,36.686851,39.958795,38.483615,40.066669,23.783472,37.082415
21.760000,0.020000,3.000000,4.000000,1.800000,15.000000,3.000000,0.261799,0.000000,0.000000,0.059778,3.425037,0.199705,11.442250,-0.012492,-0.715767,-0.139927,-8.017213,-0.059778,0.139927,40.739600,40.201361,36.746738,39.962391,38.543523,40.069927,23.841646,37.094225
21.780000,0.020000,3.000000,4.000000,1.800000,15.000000,3.000000,0.261799,0.000000,0.000000,0.059591,3.414301,0.199125,11.409013,-0.012459,-0.713845,-0.139534,-7.994712,-0.059591,0.139534,40.799533,40.204197,36.806626,39.965975,38.603431,40.073175,23.899830,37.106002
21.800000,0.020000,3.000000,4.000000,1.800000,15.000000,3.000000,0.261799,0.000000,0.000000,0.059404,3.403594,0.198546,11.375868,-0.012425,-0.711927,-0.139142,-7.972274,-0.059404,0.139142,40.859467,40.207024,36.866515,39.969548,38.663340,40.076412,23.958025,37.117746
21.820000,0.020000,3.000000,4.000000,1.800000,15.000000,3.000000,0.261799,0.000000,0.000000,0.059218,3.392915,0.197969,11.342815,-0.012392,-0.710013,-0.138752,-7.949900,-0.059218,0.138752,40.919400,40.209842,36.926405,39.973110,38.723250,40.079639,24.016230,37.129456
21.840000,0.020000,3.000000,4.000000,1.800000,15.000000,3.000000,0.261799,0.000000,0.000000,0.059032,3.382265,0.197394,11.309854,-0.012359,-0.708103,-0.138363,-7.927589,-0.059032,0.138363,40.979335,40.212651,36.986295,39.976661,38.783160,40.082856,24.074446,37.141134
21.860000,0.020000,3.000000,4.000000,1.800000,15.000000,3.000000,0.261799,0.000000,0.000000,0.058846,3.371644,0.196821,11.276985,-0.012325,-0.706197,-0.137974,-7.905341,-0.058846,0.137974,41.039269,40.215450,37.046186,39.980200,38.843070,40.086062,24.132671,37.152779
21.880000,0.020000,3.000000,4.000000,1.800000,15.000000,3.000000,0.261799,0.000000,0.000000,0.058661,3.361051,0.196248,11.244207,-0.012292,-0.704296,-0.137587,-7.883156,-0.058661,0.137587,41.099204,40.218240,37.106078,39.983729,38.902981,40.089259,24.190906,37.164391
21.900000,0.020000,3.000000,4.000000,1.800000,15.000000,3.000000,0.261799,0.000000,0.000000,0.058477,3.350487,0.195678,11.211520,-0.012259,-0.702398,-0.137201,-7.861033,-0.058477,0.137201,41.159140,40.221021,37.165970,39.987246,38.962893,40.092445,24.249152,37.175971
21.920000,0.020000,3.000000,4.000000,1.800000,15.000000,3.000000,0.261799,0.000000,0.000000,0.058293,3.339951,0.195109,11.178925,-0.012226,-0.700505,-0.136816,-7.838974,-0.058293,0.136816,41.219076,40.223793,37.225863,39.990752,39.022805,40.095621,24.307407,37.187518
21.940000,0.020000,3.000000,4.000000,1.800000,15.000000,3.000000,0.261799,0.000000,0.000000,0.058110,3.329444,0.194542,11.146420,-0.012193,-0.698617,-0.136432,-7.816976,-0.058110,0.136432,41.279012,40.226556,37.285756,39.994248,39.082718,40.098786,24.365673,37.199033
21.960000,0.020000,3.000000,4.000000,1.800000,15.000000,3.000000,0.261799,0.000000,0.000000,0.057927,3.318965,0.193976,11.114005,-0.012160,-0.696732,-0.136049,-7.795040,-0.057927,0.136049,41.338949,40.229310,37.345651,39.997732,39.142632,40.101942,24.423948,37.210515
21.980000,0.020000,3.000000,4.000000,1.800000,15.000000,3.000000,0.261799,0.000000,0.000000,0.057744,3.308514,0.193412,11.081681,-0.012127,-0.694851,-0.135667,-7.773167,-0.057744,0.135667,41.398886,40.232055,37.405546,40.001206,39.202545,40.105088,24.482233,37.221965
22.000000,0.020000,3.000000,4.000000,1.800000,15.000000,3.000000,0.261799,0.000000,0.000000,0.057563,3.298092,0.192849,11.049447,-0.012095,-0.692975,-0.135287,-7.751355,-0.057563,0.135287,41.458824,40.234792,37.465441,40.004668,39.262460,40.108223,24.540528,37.233382
22.020000,0.020000,3.000000,4.000000,1.800000,15.000000,3.000000,0.261799,0.000000,0.000000,0.057381,3.287697,0.192288,11.017302,-0.012062,-0.691103,-0.134907,-7.729605,-0.057381,0.134907,41.518762,40.237519,37.525337,40.008120,39.322375,40.111349,24.598832,37.244768
22.040000,0.020000,3.000000,4.000000,1.800000,15.000000,3.000000,0.261799,0.000000,0.000000,0.057200,3.277331,0.191729,10.985247,-0.012029,-0.689235,-0.134529,-7.707916,-0.057200,0.134529,41.578700,40.240237,37.585234,40.011560,39.382290,40.114465,24.657146,37.256121
22.060000,0.020000,3.000000,4.000000,1.800000,15.000000,3.000000,0.261799,0.000000,0.000000,0.057020,3.266993,0.191171,10.953281,-0.011997,-0.687371,-0.134151,-7.686288,-0.057020,0.134151,41.638639,40.242946,37.645132,40.014990,39.442207,40.117570,24.715470,37.267442
22.080000,0.020000,3.000000,4.000000,1.800000,15.000000,3.000000,0.261799,0.000000,0.000000,0.056840,3.256683,0.190614,10.921404,-0.011964,-0.685511,-0.133775,-7.664722,-0.056840,0.133775,41.698578,40.245647,37.705030,40.018409,39.502123,40.120666,24.773803,37.278732
22.100000,0.020000,3.000000,4.000000,1.800000,15.000000,3.000000,0.261799,0.000000,0.000000,0.056660,3.246400,0.190060,10.889616,-0.011932,-0.683656,-0.133399,-7.643216,-0.056660,0.133399,41.758518,40.248338,37.764929,40.021818,39.562040,40.123752,24.832146,37.289990
22.120000,0.020000,3.000000,4.000000,1.800000,15.000000,3.000000,0.261799,0.000000,0.000000,0.056481,3.236146,0.189506,10.857917,-0.011900,-0.681804,-0.133025,-7.621771,-0.056481,0.133025,41.818458,40.251021,37.824828,40.025215,39.621958,40.126828,24.890498,37.301215
22.140000,0.020000,3.000000,4.000000,1.800000,15.000000,3.000000,0.261799,0.000000,0.000000,0.056303,3.225919,0.188955,10.826305,-0.011867,-0.679957,-0.132652,-7.600386,-0.056303,0.132652,41.878398,40.253695,37.884728,40.028602,39.681876,40.129894,24.948859,37.312410
22.160000,0.020000,3.000000,4.000000,1.800000,15.000000,3.000000,0.261799,0.000000,0.000000,0.056125,3.215720,0.188404,10.794782,-0.011835,-0.678114,-0.132280,-7.579062,-0.056125,0.132280,41.938339,40.256360,37.944629,40.031978,39.741795,40.132950,25.007230,37.323572
22.180000,0.020000,3.000000,4.000000,1.800000,15.000000,3.000000,0.261799,0.000000,0.000000,0.055947,3.205548,0.187856,10.763346,-0.011803,-0.676275,-0.131908,-7.557798,-0.055947,0.131908,41.998280,40.259017,38.004530,40.035344,39.801714,40.135996,25.065610,37.334703
22.200000,0.020000,3.000000,4.000000,1.800000,15.000000,3.000000,0.261799,0.000000,0.000000,0.055770,3.195404,0.187309,10.731998,-0.011771,-0.674440,-0.131538,-7.536593,-0.055770,0.131538,42.058222,40.261665,38.064432,40.038699,39.861634,40.139033,25.124000,37.345803
22.220000,0.020000,3.000000,4.000000,1.800000,15.000000,3.000000,0.261799,0.000000,0.000000,0.055594,3.185288,0.186763,10.700737,-0.011739,-0.672610,-0.131169,-7.515449,-0.055594,0.131169,42.118164,40.264304,38.124335,40.042043,39.921554,40.142060,25.182398,37.356871
22.240000,0.020000,3.000000,4.000000,1.800000,15.000000,3.000000,0.261799,0.000000,0.000000,0.055418,3.175199,0.186219,10.669563,-0.011707,-0.670783,-0.130801,-7.494364,-0.055418,0.130801,42.178106,40.266934,38.184238,40.045376,39.981475,40.145077,25.240806,37.367908
22.260000,0.020000,3.000000,4.000000,1.800000,15.000000,3.000000,0.261799,0.000000,0.000000,0.055242,3.165138,0.185676,10.638476,-0.011676,-0.668961,-0.130434,-7.473338,-0.055242,0.130434,42.238049,40.269556,38.244142,40.048700,40.041396,40.148085,25.299222,37.378914
22.280000,0.020000,3.000000,4.000000,1.800000,15.000000,3.000000,0.261799,0.000000,0.000000,0.055067,3.155104,0.185135,10.607475,-0.011644,-0.667142,-0.130068,-7.452372,-0.055067,0.130068,42.297992,40.272169,38.304046,40.052012,40.101318,40.151083,25.357648,37.389889
22.300000,0.020000,3.000000,4.000000,1.800000,15.000000,3.000000,0.261799,0.000000,0.000000,0.054892,3.145097,0.184596,10.576561,-0.011612,-0.665328,-0.129704,-7.431465,-0.054892,0.129704,42.357935,40.274774,38.363951,40.055314,40.161240,40.154071,25.416082,37.400832
22.320000,0.020000,3.000000,4.000000,1.800000,15.000000,3.000000,0.261799,0.000000,0.000000,0.054718,3.135117,0.184058,10.545733,-0.011581,-0.663518,-0.129340,-7.410616,-0.054718,0.129340,42.417879,40.277370,38.423857,40.058606,40.221163,40.157049,25.474526,37.411745
22.340000,0.020000,3.000000,4.000000,1.800000,15.000000,3.000000,0.261799,0.000000,0.000000,0.054544,3.125164,0.183521,10.514991,-0.011549,-0.661712,-0.128977,-7.389827,-0.054544,0.128977,42.477823,40.279957,38.483763,40.061887,40.281086,40.160018,25.532978,37.422627
22.360000,0.020000,3.000000,4.000000,1.800000,15.000000,3.000000,0.261799,0.000000,0.000000,0.054371,3.115239,0.182986,10.484334,-0.011518,-0.659911,-0.128615,-7.369095,-0.054371,0.128615,42.537768,40.282536,38.543670,40.065158,40.341010,40.162978,25.591439,37.433478
22.380000,0.020000,3.000000,4.000000,1.800000,15.000000,3.000000,0.261799,0.000000,0.000000,0.054198,3.105341,0.182453,10.453763,-0.011486,-0.658113,-0.128254,-7.348423,-0.054198,0.128254,42.597713,40.285107,38.603577,40.068418,40.400934,40.165928,25.649909,37.444298
22.400000,0.020000,3.000000,4.000000,1.800000,15.000000,3.000000,0.261799,0.000000,0.000000,0.054026,3.095469,0.181921,10.423277,-0.011455,-0.656319,-0.127894,-7.327808,-0.054026,0.127894,42.657658,40.287668,38.663485,40.071669,40.460859,40.168868,25.708388,37.455088
22.420000,0.020000,3.000000,4.000000,1.800000,15.000000,3.000000,0.261799,0.000000,0.000000,0.053854,3.085625,0.181390,10.392876,-0.011424,-0.654530,-0.127536,-7.307251,-0.053854,0.127536,42.717603,40.290222,38.723394,40.074908,40.520784,40.171799,25.766875,37.465847
22.440000,0.020000,3.000000,4.000000,1.800000,15.000000,3.000000,0.261799,0.000000,0.000000,0.053683,3.075807,0.180861,10.362560,-0.011393,-0.652745,-0.127178,-7.286753,-0.053683,0.127178,42.777549,40.292767,38.783303,40.078138,40.580710,40.174721,25.825371,37.476575
22.460000,0.020000,3.000000,4.000000,1.800000,15.000000,3.000000,0.261799,0.000000,0.000000,0.053512,3.066016,0.180333,10.332328,-0.011361,-0.650964,-0.126821,-7.266312,-0.053512,0.126821,42.837496,40.295304,38.843212,40.081357,40.640636,40.177633,25.883876,37.487273
22.480000,0.020000,3.000000,4.000000,1.800000,15.000000,3.000000,0.261799,0.000000,0.000000,0.053342,3.056252,0.179807,10.302180,-0.011330,-0.649187,-0.126465,-7.245928,-0.053342,0.126465,42.897442,40.297832,38.903123,40.084566,40.700563,40.180535,25.942389,37.497941
22.500000,0.020000,3.000000,4.000000,1.800000,15.000000,3.000000,0.261799,0.000000,0.000000,0.053172,3.046514,0.179282,10.272116,-0.011300,-0.647414,-0.126111,-7.225602,-0.053172,0.126111,42.957390,40.300352,38.963034,40.087765,40.760490,40.183429,26.000911,37.508578
22.520000,0.020000,3.000000,4.000000,1.800000,15.000000,3.000000,0.261799,0.000000,0.000000,0.053002,3.036803,0.178759,10.242136,-0.011269,-0.645645,-0.125757,-7.205333,-0.053002,0.125757,43.017337,40.302864,39.022945,40.090953,40.820417,40.186313,26.059440,37.519186
22.540000,0.020000,3.000000,4.000000,1.800000,15.000000,3.000000,0.261799,0.000000,0.000000,0.052833,3.027119,0.178237,10.212239,-0.011238,-0.643881,-0.125404,-7.185121,-0.052833,0.125404,43.077285,40.305367,39.082857,40.094132,40.880345,40.189187,26.117979,37.529763
22.560000,0.020000,3.000000,4.000000,1.800000,15.000000,3.000000,0.261799,0.000000,0.000000,0.052665,3.017461,0.177717,10.182426,-0.011207,-0.642121,-0.125052,-7.164965,-0.052665,0.125052,43.137233,40.307862,39.142769,40.097300,40.940274,40.192053,26.176526,37.540310
22.580000,0.020000,3.000000,4.000000,1.800000,15.000000,3.000000,0.261799,0.000000,0.000000,0.052497,3.007829,0.177198,10.152696,-0.011176,-0.640364,-0.124701,-7.144867,-0.052497,0.124701,43.197181,40.310349,39.202682,40.100458,41.000203,40.194909,26.235081,37.550827
22.600000,0.020000,3.000000,4.000000,1.800000,15.000000,3.000000,0.261799,0.000000,0.000000,0.052329,2.998224,0.176681,10.123049,-0.011146,-0.638612,-0.124352,-7.124825,-0.052329,0.124352,43.257130,40.312827,39.262596,40.103607,41.060132,40.197756,26.293644,37.561314
22.620000,0.020000,3.000000,4.000000,1.800000,15.000000,3.000000,0.261799,0.000000,0.000000,0.052162,2.988645,0.176165,10.093484,-0.011115,-0.636864,-0.124003,-7.104839,-0.052162,0.124003,43.317079,40.315297,39.322510,40.106745,41.120062,40.200593,26.352215,37.571772
22.640000,0.020000,3.000000,4.000000,1.800000,15.000000,3.000000,0.261799,0.000000,0.000000,0.051995,2.979092,0.175650,10.064002,-0.011085,-0.635120,-0.123655,-7.084909,-0.051995,0.123655,43.377029,40.317759,39.382425,40.109873,41.179992,40.203422,26.410795,37.582199
22.660000,0.020000,3.000000,4.000000,1.800000,15.000000,3.000000,0.261799,0.000000,0.000000,0.051829,2.969566,0.175137,10.034601,-0.011055,-0.633381,-0.123308,-7.065036,-0.051829,0.123308,43.436978,40.320213,39.442340,40.112991,41.239923,40.206241,26.469382,37.592598
22.680000,0.020000,3.000000,4.000000,1.800000,15.000000,3.000000,0.261799,0.000000,0.000000,0.051663,2.960065,0.174625,10.005283,-0.011024,-0.631645,-0.122962,-7.045218,-0.051663,0.122962,43.496929,40.322659,39.502256,40.116099,41.299854,40.209051,26.527978,37.602966
22.700000,0.020000,3.000000,4.000000,1.800000,15.000000,3.000000,0.261799,0.000000,0.000000,0.051498,2.950591,0.174115,9.976047,-0.010994,-0.629914,-0.122617,-7.025456,-0.051498,0.122617,43.556879,40.325097,39.562172,40.119197,41.359786,40.211852,26.586582,37.613305
22.720000,0.020000,3.000000,4.000000,1.800000,15.000000,3.000000,0.261799,0.000000,0.000000,0.051333,2.941142,0.173606,9.946892,-0.010964,-0.628186,-0.122273,-7.005749,-0.051333,0.122273,43.616830,40.327526,39.622089,40.122285,41.419718,40.214644,26.645194,37.623615
22.740000,0.020000,3.000000,4.000000,1.800000,15.000000,3.000000,0.261799,0.000000,0.000000,0.051168,2.931720,0.173099,9.917818,-0.010934,-0.626463,-0.121930,-6.986098,-0.051168,0.121930,43.676781,40.329948,39.682006,40.125364,41.479650,40.217426,26.703813,37.633895
22.760000,0.020000,3.000000,4.000000,1.800000,15.000000,3.000000,0.261799,0.000000,0.000000,0.051004,2.922323,0.172593,9.888825,-0.010904,-0.624744,-0.121588,-6.966502,-0.051004,0.121588,43.736732,40.332361,39.741924,40.128432,41.539583,40.220200,26.762441,37.644146
22.780000,0.020000,3.000000,4.000000,1.800000,15.000000,3.000000,0.261799,0.000000,0.000000,0.050841,2.912952,0.172088,9.859913,-0.010874,-0.623029,-0.121247,-6.946961,-0.050841,0.121247,43.796684,40.334767,39.801843,40.131491,41.599517,40.222965,26.821076,37.654367
22.800000,0.020000,3.000000,4.000000,1.800000,15.000000,3.000000,0.261799,0.000000,0.000000,0.050677,2.903607,0.171585,9.831082,-0.010844,-0.621319,-0.120907,-6.927475,-0.050677,0.120907,43.856636,40.337164,39.861772,40.134541,41.659461,40.225721,26.879729,37.664561
22.820000,0.020000,3.000000,4.000000,1.800000,15.000000,3.000000,0.261799,0.000000,0.000000,0.050515,2.894287,0.171083,9.802331,-0.010814,-0.619612,-0.120568,-6.908044,-0.050515,0.120568,43.916589,40.339553,39.921691,40.137580,41.719395,40.228468,26.938380,37.674724
22.840000,0.020000,3.000000,4.000000,1.800000,15.000000,3.000000,0.261799,0.000000,0.000000,0.050353,2.884993,0.170583,9.773660,-0.010785,-0.617910,-0.120230,-6.888667,-0.050353,0.120230,43.976541,40.341935,39.981611,40.140609,41.779330,40.231206,26.997039,37.684859
22.860000,0.020000,3.000000,4.000000,1.800000,15.000000,3.000000,0.261799,0.000000,0.000000,0.050191,2.875725,0.170084,9.745069,-0.010755,-0.616211,-0.119893,-6.869344,-0.050191,0.119893,44.036494,40.344308,40.041531,40.143629,41.839265,40.233935,27.055705,37.694964
22.880000,0.020000,3.000000,4.000000,1.800000,15.000000,3.000000,0.261799,0.000000,0.000000,0.050030,2.866482,0.169586,9.716558,-0.010725,-0.614517,-0.119556,-6.850076,-0.050030,0.119556,44.096448,40.346674,40.101452,40.146639,41.899200,40.236655,27.114379,37.705041
22.900000,0.020000,3.000000,4.000000,1.800000,15.000000,3.000000,0.261799,0.000000,0.000000,0.049869,2.857264,0.169090,9.688126,-0.010696,-0.612827,-0.119221,-6.830862,-0.049869,0.119221,44.156401,40.349031,40.161374,40.149639,41.959136,40.239366,27.173061,37.715089
22.920000,0.020000,3.000000,4.000000,1.800000,15.000000,3.000000,0.261799,0.000000,0.000000,0.049708,2.848072,0.168595,9.659774,-0.010666,-0.611141,-0.118887,-6.811702,-0.049708,0.118887,44.216355,40.351381,40.221296,40.152630,42.019073,40.242068,27.231750,37.725109
22.940000,0.020000,3.000000,4.000000,1.800000,15.000000,3.000000,0.261799,0.000000,0.000000,0.049548,2.838905,0.168101,9.631500,-0.010637,-0.609460,-0.118553,-6.792595,-0.049548,0.118553,44.276310,40.353723,40.281218,40.155611,42.079009,40.244761,27.290446,37.735099
22.960000,0.020000,3.000000,4.000000,1.800000,15.000000,3.000000,0.261799,0.000000,0.000000,0.049389,2.829763,0.167609,9.603306,-0.010608,-0.607782,-0.118221,-6.773543,-0.049389,0.118221,44.336264,40.356057,40.341141,40.158583,42.138946,40.247446,27.349150,37.745062
22.980000,0.020000,3.000000,4.000000,1.800000,15.000000,3.000000,0.261799,0.000000,0.000000,0.049230,2.820646,0.167119,9.575190,-0.010579,-0.606108,-0.117889,-6.754543,-0.049230,0.117889,44.396219,40.358383,40.401065,40.161545,42.198884,40.250122,27.407862,37.754995
23.000000,0.020000,3.000000,4.000000,1.800000,15.000000,3.000000,0.261799,0.000000,0.000000,0.049071,2.811555,0.166629,9.547152,-0.010549,-0.604439,-0.117558,-6.735597,-0.049071,0.117558,44.456174,40.360702,40.460989,40.164497,42.258822,40.252789,27.466580,37.764901
23.020000,0.020000,3.000000,4.000000,1.800000,15.000000,3.000000,0.261799,0.000000,0.000000,0.048913,2.802489,0.166141,9.519193,-0.010520,-0.602774,-0.117229,-6.716704,-0.048913,0.117229,44.516130,40.363013,40.520913,40.167440,42.318760,40.255448,27.525307,37.774778
23.040000,0.020000,3.000000,4.000000,1.800000,15.000000,3.000000,0.261799,0.000000,0.000000,0.048755,2.793447,0.165655,9.491311,-0.010491,-0.601113,-0.116900,-6.697864,-0.048755,0.116900,44.576086,40.365316,40.580838,40.170373,42.378699,40.258097,27.584040,37.784627
23.060000,0.020000,3.000000,4.000000,1.800000,15.000000,3.000000,0.261799,0.000000,0.000000,0.048597,2.784431,0.165169,9.463508,-0.010462,-0.599456,-0.116572,-6.679077,-0.048597,0.116572,44.636042,40.367611,40.640764,40.173297,42.438638,40.260738,27.642781,37.794447
23.080000,0.020000,3.000000,4.000000,1.800000,15.000000,3.000000,0.261799,0.000000,0.000000,0.048441,2.775439,0.164685,9.435782,-0.010434,-0.597803,-0.116245,-6.660343,-0.048441,0.116245,44.695998,40.369898,40.700689,40.176212,42.498578,40.263371,27.701528,37.804240
23.100000,0.020000,3.000000,4.000000,1.800000,15.000000,3.000000,0.261799,0.000000,0.000000,0.048284,2.766472,0.164203,9.408133,-0.010405,-0.596154,-0.115919,-6.641661,-0.048284,0.115919,44.755955,40.372178,40.760616,40.179117,42.558518,40.265995,27.760283,37.814004
23.120000,0.020000,3.000000,4.000000,1.800000,15.000000,3.000000,0.261799,0.000000,0.000000,0.048128,2.757530,0.163722,9.380561,-0.010376,-0.594510,-0.115594,-6.623031,-0.048128,0.115594,44.815912,40.374450,40.820543,40.182013,42.618458,40.268610,27.819046,37.823741
23.140000,0.020000,3.000000,4.000000,1.800000,15.000000,3.000000,0.261799,0.000000,0.000000,0.047972,2.748612,0.163242,9.353067,-0.010348,-0.592869,-0.115269,-6.604454,-0.047972,0.115269,44.875869,40.376715,40.880470,40.184899,42.678399,40.271216,27.877815,37.833450
23.160000,0.020000,3.000000,4.000000,1.800000,15.000000,3.000000,0.261799,0.000000,0.000000,0.047817,2.739720,0.162763,9.325649,-0.010319,-0.591233,-0.114946,-6.585929,-0.047817,0.114946,44.935826,40.378972,40.940398,40.187776,42.738340,40.273814,27.936591,37.843131
23.180000,0.020000,3.000000,4.000000,1.800000,15.000000,3.000000,0.261799,0.000000,0.000000,0.047662,2.730851,0.162286,9.298307,-0.010290,-0.589600,-0.114624,-6.567456,-0.047662,0.114624,44.995784,40.381221,41.000326,40.190644,42.798282,40.276404,27.995374,37.852784
23.200000,0.020000,3.000000,4.000000,1.800000,15.000000,3.000000,0.261799,0.000000,0.000000,0.047508,2.722007,0.161810,9.271042,-0.010262,-0.587972,-0.114302,-6.549035,-0.047508,0.114302,45.055742,40.383463,41.060255,40.193503,42.858224,40.278985,28.054165,37.862409
23.220000,0.020000,3.000000,4.000000,1.800000,15.000000,3.000000,0.261799,0.000000,0.000000,0.047354,2.713188,0.161336,9.243853,-0.010234,-0.586348,-0.113982,-6.530665,-0.047354,0.113982,45.115701,40.385697,41.120184,40.196352,42.918166,40.281557,28.112962,37.872007
23.240000,0.020000,3.000000,4.000000,1.800000,15.000000,3.000000,0.261799,0.000000,0.000000,0.047201,2.704393,0.160862,9.216739,-0.010205,-0.584728,-0.113662,-6.512347,-0.047201,0.113662,45.175659,40.387924,41.180113,40.199192,42.978109,40.284121,28.171766,37.881578
23.260000,0.020000,3.000000,4.000000,1.800000,15.000000,3.000000,0.261799,0.000000,0.000000,0.047047,2.695622,0.160391,9.189702,-0.010177,-0.583112,-0.113343,-6.494080,-0.047047,0.113343,45.235618,40.390143,41.240043,40.202023,43.038052,40.286677,28.230577,37.891120
23.280000,0.020000,3.000000,4.000000,1.800000,15.000000,3.000000,0.261799,0.000000,0.000000,0.046895,2.686876,0.159920,9.162740,-0.010149,-0.581501,-0.113025,-6.475864,-0.046895,0.113025,45.295578,40.392355,41.299974,40.204844,43.097995,40.289224,28.289395,37.900636
23.300000,0.020000,3.000000,4.000000,1.800000,15.000000,3.000000,0.261799,0.000000,0.000000,0.046743,2.678153,0.159451,9.135853,-0.010121,-0.579893,-0.112708,-6.457699,-0.046743,0.112708,45.355537,40.394559,41.359905,40.207657,43.157939,40.291763,28.348219,37.910124
23.320000,0.020000,3.000000,4.000000,1.800000,15.000000,3.000000,0.261799,0.000000,0.000000,0.046591,2.669455,0.158983,9.109041,-0.010093,-0.578289,-0.112392,-6.439586,-0.046591,0.112392,45.415497,40.396756,41.419836,40.210460,43.217883,40.294293,28.407050,37.919585
23.340000,0.020000,3.000000,4.000000,1.800000,15.000000,3.000000,0.261799,0.000000,0.000000,0.046439,2.660781,0.158516,9.082303,-0.010065,-0.576690,-0.112077,-6.421523,-0.046439,0.112077,45.475457,40.398945,41.479768,40.213255,43.277827,40.296815,28.465888,37.929019
23.360000,0.020000,3.000000,4.000000,1.800000,15.000000,3.000000,0.261799,0.000000,0.000000,0.046288,2.652131,0.158051,9.055641,-0.010037,-0.575095,-0.111762,-6.403510,-0.046288,0.111762,45.535417,40.401127,41.539700,40.216040,43.337772,40.299329,28.524733,37.938426
23.380000,0.020000,3.000000,4.000000,1.800000,15.000000,3.000000,0.261799,0.000000,0.000000,0.046138,2.643504,0.157587,9.029053,-0.010010,-0.573503,-0.111449,-6.385548,-0.046138,0.111449,45.595378,40.403302,41.599633,40.218816,43.397718,40.301835,28.583584,37.947806
23.400000,0.020000,3.000000,4.000000,1.800000,15.000000,3.000000,0.261799,0.000000,0.000000,0.045988,2.634902,0.157124,9.002539,-0.009982,-0.571916,-0.111136,-6.367637,-0.045988,0.111136,45.655339,40.405469,41.659566,40.221583,43.457663,40.304332,28.642442,37.957158
23.420000,0.020000,3.000000,4.000000,1.800000,15.000000,3.000000,0.261799,0.000000,0.000000,0.045838,2.626323,0.156662,8.976099,-0.009954,-0.570333,-0.110824,-6.349775,-0.045838,0.110824,45.715300,40.407629,41.719500,40.224341,43.517609,40.306821,28.701306,37.966484
23.440000,0.020000,3.000000,4.000000,1.800000,15.000000,3.000000,0.261799,0.000000,0.000000,0.045689,2.617769,0.156202,8.949733,-0.009927,-0.568754,-0.110514,-6.331964,-0.045689,0.110514,45.775261,40.409782,41.779434,40.227090,43.577555,40.309301,28.760177,37.975783
23.460000,0.020000,3.000000,4.000000,1.800000,15.000000,3.000000,0.261799,0.000000,0.000000,0.045540,2.609237,0.155743,8.923440,-0.009899,-0.567179,-0.110204,-6.314203,-0.045540,0.110204,45.835223,40.411927,41.839368,40.229831,43.637502,40.311774,28.819055,37.985056
23.480000,0.020000,3.000000,4.000000,1.800000,15.000000,3.000000,0.261799,0.000000,0.000000,0.045391,2.600730,0.155286,8.897221,-0.009872,-0.565608,-0.109894,-6.296491,-0.045391,0.109894,45.895185,40.414065,41.899303,40.232562,43.697449,40.314238,28.877939,37.994301
23.500000,0.020000,3.000000,4.000000,1.800000,15.000000,3.000000,0.261799,0.000000,0.000000,0.045243,2.592246,0.154829,8.871075,-0.009844,-0.564041,-0.109586,-6.278829,-0.045243,0.109586,45.955147,40.416196,41.959238,40.235284,43.757396,40.316694,28.936829,38.003520
23.520000,0.020000,3.000000,4.000000,1.800000,15.000000,3.000000,0.261799,0.000000,0.000000,0.045096,2.583785,0.154374,8.845002,-0.009817,-0.562478,-0.109279,-6.261216,-0.045096,0.109279,46.015109,40.418319,42.019174,40.237998,43.817344,40.319142,28.995725,38.012713
23.540000,0.020000,3.000000,4.000000,1.800000,15.000000,3.000000,0.261799,0.000000,0.000000,0.044948,2.575348,0.153921,8.819002,-0.009790,-0.560919,-0.108972,-6.243653,-0.044948,0.108972,46.075072,40.420435,42.079110,40.240703,43.877292,40.321582,29.054628,38.021879
23.560000,0.020000,3.000000,4.000000,1.800000,15.000000,3.000000,0.261799,0.000000,0.000000,0.044801,2.566935,0.153468,8.793074,-0.009763,-0.559364,-0.108667,-6.226139,-0.044801,0.108667,46.135035,40.422544,42.139047,40.243398,43.937241,40.324014,29.113538,38.031018
23.580000,0.020000,3.000000,4.000000,1.800000,15.000000,3.000000,0.261799,0.000000,0.000000,0.044655,2.558544,0.153017,8.767219,-0.009736,-0.557814,-0.108362,-6.208674,-0.044655,0.108362,46.194998,40.424646,42.198984,40.246085,43.997189,40.326438,29.172453,38.040132
23.600000,0.020000,3.000000,4.000000,1.800000,15.000000,3.000000,0.261799,0.000000,0.000000,0.044509,2.550177,0.152567,8.741435,-0.009709,-0.556267,-0.108058,-6.191258,-0.044509,0.108058,46.254961,40.426741,42.258921,40.248764,44.057138,40.328854,29.231375,38.049219
23.620000,0.020000,3.000000,4.000000,1.800000,15.000000,3.000000,0.261799,0.000000,0.000000,0.044363,2.541833,0.152118,8.715724,-0.009682,-0.554724,-0.107755,-6.173891,-0.044363,0.107755,46.314925,40.428829,42.318859,40.251433,44.117088,40.331261,29.290303,38.058280
23.640000,0.020000,3.000000,4.000000,1.800000,15.000000,3.000000,0.261799,0.000000,0.000000,0.044218,2.533513,0.151671,8.690085,-0.009655,-0.553186,-0.107452,-6.156572,-0.044218,0.107452,46.374889,40.430909,42.378797,40.254094,44.177037,40.333661,29.349237,38.067314
23.660000,0.020000,3.000000,4.000000,1.800000,15.000000,3.000000,0.261799,0.000000,0.000000,0.044073,2.525215,0.151224,8.664517,-0.009628,-0.551651,-0.107151,-6.139302,-0.044073,0.107151,46.434853,40.432982,42.438735,40.256746,44.236988,40.336052,29.408177,38.076323
23.680000,0.020000,3.000000,4.000000,1.800000,15.000000,3.000000,0.261799,0.000000,0.000000,0.043929,2.516940,0.150779,8.639021,-0.009601,-0.550121,-0.106850,-6.122081,-0.043929,0.106850,46.494818,40.435049,42.498674,40.259390,44.296938,40.338436,29.467123,38.085306
23.700000,0.020000,3.000000,4.000000,1.800000,15.000000,3.000000,0.261799,0.000000,0.000000,0.043785,2.508689,0.150336,8.613596,-0.009575,-0.548594,-0.106551,-6.104907,-0.043785,0.106551,46.554782,40.437108,42.558614,40.262024,44.356889,40.340812,29.526076,38.094263
23.720000,0.020000,3.000000,4.000000,1.800000,15.000000,3.000000,0.261799,0.000000,0.000000,0.043641,2.500460,0.149893,8.588242,-0.009548,-0.547071,-0.106252,-6.087782,-0.043641,0.106252,46.614747,40.439160,42.618554,40.264651,44.416840,40.343180,29.585034,38.103193
23.740000,0.020000,3.000000,4.000000,1.800000,15.000000,3.000000,0.261799,0.000000,0.000000,0.043498,2.492254,0.149452,8.562958,-0.009522,-0.545553,-0.105954,-6.070704,-0.043498,0.105954,46.674712,40.441205,42.678494,40.267268,44.476791,40.345540,29.643998,38.112099
23.760000,0.020000,3.000000,4.000000,1.800000,15.000000,3.000000,0.261799,0.000000,0.000000,0.043355,2.484071,0.149012,8.537745,-0.009495,-0.544038,-0.105657,-6.053675,-0.043355,0.105657,46.734678,40.443244,42.738434,40.269877,44.536743,40.347892,29.702969,38.120978
23.780000,0.020000,3.000000,4.000000,1.800000,15.000000,3.000000,0.261799,0.000000,0.000000,0.043213,2.475910,0.148573,8.512603,-0.009469,-0.542528,-0.105360,-6.036693,-0.043213,0.105360,46.794643,40.445275,42.798375,40.272477,44.596695,40.350236,29.761945,38.129832
23.800000,0.020000,3.000000,4.000000,1.800000,15.000000,3.000000,0.261799,0.000000,0.000000,0.043071,2.467773,0.148135,8.487531,-0.009443,-0.541021,-0.105065,-6.019758,-0.043071,0.105065,46.854609,40.447299,42.858316,40.275069,44.656647,40.352573,29.820927,38.138660
23.820000,0.020000,3.000000,4.000000,1.800000,15.000000,3.000000,0.261799,0.000000,0.000000,0.042929,2.459657,0.147699,8.462529,-0.009416,-0.539518,-0.104770,-6.002871,-0.042929,0.104770,46.914575,40.449316,42.918258,40.277653,44.716600,40.354901,29.879915,38.147463
23.840000,0.020000,3.000000,4.000000,1.800000,15.000000,3.000000,0.261799,0.000000,0.000000,0.042788,2.451565,0.147264,8.437596,-0.009390,-0.538020,-0.104476,-5.986032,-0.042788,0.104476,46.974541,40.451327,42.978200,40.280227,44.776553,40.357222,29.938909,38.156240
23.860000,0.020000,3.000000,4.000000,1.800000,15.000000,3.000000,0.261799,0.000000,0.000000,0.042647,2.443495,0.146830,8.412734,-0.009364,-0.536525,-0.104183,-5.969239,-0.042647,0.104183,47.034508,40.453330,43.038143,40.282794,44.836506,40.359535,29.997908,38.164992
23.880000,0.020000,3.000000,4.000000,1.800000,15.000000,3.000000,0.261799,0.000000,0.000000,0.042507,2.435447,0.146397,8.387941,-0.009338,-0.535034,-0.103891,-5.952494,-0.042507,0.103891,47.094475,40.455327,43.098085,40.285352,44.896460,40.361840,30.056914,38.173718
23.900000,0.020000,3.000000,4.000000,1.800000,15.000000,3.000000,0.261799,0.000000,0.000000,0.042366,2.427421,0.145966,8.363217,-0.009312,-0.533547,-0.103599,-5.935795,-0.042366,0.103599,47.154442,40.457317,43.158029,40.287901,44.956413,40.364138,30.115925,38.182420
23.920000,0.020000,3.000000,4.000000,1.800000,15.000000,3.000000,0.261799,0.000000,0.000000,0.042227,2.419418,0.145535,8.338562,-0.009286,-0.532064,-0.103309,-5.919143,-0.042227,0.103309,47.214409,40.459300,43.217972,40.290442,45.016368,40.366428,30.174941,38.191096
23.940000,0.020000,3.000000,4.000000,1.800000,15.000000,3.000000,0.261799,0.000000,0.000000,0.042088,2.411438,0.145106,8.313976,-0.009260,-0.530585,-0.103019,-5.902538,-0.042088,0.103019,47.274376,40.461276,43.277916,40.292975,45.076322,40.368710,30.233964,38.199747
23.960000,0.020000,3.000000,4.000000,1.800000,15.000000,3.000000,0.261799,0.000000,0.000000,0.041949,2.403479,0.144678,8.289458,-0.009235,-0.529110,-0.102730,-5.885979,-0.041949,0.102730,47.334344,40.463245,43.337860,40.295499,45.136277,40.370985,30.292992,38.208373
23.980000,0.020000,3.000000,4.000000,1.800000,15.000000,3.000000,0.261799,0.000000,0.000000,0.041810,2.395542,0.144252,8.265009,-0.009209,-0.527639,-0.102442,-5.869467,-0.041810,0.102442,47.394312,40.465207,43.397805,40.298016,45.196232,40.373252,30.352026,38.216974
24.000000,0.020000,3.000000,4.000000,1.800000,15.000000,3.000000,0.261799,0.000000,0.000000,0.041672,2.387628,0.143826,8.240629,-0.009183,-0.526172,-0.102154,-5.853001,-0.041672,0.102154,47.454280,40.467163,43.457750,40.300523,45.256187,40.375511,30.411065,38.225550
24.020000,0.020000,3.000000,4.000000,1.800000,15.000000,3.000000,0.261799,0.000000,0.000000,0.041534,2.379735,0.143402,8.216316,-0.009158,-0.524709,-0.101868,-5.836581,-0.041534,0.101868,47.514249,40.469112,43.517695,40.303023,45.316143,40.377763,30.470109,38.234101
24.040000,0.020000,3.000000,4.000000,1.800000,15.000000,3.000000,0.261799,0.000000,0.000000,0.041397,2.371865,0.142979,8.192072,-0.009132,-0.523249,-0.101582,-5.820207,-0.041397,0.101582,47.574217,40.471054,43.577641,40.305514,45.376099,40.380007,30.529160,38.242628
24.060000,0.020000,3.000000,4.000000,1.800000,15.000000,3.000000,0.261799,0.000000,0.000000,0.041260,2.364016,0.142557,8.167895,-0.009107,-0.521794,-0.101297,-5.803879,-0.041260,0.101297,47.634186,40.472990,43.637587,40.307997,45.436055,40.382244,30.588215,38.251129
24.080000,0.020000,3.000000,4.000000,1.800000,15.000000,3.000000,0.261799,0.000000,0.000000,0.041123,2.356189,0.142136,8.143786,-0.009082,-0.520342,-0.101013,-5.787596,-0.041123,0.101013,47.694155,40.474919,43.697534,40.310472,45.496012,40.384473,30.647277,38.259606
24.100000,0.020000,3.000000,4.000000,1.800000,15.000000,3.000000,0.261799,0.000000,0.000000,0.040987,2.348384,0.141716,8.119744,-0.009056,-0.518894,-0.100729,-5.771359,-0.040987,0.100729,47.754124,40.476841,43.757481,40.312938,45.555969,40.386694,30.706343,38.268059
24.120000,0.020000,3.000000,4.000000,1.800000,15.000000,3.000000,0.261799,0.000000,0.000000,0.040851,2.340601,0.141298,8.095769,-0.009031,-0.517451,-0.100447,-5.755168,-0.040851,0.100447,47.814093,40.478756,43.817428,40.315397,45.615926,40.388909,30.765415,38.276487
24.140000,0.020000,3.000000,4.000000,1.800000,15.000000,3.000000,0.261799,0.000000,0.000000,0.040716,2.332839,0.140881,8.071861,-0.009006,-0.516011,-0.100165,-5.739022,-0.040716,0.100165,47.874063,40.480665,43.877375,40.317847,45.675883,40.391115,30.824492,38.284890
24.160000,0.020000,3.000000,4.000000,1.800000,15.000000,3.000000,0.261799,0.000000,0.000000,0.040581,2.325099,0.140464,8.048020,-0.008981,-0.514575,-0.099884,-5.722921,-0.040581,0.099884,47.934033,40.482567,43.937323,40.320289,45.735841,40.393314,30.883575,38.293269
24.180000,0.020000,3.000000,4.000000,1.800000,15.000000,3.000000,0.261799,0.000000,0.000000,0.040446,2.317381,0.140050,8.024246,-0.008956,-0.513142,-0.099604,-5.706865,-0.040446,0.099604,47.994003,40.484463,43.997271,40.322723,45.795799,40.395506,30.942663,38.301624
24.200000,0.020000,3.000000,4.000000,1.800000,15.000000,3.000000,0.261799,0.000000,0.000000,0.040312,2.309684,0.139636,8.000538,-0.008931,-0.511714,-0.099324,-5.690854,-0.040312,0.099324,48.053973,40.486352,44.057220,40.325149,45.855757,40.397691,31.001756,38.309955
24.220000,0.020000,3.000000,4.000000,1.800000,15.000000,3.000000,0.261799,0.000000,0.000000,0.040178,2.302008,0.139223,7.976896,-0.008906,-0.510289,-0.099045,-5.674888,-0.040178,0.099045,48.113944,40.488235,44.117169,40.327567,45.915716,40.399868,31.060854,38.318261
24.240000,0.020000,3.000000,4.000000,1.800000,15.000000,3.000000,0.261799,0.000000,0.000000,0.040044,2.294354,0.138812,7.953321,-0.008881,-0.508869,-0.098768,-5.658967,-0.040044,0.098768,48.173914,40.490111,44.177118,40.329977,45.975675,40.402037,31.119958,38.326543
24.260000,0.020000,3.000000,4.000000,1.800000,15.000000,3.000000,0.261799,0.000000,0.000000,0.039911,2.286721,0.138401,7.929811,-0.008857,-0.507452,-0.098491,-5.643090,-0.039911,0.098491,48.233885,40.491980,44.237067,40.332379,46.035634,40.404200,31.179067,38.334801
24.280000,0.020000,3.000000,4.000000,1.800000,15.000000,3.000000,0.261799,0.000000,0.000000,0.039778,2.279109,0.137992,7.906367,-0.008832,-0.506039,-0.098214,-5.627258,-0.039778,0.098214,48.293856,40.493843,44.297017,40.334773,46.095593,40.406355,31.238181,38.343035
24.300000,0.020000,3.000000,4.000000,1.800000,15.000000,3.000000,0.261799,0.000000,0.000000,0.039645,2.271519,0.137584,7.882989,-0.008807,-0.504629,-0.097939,-5.611470,-0.039645,0.097939,48.353828,40.495700,44.356967,40.337159,46.155553,40.408502,31.297300,38.351245
24.320000,0.020000,3.000000,4.000000,1.800000,15.000000,3.000000,0.261799,0.000000,0.000000,0.039513,2.263950,0.137177,7.859676,-0.008783,-0.503224,-0.097664,-5.595726,-0.039513,0.097664,48.413799,40.497550,44.416918,40.339537,46.215513,40.410643,31.356424,38.359432
24.340000,0.020000,3.000000,4.000000,1.800000,15.000000,3.000000,0.261799,0.000000,0.000000,0.039382,2.256401,0.136771,7.836428,-0.008758,-0.501822,-0.097390,-5.580026,-0.039382,0.097390,48.473771,40.499393,44.476869,40.341907,46.275473,40.412776,31.415553,38.367594
24.360000,0.020000,3.000000,4.000000,1.800000,15.000000,3.000000,0.261799,0.000000,0.000000,0.039250,2.248874,0.136367,7.813245,-0.008734,-0.500424,-0.097117,-5.564371,-0.039250,0.097117,48.533743,40.501230,44.536820,40.344269,46.335434,40.414902,31.474687,38.375733
24.380000,0.020000,3.000000,4.000000,1.800000,15.000000,3.000000,0.261799,0.000000,0.000000,0.039119,2.241368,0.135963,7.790127,-0.008710,-0.499030,-0.096844,-5.548759,-0.039119,0.096844,48.593715,40.503061,44.596771,40.346624,46.395394,40.417020,31.533826,38.383848
24.400000,0.020000,3.000000,4.000000,1.800000,15.000000,3.000000,0.261799,0.000000,0.000000,0.038989,2.233883,0.135561,7.767073,-0.008685,-0.497640,-0.096572,-5.533191,-0.038989,0.096572,48.653687,40.504885,44.656723,40.348970,46.455355,40.419132,31.592970,38.391939
24.420000,0.020000,3.000000,4.000000,1.800000,15.000000,3.000000,0.261799,0.000000,0.000000,0.038858,2.226418,0.135160,7.744084,-0.008661,-0.496253,-0.096301,-5.517666,-0.038858,0.096301,48.713659,40.506703,44.716675,40.351309,46.515317,40.421236,31.652119,38.400007
24.440000,0.020000,3.000000,4.000000,1.800000,15.000000,3.000000,0.261799,0.000000,0.000000,0.038728,2.218974,0.134760,7.721159,-0.008637,-0.494870,-0.096031,-5.502185,-0.038728,0.096031,48.773632,40.508515,44.776628,40.353640,46.575278,40.423333,31.711273,38.408051
24.460000,0.020000,3.000000,4.000000,1.800000,15.000000,3.000000,0.261799,0.000000,0.000000,0.038599,2.211551,0.134361,7.698298,-0.008613,-0.493491,-0.095762,-5.486747,-0.038599,0.095762,48.833605,40.510320,44.836581,40.355963,46.635240,40.425423,31.770432,38.416072
24.480000,0.020000,3.000000,4.000000,1.800000,15.000000,3.000000,0.261799,0.000000,0.000000,0.038470,2.204149,0.133963,7.675502,-0.008589,-0.492116,-0.095493,-5.471352,-0.038470,0.095493,48.893578,40.512119,44.896534,40.358278,46.695202,40.427506,31.829596,38.424069
24.500000,0.020000,3.000000,4.000000,1.800000,15.000000,3.000000,0.261799,0.000000,0.000000,0.038341,2.196768,0.133566,7.652768,-0.008565,-0.490744,-0.095225,-5.456001,-0.038341,0.095225,48.953551,40.513911,44.956487,40.360585,46.755164,40.429582,31.888765,38.432044
24.520000,0.020000,3.000000,4.000000,1.800000,15.000000,3.000000,0.261799,0.000000,0.000000,0.038212,2.189406,0.133170,7.630099,-0.008541,-0.489376,-0.094958,-5.440692,-0.038212,0.094958,49.013524,40.515698,45.016441,40.362885,46.815127,40.431651,31.947938,38.439994
24.540000,0.020000,3.000000,4.000000,1.800000,15.000000,3.000000,0.261799,0.000000,0.000000,0.038084,2.182066,0.132776,7.607493,-0.008517,-0.488012,-0.094692,-5.425427,-0.038084,0.094692,49.073498,40.517478,45.076395,40.365177,46.875090,40.433712,32.007116,38.447922
24.560000,0.020000,3.000000,4.000000,1.800000,15.000000,3.000000,0.261799,0.000000,0.000000,0.037956,2.174746,0.132382,7.584950,-0.008494,-0.486651,-0.094426,-5.410204,-0.037956,0.094426,49.133472,40.519251,45.136349,40.367462,46.935053,40.435767,32.066299,38.455827
24.580000,0.020000,3.000000,4.000000,1.800000,15.000000,3.000000,0.261799,0.000000,0.000000,0.037829,2.167446,0.131990,7.562470,-0.008470,-0.485294,-0.094161,-5.395024,-0.037829,0.094161,49.193446,40.521019,45.196304,40.369738,46.995016,40.437815,32.125487,38.463708
24.600000,0.020000,3.000000,4.000000,1.800000,15.000000,3.000000,0.261799,0.000000,0.000000,0.037702,2.160167,0.131599,7.540053,-0.008446,-0.483941,-0.093897,-5.379886,-0.037702,0.093897,49.253420,40.522780,45.256259,40.372008,47.054980,40.439855,32.184679,38.471567
24.620000,0.020000,3.000000,4.000000,1.800000,15.000000,3.000000,0.261799,0.000000,0.000000,0.037575,2.152908,0.131209,7.517698,-0.008423,-0.482592,-0.093633,-5.364790,-0.037575,0.093633,49.313394,40.524535,45.316214,40.374269,47.114943,40.441889,32.243876,38.479402
24.640000,0.020000,3.000000,4.000000,1.800000,15.000000,3.000000,0.261799,0.000000,0.000000,0.037449,2.145669,0.130820,7.495406,-0.008399,-0.481246,-0.093371,-5.349737,-0.037449,0.093371,49.373369,40.526284,45.376169,40.376523,47.174907,40.443915,32.303078,38.487215
24.660000,0.020000,3.000000,4.000000,1.800000,15.000000,3.000000,0.261799,0.000000,0.000000,0.037323,2.138450,0.130432,7.473177,-0.008376,-0.479904,-0.093109,-5.334726,-0.037323,0.093109,49.433343,40.528027,45.436125,40.378769,47.234872,40.445935,32.362284,38.495005
24.680000,0.020000,3.000000,4.000000,1.800000,15.000000,3.000000,0.261799,0.000000,0.000000,0.037197,2.131252,0.130045,7.451009,-0.008353,-0.478566,-0.092847,-5.319757,-0.037197,0.092847,49.493318,40.529763,45.496081,40.381008,47.294836,40.447948,32.421495,38.502772
24.700000,0.020000,3.000000,4.000000,1.800000,15.000000,3.000000,0.261799,0.000000,0.000000,0.037072,2.124074,0.129659,7.428904,-0.008329,-0.477231,-0.092587,-5.304830,-0.037072,0.092587,49.553293,40.531494,45.556038,40.383239,47.354801,40.449954,32.480710,38.510516
24.720000,0.020000,3.000000,4.000000,1.800000,15.000000,3.000000,0.261799,0.000000,0.000000,0.036947,2.116915,0.129274,7.406860,-0.008306,-0.475900,-0.092327,-5.289945,-0.036947,0.092327,49.613269,40.533218,45.615995,40.385463,47.414766,40.451953,32.539930,38.518238
24.740000,0.020000,3.000000,4.000000,1.800000,15.000000,3.000000,0.261799,0.000000,0.000000,0.036823,2.109777,0.128890,7.384878,-0.008283,-0.474572,-0.092068,-5.275102,-0.036823,0.092068,49.673244,40.534936,45.675951,40.387679,47.474731,40.453945,32.599155,38.525937
24.760000,0.020000,3.000000,4.000000,1.800000,15.000000,3.000000,0.261799,0.000000,0.000000,0.036698,2.102658,0.128508,7.362958,-0.008260,-0.473248,-0.091810,-5.260300,-0.036698,0.091810,49.733220,40.536649,45.735909,40.389888,47.534697,40.455930,32.658383,38.533614
24.780000,0.020000,3.000000,4.000000,1.800000,15.000000,3.000000,0.261799,0.000000,0.000000,0.036574,2.095560,0.128126,7.341099,-0.008237,-0.471928,-0.091552,-5.245539,-0.036574,0.091552,49.793195,40.538355,45.795866,40.392089,47.594663,40.457909,32.717617,38.541268
24.800000,0.020000,3.000000,4.000000,1.800000,15.000000,3.000000,0.261799,0.000000,0.000000,0.036451,2.088481,0.127746,7.319301,-0.008214,-0.470611,-0.091295,-5.230820,-0.036451,0.091295,49.853171,40.540055,45.855824,40.394283,47.654628,40.459880,32.776855,38.548899
24.820000,0.020000,3.000000,4.000000,1.800000,15.000000,3.000000,0.261799,0.000000,0.000000,0.036328,2.081422,0.127367,7.297564,-0.008191,-0.469298,-0.091039,-5.216142,-0.036328,0.091039,49.913147,40.541749,45.915782,40.396470,47.714595,40.461845,32.836097,38.556509
24.840000,0.020000,3.000000,4.000000,1.800000,15.000000,3.000000,0.261799,0.000000,0.000000,0.036205,2.074382,0.126988,7.275887,-0.008168,-0.467989,-0.090783,-5.201505,-0.036205,0.090783,49.973124,40.543437,45.975741,40.398649,47.774561,40.463803,32.895344,38.564096
24.860000,0.020000,3.000000,4.000000,1.800000,15.000000,3.000000,0.261799,0.000000,0.000000,0.036082,2.067363,0.126611,7.254272,-0.008145,-0.466683,-0.090529,-5.186909,-0.036082,0.090529,50.033100,40.545119,46.035699,40.400821,47.834528,40.465755,32.954595,38.571661
24.880000,0.020000,3.000000,4.000000,1.800000,15.000000,3.000000,0.261799,0.000000,0.000000,0.035960,2.060362,0.126235,7.232717,-0.008122,-0.465380,-0.090275,-5.172354,-0.035960,0.090275,50.093077,40.546795,46.095658,40.402985,47.894495,40.467699,33.013850,38.579204
24.900000,0.020000,3.000000,4.000000,1.800000,15.000000,3.000000,0.261799,0.000000,0.000000,0.035838,2.053382,0.125860,7.211222,-0.008100,-0.464082,-0.090021,-5.157840,-0.035838,0.090021,50.153053,40.548465,46.155618,40.405142,47.954462,40.469637,33.073110,38.586724
24.920000,0.020000,3.000000,4.000000,1.800000,15.000000,3.000000,0.261799,0.000000,0.000000,0.035717,2.046421,0.125485,7.189787,-0.008077,-0.462786,-0.089769,-5.143366,-0.035717,0.089769,50.213030,40.550129,46.215577,40.407292,48.014429,40.471568,33.132374,38.594223
24.940000,0.020000,3.000000,4.000000,1.800000,15.000000,3.000000,0.261799,0.000000,0.000000,0.035596,2.039479,0.125112,7.168412,-0.008055,-0.461495,-0.089517,-5.128933,-0.035596,0.089517,50.273007,40.551787,46.275537,40.409434,48.074397,40.473493,33.191642,38.601699
24.960000,0.020000,3.000000,4.000000,1.800000,15.000000,3.000000,0.261799,0.000000,0.000000,0.035475,2.032557,0.124740,7.147097,-0.008032,-0.460207,-0.089266,-5.114540,-0.035475,0.089266,50.332985,40.553439,46.335497,40.411570,48.134364,40.475411,33.250914,38.609154
24.980000,0.020000,3.000000,4.000000,1.800000,15.000000,3.000000,0.261799,0.000000,0.000000,0.035354,2.025654,0.124369,7.125842,-0.008010,-0.458922,-0.089015,-5.100188,-0.035354,0.089015,50.392962,40.555086,46.395457,40.413698,48.194332,40.477322,33.310191,38.616587
25.000000,0.020000,3.000000,4.000000,1.800000,15.000000,3.000000,0.261799,0.000000,0.000000,0.035234,2.018770,0.123999,7.104646,-0.007987,-0.457641,-0.088765,-5.085876,-0.035234,0.088765,50.452940,40.556726,46.455418,40.415818,48.254301,40.479227,33.369472,38.623998
25.020000,0.020000,3.000000,4.000000,1.800000,15.000000,3.000000,0.261799,0.000000,0.000000,0.035114,2.011905,0.123631,7.083509,-0.007965,-0.456363,-0.088516,-5.071604,-0.035114,0.088516,50.512917,40.558361,46.515379,40.417932,48.314269,40.481125,33.428757,38.631387
25.040000,0.020000,3.000000,4.000000,1.800000,15.000000,3.000000,0.261799,0.000000,0.000000,0.034995,2.005060,0.123263,7.062432,-0.007943,-0.455089,-0.088268,-5.057372,-0.034995,0.088268,50.572895,40.559989,46.575340,40.420038,48.374238,40.483016,33.488046,38.638754
25.060000,0.020000,3.000000,4.000000,1.800000,15.000000,3.000000,0.261799,0.000000,0.000000,0.034876,1.998234,0.122896,7.041413,-0.007921,-0.453819,-0.088020,-5.043179,-0.034876,0.088020,50.632873,40.561612,46.635301,40.422137,48.434207,40.484901,33.547339,38.646100
25.080000,0.020000,3.000000,4.000000,1.800000,15.000000,3.000000,0.261799,0.000000,0.000000,0.034757,1.991427,0.122530,7.020453,-0.007899,-0.452552,-0.087773,-5.029027,-0.034757,0.087773,50.692851,40.563230,46.695263,40.424230,48.494176,40.486779,33.606637,38.653425
25.100000,0.020000,3.000000,4.000000,1.800000,15.000000,3.000000,0.261799,0.000000,0.000000,0.034638,1.984638,0.122165,6.999552,-0.007876,-0.451288,-0.087527,-5.014914,-0.034638,0.087527,50.752830,40.564841,46.755225,40.426314,48.554145,40.488651,33.665938,38.660727
25.120000,0.020000,3.000000,4.000000,1.800000,15.000000,3.000000,0.261799,0.000000,0.000000,0.034520,1.977869,0.121801,6.978710,-0.007854,-0.450028,-0.087281,-5.000840,-0.034520,0.087281,50.812808,40.566446,46.815187,40.428392,48.614114,40.490517,33.725244,38.668009
25.140000,0.020000,3.000000,4.000000,1.800000,15.000000,3.000000,0.261799,0.000000,0.000000,0.034403,1.971119,0.121439,6.957925,-0.007833,-0.448771,-0.087036,-4.986806,-0.034403,0.087036,50.872787,40.568046,46.875149,40.430463,48.674084,40.492375,33.784553,38.675269
25.160000,0.020000,3.000000,4.000000,1.800000,15.000000,3.000000,0.261799,0.000000,0.000000,0.034285,1.964387,0.121077,6.937199,-0.007811,-0.447518,-0.086792,-4.972812,-0.034285,0.086792,50.932766,40.569640,46.935112,40.432527,48.734054,40.494228,33.843867,38.682507
25.180000,0.020000,3.000000,4.000000,1.800000,15.000000,3.000000,0.261799,0.000000,0.000000,0.034168,1.957675,0.120716,6.916531,-0.007789,-0.446268,-0.086548,-4.958856,-0.034168,0.086548,50.992745,40.571228,46.995075,40.434583,48.794024,40.496074,33.903185,38.689725
25.200000,0.020000,3.000000,4.000000,1.800000,15.000000,3.000000,0.261799,0.000000,0.000000,0.034051,1.950981,0.120357,6.895921,-0.007767,-0.445022,-0.086305,-4.944940,-0.034051,0.086305,51.052724,40.572811,47.055038,40.436633,48.853994,40.497913,33.962506,38.696921
25.220000,0.020000,3.000000,4.000000,1.800000,15.000000,3.000000,0.261799,0.000000,0.000000,0.033935,1.944305,0.119998,6.875368,-0.007745,-0.443779,-0.086063,-4.931062,-0.033935,0.086063,51.112703,40.574388,47.115001,40.438676,48.913965,40.499746,34.021832,38.704096
25.240000,0.020000,3.000000,4.000000,1.800000,15.000000,3.000000,0.261799,0.000000,0.000000,0.033818,1.937649,0.119640,6.854873,-0.007724,-0.442539,-0.085822,-4.917224,-0.033818,0.085822,51.172683,40.575959,47.174965,40.440711,48.973936,40.501573,34.081161,38.711249
25.260000,0.020000,3.000000,4.000000,1.800000,15.000000,3.000000,0.261799,0.000000,0.000000,0.033702,1.931011,0.119283,6.834435,-0.007702,-0.441303,-0.085581,-4.903424,-0.033702,0.085581,51.232662,40.577524,47.234929,40.442740,49.033907,40.503393,34.140494,38.718382
25.280000,0.020000,3.000000,4.000000,1.800000,15.000000,3.000000,0.261799,0.000000,0.000000,0.033587,1.924391,0.118928,6.814054,-0.007681,-0.440071,-0.085341,-4.889663,-0.033587,0.085341,51.292642,40.579084,47.294893,40.444762,49.093878,40.505207,34.199831,38.725494
25.300000,0.020000,3.000000,4.000000,1.800000,15.000000,3.000000,0.261799,0.000000,0.000000,0.033472,1.917790,0.118573,6.793731,-0.007659,-0.438841,-0.085101,-4.875940,-0.033472,0.085101,51.352622,40.580639,47.354857,40.446776,49.153849,40.507014,34.259172,38.732584
25.320000,0.020000,3.000000,4.000000,1.800000,15.000000,3.000000,0.261799,0.000000,0.000000,0.033357,1.911208,0.118219,6.773464,-0.007638,-0.437616,-0.084862,-4.862256,-0.033357,0.084862,51.412602,40.582187,47.414822,40.448784,49.213821,40.508815,34.318517,38.739654
25.340000,0.020000,3.000000,4.000000,1.800000,15.000000,3.000000,0.261799,0.000000,0.000000,0.033242,1.904644,0.117867,6.753254,-0.007616,-0.436393,-0.084624,-4.848610,-0.033242,0.084624,51.472582,40.583730,47.474787,40.450785,49.273792,40.510610,34.377866,38.746703
25.360000,0.020000,3.000000,4.000000,1.800000,15.000000,3.000000,0.261799,0.000000,0.000000,0.033128,1.898098,0.117515,6.733101,-0.007595,-0.435174,-0.084387,-4.835003,-0.033128,0.084387,51.532562,40.585267,47.534752,40.452779,49.333764,40.512399,34.437218,38.753732
25.380000,0.020000,3.000000,4.000000,1.800000,15.000000,3.000000,0.261799,0.000000,0.000000,0.033014,1.891570,0.117164,6.713004,-0.007574,-0.433958,-0.084150,-4.821433,-0.033014,0.084150,51.592543,40.586799,47.594717,40.454767,49.393737,40.514181,34.496574,38.760739
25.400000,0.020000,3.000000,4.000000,1.800000,15.000000,3.000000,0.261799,0.000000,0.000000,0.032901,1.885061,0.116814,6.692963,-0.007553,-0.432746,-0.083914,-4.807902,-0.032901,0.083914,51.652523,40.588326,47.654683,40.456747,49.453709,40.515957,34.555934,38.767726
25.420000,0.020000,3.000000,4.000000,1.800000,15.000000,3.000000,0.261799,0.000000,0.000000,0.032787,1.878570,0.116465,6.672978,-0.007532,-0.431537,-0.083678,-4.794408,-0.032787,0.083678,51.712504,40.589846,47.714649,40.458721,49.513681,40.517727,34.615298,38.774692
25.440000,0.020000,3.000000,4.000000,1.800000,15.000000,3.000000,0.261799,0.000000,0.000000,0.032674,1.872097,0.116118,6.653049,-0.007511,-0.430331,-0.083443,-4.780953,-0.032674,0.083443,51.772485,40.591361,47.774615,40.460687,49.573654,40.519491,34.674665,38.781638
25.460000,0.020000,3.000000,4.000000,1.800000,15.000000,3.000000,0.261799,0.000000,0.000000,0.032562,1.865642,0.115771,6.633176,-0.007490,-0.429128,-0.083209,-4.767535,-0.032562,0.083209,51.832466,40.592871,47.834581,40.462647,49.633627,40.521248,34.734036,38.788563
25.480000,0.020000,3.000000,4.000000,1.800000,15.000000,3.000000,0.261799,0.000000,0.000000,0.032449,1.859205,0.115425,6.613359,-0.007469,-0.427929,-0.082976,-4.754154,-0.032449,0.082976,51.892447,40.594375,47.894548,40.464601,49.693600,40.522999,34.793411,38.795468
25.500000,0.020000,3.000000,4.000000,1.800000,15.000000,3.000000,0.261799,0.000000,0.000000,0.032337,1.852786,0.115080,6.593597,-0.007448,-0.426733,-0.082743,-4.740811,-0.032337,0.082743,51.952428,40.595874,47.954514,40.466547,49.753573,40.524744,34.852789,38.802352
25.520000,0.020000,3.000000,4.000000,1.800000,15.000000,3.000000,0.261799,0.000000,0.000000,0.032226,1.846385,0.114736,6.573891,-0.007427,-0.425541,-0.082511,-4.727505,-0.032226,0.082511,52.012410,40.597367,48.014481,40.468487,49.813547,40.526483,34.912171,38.809216
25.540000,0.020000,3.000000,4.000000,1.800000,15.000000,3.000000,0.261799,0.000000,0.000000,0.032114,1.840002,0.114393,6.554239,-0.007406,-0.424352,-0.082279,-4.714237,-0.032114,0.082279,52.072391,40.598855,48.074449,40.470420,49.873520,40.528216,34.971557,38.816060
25.560000,0.020000,3.000000,4.000000,1.800000,15.000000,3.000000,0.261799,0.000000,0.000000,0.032003,1.833637,0.114051,6.534643,-0.007386,-0.423166,-0.082048,-4.701006,-0.032003,0.082048,52.132373,40.600337,48.134416,40.472347,49.933494,40.529942,35.030946,38.822883
25.580000,0.020000,3.000000,4.000000,1.800000,15.000000,3.000000,0.261799,0.000000,0.000000,0.031892,1.827290,0.113710,6.515101,-0.007365,-0.421983,-0.081818,-4.687812,-0.031892,0.081818,52.192355,40.601814,48.194384,40.474267,49.993468,40.531663,35.090339,38.829687
25.600000,0.020000,3.000000,4.000000,1.800000,15.000000,3.000000,0.261799,0.000000,0.000000,0.031782,1.820960,0.113370,6.495615,-0.007344,-0.420804,-0.081588,-4.674655,-0.031782,0.081588,52.252337,40.603286,48.254351,40.476180,50.053442,40.533377,35.149735,38.836470
25.620000,0.020000,3.000000,4.000000,1.800000,15.000000,3.000000,0.261799,0.000000,0.000000,0.031672,1.814648,0.113031,6.476182,-0.007324,-0.419628,-0.081359,-4.661534,-0.031672,0.081359,52.312319,40.604752,48.314320,40.478086,50.113417,40.535086,35.209134,38.843233
25.640000,0.020000,3.000000,4.000000,1.800000,15.000000,3.000000,0.261799,0.000000,0.000000,0.031562,1.808354,0.112692,6.456804,-0.007303,-0.418455,-0.081131,-4.648451,-0.031562,0.081131,52.372301,40.606212,48.374288,40.479986,50.173391,40.536788,35.268538,38.849976
25.660000,0.020000,3.000000,4.000000,1.800000,15.000000,3.000000,0.261799,0.000000,0.000000,0.031452,1.802077,0.112355,6.437481,-0.007283,-0.417285,-0.080903,-4.635404,-0.031452,0.080903,52.432283,40.607668,48.434256,40.481880,50.233366,40.538484,35.327944,38.856699
25.680000,0.020000,3.000000,4.000000,1.800000,15.000000,3.000000,0.261799,0.000000,0.000000,0.031343,1.795818,0.112019,6.418211,-0.007263,-0.416119,-0.080676,-4.622394,-0.031343,0.080676,52.492266,40.609118,48.494225,40.483766,50.293341,40.540174,35.387354,38.863403
25.700000,0.020000,3.000000,4.000000,1.800000,15.000000,3.000000,0.261799,0.000000,0.000000,0.031234,1.789576,0.111684,6.398996,-0.007242,-0.414955,-0.080450,-4.609420,-0.031234,0.080450,52.552248,40.610562,48.554194,40.485647,50.353316,40.541859,35.446768,38.870086
25.720000,0.020000,3.000000,4.000000,1.800000,15.000000,3.000000,0.261799,0.000000,0.000000,0.031125,1.783352,0.111349,6.379834,-0.007222,-0.413795,-0.080224,-4.596482,-0.031125,0.080224,52.612231,40.612002,48.614163,40.487520,50.413291,40.543537,35.506185,38.876750
25.740000,0.020000,3.000000,4.000000,1.800000,15.000000,3.000000,0.261799,0.000000,0.000000,0.031017,1.777145,0.111016,6.360726,-0.007202,-0.412639,-0.079999,-4.583581,-0.031017,0.079999,52.672214,40.613436,48.674133,40.489387,50.473267,40.545209,35.565605,38.883393
25.760000,0.020000,3.000000,4.000000,1.800000,15.000000,3.000000,0.261799,0.000000,0.000000,0.030909,1.770955,0.110683,6.341671,-0.007182,-0.411485,-0.079774,-4.570716,-0.030909,0.079774,52.732197,40.614865,48.734102,40.491248,50.533242,40.546875,35.625029,38.890018
25.780000,0.020000,3.000000,4.000000,1.800000,15.000000,3.000000,0.261799,0.000000,0.000000,0.030801,1.764783,0.110351,6.322670,-0.007162,-0.410335,-0.079550,-4.557887,-0.030801,0.079550,52.792180,40.616288,48.794072,40.493102,50.593218,40.548536,35.684456,38.896622
25.800000,0.020000,3.000000,4.000000,1.800000,15.000000,3.000000,0.261799,0.000000,0.000000,0.030694,1.758628,0.110021,6.303722,-0.007142,-0.409187,-0.079327,-4.545093,-0.030694,0.079327,52.852163,40.617706,48.854042,40.494950,50.653194,40.550190,35.743887,38.903207
25.820000,0.020000,3.000000,4.000000,1.800000,15.000000,3.000000,0.261799,0.000000,0.000000,0.030587,1.752490,0.109691,6.284826,-0.007122,-0.408043,-0.079104,-4.532336,-0.030587,0.079104,52.912147,40.619119,48.914012,40.496791,50.713170,40.551839,35.803321,38.909773
25.840000,0.020000,3.000000,4.000000,1.800000,15.000000,3.000000,0.261799,0.000000,0.000000,0.030480,1.746370,0.109362,6.265984,-0.007102,-0.406903,-0.078882,-4.519615,-0.030480,0.078882,52.972130,40.620527,48.973983,40.498626,50.773147,40.553482,35.862758,38.916319
25.860000,0.020000,3.000000,4.000000,1.800000,15.000000,3.000000,0.261799,0.000000,0.000000,0.030373,1.740266,0.109034,6.247195,-0.007082,-0.405765,-0.078661,-4.506929,-0.030373,0.078661,53.032114,40.621930,49.033953,40.500455,50.833123,40.555118,35.922198,38.922845
25.880000,0.020000,3.000000,4.000000,1.800000,15.000000,3.000000,0.261799,0.000000,0.000000,0.030267,1.734180,0.108707,6.228458,-0.007062,-0.404630,-0.078440,-4.494278,-0.030267,0.078440,53.092097,40.623327,49.093924,40.502277,50.893100,40.556749,35.981642,38.929352
25.900000,0.020000,3.000000,4.000000,1.800000,15.000000,3.000000,0.261799,0.000000,0.000000,0.030161,1.728110,0.108381,6.209774,-0.007042,-0.403499,-0.078220,-4.481663,-0.030161,0.078220,53.152081,40.624719,49.153895,40.504092,50.953076,40.558374,36.041089,38.935840
25.920000,0.020000,3.000000,4.000000,1.800000,15.000000,3.000000,0.261799,0.000000,0.000000,0.030056,1.722058,0.108056,6.191142,-0.007023,-0.402371,-0.078000,-4.469084,-0.030056,0.078000,53.212065,40.626106,49.213866,40.505902,51.013053,40.559994,36.100539,38.942309
25.940000,0.020000,3.000000,4.000000,1.800000,15.000000,3.000000,0.261799,0.000000,0.000000,0.029950,1.716023,0.107732,6.172562,-0.007003,-0.401246,-0.077781,-4.456539,-0.029950,0.077781,53.272049,40.627488,49.273838,40.507705,51.073030,40.561607,36.159992,38.948758
25.960000,0.020000,3.000000,4.000000,1.800000,15.000000,3.000000,0.261799,0.000000,0.000000,0.029845,1.710004,0.107408,6.154034,-0.006983,-0.400123,-0.077563,-4.444030,-0.029845,0.077563,53.332034,40.628865,49.333809,40.509501,51.133008,40.563215,36.219448,38.955188
25.980000,0.020000,3.000000,4.000000,1.800000,15.000000,3.000000,0.261799,0.000000,0.000000,0.029740,1.704002,0.107086,6.135558,-0.006964,-0.399005,-0.077345,-4.431556,-0.029740,0.077345,53.392018,40.630236,49.393781,40.511292,51.192985,40.564817,36.278908,38.961600
26.000000,0.020000,3.000000,4.000000,1.800000,15.000000,3.000000,0.261799,0.000000,0.000000,0.029636,1.698017,0.106764,6.117134,-0.006944,-0.397889,-0.077128,-4.419117,-0.029636,0.077128,53.452002,40.631603,49.453753,40.513076,51.252963,40.566413,36.338371,38.967992
26.020000,0.020000,3.000000,4.000000,1.800000,15.000000,3.000000,0.261799,0.000000,0.000000,0.029532,1.692049,0.106443,6.098762,-0.006925,-0.396776,-0.076912,-4.406713,-0.029532,0.076912,53.511987,40.632964,49.513725,40.514854,51.312941,40.568003,36.397837,38.974365
26.040000,0.020000,3.000000,4.000000,1.800000,15.000000,3.000000,0.261799,0.000000,0.000000,0.029428,1.686097,0.106124,6.080440,-0.006906,-0.395666,-0.076696,-4.394343,-0.029428,0.076696,53.571972,40.634320,49.573698,40.516625,51.372918,40.569588,36.457306,38.980719
26.060000,0.020000,3.000000,4.000000,1.800000,15.000000,3.000000,0.261799,0.000000,0.000000,0.029324,1.680162,0.105805,6.062171,-0.006886,-0.394560,-0.076480,-4.382008,-0.029324,0.076480,53.631956,40.635672,49.633670,40.518391,51.432897,40.571167,36.516778,38.987054
26.080000,0.020000,3.000000,4.000000,1.800000,15.000000,3.000000,0.261799,0.000000,0.000000,0.029221,1.674244,0.105487,6.043952,-0.006867,-0.393456,-0.076266,-4.369708,-0.029221,0.076266,53.691941,40.637018,49.693643,40.520150,51.492875,40.572740,36.576253,38.993370
26.100000,0.020000,3.000000,4.000000,1.800000,15.000000,3.000000,0.261799,0.000000,0.000000,0.029118,1.668342,0.105170,6.025784,-0.006848,-0.392356,-0.076052,-4.357442,-0.029118,0.076052,53.751926,40.638359,49.753616,40.521903,51.552853,40.574308,36.635732,38.999668
26.120000,0.020000,3.000000,4.000000,1.800000,15.000000,3.000000,0.261799,0.000000,0.000000,0.029015,1.662457,0.104854,6.007668,-0.006829,-0.391258,-0.075838,-4.345211,-0.029015,0.075838,53.811911,40.639695,49.813589,40.523650,51.612832,40.575870,36.695213,39.005947
26.140000,0.020000,3.000000,4.000000,1.800000,15.000000,3.000000,0.261799,0.000000,0.000000,0.028913,1.656588,0.104538,5.989602,-0.006810,-0.390164,-0.075625,-4.333013,-0.028913,0.075625,53.871897,40.641026,49.873563,40.525390,51.672810,40.577426,36.754698,39.012207
26.160000,0.020000,3.000000,4.000000,1.800000,15.000000,3.000000,0.261799,0.000000,0.000000,0.028811,1.650736,0.104224,5.971586,-0.006791,-0.389073,-0.075413,-4.320850,-0.028811,0.075413,53.931882,40.642352,49.933536,40.527125,51.732789,40.578977,36.814185,39.018448
26.180000,0.020000,3.000000,4.000000,1.800000,15.000000,3.000000,0.261799,0.000000,0.000000,0.028709,1.644900,0.103910,5.953621,-0.006772,-0.387984,-0.075201,-4.308722,-0.028709,0.075201,53.991867,40.643673,49.993510,40.528853,51.792768,40.580522,36.873675,39.024671
26.200000,0.020000,3.000000,4.000000,1.800000,15.000000,3.000000,0.261799,0.000000,0.000000,0.028607,1.639080,0.103598,5.935707,-0.006753,-0.386899,-0.074990,-4.296627,-0.028607,0.074990,54.051853,40.644989,50.053484,40.530576,51.852747,40.582062,36.933169,39.030876
26.220000,0.020000,3.000000,4.000000,1.800000,15.000000,3.000000,0.261799,0.000000,0.000000,0.028506,1.633276,0.103286,5.917842,-0.006734,-0.385817,-0.074780,-4.284566,-0.028506,0.074780,54.111839,40.646301,50.113458,40.532292,51.912727,40.583596,36.992665,39.037061
26.240000,0.020000,3.000000,4.000000,1.800000,15.000000,3.000000,0.261799,0.000000,0.000000,0.028405,1.627489,0.102975,5.900028,-0.006715,-0.384737,-0.074570,-4.272538,-0.028405,0.074570,54.171824,40.647607,50.173432,40.534002,51.972706,40.585124,37.052165,39.043229
26.260000,0.020000,3.000000,4.000000,1.800000,15.000000,3.000000,0.261799,0.000000,0.000000,0.028304,1.621718,0.102665,5.882263,-0.006696,-0.383661,-0.074361,-4.260545,-0.028304,0.074361,54.231810,40.648908,50.233407,40.535706,52.032686,40.586647,37.111667,39.049378
26.280000,0.020000,3.000000,4.000000,1.800000,15.000000,3.000000,0.261799,0.000000,0.000000,0.028204,1.615963,0.102356,5.864548,-0.006677,-0.382588,-0.074152,-4.248585,-0.028204,0.074152,54.291796,40.650205,50.293381,40.537404,52.092665,40.588164,37.171172,39.055508
26.300000,0.020000,3.000000,4.000000,1.800000,15.000000,3.000000,0.261799,0.000000,0.000000,0.028104,1.610225,0.102047,5.846883,-0.006659,-0.381517,-0.073944,-4.236659,-0.028104,0.073944,54.351782,40.651496,50.353356,40.539096,52.152645,40.589676,37.230680,39.061621
26.320000,0.020000,3.000000,4.000000,1.800000,15.000000,3.000000,0.261799,0.000000,0.000000,0.028004,1.604502,0.101740,5.829268,-0.006640,-0.380450,-0.073736,-4.224766,-0.028004,0.073736,54.411769,40.652783,50.413331,40.540782,52.212625,40.591182,37.290191,39.067715
26.340000,0.020000,3.000000,4.000000,1.800000,15.000000,3.000000,0.261799,0.000000,0.000000,0.027904,1.598795,0.101433,5.811701,-0.006622,-0.379386,-0.073529,-4.212906,-0.027904,0.073529,54.471755,40.654064,50.473306,40.542462,52.272605,40.592683,37.349705,39.073791
26.360000,0.020000,3.000000,4.000000,1.800000,15.000000,3.000000,0.261799,0.000000,0.000000,0.027805,1.593104,0.101128,5.794184,-0.006603,-0.378324,-0.073323,-4.201080,-0.027805,0.073323,54.531741,40.655341,50.533281,40.544136,52.332586,40.594178,37.409221,39.079849
26.380000,0.020000,3.000000,4.000000,1.800000,15.000000,3.000000,0.261799,0.000000,0.000000,0.027706,1.587430,0.100823,5.776716,-0.006585,-0.377266,-0.073117,-4.189286,-0.027706,0.073117,54.591728,40.656613,50.593257,40.545804,52.392566,40.595668,37.468741,39.085888
26.400000,0.020000,3.000000,4.000000,1.800000,15.000000,3.000000,0.261799,0.000000,0.000000,0.027607,1.581771,0.100519,5.759297,-0.006566,-0.376210,-0.072912,-4.177526,-0.027607,0.072912,54.651714,40.657880,50.653233,40.547466,52.452547,40.597152,37.528263,39.091910
26.420000,0.020000,3.000000,4.000000,1.800000,15.000000,3.000000,0.261799,0.000000,0.000000,0.027509,1.576128,0.100216,5.741927,-0.006548,-0.375158,-0.072707,-4.165799,-0.027509,0.072707,54.711701,40.659143,50.713208,40.549122,52.512527,40.598631,37.587788,39.097913
26.440000,0.020000,3.000000,4.000000,1.800000,15.000000,3.000000,0.261799,0.000000,0.000000,0.027410,1.570500,0.099913,5.724605,-0.006529,-0.374108,-0.072503,-4.154105,-0.027410,0.072503,54.771688,40.660400,50.773184,40.550772,52.572508,40.600105,37.647316,39.103899
26.460000,0.020000,3.000000,4.000000,1.800000,15.000000,3.000000,0.261799,0.000000,0.000000,0.027312,1.564889,0.099612,5.707332,-0.006511,-0.373061,-0.072299,-4.142443,-0.027312,0.072299,54.831675,40.661653,50.833161,40.552417,52.632489,40.601573,37.706847,39.109867
26.480000,0.020000,3.000000,4.000000,1.800000,15.000000,3.000000,0.261799,0.000000,0.000000,0.027215,1.559293,0.099311,5.690107,-0.006493,-0.372017,-0.072096,-4.130814,-0.027215,0.072096,54.891662,40.662901,50.893137,40.554055,52.692470,40.603036,37.766380,39.115817
26.500000,0.020000,3.000000,4.000000,1.800000,15.000000,3.000000,0.261799,0.000000,0.000000,0.027117,1.553713,0.099011,5.672931,-0.006475,-0.370976,-0.071894,-4.119218,-0.027117,0.071894,54.951649,40.664144,50.953114,40.555688,52.752452,40.604493,37.825916,39.121749
26.520000,0.020000,3.000000,4.000000,1.800000,15.000000,3.000000,0.261799,0.000000,0.000000,0.027020,1.548148,0.098712,5.655802,-0.006457,-0.369938,-0.071692,-4.107654,-0.027020,0.071692,55.011636,40.665383,51.013090,40.557315,52.812433,40.605945,37.885455,39.127663
26.540000,0.020000,3.000000,4.000000,1.800000,15.000000,3.000000,0.261799,0.000000,0.000000,0.026923,1.542599,0.098414,5.638722,-0.006439,-0.368903,-0.071491,-4.096123,-0.026923,0.071491,55.071624,40.666617,51.073067,40.558936,52.872415,40.607392,37.944996,39.133560
26.560000,0.020000,3.000000,4.000000,1.800000,15.000000,3.000000,0.261799,0.000000,0.000000,0.026827,1.537066,0.098117,5.621689,-0.006421,-0.367871,-0.071290,-4.084624,-0.026827,0.071290,55.131611,40.667846,51.133044,40.560551,52.932396,40.608833,38.004541,39.139439
26.580000,0.020000,3.000000,4.000000,1.800000,15.000000,3.000000,0.261799,0.000000,0.000000,0.026731,1.531548,0.097821,5.604705,-0.006403,-0.366841,-0.071090,-4.073157,-0.026731,0.071090,55.191599,40.669070,51.193021,40.562160,52.992378,40.610270,38.064087,39.145300
26.600000,0.020000,3.000000,4.000000,1.800000,15.000000,3.000000,0.261799,0.000000,0.000000,0.026635,1.526045,0.097525,5.587767,-0.006385,-0.365814,-0.070890,-4.061722,-0.026635,0.070890,55.251586,40.670289,51.252999,40.563764,53.052360,40.611700,38.123637,39.151144
26.620000,0.020000,3.000000,4.000000,1.800000,15.000000,3.000000,0.261799,0.000000,0.000000,0.026539,1.520558,0.097230,5.570878,-0.006367,-0.364791,-0.070691,-4.050320,-0.026539,0.070691,55.311574,40.671504,51.312976,40.565362,53.112342,40.613126,38.183189,39.156970
26.640000,0.020000,3.000000,4.000000,1.800000,15.000000,3.000000,0.261799,0.000000,0.000000,0.026443,1.515086,0.096936,5.554035,-0.006349,-0.363770,-0.070493,-4.038949,-0.026443,0.070493,55.371562,40.672715,51.372954,40.566954,53.172324,40.614546,38.242744,39.162779
26.660000,0.020000,3.000000,4.000000,1.800000,15.000000,3.000000,0.261799,0.000000,0.000000,0.026348,1.509629,0.096643,5.537240,-0.006331,-0.362752,-0.070295,-4.027611,-0.026348,0.070295,55.431549,40.673920,51.432932,40.568540,53.232307,40.615961,38.302301,39.168571
26.680000,0.020000,3.000000,4.000000,1.800000,15.000000,3.000000,0.261799,0.000000,0.000000,0.026253,1.504188,0.096351,5.520492,-0.006313,-0.361736,-0.070098,-4.016304,-0.026253,0.070098,55.491537,40.675121,51.492910,40.570121,53.292289,40.617371,38.361861,39.174345
26.700000,0.020000,3.000000,4.000000,1.800000,15.000000,3.000000,0.261799,0.000000,0.000000,0.026158,1.498762,0.096059,5.503791,-0.006296,-0.360724,-0.069901,-4.005028,-0.026158,0.069901,55.551526,40.676317,51.552888,40.571696,53.352272,40.618775,38.421424,39.180101
26.720000,0.020000,3.000000,4.000000,1.800000,15.000000,3.000000,0.261799,0.000000,0.000000,0.026064,1.493351,0.095769,5.487136,-0.006278,-0.359714,-0.069705,-3.993785,-0.026064,0.069705,55.611514,40.677509,51.612866,40.573265,53.412255,40.620175,38.480989,39.185841
26.740000,0.020000,3.000000,4.000000,1.800000,15.000000,3.000000,0.261799,0.000000,0.000000,0.025970,1.487956,0.095479,5.470528,-0.006261,-0.358708,-0.069509,-3.982573,-0.025970,0.069509,55.671502,40.678696,51.672844,40.574829,53.472237,40.621569,38.540557,39.191563
26.760000,0.020000,3.000000,4.000000,1.800000,15.000000,3.000000,0.261799,0.000000,0.000000,0.025876,1.482575,0.095190,5.453967,-0.006243,-0.357703,-0.069314,-3.971392,-0.025876,0.069314,55.731490,40.679879,51.732823,40.576387,53.532220,40.622958,38.600127,39.197268
26.780000,0.020000,3.000000,4.000000,1.800000,15.000000,3.000000,0.261799,0.000000,0.000000,0.025782,1.477210,0.094901,5.437452,-0.006226,-0.356702,-0.069119,-3.960243,-0.025782,0.069119,55.791479,40.681057,51.792802,40.577939,53.592204,40.624342,38.659700,39.202956
26.800000,0.020000,3.000000,4.000000,1.800000,15.000000,3.000000,0.261799,0.000000,0.000000,0.025689,1.471859,0.094614,5.420984,-0.006208,-0.355704,-0.068925,-3.949124,-0.025689,0.068925,55.851467,40.682230,51.852781,40.579486,53.652187,40.625721,38.719275,39.208627
26.820000,0.020000,3.000000,4.000000,1.800000,15.000000,3.000000,0.261799,0.000000,0.000000,0.025596,1.466524,0.094327,5.404561,-0.006191,-0.354708,-0.068732,-3.938038,-0.025596,0.068732,55.911456,40.683399,51.912760,40.581027,53.712170,40.627094,38.778853,39.214281
26.840000,0.020000,3.000000,4.000000,1.800000,15.000000,3.000000,0.261799,0.000000,0.000000,0.025503,1.461203,0.094042,5.388185,-0.006173,-0.353715,-0.068539,-3.926982,-0.025503,0.068539,55.971445,40.684563,51.972739,40.582562,53.772154,40.628463,38.838433,39.219917
26.860000,0.020000,3.000000,4.000000,1.800000,15.000000,3.000000,0.261799,0.000000,0.000000,0.025410,1.455897,0.093757,5.371854,-0.006156,-0.352725,-0.068346,-3.915957,-0.025410,0.068346,56.031433,40.685722,52.032718,40.584092,53.832137,40.629826,38.898016,39.225537
26.880000,0.020000,3.000000,4.000000,1.800000,15.000000,3.000000,0.261799,0.000000,0.000000,0.025318,1.450607,0.093472,5.355570,-0.006139,-0.351738,-0.068154,-3.904963,-0.025318,0.068154,56.091422,40.686878,52.092698,40.585617,53.892121,40.631184,38.957601,39.231140
26.900000,0.020000,3.000000,4.000000,1.800000,15.000000,3.000000,0.261799,0.000000,0.000000,0.025226,1.445331,0.093189,5.339330,-0.006122,-0.350753,-0.067963,-3.894000,-0.025226,0.067963,56.151411,40.688028,52.152677,40.587136,53.952105,40.632537,39.017189,39.236726
26.920000,0.020000,3.000000,4.000000,1.800000,15.000000,3.000000,0.261799,0.000000,0.000000,0.025134,1.440069,0.092906,5.323137,-0.006105,-0.349771,-0.067772,-3.883068,-0.025134,0.067772,56.211400,40.689174,52.212657,40.588649,54.012089,40.633885,39.076779,39.242295
26.940000,0.020000,3.000000,4.000000,1.800000,15.000000,3.000000,0.261799,0.000000,0.000000,0.025042,1.434823,0.092624,5.306989,-0.006088,-0.348792,-0.067582,-3.872166,-0.025042,0.067582,56.271389,40.690316,52.272637,40.590157,54.072073,40.635229,39.136371,39.247848
26.960000,0.020000,3.000000,4.000000,1.800000,15.000000,3.000000,0.261799,0.000000,0.000000,0.024951,1.429591,0.092343,5.290886,-0.006071,-0.347815,-0.067392,-3.861295,-0.024951,0.067392,56.331379,40.691453,52.332617,40.591659,54.132057,40.636567,39.195966,39.253384
26.980000,0.020000,3.000000,4.000000,1.800000,15.000000,3.000000,0.261799,0.000000,0.000000,0.024860,1.424374,0.092063,5.274828,-0.006054,-0.346842,-0.067203,-3.850454,-0.024860,0.067203,56.391368,40.692586,52.392597,40.593156,54.192041,40.637900,39.255563,39.258903
27.000000,0.020000,3.000000,4.000000,1.800000,15.000000,3.000000,0.261799,0.000000,0.000000,0.024769,1.419171,0.091784,5.258815,-0.006037,-0.345871,-0.067014,-3.839644,-0.024769,0.067014,56.451357,40.693714,52.452578,40.594648,54.252026,40.639228,39.315163,39.264405
27.020000,0.020000,3.000000,4.000000,1.800000,15.000000,3.000000,0.261799,0.000000,0.000000,0.024679,1.413983,0.091505,5.242847,-0.006020,-0.344902,-0.066826,-3.828864,-0.024679,0.066826,56.511347,40.694838,52.512558,40.596134,54.312010,40.640551,39.374765,39.269891
27.040000,0.020000,3.000000,4.000000,1.800000,15.000000,3.000000,0.261799,0.000000,0.000000,0.024588,1.408810,0.091227,5.226924,-0.006003,-0.343937,-0.066639,-3.818114,-0.024588,0.066639,56.571336,40.695958,52.572539,40.597614,54.371995,40.641869,39.434369,39.275361
27.060000,0.020000,3.000000,4.000000,1.800000,15.000000,3.000000,0.261799,0.000000,0.000000,0.024498,1.403651,0.090950,5.211045,-0.005986,-0.342974,-0.066452,-3.807395,-0.024498,0.066452,56.631326,40.697073,52.632520,40.599089,54.431980,40.643182,39.493976,39.280813
27.080000,0.020000,3.000000,4.000000,1.800000,15.000000,3.000000,0.261799,0.000000,0.000000,0.024409,1.398506,0.090674,5.195211,-0.005969,-0.342013,-0.066265,-3.796705,-0.024409,0.066265,56.691316,40.698184,52.692501,40.600559,54.491964,40.644490,39.553585,39.286250
27.100000,0.020000,3.000000,4.000000,1.800000,15.000000,3.000000,0.261799,0.000000,0.000000,0.024319,1.393376,0.090398,5.179421,-0.005953,-0.341056,-0.066079,-3.786046,-0.024319,0.066079,56.751306,40.699290,52.752482,40.602023,54.551949,40.645793,39.613196,39.291670
27.120000,0.020000,3.000000,4.000000,1.800000,15.000000,3.000000,0.261799,0.000000,0.000000,0.024230,1.388260,0.090123,5.163676,-0.005936,-0.340101,-0.065893,-3.775416,-0.024230,0.065893,56.811295,40.700392,52.812463,40.603482,54.611934,40.647092,39.672810,39.297074
27.140000,0.020000,3.000000,4.000000,1.800000,15.000000,3.000000,0.261799,0.000000,0.000000,0.024141,1.383159,0.089849,5.147975,-0.005919,-0.339149,-0.065708,-3.764816,-0.024141,0.065708,56.871285,40.701489,52.872444,40.604936,54.671920,40.648385,39.732425,39.302461
27.160000,0.020000,3.000000,4.000000,1.800000,15.000000,3.000000,0.261799,0.000000,0.000000,0.024052,1.378071,0.089576,5.132317,-0.005903,-0.338199,-0.065524,-3.754246,-0.024052,0.065524,56.931275,40.702583,52.932426,40.606384,54.731905,40.649673,39.792044,39.307832
27.180000,0.020000,3.000000,4.000000,1.800000,15.000000,3.000000,0.261799,0.000000,0.000000,0.023963,1.372999,0.089303,5.116704,-0.005886,-0.337252,-0.065340,-3.743705,-0.023963,0.065340,56.991266,40.703671,52.992407,40.607827,54.791890,40.650957,39.851664,39.313187
27.200000,0.020000,3.000000,4.000000,1.800000,15.000000,3.000000,0.261799,0.000000,0.000000,0.023875,1.367940,0.089032,5.101134,-0.005870,-0.336308,-0.065157,-3.733195,-0.023875,0.065157,57.051256,40.704756,53.052389,40.609265,54.851876,40.652236,39.911286,39.318526
27.220000,0.020000,3.000000,4.000000,1.800000,15.000000,3.000000,0.261799,0.000000,0.000000,0.023787,1.362895,0.088761,5.085608,-0.005853,-0.335366,-0.064974,-3.722713,-0.023787,0.064974,57.111246,40.705836,53.112371,40.610697,54.911862,40.653510,39.970911,39.323848
27.240000,0.020000,3.000000,4.000000,1.800000,15.000000,3.000000,0.261799,0.000000,0.000000,0.023699,1.357865,0.088490,5.070126,-0.005837,-0.334427,-0.064791,-3.712261,-0.023699,0.064791,57.171236,40.706912,53.172353,40.612124,54.971847,40.654779,40.030538,39.329155
27.260000,0.020000,3.000000,4.000000,1.800000,15.000000,3.000000,0.261799,0.000000,0.000000,0.023612,1.352848,0.088221,5.054687,-0.005821,-0.333490,-0.064609,-3.701838,-0.023612,0.064609,57.231227,40.707984,53.232335,40.613546,55.031833,40.656043,40.090167,39.334445
27.280000,0.020000,3.000000,4.000000,1.800000,15.000000,3.000000,0.261799,0.000000,0.000000,0.023524,1.347846,0.087952,5.039291,-0.005804,-0.332556,-0.064428,-3.691445,-0.023524,0.064428,57.291217,40.709051,53.292317,40.614963,55.091819,40.657302,40.149799,39.339719
27.300000,0.020000,3.000000,4.000000,1.800000,15.000000,3.000000,0.261799,0.000000,0.000000,0.023437,1.342858,0.087684,5.023938,-0.005788,-0.331625,-0.064247,-3.681081,-0.023437,0.064247,57.351208,40.710115,53.352300,40.616374,55.151805,40.658557,40.209432,39.344978
27.320000,0.020000,3.000000,4.000000,1.800000,15.000000,3.000000,0.261799,0.000000,0.000000,0.023350,1.337883,0.087417,5.008629,-0.005772,-0.330696,-0.064067,-3.670745,-0.023350,0.064067,57.411199,40.711173,53.412282,40.617780,55.211791,40.659807,40.269068,39.350220
27.340000,0.020000,3.000000,4.000000,1.800000,15.000000,3.000000,0.261799,0.000000,0.000000,0.023264,1.332923,0.087151,4.993362,-0.005756,-0.329770,-0.063887,-3.660439,-0.023264,0.063887,57.471189,40.712228,53.472265,40.619181,55.271778,40.661052,40.328706,39.355447
27.360000,0.020000,3.000000,4.000000,1.800000,15.000000,3.000000,0.261799,0.000000,0.000000,0.023178,1.327976,0.086885,4.978138,-0.005739,-0.328847,-0.063707,-3.650162,-0.023178,0.063707,57.531180,40.713279,53.532248,40.620576,55.331764,40.662292,40.388346,39.360658
27.380000,0.020000,3.000000,4.000000,1.800000,15.000000,3.000000,0.261799,0.000000,0.000000,0.023091,1.323044,0.086620,4.962957,-0.005723,-0.327926,-0.063528,-3.639913,-0.023091,0.063528,57.591171,40.714325,53.592230,40.621967,55.391751,40.663528,40.447988,39.365853
27.400000,0.020000,3.000000,4.000000,1.800000,15.000000,3.000000,0.261799,0.000000,0.000000,0.023006,1.318125,0.086356,4.947818,-0.005707,-0.327007,-0.063350,-3.629693,-0.023006,0.063350,57.651162,40.715367,53.652213,40.623352,55.451737,40.664759,40.507632,39.371032
27.420000,0.020000,3.000000,4.000000,1.800000,15.000000,3.000000,0.261799,0.000000,0.000000,0.022920,1.313220,0.086092,4.932722,-0.005691,-0.326092,-0.063172,-3.619502,-0.022920,0.063172,57.711153,40.716405,53.712197,40.624733,55.511724,40.665985,40.567279,39.376196
27.440000,0.020000,3.000000,4.000000,1.800000,15.000000,3.000000,0.261799,0.000000,0.000000,0.022835,1.308329,0.085829,4.917668,-0.005675,-0.325178,-0.062995,-3.609339,-0.022835,0.062995,57.771144,40.717438,53.772180,40.626108,55.571711,40.667206,40.626927,39.381344
27.460000,0.020000,3.000000,4.000000,1.800000,15.000000,3.000000,0.261799,0.000000,0.000000,0.022750,1.303451,0.085567,4.902656,-0.005660,-0.324268,-0.062818,-3.599205,-0.022750,0.062818,57.831135,40.718468,53.832163,40.627478,55.631697,40.668423,40.686577,39.386476
27.480000,0.020000,3.000000,4.000000,1.800000,15.000000,3.000000,0.261799,0.000000,0.000000,0.022665,1.298587,0.085306,4.887687,-0.005644,-0.323359,-0.062642,-3.589100,-0.022665,0.062642,57.891126,40.719493,53.892147,40.628842,55.691684,40.669635,40.746230,39.391593
27.500000,0.020000,3.000000,4.000000,1.800000,15.000000,3.000000,0.261799,0.000000,0.000000,0.022580,1.293737,0.085046,4.872759,-0.005628,-0.322454,-0.062466,-3.579022,-0.022580,0.062466,57.951118,40.720514,53.952130,40.630202,55.751672,40.670843,40.805885,39.396695
27.520000,0.020000,3.000000,4.000000,1.800000,15.000000,3.000000,0.261799,0.000000,0.000000,0.022496,1.288900,0.084786,4.857873,-0.005612,-0.321550,-0.062290,-3.568973,-0.022496,0.062290,58.011109,40.721531,54.012114,40.631557,55.811659,40.672045,40.865541,39.401780
27.540000,0.020000,3.000000,4.000000,1.800000,15.000000,3.000000,0.261799,0.000000,0.000000,0.022411,1.284077,0.084527,4.843029,-0.005596,-0.320650,-0.062115,-3.558952,-0.022411,0.062115,58.071101,40.722544,54.072098,40.632906,55.871646,40.673243,40.925200,39.406851
27.560000,0.020000,3.000000,4.000000,1.800000,15.000000,3.000000,0.261799,0.000000,0.000000,0.022327,1.279267,0.084268,4.828226,-0.005581,-0.319752,-0.061941,-3.548960,-0.022327,0.061941,58.131092,40.723553,54.132082,40.634251,55.931633,40.674437,40.984861,39.411906
27.580000,0.020000,3.000000,4.000000,1.800000,15.000000,3.000000,0.261799,0.000000,0.000000,0.022244,1.274471,0.084011,4.813465,-0.005565,-0.318856,-0.061767,-3.538995,-0.022244,0.061767,58.191084,40.724558,54.192066,40.635590,55.991621,40.675626,41.044523,39.416945
27.600000,0.020000,3.000000,4.000000,1.800000,15.000000,3.000000,0.261799,0.000000,0.000000,0.022160,1.269688,0.083754,4.798746,-0.005549,-0.317963,-0.061594,-3.529058,-0.022160,0.061594,58.251075,40.725559,54.252050,40.636925,56.051608,40.676810,41.104188,39.421970
27.620000,0.020000,3.000000,4.000000,1.800000,15.000000,3.000000,0.261799,0.000000,0.000000,0.022077,1.264918,0.083498,4.784068,-0.005534,-0.317072,-0.061421,-3.519149,-0.022077,0.061421,58.311067,40.726555,54.312035,40.638254,56.111596,40.677990,41.163855,39.426979
27.640000,0.020000,3.000000,4.000000,1.800000,15.000000,3.000000,0.261799,0.000000,0.000000,0.021994,1.260162,0.083242,4.769430,-0.005518,-0.316184,-0.061248,-3.509268,-0.021994,0.061248,58.371059,40.727548,54.372019,40.639579,56.171584,40.679165,41.223523,39.431972
27.660000,0.020000,3.000000,4.000000,1.800000,15.000000,3.000000,0.261799,0.000000,0.000000,0.021911,1.255420,0.082988,4.754834,-0.005503,-0.315298,-0.061076,-3.499415,-0.021911,0.061076,58.431051,40.728536,54.432004,40.640898,56.231572,40.680335,41.283194,39.436951
27.680000,0.020000,3.000000,4.000000,1.800000,15.000000,3.000000,0.261799,0.000000,0.000000,0.021829,1.250690,0.082733,4.740279,-0.005488,-0.314415,-0.060905,-3.489589,-0.021829,0.060905,58.491043,40.729521,54.491988,40.642213,56.291560,40.681501,41.342867,39.441915
27.700000,0.020000,3.000000,4.000000,1.800000,15.000000,3.000000,0.261799,0.000000,0.000000,0.021746,1.245974,0.082480,4.725765,-0.005472,-0.313534,-0.060734,-3.479791,-0.021746,0.060734,58.551035,40.730501,54.551973,40.643523,56.351548,40.682663,41.402541,39.446863
27.720000,0.020000,3.000000,4.000000,1.800000,15.000000,3.000000,0.261799,0.000000,0.000000,0.021664,1.241271,0.082228,4.711291,-0.005457,-0.312656,-0.060563,-3.470020,-0.021664,0.060563,58.611027,40.731478,54.611958,40.644827,56.411536,40.683820,41.462217,39.451796
27.740000,0.020000,3.000000,4.000000,1.800000,15.000000,3.000000,0.261799,0.000000,0.000000,0.021582,1.236581,0.081976,4.696858,-0.005442,-0.311780,-0.060393,-3.460277,-0.021582,0.060393,58.671019,40.732450,54.671943,40.646127,56.471524,40.684972,41.521896,39.456714
27.760000,0.020000,3.000000,4.000000,1.800000,15.000000,3.000000,0.261799,0.000000,0.000000,0.021501,1.231905,0.081724,4.682465,-0.005426,-0.310907,-0.060224,-3.450561,-0.021501,0.060224,58.731011,40.733418,54.731928,40.647422,56.531512,40.686120,41.581576,39.461618
27.780000,0.020000,3.000000,4.000000,1.800000,15.000000,3.000000,0.261799,0.000000,0.000000,0.021419,1.227241,0.081474,4.668113,-0.005411,-0.310036,-0.060055,-3.440872,-0.021419,0.060055,58.791003,40.734383,54.791914,40.648712,56.591501,40.687264,41.641258,39.466506
27.800000,0.020000,3.000000,4.000000,1.800000,15.000000,3.000000,0.261799,0.000000,0.000000,0.021338,1.222590,0.081224,4.653801,-0.005396,-0.309167,-0.059886,-3.431210,-0.021338,0.059886,58.850995,40.735343,54.851899,40.649997,56.651489,40.688403,41.700942,39.471380
27.820000,0.020000,3.000000,4.000000,1.800000,15.000000,3.000000,0.261799,0.000000,0.000000,0.021257,1.217953,0.080975,4.639529,-0.005381,-0.308301,-0.059718,-3.421576,-0.021257,0.059718,58.910988,40.736300,54.911884,40.651277,56.711478,40.689537,41.760628,39.476238
27.840000,0.020000,3.000000,4.000000,1.800000,15.000000,3.000000,0.261799,0.000000,0.000000,0.021177,1.213328,0.080727,4.625297,-0.005366,-0.307437,-0.059550,-3.411968,-0.021177,0.059550,58.970980,40.737252,54.971870,40.652552,56.771466,40.690667,41.820316,39.481082
27.860000,0.020000,3.000000,4.000000,1.800000,15.000000,3.000000,0.261799,0.000000,0.000000,0.021096,1.208717,0.080479,4.611105,-0.005351,-0.306576,-0.059383,-3.402388,-0.021096,0.059383,59.030973,40.738201,55.031856,40.653823,56.831455,40.691793,41.880005,39.485911
27.880000,0.020000,3.000000,4.000000,1.800000,15.000000,3.000000,0.261799,0.000000,0.000000,0.021016,1.204118,0.080232,4.596953,-0.005336,-0.305717,-0.059216,-3.392834,-0.021016,0.059216,59.090965,40.739146,55.091841,40.655088,56.891444,40.692914,41.939697,39.490725
27.900000,0.020000,3.000000,4.000000,1.800000,15.000000,3.000000,0.261799,0.000000,0.000000,0.020936,1.199533,0.079986,4.582840,-0.005321,-0.304860,-0.059050,-3.383308,-0.020936,0.059050,59.150958,40.740086,55.151827,40.656349,56.951433,40.694031,41.999390,39.495525
27.920000,0.020000,3.000000,4.000000,1.800000,15.000000,3.000000,0.261799,0.000000,0.000000,0.020856,1.194960,0.079740,4.568767,-0.005306,-0.304006,-0.058884,-3.373807,-0.020856,0.058884,59.210951,40.741023,55.211813,40.657605,57.011422,40.695143,42.059085,39.500310
27.940000,0.020000,3.000000,4.000000,1.800000,15.000000,3.000000,0.261799,0.000000,0.000000,0.020776,1.190400,0.079495,4.554734,-0.005291,-0.303155,-0.058719,-3.364334,-0.020776,0.058719,59.270943,40.741956,55.271799,40.658856,57.071411,40.696251,42.118782,39.505080
27.960000,0.020000,3.000000,4.000000,1.800000,15.000000,3.000000,0.261799,0.000000,0.000000,0.020697,1.185852,0.079251,4.540740,-0.005276,-0.302305,-0.058554,-3.354887,-0.020697,0.058554,59.330936,40.742885,55.331786,40.660103,57.131400,40.697355,42.178481,39.509836
27.980000,0.020000,3.000000,4.000000,1.800000,15.000000,3.000000,0.261799,0.000000,0.000000,0.020618,1.181318,0.079007,4.526785,-0.005261,-0.301458,-0.058389,-3.345467,-0.020618,0.058389,59.390929,40.743811,55.391772,40.661345,57.191389,40.698454,42.238181,39.514577
28.000000,0.020000,3.000000,4.000000,1.800000,15.000000,3.000000,0.261799,0.000000,0.000000,0.020539,1.176796,0.078764,4.512869,-0.005247,-0.300613,-0.058225,-3.336073,-0.020539,0.058225,59.450922,40.744732,55.451758,40.662582,57.251379,40.699549,42.297883,39.519304
28.020000,0.020000,3.000000,4.000000,1.800000,15.000000,3.000000,0.261799,0.000000,0.000000,0.020460,1.172287,0.078522,4.498992,-0.005232,-0.299771,-0.058062,-3.326705,-0.020460,0.058062,59.510915,40.745649,55.511745,40.663814,57.311368,40.700640,42.357587,39.524016
28.040000,0.020000,3.000000,4.000000,1.800000,15.000000,3.000000,0.261799,0.000000,0.000000,0.020382,1.167790,0.078281,4.485154,-0.005217,-0.298931,-0.057899,-3.317364,-0.020382,0.057899,59.570908,40.746563,55.571732,40.665041,57.371358,40.701726,42.417293,39.528714
28.060000,0.020000,3.000000,4.000000,1.800000,15.000000,3.000000,0.261799,0.000000,0.000000,0.020304,1.163306,0.078040,4.471355,-0.005203,-0.298094,-0.057736,-3.308049,-0.020304,0.057736,59.630901,40.747473,55.631718,40.666264,57.431347,40.702808,42.477001,39.533398
28.080000,0.020000,3.000000,4.000000,1.800000,15.000000,3.000000,0.261799,0.000000,0.000000,0.020225,1.158835,0.077800,4.457595,-0.005188,-0.297258,-0.057574,-3.298760,-0.020225,0.057574,59.690894,40.748379,55.691705,40.667482,57.491337,40.703886,42.536710,39.538067
28.100000,0.020000,3.000000,4.000000,1.800000,15.000000,3.000000,0.261799,0.000000,0.000000,0.020148,1.154376,0.077560,4.443873,-0.005174,-0.296425,-0.057413,-3.289497,-0.020148,0.057413,59.750888,40.749281,55.751692,40.668696,57.551327,40.704959,42.596421,39.542722
28.120000,0.020000,3.000000,4.000000,1.800000,15.000000,3.000000,0.261799,0.000000,0.000000,0.020070,1.149930,0.077321,4.430190,-0.005159,-0.295595,-0.057251,-3.280260,-0.020070,0.057251,59.810881,40.750179,55.811679,40.669904,57.611317,40.706028,42.656134,39.547363
28.140000,0.020000,3.000000,4.000000,1.800000,15.000000,3.000000,0.261799,0.000000,0.000000,0.019993,1.145496,0.077083,4.416545,-0.005145,-0.294766,-0.057091,-3.271049,-0.019993,0.057091,59.870874,40.751074,55.871666,40.671109,57.671306,40.707093,42.715848,39.551989
28.160000,0.020000,3.000000,4.000000,1.800000,15.000000,3.000000,0.261799,0.000000,0.000000,0.019916,1.141074,0.076846,4.402938,-0.005130,-0.293940,-0.056930,-3.261864,-0.019916,0.056930,59.930868,40.751965,55.931653,40.672308,57.731296,40.708154,42.775564,39.556601
28.180000,0.020000,3.000000,4.000000,1.800000,15.000000,3.000000,0.261799,0.000000,0.000000,0.019839,1.136665,0.076609,4.389370,-0.005116,-0.293117,-0.056770,-3.252705,-0.019839,0.056770,59.990861,40.752852,55.991641,40.673503,57.791286,40.709210,42.835282,39.561199
28.200000,0.020000,3.000000,4.000000,1.800000,15.000000,3.000000,0.261799,0.000000,0.000000,0.019762,1.132269,0.076373,4.375840,-0.005102,-0.292295,-0.056611,-3.243571,-0.019762,0.056611,60.050854,40.753735,56.051628,40.674693,57.851277,40.710262,42.895001,39.565783
28.220000,0.020000,3.000000,4.000000,1.800000,15.000000,3.000000,0.261799,0.000000,0.000000,0.019685,1.127884,0.076137,4.362347,-0.005087,-0.291476,-0.056452,-3.234463,-0.019685,0.056452,60.110848,40.754615,56.111616,40.675879,57.911267,40.711310,42.954723,39.570353
28.240000,0.020000,3.000000,4.000000,1.800000,15.000000,3.000000,0.261799,0.000000,0.000000,0.019609,1.123512,0.075902,4.348892,-0.005073,-0.290659,-0.056294,-3.225380,-0.019609,0.056294,60.170842,40.755491,56.171603,40.677060,57.971257,40.712354,43.014445,39.574909
28.260000,0.020000,3.000000,4.000000,1.800000,15.000000,3.000000,0.261799,0.000000,0.000000,0.019533,1.119152,0.075668,4.335476,-0.005059,-0.289845,-0.056135,-3.216323,-0.019533,0.056135,60.230835,40.756363,56.231591,40.678236,58.031248,40.713393,43.074170,39.579451
28.280000,0.020000,3.000000,4.000000,1.800000,15.000000,3.000000,0.261799,0.000000,0.000000,0.019457,1.114805,0.075435,4.322096,-0.005045,-0.289032,-0.055978,-3.207292,-0.019457,0.055978,60.290829,40.757231,56.291579,40.679408,58.091238,40.714429,43.133896,39.583979
28.300000,0.020000,3.000000,4.000000,1.800000,15.000000,3.000000,0.261799,0.000000,0.000000,0.019381,1.110469,0.075202,4.308755,-0.005030,-0.288222,-0.055821,-3.198285,-0.019381,0.055821,60.350823,40.758096,56.351567,40.680575,58.151228,40.715460,43.193623,39.588493
28.320000,0.020000,3.000000,4.000000,1.800000,15.000000,3.000000,0.261799,0.000000,0.000000,0.019306,1.106146,0.074970,4.295450,-0.005016,-0.287415,-0.055664,-3.189304,-0.019306,0.055664,60.410817,40.758957,56.411555,40.681738,58.211219,40.716487,43.253353,39.592994
28.340000,0.020000,3.000000,4.000000,1.800000,15.000000,3.000000,0.261799,0.000000,0.000000,0.019231,1.101835,0.074738,4.282183,-0.005002,-0.286609,-0.055508,-3.180349,-0.019231,0.055508,60.470810,40.759814,56.471543,40.682896,58.271210,40.717510,43.313084,39.597480
28.360000,0.020000,3.000000,4.000000,1.800000,15.000000,3.000000,0.261799,0.000000,0.000000,0.019156,1.097536,0.074507,4.268953,-0.004988,-0.285806,-0.055352,-3.171418,-0.019156,0.055352,60.530804,40.760668,56.531531,40.684050,58.331200,40.718528,43.372816,39.601953
28.380000,0.020000,3.000000,4.000000,1.800000,15.000000,3.000000,0.261799,0.000000,0.000000,0.019081,1.093248,0.074277,4.255761,-0.004974,-0.285005,-0.055196,-3.162512,-0.019081,0.055196,60.590798,40.761518,56.591519,40.685199,58.391191,40.719543,43.432550,39.606411
28.400000,0.020000,3.000000,4.000000,1.800000,15.000000,3.000000,0.261799,0.000000,0.000000,0.019006,1.088973,0.074047,4.242605,-0.004960,-0.284206,-0.055041,-3.153632,-0.019006,0.055041,60.650792,40.762365,56.651507,40.686344,58.451182,40.720553,43.492286,39.610857
28.420000,0.020000,3.000000,4.000000,1.800000,15.000000,3.000000,0.261799,0.000000,0.000000,0.018932,1.084710,0.073818,4.229486,-0.004946,-0.283410,-0.054887,-3.144776,-0.018932,0.054887,60.710786,40.763207,56.711496,40.687485,58.511173,40.721560,43.552023,39.615288
28.440000,0.020000,3.000000,4.000000,1.800000,15.000000,3.000000,0.261799,0.000000,0.000000,0.018858,1.080459,0.073590,4.216404,-0.004933,-0.282615,-0.054733,-3.135945,-0.018858,0.054733,60.770781,40.764046,56.771484,40.688620,58.571164,40.722562,43.611762,39.619706
28.460000,0.020000,3.000000,4.000000,1.800000,15.000000,3.000000,0.261799,0.000000,0.000000,0.018784,1.076220,0.073362,4.203359,-0.004919,-0.281823,-0.054579,-3.127139,-0.018784,0.054579,60.830775,40.764882,56.831473,40.689752,58.631155,40.723560,43.671503,39.624110
28.480000,0.020000,3.000000,4.000000,1.800000,15.000000,3.000000,0.261799,0.000000,0.000000,0.018710,1.071993,0.073135,4.190350,-0.004905,-0.281033,-0.054426,-3.118358,-0.018710,0.054426,60.890769,40.765714,56.891462,40.690879,58.691147,40.724554,43.731245,39.628501
28.500000,0.020000,3.000000,4.000000,1.800000,15.000000,3.000000,0.261799,0.000000,0.000000,0.018636,1.067777,0.072909,4.177378,-0.004891,-0.280245,-0.054273,-3.109601,-0.018636,0.054273,60.950763,40.766542,56.951450,40.692001,58.751138,40.725544,43.790988,39.632878
28.520000,0.020000,3.000000,4.000000,1.800000,15.000000,3.000000,0.261799,0.000000,0.000000,0.018563,1.063574,0.072683,4.164442,-0.004877,-0.279460,-0.054120,-3.100869,-0.018563,0.054120,61.010758,40.767367,57.011439,40.693119,58.811129,40.726531,43.850733,39.637242
28.540000,0.020000,3.000000,4.000000,1.800000,15.000000,3.000000,0.261799,0.000000,0.000000,0.018490,1.059382,0.072458,4.151543,-0.004864,-0.278677,-0.053968,-3.092161,-0.018490,0.053968,61.070752,40.768188,57.071428,40.694233,58.871120,40.727513,43.910480,39.641592
28.560000,0.020000,3.000000,4.000000,1.800000,15.000000,3.000000,0.261799,0.000000,0.000000,0.018417,1.055202,0.072234,4.138679,-0.004850,-0.277896,-0.053817,-3.083478,-0.018417,0.053817,61.130746,40.769005,57.131417,40.695342,58.931112,40.728491,43.970228,39.645929
28.580000,0.020000,3.000000,4.000000,1.800000,15.000000,3.000000,0.261799,0.000000,0.000000,0.018344,1.051033,0.072010,4.125852,-0.004837,-0.277117,-0.053666,-3.074819,-0.018344,0.053666,61.190741,40.769819,57.191406,40.696447,58.991103,40.729465,44.029977,39.650252
28.600000,0.020000,3.000000,4.000000,1.800000,15.000000,3.000000,0.261799,0.000000,0.000000,0.018271,1.046876,0.071786,4.113061,-0.004823,-0.276340,-0.053515,-3.066184,-0.018271,0.053515,61.250735,40.770630,57.251395,40.697548,59.051095,40.730435,44.089728,39.654562
28.620000,0.020000,3.000000,4.000000,1.800000,15.000000,3.000000,0.261799,0.000000,0.000000,0.018199,1.042731,0.071564,4.100305,-0.004810,-0.275565,-0.053365,-3.057574,-0.018199,0.053365,61.310730,40.771436,57.311385,40.698644,59.111087,40.731401,44.149481,39.658859
28.640000,0.020000,3.000000,4.000000,1.800000,15.000000,3.000000,0.261799,0.000000,0.000000,0.018127,1.038598,0.071342,4.087586,-0.004796,-0.274793,-0.053215,-3.048988,-0.018127,0.053215,61.370725,40.772240,57.371374,40.699736,59.171078,40.732363,44.209235,39.663143
28.660000,0.020000,3.000000,4.000000,1.800000,15.000000,3.000000,0.261799,0.000000,0.000000,0.018055,1.034476,0.071120,4.074902,-0.004783,-0.274022,-0.053065,-3.040426,-0.018055,0.053065,61.430719,40.773040,57.431364,40.700823,59.231070,40.733321,44.268990,39.667413
28.680000,0.020000,3.000000,4.000000,1.800000,15.000000,3.000000,0.261799,0.000000,0.000000,0.017983,1.030366,0.070900,4.062253,-0.004769,-0.273254,-0.052916,-3.031888,-0.017983,0.052916,61.490714,40.773836,57.491353,40.701907,59.291062,40.734275,44.328747,39.671670
28.700000,0.020000,3.000000,4.000000,1.800000,15.000000,3.000000,0.261799,0.000000,0.000000,0.017912,1.026267,0.070680,4.049640,-0.004756,-0.272488,-0.052768,-3.023373,-0.017912,0.052768,61.550709,40.774629,57.551343,40.702986,59.351054,40.735225,44.388505,39.675914
28.720000,0.020000,3.000000,4.000000,1.800000,15.000000,3.000000,0.261799,0.000000,0.000000,0.017840,1.022180,0.070460,4.037063,-0.004742,-0.271724,-0.052620,-3.014883,-0.017840,0.052620,61.610704,40.775418,57.611332,40.704060,59.411046,40.736171,44.448265,39.680145
28.740000,0.020000,3.000000,4.000000,1.800000,15.000000,3.000000,0.261799,0.000000,0.000000,0.017769,1.018104,0.070241,4.024521,-0.004729,-0.270963,-0.052472,-3.006417,-0.017769,0.052472,61.670698,40.776204,57.671322,40.705131,59.471038,40.737114,44.508026,39.684363
28.760000,0.020000,3.000000,4.000000,1.800000,15.000000,3.000000,0.261799,0.000000,0.000000,0.017698,1.014039,0.070023,4.012013,-0.004716,-0.270203,-0.052325,-2.997974,-0.017698,0.052325,61.730693,40.776986,57.731312,40.706197,59.531030,40.738052,44.567789,39.688567
28.780000,0.020000,3.000000,4.000000,1.800000,15.000000,3.000000,0.261799,0.000000,0.000000,0.017628,1.009986,0.069805,3.999542,-0.004703,-0.269446,-0.052178,-2.989555,-0.017628,0.052178,61.790688,40.777765,57.791302,40.707258,59.591022,40.738986,44.627553,39.692759
28.800000,0.020000,3.000000,4.000000,1.800000,15.000000,3.000000,0.261799,0.000000,0.000000,0.017557,1.005945,0.069588,3.987105,-0.004690,-0.268690,-0.052031,-2.981160,-0.017557,0.052031,61.850683,40.778541,57.851292,40.708316,59.651015,40.739917,44.687319,39.696938
28.820000,0.020000,3.000000,4.000000,1.800000,15.000000,3.000000,0.261799,0.000000,0.000000,0.017487,1.001914,0.069372,3.974702,-0.004676,-0.267937,-0.051885,-2.972788,-0.017487,0.051885,61.910678,40.779313,57.911282,40.709369,59.711007,40.740844,44.747086,39.701104
28.840000,0.020000,3.000000,4.000000,1.800000,15.000000,3.000000,0.261799,0.000000,0.000000,0.017417,0.997895,0.069156,3.962335,-0.004663,-0.267186,-0.051739,-2.964440,-0.017417,0.051739,61.970673,40.780081,57.971272,40.710419,59.770999,40.741767,44.806854,39.705257
28.860000,0.020000,3.000000,4.000000,1.800000,15.000000,3.000000,0.261799,0.000000,0.000000,0.017347,0.993888,0.068941,3.950002,-0.004650,-0.266437,-0.051594,-2.956115,-0.017347,0.051594,62.030669,40.780847,58.031263,40.711463,59.830992,40.742686,44.866624,39.709397
28.880000,0.020000,3.000000,4.000000,1.800000,15.000000,3.000000,0.261799,0.000000,0.000000,0.017277,0.989891,0.068726,3.937704,-0.004637,-0.265690,-0.051449,-2.947813,-0.017277,0.051449,62.090664,40.781608,58.091253,40.712504,59.890984,40.743601,44.926395,39.713524
28.900000,0.020000,3.000000,4.000000,1.800000,15.000000,3.000000,0.261799,0.000000,0.000000,0.017207,0.985906,0.068512,3.925441,-0.004624,-0.264945,-0.051305,-2.939535,-0.017207,0.051305,62.150659,40.782367,58.151243,40.713541,59.950977,40.744512,44.986167,39.717638
28.920000,0.020000,3.000000,4.000000,1.800000,15.000000,3.000000,0.261799,0.000000,0.000000,0.017138,0.981932,0.068298,3.913212,-0.004611,-0.264202,-0.051160,-2.931280,-0.017138,0.051160,62.210654,40.783122,58.211234,40.714573,60.010969,40.745420,45.045941,39.721740
28.940000,0.020000,3.000000,4.000000,1.800000,15.000000,3.000000,0.261799,0.000000,0.000000,0.017069,0.977969,0.068086,3.901017,-0.004598,-0.263462,-0.051017,-2.923048,-0.017069,0.051017,62.270649,40.783873,58.271224,40.715601,60.070962,40.746324,45.105716,39.725829
28.960000,0.020000,3.000000,4.000000,1.800000,15.000000,3.000000,0.261799,0.000000,0.000000,0.017000,0.974017,0.067873,3.888856,-0.004585,-0.262723,-0.050874,-2.914840,-0.017000,0.050874,62.330645,40.784621,58.331215,40.716625,60.130955,40.747224,45.165493,39.729905
28.980000,0.020000,3.000000,4.000000,1.800000,15.000000,3.000000,0.261799,0.000000,0.000000,0.016931,0.970076,0.067662,3.876730,-0.004573,-0.261986,-0.050731,-2.906654,-0.016931,0.050731,62.390640,40.785366,58.391206,40.717645,60.190948,40.748120,45.225270,39.733968
29.000000,0.020000,3.000000,4.000000,1.800000,15.000000,3.000000,0.261799,0.000000,0.000000,0.016862,0.966146,0.067451,3.864637,-0.004560,-0.261252,-0.050588,-2.898491,-0.016862,0.050588,62.450636,40.786108,58.451196,40.718661,60.250940,40.749012,45.285049,39.738019
29.020000,0.020000,3.000000,4.000000,1.800000,15.000000,3.000000,0.261799,0.000000,0.000000,0.016794,0.962227,0.067240,3.852579,-0.004547,-0.260519,-0.050446,-2.890352,-0.016794,0.050446,62.510631,40.786846,58.511187,40.719673,60.310933,40.749901,45.344830,39.742058
29.040000,0.020000,3.000000,4.000000,1.800000,15.000000,3.000000,0.261799,0.000000,0.000000,0.016726,0.958320,0.067030,3.840554,-0.004534,-0.259789,-0.050304,-2.882235,-0.016726,0.050304,62.570627,40.787581,58.571178,40.720680,60.370926,40.750786,45.404612,39.746084
29.060000,0.020000,3.000000,4.000000,1.800000,15.000000,3.000000,0.261799,0.000000,0.000000,0.016658,0.954423,0.066821,3.828563,-0.004521,-0.259060,-0.050163,-2.874140,-0.016658,0.050163,62.630622,40.788312,58.631169,40.721684,60.430919,40.751667,45.464395,39.750097
29.080000,0.020000,3.000000,4.000000,1.800000,15.000000,3.000000,0.261799,0.000000,0.000000,0.016590,0.950537,0.066612,3.816606,-0.004509,-0.258334,-0.050022,-2.866069,-0.016590,0.050022,62.690618,40.789040,58.691160,40.722683,60.490913,40.752544,45.524179,39.754098
29.100000,0.020000,3.000000,4.000000,1.800000,15.000000,3.000000,0.261799,0.000000,0.000000,0.016522,0.946662,0.066404,3.804682,-0.004496,-0.257610,-0.049882,-2.858020,-0.016522,0.049882,62.750613,40.789765,58.751151,40.723679,60.550906,40.753418,45.583965,39.758086
29.120000,0.020000,3.000000,4.000000,1.800000,15.000000,3.000000,0.261799,0.000000,0.000000,0.016455,0.942798,0.066197,3.792792,-0.004484,-0.256887,-0.049742,-2.849994,-0.016455,0.049742,62.810609,40.790487,58.811143,40.724670,60.610899,40.754287,45.643752,39.762062
29.140000,0.020000,3.000000,4.000000,1.800000,15.000000,3.000000,0.261799,0.000000,0.000000,0.016388,0.938944,0.065990,3.780935,-0.004471,-0.256167,-0.049602,-2.841990,-0.016388,0.049602,62.870605,40.791205,58.871134,40.725657,60.670892,40.755154,45.703540,39.766026
29.160000,0.020000,3.000000,4.000000,1.800000,15.000000,3.000000,0.261799,0.000000,0.000000,0.016321,0.935102,0.065783,3.769111,-0.004458,-0.255449,-0.049463,-2.834009,-0.016321,0.049463,62.930600,40.791920,58.931125,40.726640,60.730885,40.756016,45.763330,39.769977
29.180000,0.020000,3.000000,4.000000,1.800000,15.000000,3.000000,0.261799,0.000000,0.000000,0.016254,0.931270,0.065578,3.757321,-0.004446,-0.254733,-0.049324,-2.826050,-0.016254,0.049324,62.990596,40.792632,58.991117,40.727620,60.790879,40.756875,45.823120,39.773916
29.200000,0.020000,3.000000,4.000000,1.800000,15.000000,3.000000,0.261799,0.000000,0.000000,0.016187,0.927449,0.065372,3.745563,-0.004433,-0.254018,-0.049185,-2.818114,-0.016187,0.049185,63.050592,40.793340,59.051108,40.728595,60.850872,40.757730,45.882912,39.777842
29.220000,0.020000,3.000000,4.000000,1.800000,15.000000,3.000000,0.261799,0.000000,0.000000,0.016121,0.923639,0.065168,3.733839,-0.004421,-0.253306,-0.049047,-2.810200,-0.016121,0.049047,63.110588,40.794045,59.111100,40.729566,60.910866,40.758582,45.942706,39.781757
29.240000,0.020000,3.000000,4.000000,1.800000,15.000000,3.000000,0.261799,0.000000,0.000000,0.016054,0.919839,0.064964,3.722147,-0.004409,-0.252596,-0.048909,-2.802308,-0.016054,0.048909,63.170584,40.794747,59.171091,40.730533,60.970859,40.759429,46.002500,39.785659
29.260000,0.020000,3.000000,4.000000,1.800000,15.000000,3.000000,0.261799,0.000000,0.000000,0.015988,0.916051,0.064760,3.710488,-0.004396,-0.251887,-0.048772,-2.794438,-0.015988,0.048772,63.230580,40.795446,59.231083,40.731496,61.030853,40.760274,46.062296,39.789549
29.280000,0.020000,3.000000,4.000000,1.800000,15.000000,3.000000,0.261799,0.000000,0.000000,0.015922,0.912272,0.064557,3.698862,-0.004384,-0.251181,-0.048635,-2.786590,-0.015922,0.048635,63.290576,40.796142,59.291075,40.732456,61.090847,40.761114,46.122093,39.793427
29.300000,0.020000,3.000000,4.000000,1.800000,15.000000,3.000000,0.261799,0.000000,0.000000,0.015856,0.908505,0.064355,3.687269,-0.004372,-0.250477,-0.048499,-2.778764,-0.015856,0.048499,63.350572,40.796834,59.351066,40.733411,61.150840,40.761951,46.181891,39.797293
29.320000,0.020000,3.000000,4.000000,1.800000,15.000000,3.000000,0.261799,0.000000,0.000000,0.015791,0.904747,0.064153,3.675708,-0.004359,-0.249774,-0.048362,-2.770960,-0.015791,0.048362,63.410568,40.797523,59.411058,40.734362,61.210834,40.762784,46.241691,39.801146
29.340000,0.020000,3.000000,4.000000,1.800000,15.000000,3.000000,0.261799,0.000000,0.000000,0.015725,0.901001,0.063952,3.664179,-0.004347,-0.249074,-0.048227,-2.763179,-0.015725,0.048227,63.470564,40.798209,59.471050,40.735310,61.270828,40.763614,46.301491,39.804988
29.360000,0.020000,3.000000,4.000000,1.800000,15.000000,3.000000,0.261799,0.000000,0.000000,0.015660,0.897265,0.063751,3.652683,-0.004335,-0.248376,-0.048091,-2.755419,-0.015660,0.048091,63.530560,40.798892,59.531042,40.736253,61.330822,40.764440,46.361293,39.808818
29.380000,0.020000,3.000000,4.000000,1.800000,15.000000,3.000000,0.261799,0.000000,0.000000,0.015595,0.893539,0.063551,3.641219,-0.004323,-0.247679,-0.047956,-2.747680,-0.015595,0.047956,63.590556,40.799571,59.591034,40.737193,61.390816,40.765263,46.421096,39.812635
29.400000,0.020000,3.000000,4.000000,1.800000,15.000000,3.000000,0.261799,0.000000,0.000000,0.015530,0.889824,0.063352,3.629788,-0.004311,-0.246984,-0.047821,-2.739964,-0.015530,0.047821,63.650552,40.800247,59.651027,40.738128,61.450809,40.766082,46.480900,39.816441
29.420000,0.020000,3.000000,4.000000,1.800000,15.000000,3.000000,0.261799,0.000000,0.000000,0.015466,0.886119,0.063153,3.618388,-0.004299,-0.246292,-0.047687,-2.732269,-0.015466,0.047687,63.710548,40.800920,59.711019,40.739060,61.510804,40.766897,46.540706,39.820235
29.440000,0.020000,3.000000,4.000000,1.800000,15.000000,3.000000,0.261799,0.000000,0.000000,0.015401,0.882425,0.062954,3.607020,-0.004287,-0.245601,-0.047553,-2.724596,-0.015401,0.047553,63.770545,40.801591,59.771011,40.739988,61.570798,40.767709,46.600512,39.824017
29.460000,0.020000,3.000000,4.000000,1.800000,15.000000,3.000000,0.261799,0.000000,0.000000,0.015337,0.878741,0.062757,3.595685,-0.004275,-0.244912,-0.047420,-2.716944,-0.015337,0.047420,63.830541,40.802257,59.831003,40.740912,61.630792,40.768517,46.660320,39.827787
29.480000,0.020000,3.000000,4.000000,1.800000,15.000000,3.000000,0.261799,0.000000,0.000000,0.015273,0.875067,0.062559,3.584381,-0.004263,-0.244226,-0.047286,-2.709314,-0.015273,0.047286,63.890537,40.802921,59.890996,40.741832,61.690786,40.769322,46.720129,39.831545
29.500000,0.020000,3.000000,4.000000,1.800000,15.000000,3.000000,0.261799,0.000000,0.000000,0.015209,0.871404,0.062363,3.573108,-0.004251,-0.243541,-0.047154,-2.701705,-0.015209,0.047154,63.950534,40.803582,59.950988,40.742748,61.750780,40.770123,46.779939,39.835292
29.520000,0.020000,3.000000,4.000000,1.800000,15.000000,3.000000,0.261799,0.000000,0.000000,0.015145,0.867751,0.062166,3.561868,-0.004239,-0.242858,-0.047021,-2.694117,-0.015145,0.047021,64.010530,40.804239,60.010981,40.743661,61.810774,40.770921,46.839750,39.839027
29.540000,0.020000,3.000000,4.000000,1.800000,15.000000,3.000000,0.261799,0.000000,0.000000,0.015082,0.864108,0.061971,3.550659,-0.004227,-0.242177,-0.046889,-2.686551,-0.015082,0.046889,64.070526,40.804894,60.070973,40.744570,61.870769,40.771715,46.899562,39.842750
29.560000,0.020000,3.000000,4.000000,1.800000,15.000000,3.000000,0.261799,0.000000,0.000000,0.015018,0.860475,0.061776,3.539481,-0.004215,-0.241497,-0.046757,-2.679006,-0.015018,0.046757,64.130523,40.805545,60.130966,40.745474,61.930763,40.772506,46.959376,39.846461
29.580000,0.020000,3.000000,4.000000,1.800000,15.000000,3.000000,0.261799,0.000000,0.000000,0.014955,0.856853,0.061581,3.528335,-0.004203,-0.240820,-0.046626,-2.671482,-0.014955,0.046626,64.190519,40.806193,60.190959,40.746376,61.990757,40.773293,47.019190,39.850161
29.600000,0.020000,3.000000,4.000000,1.800000,15.000000,3.000000,0.261799,0.000000,0.000000,0.014892,0.853240,0.061387,3.517220,-0.004191,-0.240145,-0.046495,-2.663980,-0.014892,0.046495,64.250516,40.806838,60.250951,40.747273,62.050752,40.774077,47.079006,39.853849
29.620000,0.020000,3.000000,4.000000,1.800000,15.000000,3.000000,0.261799,0.000000,0.000000,0.014829,0.849638,0.061194,3.506136,-0.004180,-0.239471,-0.046365,-2.656498,-0.014829,0.046365,64.310513,40.807480,60.310944,40.748166,62.110746,40.774857,47.138823,39.857526
29.640000,0.020000,3.000000,4.000000,1.800000,15.000000,3.000000,0.261799,0.000000,0.000000,0.014766,0.846046,0.061001,3.495084,-0.004168,-0.238800,-0.046234,-2.649037,-0.014766,0.046234,64.370509,40.808119,60.370937,40.749056,62.170741,40.775634,47.198640,39.861191
29.660000,0.020000,3.000000,4.000000,1.800000,15.000000,3.000000,0.261799,0.000000,0.000000,0.014704,0.842464,0.060808,3.484062,-0.004156,-0.238130,-0.046105,-2.641598,-0.014704,0.046105,64.430506,40.808755,60.430930,40.749942,62.230735,40.776408,47.258459,39.864844
29.680000,0.020000,3.000000,4.000000,1.800000,15.000000,3.000000,0.261799,0.000000,0.000000,0.014641,0.838892,0.060617,3.473071,-0.004144,-0.237462,-0.045975,-2.634179,-0.014641,0.045975,64.490502,40.809388,60.490923,40.750824,62.290730,40.777178,47.318279,39.868487
29.700000,0.020000,3.000000,4.000000,1.800000,15.000000,3.000000,0.261799,0.000000,0.000000,0.014579,0.835330,0.060425,3.462111,-0.004133,-0.236796,-0.045846,-2.626781,-0.014579,0.045846,64.550499,40.810018,60.550916,40.751703,62.350725,40.777944,47.378101,39.872117
29.720000,0.020000,3.000000,4.000000,1.800000,15.000000,3.000000,0.261799,0.000000,0.000000,0.014517,0.831779,0.060234,3.451182,-0.004121,-0.236132,-0.045717,-2.619404,-0.014517,0.045717,64.610496,40.810644,60.610909,40.752577,62.410720,40.778707,47.437923,39.875736
29.740000,0.020000,3.000000,4.000000,1.800000,15.000000,3.000000,0.261799,0.000000,0.000000,0.014455,0.828237,0.060044,3.440284,-0.004110,-0.235470,-0.045589,-2.612047,-0.014455,0.045589,64.670493,40.811268,60.670902,40.753448,62.470714,40.779467,47.497746,39.879344
29.760000,0.020000,3.000000,4.000000,1.800000,15.000000,3.000000,0.261799,0.000000,0.000000,0.014394,0.824705,0.059855,3.429416,-0.004098,-0.234809,-0.045461,-2.604711,-0.014394,0.045461,64.730489,40.811889,60.730896,40.754316,62.530709,40.780223,47.557570,39.882941
29.780000,0.020000,3.000000,4.000000,1.800000,15.000000,3.000000,0.261799,0.000000,0.000000,0.014332,0.821182,0.059665,3.418578,-0.004087,-0.234151,-0.045333,-2.597396,-0.014332,0.045333,64.790486,40.812507,60.790889,40.755179,62.590704,40.780976,47.617396,39.886526
29.800000,0.020000,3.000000,4.000000,1.800000,15.000000,3.000000,0.261799,0.000000,0.000000,0.014271,0.817670,0.059477,3.407771,-0.004075,-0.233494,-0.045206,-2.590101,-0.014271,0.045206,64.850483,40.813121,60.850882,40.756039,62.650699,40.781726,47.677222,39.890099
29.820000,0.020000,3.000000,4.000000,1.800000,15.000000,3.000000,0.261799,0.000000,0.000000,0.014210,0.814168,0.059289,3.396995,-0.004064,-0.232839,-0.045079,-2.582827,-0.014210,0.045079,64.910480,40.813733,60.910876,40.756895,62.710694,40.782472,47.737050,39.893662
29.840000,0.020000,3.000000,4.000000,1.800000,15.000000,3.000000,0.261799,0.000000,0.000000,0.014149,0.810675,0.059101,3.386248,-0.004052,-0.232186,-0.044952,-2.575573,-0.014149,0.044952,64.970477,40.814342,60.970869,40.757748,62.770689,40.783215,47.796878,39.897213
29.860000,0.020000,3.000000,4.000000,1.800000,15.000000,3.000000,0.261799,0.000000,0.000000,0.014088,0.807192,0.058914,3.375532,-0.004041,-0.231535,-0.044826,-2.568340,-0.014088,0.044826,65.030474,40.814948,61.030863,40.758597,62.830684,40.783955,47.856708,39.900753
29.880000,0.020000,3.000000,4.000000,1.800000,15.000000,3.000000,0.261799,0.000000,0.000000,0.014028,0.803719,0.058728,3.364846,-0.004030,-0.230885,-0.044700,-2.561127,-0.014028,0.044700,65.090471,40.815550,61.090856,40.759442,62.890679,40.784691,47.916539,39.904282
29.900000,0.020000,3.000000,4.000000,1.800000,15.000000,3.000000,0.261799,0.000000,0.000000,0.013967,0.800256,0.058542,3.354190,-0.004018,-0.230237,-0.044575,-2.553934,-0.013967,0.044575,65.150468,40.816150,61.150850,40.760284,62.950674,40.785424,47.976370,39.907800
29.920000,0.020000,3.000000,4.000000,1.800000,15.000000,3.000000,0.261799,0.000000,0.000000,0.013907,0.796803,0.058356,3.343564,-0.004007,-0.229592,-0.044449,-2.546761,-0.013907,0.044449,65.210465,40.816747,61.210843,40.761122,63.010669,40.786153,48.036203,39.911307
29.940000,0.020000,3.000000,4.000000,1.800000,15.000000,3.000000,0.261799,0.000000,0.000000,0.013847,0.793359,0.058171,3.332967,-0.003996,-0.228948,-0.044325,-2.539608,-0.013847,0.044325,65.270462,40.817341,61.270837,40.761956,63.070665,40.786879,48.096037,39.914803
29.960000,0.020000,3.000000,4.000000,1.800000,15.000000,3.000000,0.261799,0.000000,0.000000,0.013787,0.789925,0.057987,3.322400,-0.003985,-0.228305,-0.044200,-2.532476,-0.013787,0.044200,65.330459,40.817932,61.330831,40.762787,63.130660,40.787602,48.155871,39.918287
29.980000,0.020000,3.000000,4.000000,1.800000,15.000000,3.000000,0.261799,0.000000,0.000000,0.013727,0.786500,0.057803,3.311863,-0.003974,-0.227665,-0.044076,-2.525363,-0.013727,0.044076,65.390456,40.818520,61.390825,40.763614,63.190655,40.788322,48.215707,39.921761
30.000000,0.020000,3.000000,4.000000,1.800000,15.000000,3.000000,0.261799,0.000000,0.000000,0.013667,0.783085,0.057620,3.301356,-0.003962,-0.227026,-0.043952,-2.518271,-0.013667,0.043952,65.450453,40.819106,61.450819,40.764437,63.250650,40.789038,48.275544,39.925223
30.020000,0.020000,3.000000,4.000000,1.800000,15.000000,3.000000,0.261799,0.000000,0.000000,0.013608,0.779680,0.057437,3.290878,-0.003951,-0.226390,-0.043829,-2.511198,-0.013608,0.043829,65.510450,40.819688,61.510813,40.765257,63.310646,40.789751,48.335381,39.928675
30.040000,0.020000,3.000000,4.000000,1.800000,15.000000,3.000000,0.261799,0.000000,0.000000,0.013549,0.776284,0.057254,3.280429,-0.003940,-0.225755,-0.043706,-2.504145,-0.013549,0.043706,65.570448,40.820267,61.570806,40.766074,63.370641,40.790461,48.395220,39.932116
30.060000,0.020000,3.000000,4.000000,1.800000,15.000000,3.000000,0.261799,0.000000,0.000000,0.013490,0.772898,0.057072,3.270010,-0.003929,-0.225121,-0.043583,-2.497112,-0.013490,0.043583,65.630445,40.820844,61.630801,40.766887,63.430637,40.791167,48.455060,39.935545
30.080000,0.020000,3.000000,4.000000,1.800000,15.000000,3.000000,0.261799,0.000000,0.000000,0.013431,0.769521,0.056891,3.259620,-0.003918,-0.224490,-0.043460,-2.490099,-0.013431,0.043460,65.690442,40.821417,61.690795,40.767696,63.490632,40.791871,48.514900,39.938964
30.100000,0.020000,3.000000,4.000000,1.800000,15.000000,3.000000,0.261799,0.000000,0.000000,0.013372,0.766153,0.056710,3.249259,-0.003907,-0.223860,-0.043338,-2.483106,-0.013372,0.043338,65.750439,40.821988,61.750789,40.768502,63.550628,40.792571,48.574742,39.942373
30.120000,0.020000,3.000000,4.000000,1.800000,15.000000,3.000000,0.261799,0.000000,0.000000,0.013313,0.762796,0.056530,3.238927,-0.003896,-0.223232,-0.043217,-2.476132,-0.013313,0.043217,65.810437,40.822556,61.810783,40.769304,63.610623,40.793267,48.634584,39.945770
30.140000,0.020000,3.000000,4.000000,1.800000,15.000000,3.000000,0.261799,0.000000,0.000000,0.013255,0.759447,0.056350,3.228624,-0.003885,-0.222606,-0.043095,-2.469177,-0.013255,0.043095,65.870434,40.823121,61.870777,40.770103,63.670619,40.793961,48.694428,39.949156
30.160000,0.020000,3.000000,4.000000,1.800000,15.000000,3.000000,0.261799,0.000000,0.000000,0.013197,0.756108,0.056171,3.218351,-0.003874,-0.221981,-0.042974,-2.462243,-0.013197,0.042974,65.930431,40.823683,61.930771,40.770898,63.730615,40.794651,48.754272,39.952532
30.180000,0.020000,3.000000,4.000000,1.800000,15.000000,3.000000,0.261799,0.000000,0.000000,0.013138,0.752778,0.055992,3.208105,-0.003863,-0.221359,-0.042854,-2.455327,-0.013138,0.042854,65.990429,40.824242,61.990766,40.771690,63.790610,40.795339,48.814118,39.955897
30.200000,0.020000,3.000000,4.000000,1.800000,15.000000,3.000000,0.261799,0.000000,0.000000,0.013081,0.749458,0.055814,3.197889,-0.003853,-0.220738,-0.042733,-2.448431,-0.013081,0.042733,66.050426,40.824799,62.050760,40.772478,63.850606,40.796023,48.873964,39.959252
30.220000,0.020000,3.000000,4.000000,1.800000,15.000000,3.000000,0.261799,0.000000,0.000000,0.013023,0.746147,0.055636,3.187702,-0.003842,-0.220119,-0.042613,-2.441555,-0.013023,0.042613,66.110424,40.825353,62.110755,40.773263,63.910602,40.796703,48.933811,39.962596
30.240000,0.020000,3.000000,4.000000,1.800000,15.000000,3.000000,0.261799,0.000000,0.000000,0.012965,0.742845,0.055459,3.177543,-0.003831,-0.219501,-0.042493,-2.434697,-0.012965,0.042493,66.170421,40.825904,62.170749,40.774044,63.970598,40.797381,48.993659,39.965929
30.260000,0.020000,3.000000,4.000000,1.800000,15.000000,3.000000,0.261799,0.000000,0.000000,0.012908,0.739553,0.055282,3.167412,-0.003820,-0.218885,-0.042374,-2.427859,-0.012908,0.042374,66.230419,40.826452,62.230744,40.774822,64.030594,40.798055,49.053508,39.969251
30.280000,0.020000,3.000000,4.000000,1.800000,15.000000,3.000000,0.261799,0.000000,0.000000,0.012850,0.736269,0.055105,3.157310,-0.003810,-0.218271,-0.042255,-2.421041,-0.012850,0.042255,66.290416,40.826997,62.290738,40.775597,64.090589,40.798727,49.113358,39.972563
30.300000,0.020000,3.000000,4.000000,1.800000,15.000000,3.000000,0.261799,0.000000,0.000000,0.012793,0.732995,0.054930,3.147236,-0.003799,-0.217659,-0.042136,-2.414241,-0.012793,0.042136,66.350414,40.827539,62.350733,40.776368,64.150585,40.799395,49.173209,39.975865
30.320000,0.020000,3.000000,4.000000,1.800000,15.000000,3.000000,0.261799,0.000000,0.000000,0.012736,0.729730,0.054754,3.137191,-0.003788,-0.217048,-0.042018,-2.407460,-0.012736,0.042018,66.410411,40.828079,62.410727,40.777135,64.210581,40.800060,49.233061,39.979156
30.340000,0.020000,3.000000,4.000000,1.800000,15.000000,3.000000,0.261799,0.000000,0.000000,0.012679,0.726475,0.054579,3.127173,-0.003778,-0.216439,-0.041900,-2.400699,-0.012679,0.041900,66.470409,40.828616,62.470722,40.777899,64.270577,40.800722,49.292914,39.982436
30.360000,0.020000,3.000000,4.000000,1.800000,15.000000,3.000000,0.261799,0.000000,0.000000,0.012623,0.723228,0.054405,3.117184,-0.003767,-0.215832,-0.041782,-2.393956,-0.012623,0.041782,66.530406,40.829150,62.530717,40.778660,64.330573,40.801381,49.352767,39.985706
30.380000,0.020000,3.000000,4.000000,1.800000,15.000000,3.000000,0.261799,0.000000,0.000000,0.012566,0.719991,0.054231,3.107223,-0.003756,-0.215227,-0.041665,-2.387232,-0.012566,0.041665,66.590404,40.829681,62.590712,40.779418,64.390569,40.802036,49.412622,39.988966
30.400000,0.020000,3.000000,4.000000,1.800000,15.000000,3.000000,0.261799,0.000000,0.000000,0.012510,0.716762,0.054058,3.097290,-0.003746,-0.214623,-0.041548,-2.380528,-0.012510,0.041548,66.650402,40.830210,62.650706,40.780172,64.450566,40.802689,49.472477,39.992215
30.420000,0.020000,3.000000,4.000000,1.800000,15.000000,3.000000,0.261799,0.000000,0.000000,0.012454,0.713543,0.053885,3.087385,-0.003735,-0.214021,-0.041431,-2.373842,-0.012454,0.041431,66.710400,40.830736,62.710701,40.780922,64.510562,40.803338,49.532333,39.995454
30.440000,0.020000,3.000000,4.000000,1.800000,15.000000,3.000000,0.261799,0.000000,0.000000,0.012398,0.710333,0.053713,3.077507,-0.003725,-0.213420,-0.041315,-2.367175,-0.012398,0.041315,66.770397,40.831259,62.770696,40.781669,64.570558,40.803984,49.592191,39.998682
30.460000,0.020000,3.000000,4.000000,1.800000,15.000000,3.000000,0.261799,0.000000,0.000000,0.012342,0.707131,0.053541,3.067657,-0.003714,-0.212821,-0.041199,-2.360526,-0.012342,0.041199,66.830395,40.831779,62.830691,40.782413,64.630554,40.804628,49.652049,40.001901
30.480000,0.020000,3.000000,4.000000,1.800000,15.000000,3.000000,0.261799,0.000000,0.000000,0.012286,0.703939,0.053369,3.057835,-0.003704,-0.212224,-0.041083,-2.353896,-0.012286,0.041083,66.890393,40.832297,62.890686,40.783154,64.690550,40.805268,49.711907,40.005108
30.500000,0.020000,3.000000,4.000000,1.800000,15.000000,3.000000,0.261799,0.000000,0.000000,0.012230,0.700756,0.053198,3.048041,-0.003694,-0.211629,-0.040968,-2.347285,-0.012230,0.040968,66.950391,40.832812,62.950681,40.783891,64.750547,40.805905,49.771767,40.008306
30.520000,0.020000,3.000000,4.000000,1.800000,15.000000,3.000000,0.261799,0.000000,0.000000,0.012175,0.697581,0.053028,3.038274,-0.003683,-0.211035,-0.040853,-2.340692,-0.012175,0.040853,67.010388,40.833324,63.010676,40.784625,64.810543,40.806539,49.831628,40.011494
30.540000,0.020000,3.000000,4.000000,1.800000,15.000000,3.000000,0.261799,0.000000,0.000000,0.012120,0.694416,0.052858,3.028534,-0.003673,-0.210443,-0.040738,-2.334118,-0.012120,0.040738,67.070386,40.833833,63.070672,40.785355,64.870539,40.807170,49.891489,40.014671
30.560000,0.020000,3.000000,4.000000,1.800000,15.000000,3.000000,0.261799,0.000000,0.000000,0.012065,0.691259,0.052688,3.018822,-0.003663,-0.209853,-0.040624,-2.327563,-0.012065,0.040624,67.130384,40.834340,63.130667,40.786082,64.930536,40.807798,49.951351,40.017838
30.580000,0.020000,3.000000,4.000000,1.800000,15.000000,3.000000,0.261799,0.000000,0.000000,0.012010,0.688111,0.052519,3.009137,-0.003652,-0.209264,-0.040510,-2.321025,-0.012010,0.040510,67.190382,40.834844,63.190662,40.786806,64.990532,40.808423,50.011215,40.020995
30.600000,0.020000,3.000000,4.000000,1.800000,15.000000,3.000000,0.261799,0.000000,0.000000,0.011955,0.684972,0.052351,2.999479,-0.003642,-0.208677,-0.040396,-2.314506,-0.011955,0.040396,67.250380,40.835346,63.250657,40.787527,65.050529,40.809045,50.071078,40.024142
30.620000,0.020000,3.000000,4.000000,1.800000,15.000000,3.000000,0.261799,0.000000,0.000000,0.011900,0.681842,0.052183,2.989848,-0.003632,-0.208091,-0.040282,-2.308006,-0.011900,0.040282,67.310378,40.835844,63.310653,40.788244,65.110525,40.809664,50.130943,40.027279
30.640000,0.020000,3.000000,4.000000,1.800000,15.000000,3.000000,0.261799,0.000000,0.000000,0.011846,0.678721,0.052015,2.980244,-0.003622,-0.207507,-0.040169,-2.301523,-0.011846,0.040169,67.370376,40.836341,63.370648,40.788958,65.170522,40.810280,50.190809,40.030406
30.660000,0.020000,3.000000,4.000000,1.800000,15.000000,3.000000,0.261799,0.000000,0.000000,0.011792,0.675608,0.051848,2.970668,-0.003612,-0.206925,-0.040056,-2.295059,-0.011792,0.040056,67.430374,40.836834,63.430643,40.789669,65.230518,40.810893,50.250675,40.033522
30.680000,0.020000,3.000000,4.000000,1.800000,15.000000,3.000000,0.261799,0.000000,0.000000,0.011737,0.672504,0.051681,2.961118,-0.003601,-0.206345,-0.039944,-2.288613,-0.011737,0.039944,67.490372,40.837325,63.490639,40.790376,65.290515,40.811503,50.310542,40.036629
30.700000,0.020000,3.000000,4.000000,1.800000,15.000000,3.000000,0.261799,0.000000,0.000000,0.011683,0.669409,0.051515,2.951595,-0.003591,-0.205766,-0.039832,-2.282185,-0.011683,0.039832,67.550370,40.837813,63.550634,40.791080,65.350511,40.812110,50.370410,40.039726
30.720000,0.020000,3.000000,4.000000,1.800000,15.000000,3.000000,0.261799,0.000000,0.000000,0.011630,0.666323,0.051349,2.942098,-0.003581,-0.205188,-0.039720,-2.275775,-0.011630,0.039720,67.610368,40.838298,63.610630,40.791781,65.410508,40.812714,50.430279,40.042813
30.740000,0.020000,3.000000,4.000000,1.800000,15.000000,3.000000,0.261799,0.000000,0.000000,0.011576,0.663245,0.051184,2.932629,-0.003571,-0.204613,-0.039608,-2.269384,-0.011576,0.039608,67.670366,40.838781,63.670625,40.792479,65.470505,40.813315,50.490149,40.045890
30.760000,0.020000,3.000000,4.000000,1.800000,15.000000,3.000000,0.261799,0.000000,0.000000,0.011522,0.660176,0.051019,2.923186,-0.003561,-0.204038,-0.039497,-2.263010,-0.011522,0.039497,67.730364,40.839262,63.730621,40.793174,65.530501,40.813913,50.550019,40.048957
30.780000,0.020000,3.000000,4.000000,1.800000,15.000000,3.000000,0.261799,0.000000,0.000000,0.011469,0.657115,0.050855,2.913769,-0.003551,-0.203466,-0.039386,-2.256654,-0.011469,0.039386,67.790362,40.839739,63.790617,40.793865,65.590498,40.814508,50.609891,40.052014
30.800000,0.020000,3.000000,4.000000,1.800000,15.000000,3.000000,0.261799,0.000000,0.000000,0.011416,0.654063,0.050691,2.904379,-0.003541,-0.202895,-0.039275,-2.250315,-0.011416,0.039275,67.850360,40.840214,63.850612,40.794553,65.650495,40.815101,50.669763,40.055062
30.820000,0.020000,3.000000,4.000000,1.800000,15.000000,3.000000,0.261799,0.000000,0.000000,0.011362,0.651020,0.050528,2.895015,-0.003531,-0.202326,-0.039165,-2.243995,-0.011362,0.039165,67.910358,40.840687,63.910608,40.795238,65.710492,40.815690,50.729635,40.058099
30.840000,0.020000,3.000000,4.000000,1.800000,15.000000,3.000000,0.261799,0.000000,0.000000,0.011309,0.647985,0.050365,2.885677,-0.003521,-0.201758,-0.039055,-2.237692,-0.011309,0.039055,67.970356,40.841157,63.970604,40.795920,65.770489,40.816276,50.789509,40.061127
30.860000,0.020000,3.000000,4.000000,1.800000,15.000000,3.000000,0.261799,0.000000,0.000000,0.011257,0.644959,0.050202,2.876366,-0.003511,-0.201192,-0.038945,-2.231407,-0.011257,0.038945,68.030355,40.841624,64.030599,40.796598,65.830485,40.816860,50.849383,40.064145
30.880000,0.020000,3.000000,4.000000,1.800000,15.000000,3.000000,0.261799,0.000000,0.000000,0.011204,0.641941,0.050040,2.867081,-0.003502,-0.200627,-0.038836,-2.225140,-0.011204,0.038836,68.090353,40.842089,64.090595,40.797274,65.890482,40.817440,50.909258,40.067154
30.900000,0.020000,3.000000,4.000000,1.800000,15.000000,3.000000,0.261799,0.000000,0.000000,0.011151,0.638931,0.049878,2.857822,-0.003492,-0.200064,-0.038727,-2.218890,-0.011151,0.038727,68.150351,40.842551,64.150591,40.797946,65.950479,40.818018,50.969134,40.070152
30.920000,0.020000,3.000000,4.000000,1.800000,15.000000,3.000000,0.261799,0.000000,0.000000,0.011099,0.635930,0.049717,2.848589,-0.003482,-0.199503,-0.038618,-2.212658,-0.011099,0.038618,68.210349,40.843010,64.210587,40.798615,66.010476,40.818593,51.029011,40.073141
30.940000,0.020000,3.000000,4.000000,1.800000,15.000000,3.000000,0.261799,0.000000,0.000000,0.011047,0.632938,0.049557,2.839381,-0.003472,-0.198943,-0.038510,-2.206444,-0.011047,0.038510,68.270347,40.843467,64.270583,40.799281,66.070473,40.819165,51.088888,40.076121
30.960000,0.020000,3.000000,4.000000,1.800000,15.000000,3.000000,0.261799,0.000000,0.000000,0.010995,0.629954,0.049396,2.830200,-0.003462,-0.198385,-0.038402,-2.200246,-0.010995,0.038402,68.330346,40.843922,64.330579,40.799944,66.130470,40.819734,51.148766,40.079090
30.980000,0.020000,3.000000,4.000000,1.800000,15.000000,3.000000,0.261799,0.000000,0.000000,0.010943,0.626978,0.049237,2.821045,-0.003453,-0.197828,-0.038294,-2.194066,-0.010943,0.038294,68.390344,40.844374,64.390575,40.800603,66.190467,40.820300,51.208645,40.082051
31.000000,0.020000,3.000000,4.000000,1.800000,15.000000,3.000000,0.261799,0.000000,0.000000,0.010891,0.624011,0.049077,2.811915,-0.003443,-0.197273,-0.038186,-2.187904,-0.010891,0.038186,68.450342,40.844823,64.450571,40.801260,66.250464,40.820863,51.268525,40.085001
31.020000,0.020000,3.000000,4.000000,1.800000,15.000000,3.000000,0.261799,0.000000,0.000000,0.010839,0.621052,0.048918,2.802810,-0.003433,-0.196720,-0.038079,-2.181759,-0.010839,0.038079,68.510341,40.845270,64.510567,40.801913,66.310461,40.821424,51.328405,40.087942
31.040000,0.020000,3.000000,4.000000,1.800000,15.000000,3.000000,0.261799,0.000000,0.000000,0.010788,0.618101,0.048760,2.793732,-0.003424,-0.196168,-0.037972,-2.175631,-0.010788,0.037972,68.570339,40.845714,64.570563,40.802564,66.370459,40.821981,51.388286,40.090874
31.060000,0.020000,3.000000,4.000000,1.800000,15.000000,3.000000,0.261799,0.000000,0.000000,0.010737,0.615158,0.048602,2.784678,-0.003414,-0.195617,-0.037865,-2.169520,-0.010737,0.037865,68.630337,40.846156,64.630559,40.803211,66.430456,40.822536,51.448168,40.093796
31.080000,0.020000,3.000000,4.000000,1.800000,15.000000,3.000000,0.261799,0.000000,0.000000,0.010685,0.612224,0.048444,2.775651,-0.003405,-0.195068,-0.037759,-2.163427,-0.010685,0.037759,68.690336,40.846596,64.690556,40.803855,66.490453,40.823088,51.508051,40.096709
31.100000,0.020000,3.000000,4.000000,1.800000,15.000000,3.000000,0.261799,0.000000,0.000000,0.010634,0.609298,0.048287,2.766648,-0.003395,-0.194521,-0.037653,-2.157350,-0.010634,0.037653,68.750334,40.847032,64.750552,40.804496,66.550450,40.823637,51.567934,40.099612
31.120000,0.020000,3.000000,4.000000,1.800000,15.000000,3.000000,0.261799,0.000000,0.000000,0.010583,0.606380,0.048130,2.757671,-0.003386,-0.193975,-0.037547,-2.151291,-0.010583,0.037547,68.810333,40.847467,64.810548,40.805134,66.610447,40.824184,51.627818,40.102506
31.140000,0.020000,3.000000,4.000000,1.800000,15.000000,3.000000,0.261799,0.000000,0.000000,0.010533,0.603471,0.047974,2.748719,-0.003376,-0.193431,-0.037442,-2.145248,-0.010533,0.037442,68.870331,40.847899,64.870544,40.805769,66.670445,40.824727,51.687703,40.105390
31.160000,0.020000,3.000000,4.000000,1.800000,15.000000,3.000000,0.261799,0.000000,0.000000,0.010482,0.600569,0.047818,2.739792,-0.003367,-0.192888,-0.037336,-2.139223,-0.010482,0.037336,68.930330,40.848328,64.930541,40.806401,66.730442,40.825268,51.747588,40.108266
31.180000,0.020000,3.000000,4.000000,1.800000,15.000000,3.000000,0.261799,0.000000,0.000000,0.010431,0.597676,0.047663,2.730890,-0.003357,-0.192346,-0.037232,-2.133214,-0.010431,0.037232,68.990328,40.848755,64.990537,40.807030,66.790439,40.825806,51.807474,40.111131
31.200000,0.020000,3.000000,4.000000,1.800000,15.000000,3.000000,0.261799,0.000000,0.000000,0.010381,0.594791,0.047508,2.722013,-0.003348,-0.191807,-0.037127,-2.127223,-0.010381,0.037127,69.050327,40.849179,65.050533,40.807656,66.850436,40.826341,51.867361,40.113988
31.220000,0.020000,3.000000,4.000000,1.800000,15.000000,3.000000,0.261799,0.000000,0.000000,0.010331,0.591914,0.047354,2.713162,-0.003338,-0.191268,-0.037023,-2.121248,-0.010331,0.037023,69.110325,40.849601,65.110530,40.808279,66.910434,40.826874,51.927248,40.116835
31.240000,0.020000,3.000000,4.000000,1.800000,15.000000,3.000000,0.261799,0.000000,0.000000,0.010281,0.589045,0.047200,2.704335,-0.003329,-0.190732,-0.036919,-2.115290,-0.010281,0.036919,69.170324,40.850021,65.170526,40.808899,66.970431,40.827404,51.987137,40.119673
31.260000,0.020000,3.000000,4.000000,1.800000,15.000000,3.000000,0.261799,0.000000,0.000000,0.010231,0.586184,0.047046,2.695532,-0.003320,-0.190196,-0.036815,-2.109349,-0.010231,0.036815,69.230322,40.850438,65.230523,40.809515,67.030429,40.827931,52.047025,40.122502
31.280000,0.020000,3.000000,4.000000,1.800000,15.000000,3.000000,0.261799,0.000000,0.000000,0.010181,0.583331,0.046893,2.686755,-0.003310,-0.189663,-0.036712,-2.103424,-0.010181,0.036712,69.290321,40.850853,65.290519,40.810129,67.090426,40.828455,52.106915,40.125322
31.300000,0.020000,3.000000,4.000000,1.800000,15.000000,3.000000,0.261799,0.000000,0.000000,0.010131,0.580486,0.046740,2.678002,-0.003301,-0.189130,-0.036609,-2.097516,-0.010131,0.036609,69.350319,40.851265,65.350516,40.810740,67.150424,40.828976,52.166805,40.128132
31.320000,0.020000,3.000000,4.000000,1.800000,15.000000,3.000000,0.261799,0.000000,0.000000,0.010082,0.577649,0.046588,2.669273,-0.003292,-0.188600,-0.036506,-2.091625,-0.010082,0.036506,69.410318,40.851675,65.410513,40.811348,67.210421,40.829495,52.226696,40.130934
31.340000,0.020000,3.000000,4.000000,1.800000,15.000000,3.000000,0.261799,0.000000,0.000000,0.010032,0.574820,0.046436,2.660570,-0.003282,-0.188070,-0.036403,-2.085750,-0.010032,0.036403,69.470317,40.852082,65.470509,40.811953,67.270419,40.830011,52.286588,40.133726
31.360000,0.020000,3.000000,4.000000,1.800000,15.000000,3.000000,0.261799,0.000000,0.000000,0.009983,0.571999,0.046284,2.651890,-0.003273,-0.187543,-0.036301,-2.079891,-0.009983,0.036301,69.530315,40.852487,65.530506,40.812555,67.330416,40.830524,52.346480,40.136509
31.380000,0.020000,3.000000,4.000000,1.800000,15.000000,3.000000,0.261799,0.000000,0.000000,0.009934,0.569186,0.046133,2.643235,-0.003264,-0.187016,-0.036199,-2.074050,-0.009934,0.036199,69.590314,40.852890,65.590503,40.813154,67.390414,40.831035,52.406373,40.139283
31.400000,0.020000,3.000000,4.000000,1.800000,15.000000,3.000000,0.261799,0.000000,0.000000,0.009885,0.566380,0.045983,2.634604,-0.003255,-0.186491,-0.036097,-2.068224,-0.009885,0.036097,69.650312,40.853290,65.650499,40.813750,67.450411,40.831543,52.466266,40.142048
31.420000,0.020000,3.000000,4.000000,1.800000,15.000000,3.000000,0.261799,0.000000,0.000000,0.009836,0.563583,0.045832,2.625998,-0.003246,-0.185968,-0.035996,-2.062415,-0.009836,0.035996,69.710311,40.853688,65.710496,40.814343,67.510409,40.832048,52.526161,40.144804
31.440000,0.020000,3.000000,4.000000,1.800000,15.000000,3.000000,0.261799,0.000000,0.000000,0.009788,0.560794,0.045683,2.617416,-0.003237,-0.185446,-0.035895,-2.056622,-0.009788,0.035895,69.770310,40.854083,65.770493,40.814933,67.570407,40.832551,52.586056,40.147551
31.460000,0.020000,3.000000,4.000000,1.800000,15.000000,3.000000,0.261799,0.000000,0.000000,0.009739,0.558012,0.045533,2.608857,-0.003228,-0.184926,-0.035794,-2.050845,-0.009739,0.035794,69.830309,40.854476,65.830490,40.815520,67.630404,40.833051,52.645951,40.150289
31.480000,0.020000,3.000000,4.000000,1.800000,15.000000,3.000000,0.261799,0.000000,0.000000,0.009691,0.555238,0.045384,2.600323,-0.003219,-0.184407,-0.035693,-2.045085,-0.009691,0.035693,69.890307,40.854867,65.890486,40.816105,67.690402,40.833548,52.705847,40.153018
31.500000,0.020000,3.000000,4.000000,1.800000,15.000000,3.000000,0.261799,0.000000,0.000000,0.009642,0.552472,0.045236,2.591813,-0.003209,-0.183889,-0.035593,-2.039341,-0.009642,0.035593,69.950306,40.855255,65.950483,40.816686,67.750400,40.834042,52.765744,40.155739
31.520000,0.020000,3.000000,4.000000,1.800000,15.000000,3.000000,0.261799,0.000000,0.000000,0.009594,0.549714,0.045088,2.583326,-0.003200,-0.183373,-0.035493,-2.033613,-0.009594,0.035493,70.010305,40.855641,66.010480,40.817265,67.810397,40.834534,52.825641,40.158450
31.540000,0.020000,3.000000,4.000000,1.800000,15.000000,3.000000,0.261799,0.000000,0.000000,0.009546,0.546963,0.044940,2.574864,-0.003191,-0.182858,-0.035394,-2.027901,-0.009546,0.035394,70.070304,40.856025,66.070477,40.817840,67.870395,40.835023,52.885539,40.161152
31.560000,0.020000,3.000000,4.000000,1.800000,15.000000,3.000000,0.261799,0.000000,0.000000,0.009498,0.544220,0.044793,2.566425,-0.003183,-0.182345,-0.035294,-2.022205,-0.009498,0.035294,70.130302,40.856406,66.130474,40.818413,67.930393,40.835510,52.945438,40.163846
31.580000,0.020000,3.000000,4.000000,1.800000,15.000000,3.000000,0.261799,0.000000,0.000000,0.009451,0.541485,0.044646,2.558010,-0.003174,-0.181833,-0.035195,-2.016525,-0.009451,0.035195,70.190301,40.856785,66.190471,40.818983,67.990391,40.835994,53.005337,40.166531
31.600000,0.020000,3.000000,4.000000,1.800000,15.000000,3.000000,0.261799,0.000000,0.000000,0.009403,0.538757,0.044499,2.549618,-0.003165,-0.181323,-0.035096,-2.010861,-0.009403,0.035096,70.250300,40.857162,66.250468,40.819550,68.050389,40.836475,53.065237,40.169207
31.620000,0.020000,3.000000,4.000000,1.800000,15.000000,3.000000,0.261799,0.000000,0.000000,0.009356,0.536038,0.044353,2.541251,-0.003156,-0.180814,-0.034998,-2.005213,-0.009356,0.034998,70.310299,40.857536,66.310465,40.820114,68.110386,40.836954,53.125138,40.171874
31.640000,0.020000,3.000000,4.000000,1.800000,15.000000,3.000000,0.261799,0.000000,0.000000,0.009308,0.533325,0.044208,2.532906,-0.003147,-0.180307,-0.034899,-1.999581,-0.009308,0.034899,70.370298,40.857908,66.370462,40.820675,68.170384,40.837430,53.185039,40.174533
31.660000,0.020000,3.000000,4.000000,1.800000,15.000000,3.000000,0.261799,0.000000,0.000000,0.009261,0.530621,0.044062,2.524585,-0.003138,-0.179801,-0.034801,-1.993964,-0.009261,0.034801,70.430297,40.858278,66.430459,40.821234,68.230382,40.837904,53.244941,40.177183
31.680000,0.020000,3.000000,4.000000,1.800000,15.000000,3.000000,0.261799,0.000000,0.000000,0.009214,0.527924,0.043918,2.516287,-0.003129,-0.179296,-0.034703,-1.988364,-0.009214,0.034703,70.490295,40.858645,66.490456,40.821790,68.290380,40.838375,53.304843,40.179824
31.700000,0.020000,3.000000,4.000000,1.800000,15.000000,3.000000,0.261799,0.000000,0.000000,0.009167,0.525234,0.043773,2.508013,-0.003121,-0.178793,-0.034606,-1.982779,-0.009167,0.034606,70.550294,40.859010,66.550454,40.822342,68.350378,40.838843,53.364746,40.182456
31.720000,0.020000,3.000000,4.000000,1.800000,15.000000,3.000000,0.261799,0.000000,0.000000,0.009120,0.522553,0.043629,2.499762,-0.003112,-0.178291,-0.034509,-1.977209,-0.009120,0.034509,70.610293,40.859373,66.610451,40.822892,68.410376,40.839309,53.424650,40.185080
31.740000,0.020000,3.000000,4.000000,1.800000,15.000000,3.000000,0.261799,0.000000,0.000000,0.009074,0.519878,0.043485,2.491534,-0.003103,-0.177791,-0.034412,-1.971656,-0.009074,0.034412,70.670292,40.859734,66.670448,40.823440,68.470374,40.839772,53.484554,40.187695
31.760000,0.020000,3.000000,4.000000,1.800000,15.000000,3.000000,0.261799,0.000000,0.000000,0.009027,0.517211,0.043342,2.483329,-0.003094,-0.177292,-0.034315,-1.966118,-0.009027,0.034315,70.730291,40.860092,66.730445,40.823984,68.530372,40.840233,53.544459,40.190302
31.780000,0.020000,3.000000,4.000000,1.800000,15.000000,3.000000,0.261799,0.000000,0.000000,0.008981,0.514552,0.043199,2.475147,-0.003086,-0.176794,-0.034219,-1.960595,-0.008981,0.034219,70.790290,40.860448,66.790443,40.824526,68.590370,40.840691,53.604364,40.192900
31.800000,0.020000,3.000000,4.000000,1.800000,15.000000,3.000000,0.261799,0.000000,0.000000,0.008934,0.511900,0.043057,2.466988,-0.003077,-0.176298,-0.034123,-1.955088,-0.008934,0.034123,70.850289,40.860801,66.850440,40.825065,68.650368,40.841146,53.664270,40.195490
31.820000,0.020000,3.000000,4.000000,1.800000,15.000000,3.000000,0.261799,0.000000,0.000000,0.008888,0.509256,0.042915,2.458853,-0.003068,-0.175803,-0.034027,-1.949597,-0.008888,0.034027,70.910288,40.861153,66.910437,40.825601,68.710366,40.841599,53.724177,40.198071
31.840000,0.020000,3.000000,4.000000,1.800000,15.000000,3.000000,0.261799,0.000000,0.000000,0.008842,0.506619,0.042773,2.450739,-0.003060,-0.175310,-0.033931,-1.944121,-0.008842,0.033931,70.970287,40.861502,66.970434,40.826134,68.770364,40.842050,53.784084,40.200643
31.860000,0.020000,3.000000,4.000000,1.800000,15.000000,3.000000,0.261799,0.000000,0.000000,0.008796,0.503989,0.042632,2.442649,-0.003051,-0.174817,-0.033836,-1.938660,-0.008796,0.033836,71.030286,40.861849,67.030432,40.826664,68.830362,40.842497,53.843991,40.203207
31.880000,0.020000,3.000000,4.000000,1.800000,15.000000,3.000000,0.261799,0.000000,0.000000,0.008750,0.501367,0.042491,2.434581,-0.003043,-0.174327,-0.033741,-1.933215,-0.008750,0.033741,71.090285,40.862194,67.090429,40.827192,68.890360,40.842943,53.903900,40.205763
31.900000,0.020000,3.000000,4.000000,1.800000,15.000000,3.000000,0.261799,0.000000,0.000000,0.008705,0.498752,0.042351,2.426537,-0.003034,-0.173837,-0.033646,-1.927785,-0.008705,0.033646,71.150284,40.862536,67.150427,40.827717,68.950358,40.843386,53.963809,40.208310
31.920000,0.020000,3.000000,4.000000,1.800000,15.000000,3.000000,0.261799,0.000000,0.000000,0.008659,0.496144,0.042211,2.418514,-0.003026,-0.173350,-0.033552,-1.922370,-0.008659,0.033552,71.210283,40.862876,67.210424,40.828239,69.010357,40.843826,54.023718,40.210849
31.940000,0.020000,3.000000,4.000000,1.800000,15.000000,3.000000,0.261799,0.000000,0.000000,0.008614,0.493544,0.042071,2.410514,-0.003017,-0.172863,-0.033457,-1.916970,-0.008614,0.033457,71.270282,40.863214,67.270422,40.828759,69.070355,40.844264,54.083628,40.213379
31.960000,0.020000,3.000000,4.000000,1.800000,15.000000,3.000000,0.261799,0.000000,0.000000,0.008569,0.490951,0.041932,2.402537,-0.003009,-0.172378,-0.033363,-1.911586,-0.008569,0.033363,71.330281,40.863550,67.330419,40.829276,69.130353,40.844699,54.143538,40.215901
31.980000,0.020000,3.000000,4.000000,1.800000,15.000000,3.000000,0.261799,0.000000,0.000000,0.008524,0.488365,0.041793,2.394582,-0.003000,-0.171894,-0.033270,-1.906217,-0.008524,0.033270,71.390280,40.863884,67.390417,40.829790,69.190351,40.845132,54.203449,40.218415
32.000000,0.020000,3.000000,4.000000,1.800000,15.000000,3.000000,0.261799,0.000000,0.000000,0.008479,0.485787,0.041655,2.386649,-0.002992,-0.171411,-0.033176,-1.900862,-0.008479,0.033176,71.450279,40.864215,67.450414,40.830301,69.250349,40.845563,54.263361,40.220920
32.020000,0.020000,3.000000,4.000000,1.800000,15.000000,3.000000,0.261799,0.000000,0.000000,0.008434,0.483216,0.041517,2.378739,-0.002983,-0.170930,-0.033083,-1.895523,-0.008434,0.033083,71.510278,40.864545,67.510412,40.830810,69.310348,40.845991,54.323273,40.223417
32.040000,0.020000,3.000000,4.000000,1.800000,15.000000,3.000000,0.261799,0.000000,0.000000,0.008389,0.480652,0.041379,2.370851,-0.002975,-0.170451,-0.032990,-1.890199,-0.008389,0.032990,71.570277,40.864872,67.570409,40.831316,69.370346,40.846416,54.383186,40.225906
32.060000,0.020000,3.000000,4.000000,1.800000,15.000000,3.000000,0.261799,0.000000,0.000000,0.008344,0.478095,0.041242,2.362985,-0.002967,-0.169972,-0.032898,-1.884890,-0.008344,0.032898,71.630277,40.865196,67.630407,40.831819,69.430344,40.846839,54.443099,40.228386
32.080000,0.020000,3.000000,4.000000,1.800000,15.000000,3.000000,0.261799,0.000000,0.000000,0.008300,0.475546,0.041105,2.355141,-0.002958,-0.169495,-0.032805,-1.879595,-0.008300,0.032805,71.690276,40.865519,67.690405,40.832320,69.490343,40.847260,54.503013,40.230859
32.100000,0.020000,3.000000,4.000000,1.800000,15.000000,3.000000,0.261799,0.000000,0.000000,0.008255,0.473003,0.040968,2.347319,-0.002950,-0.169019,-0.032713,-1.874316,-0.008255,0.032713,71.750275,40.865840,67.750402,40.832818,69.550341,40.847678,54.562927,40.233323
32.120000,0.020000,3.000000,4.000000,1.800000,15.000000,3.000000,0.261799,0.000000,0.000000,0.008211,0.470468,0.040832,2.339519,-0.002942,-0.168545,-0.032621,-1.869051,-0.008211,0.032621,71.810274,40.866158,67.810400,40.833313,69.610339,40.848093,54.622842,40.235779
32.140000,0.020000,3.000000,4.000000,1.800000,15.000000,3.000000,0.261799,0.000000,0.000000,0.008167,0.467940,0.040697,2.331741,-0.002933,-0.168072,-0.032529,-1.863801,-0.008167,0.032529,71.870273,40.866474,67.870398,40.833806,69.670338,40.848507,54.682758,40.238227
32.160000,0.020000,3.000000,4.000000,1.800000,15.000000,3.000000,0.261799,0.000000,0.000000,0.008123,0.465419,0.040561,2.323985,-0.002925,-0.167600,-0.032438,-1.858566,-0.008123,0.032438,71.930272,40.866788,67.930395,40.834296,69.730336,40.848917,54.742673,40.240666
32.180000,0.020000,3.000000,4.000000,1.800000,15.000000,3.000000,0.261799,0.000000,0.000000,0.008079,0.462905,0.040426,2.316250,-0.002917,-0.167130,-0.032347,-1.853345,-0.008079,0.032347,71.990271,40.867100,67.990393,40.834783,69.790334,40.849326,54.802590,40.243098
32.200000,0.020000,3.000000,4.000000,1.800000,15.000000,3.000000,0.261799,0.000000,0.000000,0.008035,0.460398,0.040292,2.308537,-0.002909,-0.166660,-0.032256,-1.848140,-0.008035,0.032256,72.050271,40.867410,68.050391,40.835268,69.850333,40.849732,54.862507,40.245522
32.220000,0.020000,3.000000,4.000000,1.800000,15.000000,3.000000,0.261799,0.000000,0.000000,0.007992,0.457898,0.040157,2.300846,-0.002901,-0.166193,-0.032166,-1.842949,-0.007992,0.032166,72.110270,40.867717,68.110389,40.835750,69.910331,40.850135,54.922424,40.247937
32.240000,0.020000,3.000000,4.000000,1.800000,15.000000,3.000000,0.261799,0.000000,0.000000,0.007948,0.455405,0.040023,2.293177,-0.002892,-0.165726,-0.032075,-1.837772,-0.007948,0.032075,72.170269,40.868023,68.170387,40.836230,69.970330,40.850537,54.982342,40.250345
32.260000,0.020000,3.000000,4.000000,1.800000,15.000000,3.000000,0.261799,0.000000,0.000000,0.007905,0.452919,0.039890,2.285529,-0.002884,-0.165261,-0.031985,-1.832610,-0.007905,0.031985,72.230268,40.868326,68.230385,40.836707,70.030328,40.850935,55.042261,40.252744
32.280000,0.020000,3.000000,4.000000,1.800000,15.000000,3.000000,0.261799,0.000000,0.000000,0.007862,0.450440,0.039757,2.277902,-0.002876,-0.164797,-0.031895,-1.827462,-0.007862,0.031895,72.290268,40.868627,68.290382,40.837181,70.090327,40.851332,55.102180,40.255135
32.300000,0.020000,3.000000,4.000000,1.800000,15.000000,3.000000,0.261799,0.000000,0.000000,0.007819,0.447968,0.039624,2.270297,-0.002868,-0.164334,-0.031806,-1.822329,-0.007819,0.031806,72.350267,40.868926,68.350380,40.837653,70.150325,40.851726,55.162099,40.257519
32.320000,0.020000,3.000000,4.000000,1.800000,15.000000,3.000000,0.261799,0.000000,0.000000,0.007775,0.445503,0.039492,2.262714,-0.002860,-0.163873,-0.031716,-1.817210,-0.007775,0.031716,72.410266,40.869223,68.410378,40.838122,70.210324,40.852117,55.222019,40.259894
32.340000,0.020000,3.000000,4.000000,1.800000,15.000000,3.000000,0.261799,0.000000,0.000000,0.007733,0.443045,0.039360,2.255151,-0.002852,-0.163413,-0.031627,-1.812106,-0.007733,0.031627,72.470265,40.869518,68.470376,40.838588,70.270322,40.852507,55.281940,40.262262
32.360000,0.020000,3.000000,4.000000,1.800000,15.000000,3.000000,0.261799,0.000000,0.000000,0.007690,0.440594,0.039228,2.247610,-0.002844,-0.162954,-0.031538,-1.807016,-0.007690,0.031538,72.530265,40.869811,68.530374,40.839052,70.330321,40.852894,55.341861,40.264622
32.380000,0.020000,3.000000,4.000000,1.800000,15.000000,3.000000,0.261799,0.000000,0.000000,0.007647,0.438150,0.039097,2.240090,-0.002836,-0.162497,-0.031450,-1.801940,-0.007647,0.031450,72.590264,40.870102,68.590372,40.839514,70.390319,40.853278,55.401782,40.266974
32.400000,0.020000,3.000000,4.000000,1.800000,15.000000,3.000000,0.261799,0.000000,0.000000,0.007605,0.435712,0.038966,2.232591,-0.002828,-0.162041,-0.031361,-1.796879,-0.007605,0.031361,72.650263,40.870391,68.650370,40.839972,70.450318,40.853661,55.461704,40.269317
32.420000,0.020000,3.000000,4.000000,1.800000,15.000000,3.000000,0.261799,0.000000,0.000000,0.007562,0.433282,0.038836,2.225113,-0.002820,-0.161586,-0.031273,-1.791832,-0.007562,0.031273,72.710263,40.870677,68.710368,40.840429,70.510317,40.854041,55.521627,40.271654
32.440000,0.020000,3.000000,4.000000,1.800000,15.000000,3.000000,0.261799,0.000000,0.000000,0.007520,0.430858,0.038705,2.217657,-0.002812,-0.161132,-0.031186,-1.786799,-0.007520,0.031186,72.770262,40.870962,68.770366,40.840882,70.570315,40.854418,55.581550,40.273982
32.460000,0.020000,3.000000,4.000000,1.800000,15.000000,3.000000,0.261799,0.000000,0.000000,0.007478,0.428441,0.038576,2.210221,-0.002804,-0.160680,-0.031098,-1.781780,-0.007478,0.031098,72.830261,40.871244,68.830364,40.841334,70.630314,40.854793,55.641473,40.276302
32.480000,0.020000,3.000000,4.000000,1.800000,15.000000,3.000000,0.261799,0.000000,0.000000,0.007436,0.426031,0.038446,2.202806,-0.002797,-0.160229,-0.031011,-1.776775,-0.007436,0.031011,72.890261,40.871525,68.890362,40.841782,70.690313,40.855166,55.701397,40.278615
32.500000,0.020000,3.000000,4.000000,1.800000,15.000000,3.000000,0.261799,0.000000,0.000000,0.007394,0.423627,0.038317,2.195411,-0.002789,-0.159779,-0.030923,-1.771784,-0.007394,0.030923,72.950260,40.871803,68.950360,40.842228,70.750311,40.855537,55.761321,40.280920
32.520000,0.020000,3.000000,4.000000,1.800000,15.000000,3.000000,0.261799,0.000000,0.000000,0.007352,0.421231,0.038188,2.188038,-0.002781,-0.159331,-0.030837,-1.766807,-0.007352,0.030837,73.010259,40.872079,69.010359,40.842672,70.810310,40.855905,55.821246,40.283217
32.540000,0.020000,3.000000,4.000000,1.800000,15.000000,3.000000,0.261799,0.000000,0.000000,0.007310,0.418841,0.038060,2.180685,-0.002773,-0.158883,-0.030750,-1.761845,-0.007310,0.030750,73.070259,40.872354,69.070357,40.843113,70.870309,40.856271,55.881172,40.285507
32.560000,0.020000,3.000000,4.000000,1.800000,15.000000,3.000000,0.261799,0.000000,0.000000,0.007269,0.416457,0.037932,2.173353,-0.002765,-0.158437,-0.030664,-1.756896,-0.007269,0.030664,73.130258,40.872626,69.130355,40.843552,70.930307,40.856635,55.941097,40.287789
32.580000,0.020000,3.000000,4.000000,1.800000,15.000000,3.000000,0.261799,0.000000,0.000000,0.007227,0.414081,0.037805,2.166042,-0.002757,-0.157993,-0.030577,-1.751961,-0.007227,0.030577,73.190257,40.872896,69.190353,40.843988,70.990306,40.856996,56.001024,40.290063
32.600000,0.020000,3.000000,4.000000,1.800000,15.000000,3.000000,0.261799,0.000000,0.000000,0.007186,0.411711,0.037677,2.158751,-0.002750,-0.157549,-0.030492,-1.747040,-0.007186,0.030492,73.250257,40.873164,69.250351,40.844421,71.050305,40.857356,56.060950,40.292330
32.620000,0.020000,3.000000,4.000000,1.800000,15.000000,3.000000,0.261799,0.000000,0.000000,0.007144,0.409348,0.037550,2.151480,-0.002742,-0.157107,-0.030406,-1.742133,-0.007144,0.030406,73.310256,40.873430,69.310349,40.844853,71.110304,40.857713,56.120878,40.294589
32.640000,0.020000,3.000000,4.000000,1.800000,15.000000,3.000000,0.261799,0.000000,0.000000,0.007103,0.406991,0.037424,2.144230,-0.002734,-0.156666,-0.030321,-1.737239,-0.007103,0.030321,73.370256,40.873694,69.370348,40.845281,71.170302,40.858067,56.180805,40.296840
32.660000,0.020000,3.000000,4.000000,1.800000,15.000000,3.000000,0.261799,0.000000,0.000000,0.007062,0.404641,0.037298,2.137000,-0.002727,-0.156226,-0.030235,-1.732359,-0.007062,0.030235,73.430255,40.873957,69.430346,40.845707,71.230301,40.858420,56.240733,40.299084
32.680000,0.020000,3.000000,4.000000,1.800000,15.000000,3.000000,0.261799,0.000000,0.000000,0.007021,0.402298,0.037172,2.129791,-0.002719,-0.155787,-0.030150,-1.727493,-0.007021,0.030150,73.490255,40.874217,69.490344,40.846131,71.290300,40.858770,56.300662,40.301320
32.700000,0.020000,3.000000,4.000000,1.800000,15.000000,3.000000,0.261799,0.000000,0.000000,0.006981,0.399961,0.037046,2.122602,-0.002711,-0.155350,-0.030066,-1.722641,-0.006981,0.030066,73.550254,40.874475,69.550343,40.846552,71.350299,40.859117,56.360591,40.303549
32.720000,0.020000,3.000000,4.000000,1.800000,15.000000,3.000000,0.261799,0.000000,0.000000,0.006940,0.397631,0.036921,2.115433,-0.002704,-0.154914,-0.029981,-1.717802,-0.006940,0.029981,73.610253,40.874731,69.610341,40.846971,71.410298,40.859463,56.420520,40.305770
32.740000,0.020000,3.000000,4.000000,1.800000,15.000000,3.000000,0.261799,0.000000,0.000000,0.006899,0.395307,0.036796,2.108284,-0.002696,-0.154479,-0.029897,-1.712977,-0.006899,0.029897,73.670253,40.874985,69.670339,40.847388,71.470296,40.859807,56.480450,40.307984
32.760000,0.020000,3.000000,4.000000,1.800000,15.000000,3.000000,0.261799,0.000000,0.000000,0.006859,0.392990,0.036672,2.101155,-0.002689,-0.154045,-0.029813,-1.708165,-0.006859,0.029813,73.730252,40.875237,69.730338,40.847802,71.530295,40.860148,56.540380,40.310190
32.780000,0.020000,3.000000,4.000000,1.800000,15.000000,3.000000,0.261799,0.000000,0.000000,0.006819,0.390679,0.036548,2.094046,-0.002681,-0.153613,-0.029729,-1.703367,-0.006819,0.029729,73.790252,40.875488,69.790336,40.848213,71.590294,40.860487,56.600311,40.312389
32.800000,0.020000,3.000000,4.000000,1.800000,15.000000,3.000000,0.261799,0.000000,0.000000,0.006778,0.388375,0.036424,2.086957,-0.002674,-0.153182,-0.029646,-1.698583,-0.006778,0.029646,73.850251,40.875736,69.850334,40.848622,71.650293,40.860823,56.660242,40.314580
32.820000,0.020000,3.000000,4.000000,1.800000,15.000000,3.000000,0.261799,0.000000,0.000000,0.006738,0.386077,0.036301,2.079889,-0.002666,-0.152752,-0.029563,-1.693811,-0.006738,0.029563,73.910251,40.875982,69.910333,40.849029,71.710292,40.861158,56.720174,40.316764
32.840000,0.020000,3.000000,4.000000,1.800000,15.000000,3.000000,0.261799,0.000000,0.000000,0.006698,0.383786,0.036178,2.072840,-0.002659,-0.152323,-0.029480,-1.689054,-0.006698,0.029480,73.970250,40.876226,69.970331,40.849433,71.770291,40.861490,56.780106,40.318940
32.860000,0.020000,3.000000,4.000000,1.800000,15.000000,3.000000,0.261799,0.000000,0.000000,0.006658,0.381501,0.036055,2.065810,-0.002651,-0.151895,-0.029397,-1.684309,-0.006658,0.029397,74.030250,40.876469,70.030330,40.849835,71.830290,40.861820,56.840038,40.321110
32.880000,0.020000,3.000000,4.000000,1.800000,15.000000,3.000000,0.261799,0.000000,0.000000,0.006619,0.379223,0.035933,2.058801,-0.002644,-0.151469,-0.029314,-1.679578,-0.006619,0.029314,74.090249,40.876709,70.090328,40.850235,71.890289,40.862148,56.899971,40.323271
32.900000,0.020000,3.000000,4.000000,1.800000,15.000000,3.000000,0.261799,0.000000,0.000000,0.006579,0.376951,0.035811,2.051811,-0.002636,-0.151043,-0.029232,-1.674860,-0.006579,0.029232,74.150249,40.876948,70.150327,40.850632,71.950288,40.862474,56.959905,40.325426
32.920000,0.020000,3.000000,4.000000,1.800000,15.000000,3.000000,0.261799,0.000000,0.000000,0.006539,0.374685,0.035689,2.044841,-0.002629,-0.150619,-0.029150,-1.670156,-0.006539,0.029150,74.210248,40.877184,70.210325,40.851027,72.010287,40.862798,57.019838,40.327573
32.940000,0.020000,3.000000,4.000000,1.800000,15.000000,3.000000,0.261799,0.000000,0.000000,0.006500,0.372426,0.035568,2.037890,-0.002621,-0.150197,-0.029068,-1.665464,-0.006500,0.029068,74.270248,40.877419,70.270324,40.851419,72.070286,40.863119,57.079773,40.329713
32.960000,0.020000,3.000000,4.000000,1.800000,15.000000,3.000000,0.261799,0.000000,0.000000,0.006461,0.370173,0.035447,2.030959,-0.002614,-0.149775,-0.028986,-1.660786,-0.006461,0.028986,74.330248,40.877652,70.330322,40.851809,72.130284,40.863438,57.139707,40.331846
32.980000,0.020000,3.000000,4.000000,1.800000,15.000000,3.000000,0.261799,0.000000,0.000000,0.006422,0.367926,0.035326,2.024047,-0.002607,-0.149354,-0.028905,-1.656121,-0.006422,0.028905,74.390247,40.877883,70.390321,40.852197,72.190283,40.863755,57.199642,40.333971
33.000000,0.020000,3.000000,4.000000,1.800000,15.000000,3.000000,0.261799,0.000000,0.000000,0.006382,0.365686,0.035206,2.017155,-0.002599,-0.148935,-0.028824,-1.651469,-0.006382,0.028824,74.450247,40.878111,70.450319,40.852582,72.250283,40.864070,57.259578,40.336089
33.020000,0.020000,3.000000,4.000000,1.800000,15.000000,3.000000,0.261799,0.000000,0.000000,0.006343,0.363452,0.035086,2.010282,-0.002592,-0.148517,-0.028743,-1.646830,-0.006343,0.028743,74.510246,40.878338,70.510318,40.852965,72.310282,40.864383,57.319513,40.338200
33.040000,0.020000,3.000000,4.000000,1.800000,15.000000,3.000000,0.261799,0.000000,0.000000,0.006305,0.361224,0.034966,2.003428,-0.002585,-0.148100,-0.028662,-1.642204,-0.006305,0.028662,74.570246,40.878563,70.570316,40.853345,72.370281,40.864693,57.379450,40.340304
33.060000,0.020000,3.000000,4.000000,1.800000,15.000000,3.000000,0.261799,0.000000,0.000000,0.006266,0.359003,0.034847,1.996594,-0.002578,-0.147684,-0.028581,-1.637591,-0.006266,0.028581,74.630245,40.878787,70.630315,40.853724,72.430280,40.865002,57.439386,40.342401
33.080000,0.020000,3.000000,4.000000,1.800000,15.000000,3.000000,0.261799,0.000000,0.000000,0.006227,0.356787,0.034728,1.989779,-0.002570,-0.147270,-0.028501,-1.632992,-0.006227,0.028501,74.690245,40.879008,70.690314,40.854100,72.490279,40.865308,57.499323,40.344490
33.100000,0.020000,3.000000,4.000000,1.800000,15.000000,3.000000,0.261799,0.000000,0.000000,0.006189,0.354578,0.034610,1.982983,-0.002563,-0.146856,-0.028421,-1.628405,-0.006189,0.028421,74.750245,40.879227,70.750312,40.854473,72.550278,40.865613,57.559261,40.346572
33.120000,0.020000,3.000000,4.000000,1.800000,15.000000,3.000000,0.261799,0.000000,0.000000,0.006150,0.352375,0.034491,1.976206,-0.002556,-0.146444,-0.028341,-1.623830,-0.006150,0.028341,74.810244,40.879445,70.810311,40.854845,72.610277,40.865915,57.619198,40.348648
33.140000,0.020000,3.000000,4.000000,1.800000,15.000000,3.000000,0.261799,0.000000,0.000000,0.006112,0.350179,0.034373,1.969448,-0.002549,-0.146033,-0.028262,-1.619269,-0.006112,0.028262,74.870244,40.879661,70.870310,40.855214,72.670276,40.866215,57.679136,40.350716
33.160000,0.020000,3.000000,4.000000,1.800000,15.000000,3.000000,0.261799,0.000000,0.000000,0.006074,0.347988,0.034256,1.962709,-0.002542,-0.145623,-0.028182,-1.614721,-0.006074,0.028182,74.930243,40.879874,70.930308,40.855580,72.730275,40.866513,57.739075,40.352777
33.180000,0.020000,3.000000,4.000000,1.800000,15.000000,3.000000,0.261799,0.000000,0.000000,0.006035,0.345804,0.034138,1.955989,-0.002534,-0.145214,-0.028103,-1.610185,-0.006035,0.028103,74.990243,40.880086,70.990307,40.855945,72.790274,40.866808,57.799014,40.354831
33.200000,0.020000,3.000000,4.000000,1.800000,15.000000,3.000000,0.261799,0.000000,0.000000,0.005997,0.343626,0.034021,1.949288,-0.002527,-0.144806,-0.028024,-1.605662,-0.005997,0.028024,75.050243,40.880296,71.050306,40.856307,72.850273,40.867102,57.858953,40.356878
33.220000,0.020000,3.000000,4.000000,1.800000,15.000000,3.000000,0.261799,0.000000,0.000000,0.005959,0.341454,0.033905,1.942606,-0.002520,-0.144400,-0.027945,-1.601152,-0.005959,0.027945,75.110242,40.880504,71.110304,40.856667,72.910272,40.867394,57.918893,40.358918
33.240000,0.020000,3.000000,4.000000,1.800000,15.000000,3.000000,0.261799,0.000000,0.000000,0.005922,0.339288,0.033789,1.935942,-0.002513,-0.143994,-0.027867,-1.596654,-0.005922,0.027867,75.170242,40.880711,71.170303,40.857024,72.970272,40.867683,57.978833,40.360951
33.260000,0.020000,3.000000,4.000000,1.800000,15.000000,3.000000,0.261799,0.000000,0.000000,0.005884,0.337128,0.033673,1.929297,-0.002506,-0.143590,-0.027789,-1.592169,-0.005884,0.027789,75.230242,40.880915,71.230302,40.857379,73.030271,40.867971,58.038774,40.362977
33.280000,0.020000,3.000000,4.000000,1.800000,15.000000,3.000000,0.261799,0.000000,0.000000,0.005846,0.334974,0.033557,1.922671,-0.002499,-0.143187,-0.027711,-1.587697,-0.005846,0.027711,75.290241,40.881118,71.290301,40.857732,73.090270,40.868256,58.098715,40.364996
33.300000,0.020000,3.000000,4.000000,1.800000,15.000000,3.000000,0.261799,0.000000,0.000000,0.005809,0.332826,0.033442,1.916063,-0.002492,-0.142785,-0.027633,-1.583237,-0.005809,0.027633,75.350241,40.881319,71.350299,40.858083,73.150269,40.868539,58.158656,40.367009
33.320000,0.020000,3.000000,4.000000,1.800000,15.000000,3.000000,0.261799,0.000000,0.000000,0.005772,0.330684,0.033327,1.909474,-0.002485,-0.142384,-0.027555,-1.578790,-0.005772,0.027555,75.410241,40.881518,71.410298,40.858432,73.210268,40.868821,58.218597,40.369014
33.340000,0.020000,3.000000,4.000000,1.800000,15.000000,3.000000,0.261799,0.000000,0.000000,0.005734,0.328549,0.033212,1.902904,-0.002478,-0.141984,-0.027478,-1.574355,-0.005734,0.027478,75.470240,40.881715,71.470297,40.858778,73.270267,40.869100,58.278539,40.371012
33.360000,0.020000,3.000000,4.000000,1.800000,15.000000,3.000000,0.261799,0.000000,0.000000,0.005697,0.326419,0.033098,1.896352,-0.002471,-0.141586,-0.027400,-1.569933,-0.005697,0.027400,75.530240,40.881910,71.530296,40.859122,73.330267,40.869377,58.338482,40.373004
33.380000,0.020000,3.000000,4.000000,1.800000,15.000000,3.000000,0.261799,0.000000,0.000000,0.005660,0.324295,0.032984,1.889818,-0.002464,-0.141188,-0.027324,-1.565523,-0.005660,0.027324,75.590240,40.882104,71.590295,40.859464,73.390266,40.869652,58.398424,40.374988
33.400000,0.020000,3.000000,4.000000,1.800000,15.000000,3.000000,0.261799,0.000000,0.000000,0.005623,0.322177,0.032870,1.883303,-0.002457,-0.140792,-0.027247,-1.561125,-0.005623,0.027247,75.650239,40.882296,71.650294,40.859804,73.450265,40.869925,58.458368,40.376966
33.420000,0.020000,3.000000,4.000000,1.800000,15.000000,3.000000,0.261799,0.000000,0.000000,0.005586,0.320065,0.032756,1.876806,-0.002450,-0.140396,-0.027170,-1.556740,-0.005586,0.027170,75.710239,40.882486,71.710292,40.860141,73.510264,40.870196,58.518311,40.378937
33.440000,0.020000,3.000000,4.000000,1.800000,15.000000,3.000000,0.261799,0.000000,0.000000,0.005549,0.317960,0.032643,1.870327,-0.002443,-0.140002,-0.027094,-1.552367,-0.005549,0.027094,75.770239,40.882674,71.770291,40.860476,73.570264,40.870465,58.578255,40.380902
33.460000,0.020000,3.000000,4.000000,1.800000,15.000000,3.000000,0.261799,0.000000,0.000000,0.005513,0.315860,0.032531,1.863866,-0.002437,-0.139609,-0.027018,-1.548007,-0.005513,0.027018,75.830238,40.882860,71.830290,40.860809,73.630263,40.870732,58.638199,40.382859
33.480000,0.020000,3.000000,4.000000,1.800000,15.000000,3.000000,0.261799,0.000000,0.000000,0.005476,0.313765,0.032418,1.857424,-0.002430,-0.139217,-0.026942,-1.543658,-0.005476,0.026942,75.890238,40.883045,71.890289,40.861140,73.690262,40.870997,58.698143,40.384810
33.500000,0.020000,3.000000,4.000000,1.800000,15.000000,3.000000,0.261799,0.000000,0.000000,0.005440,0.311677,0.032306,1.850999,-0.002423,-0.138826,-0.026866,-1.539322,-0.005440,0.026866,75.950238,40.883228,71.950288,40.861468,73.750261,40.871260,58.758088,40.386754
33.520000,0.020000,3.000000,4.000000,1.800000,15.000000,3.000000,0.261799,0.000000,0.000000,0.005403,0.309595,0.032194,1.844593,-0.002416,-0.138436,-0.026791,-1.534998,-0.005403,0.026791,76.010238,40.883409,72.010287,40.861795,73.810261,40.871521,58.818034,40.388691
33.540000,0.020000,3.000000,4.000000,1.800000,15.000000,3.000000,0.261799,0.000000,0.000000,0.005367,0.307518,0.032083,1.838205,-0.002409,-0.138048,-0.026716,-1.530687,-0.005367,0.026716,76.070237,40.883588,72.070286,40.862119,73.870260,40.871780,58.877979,40.390622
33.560000,0.020000,3.000000,4.000000,1.800000,15.000000,3.000000,0.261799,0.000000,0.000000,0.005331,0.305447,0.031972,1.831834,-0.002403,-0.137660,-0.026640,-1.526387,-0.005331,0.026640,76.130237,40.883765,72.130285,40.862441,73.930259,40.872037,58.937925,40.392545
33.580000,0.020000,3.000000,4.000000,1.800000,15.000000,3.000000,0.261799,0.000000,0.000000,0.005295,0.303383,0.031861,1.825482,-0.002396,-0.137274,-0.026566,-1.522099,-0.005295,0.026566,76.190237,40.883941,72.190284,40.862761,73.990259,40.872292,58.997871,40.394463
33.600000,0.020000,3.000000,4.000000,1.800000,15.000000,3.000000,0.261799,0.000000,0.000000,0.005259,0.301324,0.031750,1.819147,-0.002389,-0.136888,-0.026491,-1.517824,-0.005259,0.026491,76.250237,40.884115,72.250283,40.863079,74.050258,40.872545,59.057818,40.396373
33.620000,0.020000,3.000000,4.000000,1.800000,15.000000,3.000000,0.261799,0.000000,0.000000,0.005223,0.299270,0.031640,1.812830,-0.002382,-0.136504,-0.026417,-1.513560,-0.005223,0.026417,76.310236,40.884287,72.310282,40.863394,74.110257,40.872796,59.117765,40.398277
33.640000,0.020000,3.000000,4.000000,1.800000,15.000000,3.000000,0.261799,0.000000,0.000000,0.005188,0.297223,0.031530,1.806531,-0.002376,-0.136121,-0.026342,-1.509309,-0.005188,0.026342,76.370236,40.884458,72.370281,40.863708,74.170257,40.873045,59.177712,40.400175
33.660000,0.020000,3.000000,4.000000,1.800000,15.000000,3.000000,0.261799,0.000000,0.000000,0.005152,0.295181,0.031420,1.800250,-0.002369,-0.135738,-0.026268,-1.505069,-0.005152,0.026268,76.430236,40.884626,72.430280,40.864019,74.230256,40.873292,59.237660,40.402065
33.680000,0.020000,3.000000,4.000000,1.800000,15.000000,3.000000,0.261799,0.000000,0.000000,0.005116,0.293145,0.031311,1.793986,-0.002362,-0.135357,-0.026195,-1.500841,-0.005116,0.026195,76.490236,40.884793,72.490279,40.864328,74.290255,40.873537,59.297608,40.403950
33.700000,0.020000,3.000000,4.000000,1.800000,15.000000,3.000000,0.261799,0.000000,0.000000,0.005081,0.291114,0.031202,1.787740,-0.002356,-0.134977,-0.026121,-1.496625,-0.005081,0.026121,76.550235,40.884958,72.550278,40.864635,74.350255,40.873780,59.357556,40.405827
33.720000,0.020000,3.000000,4.000000,1.800000,15.000000,3.000000,0.261799,0.000000,0.000000,0.005046,0.289090,0.031093,1.781511,-0.002349,-0.134598,-0.026048,-1.492421,-0.005046,0.026048,76.610235,40.885122,72.610277,40.864940,74.410254,40.874022,59.417504,40.407698
33.740000,0.020000,3.000000,4.000000,1.800000,15.000000,3.000000,0.261799,0.000000,0.000000,0.005010,0.287071,0.030985,1.775300,-0.002343,-0.134220,-0.025974,-1.488229,-0.005010,0.025974,76.670235,40.885284,72.670276,40.865242,74.470254,40.874261,59.477453,40.409563
33.760000,0.020000,3.000000,4.000000,1.800000,15.000000,3.000000,0.261799,0.000000,0.000000,0.004975,0.285057,0.030877,1.769106,-0.002336,-0.133843,-0.025902,-1.484049,-0.004975,0.025902,76.730235,40.885444,72.730275,40.865543,74.530253,40.874498,59.537403,40.411421
33.780000,0.020000,3.000000,4.000000,1.800000,15.000000,3.000000,0.261799,0.000000,0.000000,0.004940,0.283050,0.030769,1.762930,-0.002329,-0.133468,-0.025829,-1.479880,-0.004940,0.025829,76.790235,40.885602,72.790274,40.865842,74.590252,40.874734,59.597352,40.413273
33.800000,0.020000,3.000000,4.000000,1.800000,15.000000,3.000000,0.261799,0.000000,0.000000,0.004905,0.281048,0.030661,1.756771,-0.002323,-0.133093,-0.025756,-1.475723,-0.004905,0.025756,76.850234,40.885759,72.850273,40.866138,74.650252,40.874967,59.657302,40.415118
33.820000,0.020000,3.000000,4.000000,1.800000,15.000000,3.000000,0.261799,0.000000,0.000000,0.004870,0.279051,0.030554,1.750629,-0.002316,-0.132719,-0.025684,-1.471578,-0.004870,0.025684,76.910234,40.885914,72.910272,40.866432,74.710251,40.875199,59.717252,40.416957
33.840000,0.020000,3.000000,4.000000,1.800000,15.000000,3.000000,0.261799,0.000000,0.000000,0.004836,0.277061,0.030447,1.744505,-0.002310,-0.132346,-0.025612,-1.467444,-0.004836,0.025612,76.970234,40.886067,72.970272,40.866725,74.770251,40.875429,59.777203,40.418789
33.860000,0.020000,3.000000,4.000000,1.800000,15.000000,3.000000,0.261799,0.000000,0.000000,0.004801,0.275075,0.030341,1.738397,-0.002303,-0.131975,-0.025540,-1.463322,-0.004801,0.025540,77.030234,40.886219,73.030271,40.867015,74.830250,40.875656,59.837154,40.420615
33.880000,0.020000,3.000000,4.000000,1.800000,15.000000,3.000000,0.261799,0.000000,0.000000,0.004766,0.273096,0.030234,1.732307,-0.002297,-0.131604,-0.025468,-1.459211,-0.004766,0.025468,77.090234,40.886368,73.090270,40.867303,74.890249,40.875882,59.897105,40.422434
33.900000,0.020000,3.000000,4.000000,1.800000,15.000000,3.000000,0.261799,0.000000,0.000000,0.004732,0.271122,0.030128,1.726234,-0.002290,-0.131235,-0.025397,-1.455112,-0.004732,0.025397,77.150233,40.886517,73.150269,40.867589,74.950249,40.876106,59.957056,40.424247
33.920000,0.020000,3.000000,4.000000,1.800000,15.000000,3.000000,0.261799,0.000000,0.000000,0.004698,0.269153,0.030023,1.720178,-0.002284,-0.130866,-0.025325,-1.451025,-0.004698,0.025325,77.210233,40.886663,73.210268,40.867873,75.010248,40.876328,60.017008,40.426054
33.940000,0.020000,3.000000,4.000000,1.800000,15.000000,3.000000,0.261799,0.000000,0.000000,0.004663,0.267190,0.029917,1.714139,-0.002278,-0.130499,-0.025254,-1.446949,-0.004663,0.025254,77.270233,40.886808,73.270267,40.868154,75.070248,40.876548,60.076960,40.427855
33.960000,0.020000,3.000000,4.000000,1.800000,15.000000,3.000000,0.261799,0.000000,0.000000,0.004629,0.265233,0.029812,1.708117,-0.002271,-0.130132,-0.025183,-1.442885,-0.004629,0.025183,77.330233,40.886951,73.330267,40.868434,75.130247,40.876767,60.136913,40.429649
33.980000,0.020000,3.000000,4.000000,1.800000,15.000000,3.000000,0.261799,0.000000,0.000000,0.004595,0.263281,0.029707,1.702112,-0.002265,-0.129767,-0.025112,-1.438831,-0.004595,0.025112,77.390233,40.887092,73.390266,40.868712,75.190247,40.876983,60.196865,40.431437
34.000000,0.020000,3.000000,4.000000,1.800000,15.000000,3.000000,0.261799,0.000000,0.000000,0.004561,0.261334,0.029603,1.696124,-0.002259,-0.129403,-0.025042,-1.434790,-0.004561,0.025042,77.450233,40.887232,73.450265,40.868988,75.250246,40.877198,60.256818,40.433218
34.020000,0.020000,3.000000,4.000000,1.800000,15.000000,3.000000,0.261799,0.000000,0.000000,0.004527,0.259393,0.029499,1.690153,-0.002252,-0.129039,-0.024971,-1.430759,-0.004527,0.024971,77.510232,40.887370,73.510264,40.869261,75.310246,40.877410,60.316772,40.434994
34.040000,0.020000,3.000000,4.000000,1.800000,15.000000,3.000000,0.261799,0.000000,0.000000,0.004493,0.257458,0.029395,1.684198,-0.002246,-0.128677,-0.024901,-1.426740,-0.004493,0.024901,77.570232,40.887507,73.570263,40.869533,75.370245,40.877621,60.376725,40.436763
34.060000,0.020000,3.000000,4.000000,1.800000,15.000000,3.000000,0.261799,0.000000,0.000000,0.004460,0.255528,0.029291,1.678260,-0.002240,-0.128316,-0.024831,-1.422733,-0.004460,0.024831,77.630232,40.887642,73.630263,40.869803,75.430245,40.877830,60.436679,40.438526
34.080000,0.020000,3.000000,4.000000,1.800000,15.000000,3.000000,0.261799,0.000000,0.000000,0.004426,0.253603,0.029188,1.672339,-0.002233,-0.127955,-0.024762,-1.418736,-0.004426,0.024762,77.690232,40.887775,73.690262,40.870070,75.490244,40.878037,60.496633,40.440282
34.100000,0.020000,3.000000,4.000000,1.800000,15.000000,3.000000,0.261799,0.000000,0.000000,0.004393,0.251684,0.029085,1.666434,-0.002227,-0.127596,-0.024692,-1.414751,-0.004393,0.024692,77.750232,40.887907,73.750261,40.870336,75.550244,40.878243,60.556588,40.442033
34.120000,0.020000,3.000000,4.000000,1.800000,15.000000,3.000000,0.261799,0.000000,0.000000,0.004359,0.249770,0.028982,1.660546,-0.002221,-0.127238,-0.024623,-1.410777,-0.004359,0.024623,77.810232,40.888037,73.810261,40.870599,75.610243,40.878446,60.616543,40.443777
34.140000,0.020000,3.000000,4.000000,1.800000,15.000000,3.000000,0.261799,0.000000,0.000000,0.004326,0.247861,0.028880,1.654675,-0.002214,-0.126881,-0.024554,-1.406814,-0.004326,0.024554,77.870231,40.888165,73.870260,40.870861,75.670243,40.878648,60.676498,40.445515
34.160000,0.020000,3.000000,4.000000,1.800000,15.000000,3.000000,0.261799,0.000000,0.000000,0.004293,0.245958,0.028777,1.648820,-0.002208,-0.126524,-0.024485,-1.402862,-0.004293,0.024485,77.930231,40.888292,73.930259,40.871120,75.730243,40.878847,60.736453,40.447247
34.180000,0.020000,3.000000,4.000000,1.800000,15.000000,3.000000,0.261799,0.000000,0.000000,0.004260,0.244060,0.028675,1.642981,-0.002202,-0.126169,-0.024416,-1.398921,-0.004260,0.024416,77.990231,40.888417,73.990258,40.871378,75.790242,40.879045,60.796409,40.448973
34.200000,0.020000,3.000000,4.000000,1.800000,15.000000,3.000000,0.261799,0.000000,0.000000,0.004227,0.242167,0.028574,1.637159,-0.002196,-0.125815,-0.024347,-1.394992,-0.004227,0.024347,78.050231,40.888540,74.050258,40.871634,75.850242,40.879241,60.856365,40.450693
34.220000,0.020000,3.000000,4.000000,1.800000,15.000000,3.000000,0.261799,0.000000,0.000000,0.004194,0.240280,0.028472,1.631353,-0.002190,-0.125461,-0.024279,-1.391073,-0.004194,0.024279,78.110231,40.888662,74.110257,40.871887,75.910241,40.879436,60.916321,40.452406
34.240000,0.020000,3.000000,4.000000,1.800000,15.000000,3.000000,0.261799,0.000000,0.000000,0.004161,0.238398,0.028371,1.625564,-0.002184,-0.125109,-0.024211,-1.387166,-0.004161,0.024211,78.170231,40.888782,74.170256,40.872139,75.970241,40.879628,60.976277,40.454114
34.260000,0.020000,3.000000,4.000000,1.800000,15.000000,3.000000,0.261799,0.000000,0.000000,0.004128,0.236522,0.028271,1.619791,-0.002177,-0.124758,-0.024143,-1.383269,-0.004128,0.024143,78.230231,40.888901,74.230256,40.872388,76.030240,40.879819,61.036234,40.455815
34.280000,0.020000,3.000000,4.000000,1.800000,15.000000,3.000000,0.261799,0.000000,0.000000,0.004095,0.234650,0.028170,1.614034,-0.002171,-0.124407,-0.024075,-1.379383,-0.004095,0.024075,78.290231,40.889018,74.290255,40.872636,76.090240,40.880008,61.096191,40.457511
34.300000,0.020000,3.000000,4.000000,1.800000,15.000000,3.000000,0.261799,0.000000,0.000000,0.004063,0.232784,0.028070,1.608293,-0.002165,-0.124058,-0.024007,-1.375509,-0.004063,0.024007,78.350231,40.889133,74.350254,40.872882,76.150240,40.880195,61.156149,40.459200
34.320000,0.020000,3.000000,4.000000,1.800000,15.000000,3.000000,0.261799,0.000000,0.000000,0.004030,0.230923,0.027970,1.602568,-0.002159,-0.123710,-0.023940,-1.371645,-0.004030,0.023940,78.410230,40.889247,74.410254,40.873126,76.210239,40.880380,61.216106,40.460884
34.340000,0.020000,3.000000,4.000000,1.800000,15.000000,3.000000,0.261799,0.000000,0.000000,0.003998,0.229068,0.027870,1.596859,-0.002153,-0.123362,-0.023872,-1.367792,-0.003998,0.023872,78.470230,40.889359,74.470253,40.873367,76.270239,40.880564,61.276064,40.462561
34.360000,0.020000,3.000000,4.000000,1.800000,15.000000,3.000000,0.261799,0.000000,0.000000,0.003966,0.227217,0.027771,1.591167,-0.002147,-0.123016,-0.023805,-1.363950,-0.003966,0.023805,78.530230,40.889470,74.530253,40.873607,76.330238,40.880746,61.336022,40.464233
34.380000,0.020000,3.000000,4.000000,1.800000,15.000000,3.000000,0.261799,0.000000,0.000000,0.003933,0.225372,0.027672,1.585490,-0.002141,-0.122671,-0.023739,-1.360118,-0.003933,0.023739,78.590230,40.889579,74.590252,40.873845,76.390238,40.880926,61.395981,40.465898
34.400000,0.020000,3.000000,4.000000,1.800000,15.000000,3.000000,0.261799,0.000000,0.000000,0.003901,0.223532,0.027573,1.579829,-0.002135,-0.122326,-0.023672,-1.356298,-0.003901,0.023672,78.650230,40.889687,74.650251,40.874081,76.450238,40.881104,61.455939,40.467558
34.420000,0.020000,3.000000,4.000000,1.800000,15.000000,3.000000,0.261799,0.000000,0.000000,0.003869,0.221697,0.027475,1.574185,-0.002129,-0.121983,-0.023605,-1.352488,-0.003869,0.023605,78.710230,40.889793,74.710251,40.874315,76.510237,40.881280,61.515898,40.469211
34.440000,0.020000,3.000000,4.000000,1.800000,15.000000,3.000000,0.261799,0.000000,0.000000,0.003837,0.219867,0.027376,1.568556,-0.002123,-0.121640,-0.023539,-1.348688,-0.003837,0.023539,78.770230,40.889897,74.770250,40.874548,76.570237,40.881455,61.575858,40.470859
34.460000,0.020000,3.000000,4.000000,1.800000,15.000000,3.000000,0.261799,0.000000,0.000000,0.003806,0.218043,0.027278,1.562943,-0.002117,-0.121298,-0.023473,-1.344900,-0.003806,0.023473,78.830230,40.890000,74.830250,40.874778,76.630237,40.881628,61.635817,40.472501
34.480000,0.020000,3.000000,4.000000,1.800000,15.000000,3.000000,0.261799,0.000000,0.000000,0.003774,0.216223,0.027181,1.557345,-0.002111,-0.120958,-0.023407,-1.341122,-0.003774,0.023407,78.890230,40.890101,74.890249,40.875006,76.690236,40.881799,61.695777,40.474137
34.500000,0.020000,3.000000,4.000000,1.800000,15.000000,3.000000,0.261799,0.000000,0.000000,0.003742,0.214409,0.027083,1.551764,-0.002105,-0.120618,-0.023341,-1.337355,-0.003742,0.023341,78.950230,40.890201,74.950248,40.875233,76.750236,40.881968,61.755737,40.475767
34.520000,0.020000,3.000000,4.000000,1.800000,15.000000,3.000000,0.261799,0.000000,0.000000,0.003711,0.212600,0.026986,1.546198,-0.002099,-0.120280,-0.023276,-1.333598,-0.003711,0.023276,79.010229,40.890299,75.010248,40.875457,76.810235,40.882136,61.815697,40.477392
34.540000,0.020000,3.000000,4.000000,1.800000,15.000000,3.000000,0.261799,0.000000,0.000000,0.003679,0.210795,0.026889,1.540647,-0.002093,-0.119942,-0.023210,-1.329852,-0.003679,0.023210,79.070229,40.890396,75.070247,40.875680,76.870235,40.882302,61.875658,40.479010
34.560000,0.020000,3.000000,4.000000,1.800000,15.000000,3.000000,0.261799,0.000000,0.000000,0.003648,0.208996,0.026793,1.535113,-0.002088,-0.119605,-0.023145,-1.326116,-0.003648,0.023145,79.130229,40.890491,75.130247,40.875900,76.930235,40.882466,61.935618,40.480623
34.580000,0.020000,3.000000,4.000000,1.800000,15.000000,3.000000,0.261799,0.000000,0.000000,0.003616,0.207202,0.026696,1.529593,-0.002082,-0.119269,-0.023080,-1.322391,-0.003616,0.023080,79.190229,40.890585,75.190246,40.876119,76.990234,40.882629,61.995579,40.482230
34.600000,0.020000,3.000000,4.000000,1.800000,15.000000,3.000000,0.261799,0.000000,0.000000,0.003585,0.205413,0.026600,1.524090,-0.002076,-0.118934,-0.023015,-1.318676,-0.003585,0.023015,79.250229,40.890677,75.250246,40.876336,77.050234,40.882790,62.055541,40.483831
34.620000,0.020000,3.000000,4.000000,1.800000,15.000000,3.000000,0.261799,0.000000,0.000000,0.003554,0.203629,0.026505,1.518601,-0.002070,-0.118600,-0.022951,-1.314972,-0.003554,0.022951,79.310229,40.890767,75.310245,40.876551,77.110234,40.882949,62.115502,40.485426
34.640000,0.020000,3.000000,4.000000,1.800000,15.000000,3.000000,0.261799,0.000000,0.000000,0.003523,0.201850,0.026409,1.513129,-0.002064,-0.118267,-0.022886,-1.311278,-0.003523,0.022886,79.370229,40.890856,75.370245,40.876765,77.170234,40.883106,62.175464,40.487016
34.660000,0.020000,3.000000,4.000000,1.800000,15.000000,3.000000,0.261799,0.000000,0.000000,0.003492,0.200076,0.026314,1.507671,-0.002058,-0.117935,-0.022822,-1.307595,-0.003492,0.022822,79.430229,40.890944,75.430244,40.876976,77.230233,40.883262,62.235426,40.488600
34.680000,0.020000,3.000000,4.000000,1.800000,15.000000,3.000000,0.261799,0.000000,0.000000,0.003461,0.198307,0.026219,1.502229,-0.002053,-0.117604,-0.022758,-1.303922,-0.003461,0.022758,79.490229,40.891030,75.490244,40.877186,77.290233,40.883416,62.295388,40.490178
34.700000,0.020000,3.000000,4.000000,1.800000,15.000000,3.000000,0.261799,0.000000,0.000000,0.003430,0.196543,0.026124,1.496802,-0.002047,-0.117274,-0.022694,-1.300259,-0.003430,0.022694,79.550229,40.891114,75.550243,40.877393,77.350233,40.883568,62.355351,40.491750
34.720000,0.020000,3.000000,4.000000,1.800000,15.000000,3.000000,0.261799,0.000000,0.000000,0.003400,0.194784,0.026030,1.491390,-0.002041,-0.116944,-0.022630,-1.296606,-0.003400,0.022630,79.610229,40.891198,75.610243,40.877599,77.410232,40.883718,62.415314,40.493317
34.740000,0.020000,3.000000,4.000000,1.800000,15.000000,3.000000,0.261799,0.000000,0.000000,0.003369,0.193030,0.025935,1.485994,-0.002035,-0.116616,-0.022566,-1.292964,-0.003369,0.022566,79.670229,40.891279,75.670242,40.877803,77.470232,40.883867,62.475277,40.494878
34.760000,0.020000,3.000000,4.000000,1.800000,15.000000,3.000000,0.261799,0.000000,0.000000,0.003338,0.191281,0.025842,1.480613,-0.002030,-0.116288,-0.022503,-1.289332,-0.003338,0.022503,79.730229,40.891359,75.730242,40.878005,77.530232,40.884014,62.535240,40.496434
34.780000,0.020000,3.000000,4.000000,1.800000,15.000000,3.000000,0.261799,0.000000,0.000000,0.003308,0.189536,0.025748,1.475247,-0.002024,-0.115962,-0.022440,-1.285710,-0.003308,0.022440,79.790229,40.891438,75.790241,40.878205,77.590231,40.884160,62.595203,40.497984
34.800000,0.020000,3.000000,4.000000,1.800000,15.000000,3.000000,0.261799,0.000000,0.000000,0.003278,0.187797,0.025655,1.469896,-0.002018,-0.115636,-0.022377,-1.282099,-0.003278,0.022377,79.850229,40.891515,75.850241,40.878404,77.650231,40.884304,62.655167,40.499528
34.820000,0.020000,3.000000,4.000000,1.800000,15.000000,3.000000,0.261799,0.000000,0.000000,0.003247,0.186062,0.025561,1.464560,-0.002013,-0.115311,-0.022314,-1.278497,-0.003247,0.022314,79.910229,40.891590,75.910240,40.878601,77.710231,40.884446,62.715131,40.501067
34.840000,0.020000,3.000000,4.000000,1.800000,15.000000,3.000000,0.261799,0.000000,0.000000,0.003217,0.184333,0.025469,1.459239,-0.002007,-0.114988,-0.022251,-1.274906,-0.003217,0.022251,79.970228,40.891664,75.970240,40.878795,77.770231,40.884586,62.775095,40.502600
34.860000,0.020000,3.000000,4.000000,1.800000,15.000000,3.000000,0.261799,0.000000,0.000000,0.003187,0.182608,0.025376,1.453932,-0.002001,-0.114665,-0.022189,-1.271324,-0.003187,0.022189,80.030228,40.891737,76.030240,40.878988,77.830230,40.884725,62.835060,40.504127
34.880000,0.020000,3.000000,4.000000,1.800000,15.000000,3.000000,0.261799,0.000000,0.000000,0.003157,0.180888,0.025284,1.448641,-0.001996,-0.114343,-0.022126,-1.267753,-0.003157,0.022126,80.090228,40.891808,76.090239,40.879180,77.890230,40.884862,62.895024,40.505649
34.900000,0.020000,3.000000,4.000000,1.800000,15.000000,3.000000,0.261799,0.000000,0.000000,0.003127,0.179173,0.025191,1.443365,-0.001990,-0.114022,-0.022064,-1.264192,-0.003127,0.022064,80.150228,40.891878,76.150239,40.879369,77.950230,40.884998,62.954989,40.507166
34.920000,0.020000,3.000000,4.000000,1.800000,15.000000,3.000000,0.261799,0.000000,0.000000,0.003097,0.177463,0.025100,1.438103,-0.001984,-0.113701,-0.022002,-1.260641,-0.003097,0.022002,80.210228,40.891946,76.210238,40.879557,78.010230,40.885132,63.014954,40.508677
34.940000,0.020000,3.000000,4.000000,1.800000,15.000000,3.000000,0.261799,0.000000,0.000000,0.003068,0.175757,0.025008,1.432857,-0.001979,-0.113382,-0.021941,-1.257100,-0.003068,0.021941,80.270228,40.892013,76.270238,40.879743,78.070229,40.885264,63.074920,40.510182
34.960000,0.020000,3.000000,4.000000,1.800000,15.000000,3.000000,0.261799,0.000000,0.000000,0.003038,0.174056,0.024917,1.427625,-0.001973,-0.113064,-0.021879,-1.253568,-0.003038,0.021879,80.330228,40.892078,76.330238,40.879927,78.130229,40.885395,63.134885,40.511682
34.980000,0.020000,3.000000,4.000000,1.800000,15.000000,3.000000,0.261799,0.000000,0.000000,0.003008,0.172360,0.024826,1.422407,-0.001968,-0.112746,-0.021817,-1.250047,-0.003008,0.021817,80.390228,40.892142,76.390237,40.880109,78.190229,40.885524,63.194851,40.513177
35.000000,0.020000,3.000000,4.000000,1.800000,15.000000,3.000000,0.261799,0.000000,0.000000,0.002979,0.170669,0.024735,1.417205,-0.001968,-0.112746,-0.021756,-1.246535,-0.003008,0.021817,80.450228,40.892204,76.450237,40.880289,78.250229,40.885651,63.254817,40.514666