time_s,dt_s,v_input_mps,l_m,l_h_m,L_m,width_m,theta_ref_rad,theta_ref_deg,theta_rad,theta_deg,theta_t_rad,theta_t_deg,alpha_rad,alpha_deg,phi_rad,phi_deg,e_theta_rad,e_phi_rad,xA_m,yA_m,xB_m,yB_m,xH_m,yH_m,xT_m,yT_m
0.000000,0.020000,3.000000,4.000000,1.800000,13.500000,2.000000,1.570796,90.000000,1.570796,90.000000,1.570796,90.000000,0.000000,0.000000,0.000000,0.000000,0.000000,0.000000,0.000000,4.000000,0.000000,0.000000,0.000000,1.800000,-0.000000,-11.700000
0.020000,0.020000,3.000000,4.000000,1.800000,13.500000,2.000000,1.570796,90.000000,1.570796,90.000000,1.570796,90.000000,0.000000,0.000000,0.000000,0.000000,0.000000,0.000000,0.000000,4.060000,0.000000,0.060000,0.000000,1.860000,-0.000000,-11.640000
0.040000,0.020000,3.000000,4.000000,1.800000,13.500000,2.000000,1.570796,90.000000,1.570796,90.000000,1.570796,90.000000,0.000000,0.000000,0.000000,0.000000,0.000000,0.000000,0.000000,4.120000,0.000000,0.120000,0.000000,1.920000,-0.000000,-11.580000
0.060000,0.020000,3.000000,4.000000,1.800000,13.500000,2.000000,1.570796,90.000000,1.570796,90.000000,1.570796,90.000000,0.000000,0.000000,0.000000,0.000000,0.000000,0.000000,0.000000,4.180000,0.000000,0.180000,0.000000,1.980000,-0.000000,-11.520000
0.080000,0.020000,3.000000,4.000000,1.800000,13.500000,2.000000,1.570796,90.000000,1.570796,90.000000,1.570796,90.000000,0.000000,0.000000,0.000000,0.000000,0.000000,0.000000,0.000000,4.240000,0.000000,0.240000,0.000000,2.040000,-0.000000,-11.460000
0.100000,0.020000,3.000000,4.000000,1.800000,13.500000,2.000000,1.570796,90.000000,1.570796,90.000000,1.570796,90.000000,0.000000,0.000000,0.000000,0.000000,0.000000,0.000000,0.000000,4.300000,0.000000,0.300000,0.000000,2.100000,-0.000000,-11.400000
0.120000,0.020000,3.000000,4.000000,1.800000,13.500000,2.000000,1.570796,90.000000,1.570796,90.000000,1.570796,90.000000,0.000000,0.000000,0.000000,0.000000,0.000000,0.000000,0.000000,4.360000,0.000000,0.360000,0.000000,2.160000,-0.000000,-11.340000
0.140000,0.020000,3.000000,4.000000,1.800000,13.500000,2.000000,1.570796,90.000000,1.570796,90.000000,1.570796,90.000000,0.000000,0.000000,0.000000,0.000000,0.000000,0.000000,0.000000,4.420000,0.000000,0.420000,0.000000,2.220000,-0.000000,-11.280000
0.160000,0.020000,3.000000,4.000000,1.800000,13.500000,2.000000,1.570796,90.000000,1.570796,90.000000,1.570796,90.000000,0.000000,0.000000,0.000000,0.000000,0.000000,0.000000,0.000000,4.480000,0.000000,0.480000,0.000000,2.280000,-0.000000,-11.220000
0.180000,0.020000,3.000000,4.000000,1.800000,13.500000,2.000000,1.570796,90.000000,1.570796,90.000000,1.570796,90.000000,0.000000,0.000000,0.000000,0.000000,0.000000,0.000000,0.000000,4.540000,0.000000,0.540000,0.000000,2.340000,-0.000000,-11.160000
0.200000,0.020000,3.000000,4.000000,1.800000,13.500000,2.000000,1.570796,90.000000,1.570796,90.000000,1.570796,90.000000,0.000000,0.000000,0.000000,0.000000,0.000000,0.000000,0.000000,4.600000,0.000000,0.600000,0.000000,2.400000,-0.000000,-11.100000
0.220000,0.020000,3.000000,4.000000,1.800000,13.500000,2.000000,1.570796,90.000000,1.570796,90.000000,1.570796,90.000000,0.000000,0.000000,0.000000,0.000000,0.000000,0.000000,0.000000,4.660000,0.000000,0.660000,0.000000,2.460000,-0.000000,-11.040000
0.240000,0.020000,3.000000,4.000000,1.800000,13.500000,2.000000,1.570796,90.000000,1.570796,90.000000,1.570796,90.000000,0.000000,0.000000,0.000000,0.000000,0.000000,0.000000,0.000000,4.720000,0.000000,0.720000,0.000000,2.520000,-0.000000,-10.980000
0.260000,0.020000,3.000000,4.000000,1.800000,13.500000,2.000000,1.570796,90.000000,1.570796,90.000000,1.570796,90.000000,0.000000,0.000000,0.000000,0.000000,0.000000,0.000000,0.000000,4.780000,0.000000,0.780000,0.000000,2.580000,-0.000000,-10.920000
0.280000,0.020000,3.000000,4.000000,1.800000,13.500000,2.000000,1.570796,90.000000,1.570796,90.000000,1.570796,90.000000,0.000000,0.000000,0.000000,0.000000,0.000000,0.000000,0.000000,4.840000,0.000000,0.840000,0.000000,2.640000,-0.000000,-10.860000
0.300000,0.020000,3.000000,4.000000,1.800000,13.500000,2.000000,1.570796,90.000000,1.570796,90.000000,1.570796,90.000000,0.000000,0.000000,0.000000,0.000000,0.000000,0.000000,0.000000,4.900000,0.000000,0.900000,0.000000,2.700000,-0.000000,-10.800000
0.320000,0.020000,3.000000,4.000000,1.800000,13.500000,2.000000,1.570796,90.000000,1.570796,90.000000,1.570796,90.000000,0.000000,0.000000,0.000000,0.000000,0.000000,0.000000,0.000000,4.960000,0.000000,0.960000,0.000000,2.760000,-0.000000,-10.740000
0.340000,0.020000,3.000000,4.000000,1.800000,13.500000,2.000000,1.570796,90.000000,1.570796,90.000000,1.570796,90.000000,0.000000,0.000000,0.000000,0.000000,0.000000,0.000000,0.000000,5.020000,0.000000,1.020000,0.000000,2.820000,-0.000000,-10.680000
0.360000,0.020000,3.000000,4.000000,1.800000,13.500000,2.000000,1.570796,90.000000,1.570796,90.000000,1.570796,90.000000,0.000000,0.000000,0.000000,0.000000,0.000000,0.000000,0.000000,5.080000,0.000000,1.080000,0.000000,2.880000,-0.000000,-10.620000
0.380000,0.020000,3.000000,4.000000,1.800000,13.500000,2.000000,1.570796,90.000000,1.570796,90.000000,1.570796,90.000000,0.000000,0.000000,0.000000,0.000000,0.000000,0.000000,0.000000,5.140000,0.000000,1.140000,0.000000,2.940000,-0.000000,-10.560000
0.400000,0.020000,3.000000,4.000000,1.800000,13.500000,2.000000,1.570796,90.000000,1.570796,90.000000,1.570796,90.000000,0.000000,0.000000,0.000000,0.000000,0.000000,0.000000,0.000000,5.200000,0.000000,1.200000,0.000000,3.000000,-0.000000,-10.500000
0.420000,0.020000,3.000000,4.000000,1.800000,13.500000,2.000000,1.570796,90.000000,1.570796,90.000000,1.570796,90.000000,0.000000,0.000000,0.000000,0.000000,0.000000,0.000000,0.000000,5.260000,0.000000,1.260000,0.000000,3.060000,-0.000000,-10.440000
0.440000,0.020000,3.000000,4.000000,1.800000,13.500000,2.000000,1.570796,90.000000,1.570796,90.000000,1.570796,90.000000,0.000000,0.000000,0.000000,0.000000,0.000000,0.000000,0.000000,5.320000,0.000000,1.320000,0.000000,3.120000,-0.000000,-10.380000
0.460000,0.020000,3.000000,4.000000,1.800000,13.500000,2.000000,1.570796,90.000000,1.570796,90.000000,1.570796,90.000000,0.000000,0.000000,0.000000,0.000000,0.000000,0.000000,0.000000,5.380000,0.000000,1.380000,0.000000,3.180000,-0.000000,-10.320000
0.480000,0.020000,3.000000,4.000000,1.800000,13.500000,2.000000,1.570796,90.000000,1.570796,90.000000,1.570796,90.000000,0.000000,0.000000,0.000000,0.000000,0.000000,0.000000,0.000000,5.440000,0.000000,1.440000,0.000000,3.240000,-0.000000,-10.260000
0.500000,0.020000,3.000000,4.000000,1.800000,13.500000,2.000000,1.570796,90.000000,1.570796,90.000000,1.570796,90.000000,0.000000,0.000000,0.000000,0.000000,0.000000,0.000000,0.000000,5.500000,0.000000,1.500000,0.000000,3.300000,-0.000000,-10.200000
0.520000,0.020000,3.000000,4.000000,1.800000,13.500000,2.000000,1.570796,90.000000,1.570796,90.000000,1.570796,90.000000,0.000000,0.000000,0.000000,0.000000,0.000000,0.000000,0.000000,5.560000,0.000000,1.560000,0.000000,3.360000,-0.000000,-10.140000
0.540000,0.020000,3.000000,4.000000,1.800000,13.500000,2.000000,1.570796,90.000000,1.570796,90.000000,1.570796,90.000000,0.000000,0.000000,0.000000,0.000000,0.000000,0.000000,0.000000,5.620000,0.000000,1.620000,0.000000,3.420000,-0.000000,-10.080000
0.560000,0.020000,3.000000,4.000000,1.800000,13.500000,2.000000,1.570796,90.000000,1.570796,90.000000,1.570796,90.000000,0.000000,0.000000,0.000000,0.000000,0.000000,0.000000,0.000000,5.680000,0.000000,1.680000,0.000000,3.480000,-0.000000,-10.020000
0.580000,0.020000,3.000000,4.000000,1.800000,13.500000,2.000000,1.570796,90.000000,1.570796,90.000000,1.570796,90.000000,0.000000,0.000000,0.000000,0.000000,0.000000,0.000000,0.000000,5.740000,0.000000,1.740000,0.000000,3.540000,-0.000000,-9.960000
0.600000,0.020000,3.000000,4.000000,1.800000,13.500000,2.000000,1.570796,90.000000,1.570796,90.000000,1.570796,90.000000,0.000000,0.000000,0.000000,0.000000,0.000000,0.000000,0.000000,5.800000,0.000000,1.800000,0.000000,3.600000,-0.000000,-9.900000
0.620000,0.020000,3.000000,4.000000,1.800000,13.500000,2.000000,1.570796,90.000000,1.570796,90.000000,1.570796,90.000000,0.000000,0.000000,0.000000,0.000000,0.000000,0.000000,0.000000,5.860000,0.000000,1.860000,0.000000,3.660000,-0.000000,-9.840000
0.640000,0.020000,3.000000,4.000000,1.800000,13.500000,2.000000,1.570796,90.000000,1.570796,90.000000,1.570796,90.000000,0.000000,0.000000,0.000000,0.000000,0.000000,0.000000,0.000000,5.920000,0.000000,1.920000,0.000000,3.720000,-0.000000,-9.780000
0.660000,0.020000,3.000000,4.000000,1.800000,13.500000,2.000000,1.570796,90.000000,1.570796,90.000000,1.570796,90.000000,0.000000,0.000000,0.000000,0.000000,0.000000,0.000000,0.000000,5.980000,0.000000,1.980000,0.000000,3.780000,-0.000000,-9.720000
0.680000,0.020000,3.000000,4.000000,1.800000,13.500000,2.000000,1.570796,90.000000,1.570796,90.000000,1.570796,90.000000,0.000000,0.000000,0.000000,0.000000,0.000000,0.000000,0.000000,6.040000,0.000000,2.040000,0.000000,3.840000,-0.000000,-9.660000
0.700000,0.020000,3.000000,4.000000,1.800000,13.500000,2.000000,1.570796,90.000000,1.570796,90.000000,1.570796,90.000000,0.000000,0.000000,0.000000,0.000000,0.000000,0.000000,0.000000,6.100000,0.000000,2.100000,0.000000,3.900000,-0.000000,-9.600000
0.720000,0.020000,3.000000,4.000000,1.800000,13.500000,2.000000,1.570796,90.000000,1.570796,90.000000,1.570796,90.000000,0.000000,0.000000,0.000000,0.000000,0.000000,0.000000,0.000000,6.160000,0.000000,2.160000,0.000000,3.960000,-0.000000,-9.540000
0.740000,0.020000,3.000000,4.000000,1.800000,13.500000,2.000000,1.570796,90.000000,1.570796,90.000000,1.570796,90.000000,0.000000,0.000000,0.000000,0.000000,0.000000,0.000000,0.000000,6.220000,0.000000,2.220000,0.000000,4.020000,-0.000000,-9.480000
0.760000,0.020000,3.000000,4.000000,1.800000,13.500000,2.000000,1.570796,90.000000,1.570796,90.000000,1.570796,90.000000,0.000000,0.000000,0.000000,0.000000,0.000000,0.000000,0.000000,6.280000,0.000000,2.280000,0.000000,4.080000,-0.000000,-9.420000
0.780000,0.020000,3.000000,4.000000,1.800000,13.500000,2.000000,1.570796,90.000000,1.570796,90.000000,1.570796,90.000000,0.000000,0.000000,0.000000,0.000000,0.000000,0.000000,0.000000,6.340000,0.000000,2.340000,0.000000,4.140000,-0.000000,-9.360000
0.800000,0.020000,3.000000,4.000000,1.800000,13.500000,2.000000,1.570796,90.000000,1.570796,90.000000,1.570796,90.000000,0.000000,0.000000,0.000000,0.000000,0.000000,0.000000,0.000000,6.400000,0.000000,2.400000,0.000000,4.200000,-0.000000,-9.300000
0.820000,0.020000,3.000000,4.000000,1.800000,13.500000,2.000000,1.570796,90.000000,1.570796,90.000000,1.570796,90.000000,0.000000,0.000000,0.000000,0.000000,0.000000,0.000000,0.000000,6.460000,0.000000,2.460000,0.000000,4.260000,-0.000000,-9.240000
0.840000,0.020000,3.000000,4.000000,1.800000,13.500000,2.000000,1.570796,90.000000,1.570796,90.000000,1.570796,90.000000,0.000000,0.000000,0.000000,0.000000,0.000000,0.000000,0.000000,6.520000,0.000000,2.520000,0.000000,4.320000,-0.000000,-9.180000
0.860000,0.020000,3.000000,4.000000,1.800000,13.500000,2.000000,1.570796,90.000000,1.570796,90.000000,1.570796,90.000000,0.000000,0.000000,0.000000,0.000000,0.000000,0.000000,0.000000,6.580000,0.000000,2.580000,0.000000,4.380000,-0.000000,-9.120000
0.880000,0.020000,3.000000,4.000000,1.800000,13.500000,2.000000,1.570796,90.000000,1.570796,90.000000,1.570796,90.000000,0.000000,0.000000,0.000000,0.000000,0.000000,0.000000,0.000000,6.640000,0.000000,2.640000,0.000000,4.440000,-0.000000,-9.060000
0.900000,0.020000,3.000000,4.000000,1.800000,13.500000,2.000000,1.570796,90.000000,1.570796,90.000000,1.570796,90.000000,0.000000,0.000000,0.000000,0.000000,0.000000,0.000000,0.000000,6.700000,0.000000,2.700000,0.000000,4.500000,-0.000000,-9.000000
0.920000,0.020000,3.000000,4.000000,1.800000,13.500000,2.000000,1.570796,90.000000,1.570796,90.000000,1.570796,90.000000,0.000000,0.000000,0.000000,0.000000,0.000000,0.000000,0.000000,6.760000,0.000000,2.760000,0.000000,4.560000,-0.000000,-8.940000
0.940000,0.020000,3.000000,4.000000,1.800000,13.500000,2.000000,1.570796,90.000000,1.570796,90.000000,1.570796,90.000000,0.000000,0.000000,0.000000,0.000000,0.000000,0.000000,0.000000,6.820000,0.000000,2.820000,0.000000,4.620000,-0.000000,-8.880000
0.960000,0.020000,3.000000,4.000000,1.800000,13.500000,2.000000,1.570796,90.000000,1.570796,90.000000,1.570796,90.000000,0.000000,0.000000,0.000000,0.000000,0.000000,0.000000,0.000000,6.880000,0.000000,2.880000,0.000000,4.680000,-0.000000,-8.820000
0.980000,0.020000,3.000000,4.000000,1.800000,13.500000,2.000000,1.570796,90.000000,1.570796,90.000000,1.570796,90.000000,0.000000,0.000000,0.000000,0.000000,0.000000,0.000000,0.000000,6.940000,0.000000,2.940000,0.000000,4.740000,-0.000000,-8.760000
1.000000,0.020000,3.000000,4.000000,1.800000,13.500000,2.000000,1.570796,90.000000,1.570796,90.000000,1.570796,90.000000,0.000000,0.000000,0.000000,0.000000,0.000000,0.000000,0.000000,7.000000,0.000000,3.000000,0.000000,4.800000,-0.000000,-8.700000
1.020000,0.020000,3.000000,4.000000,1.800000,13.500000,2.000000,1.570796,90.000000,1.570796,90.000000,1.570796,90.000000,0.000000,0.000000,0.000000,0.000000,0.000000,0.000000,0.000000,7.060000,0.000000,3.060000,0.000000,4.860000,-0.000000,-8.640000
1.040000,0.020000,3.000000,4.000000,1.800000,13.500000,2.000000,1.570796,90.000000,1.570796,90.000000,1.570796,90.000000,0.000000,0.000000,0.000000,0.000000,0.000000,0.000000,0.000000,7.120000,0.000000,3.120000,0.000000,4.920000,-0.000000,-8.580000
1.060000,0.020000,3.000000,4.000000,1.800000,13.500000,2.000000,1.570796,90.000000,1.570796,90.000000,1.570796,90.000000,0.000000,0.000000,0.000000,0.000000,0.000000,0.000000,0.000000,7.180000,0.000000,3.180000,0.000000,4.980000,-0.000000,-8.520000
1.080000,0.020000,3.000000,4.000000,1.800000,13.500000,2.000000,1.570796,90.000000,1.570796,90.000000,1.570796,90.000000,0.000000,0.000000,0.000000,0.000000,0.000000,0.000000,0.000000,7.240000,0.000000,3.240000,0.000000,5.040000,-0.000000,-8.460000
1.100000,0.020000,3.000000,4.000000,1.800000,13.500000,2.000000,1.570796,90.000000,1.570796,90.000000,1.570796,90.000000,0.000000,0.000000,0.000000,0.000000,0.000000,0.000000,0.000000,7.300000,0.000000,3.300000,0.000000,5.100000,-0.000000,-8.400000
1.120000,0.020000,3.000000,4.000000,1.800000,13.500000,2.000000,1.570796,90.000000,1.570796,90.000000,1.570796,90.000000,0.000000,0.000000,0.000000,0.000000,0.000000,0.000000,0.000000,7.360000,0.000000,3.360000,0.000000,5.160000,-0.000000,-8.340000
1.140000,0.020000,3.000000,4.000000,1.800000,13.500000,2.000000,1.570796,90.000000,1.570796,90.000000,1.570796,90.000000,0.000000,0.000000,0.000000,0.000000,0.000000,0.000000,0.000000,7.420000,0.000000,3.420000,0.000000,5.220000,-0.000000,-8.280000
1.160000,0.020000,3.000000,4.000000,1.800000,13.500000,2.000000,1.570796,90.000000,1.570796,90.000000,1.570796,90.000000,0.000000,0.000000,0.000000,0.000000,0.000000,0.000000,0.000000,7.480000,0.000000,3.480000,0.000000,5.280000,-0.000000,-8.220000
1.180000,0.020000,3.000000,4.000000,1.800000,13.500000,2.000000,1.570796,90.000000,1.570796,90.000000,1.570796,90.000000,0.000000,0.000000,0.000000,0.000000,0.000000,0.000000,0.000000,7.540000,0.000000,3.540000,0.000000,5.340000,-0.000000,-8.160000
1.200000,0.020000,3.000000,4.000000,1.800000,13.500000,2.000000,1.570796,90.000000,1.570796,90.000000,1.570796,90.000000,0.000000,0.000000,0.000000,0.000000,0.000000,0.000000,0.000000,7.600000,0.000000,3.600000,0.000000,5.400000,-0.000000,-8.100000
1.220000,0.020000,3.000000,4.000000,1.800000,13.500000,2.000000,1.570796,90.000000,1.570796,90.000000,1.570796,90.000000,0.000000,0.000000,0.000000,0.000000,0.000000,0.000000,0.000000,7.660000,0.000000,3.660000,0.000000,5.460000,-0.000000,-8.040000
1.240000,0.020000,3.000000,4.000000,1.800000,13.500000,2.000000,1.570796,90.000000,1.570796,90.000000,1.570796,90.000000,0.000000,0.000000,0.000000,0.000000,0.000000,0.000000,0.000000,7.720000,0.000000,3.720000,0.000000,5.520000,-0.000000,-7.980000
1.260000,0.020000,3.000000,4.000000,1.800000,13.500000,2.000000,1.570796,90.000000,1.570796,90.000000,1.570796,90.000000,0.000000,0.000000,0.000000,0.000000,0.000000,0.000000,0.000000,7.780000,0.000000,3.780000,0.000000,5.580000,-0.000000,-7.920000
1.280000,0.020000,3.000000,4.000000,1.800000,13.500000,2.000000,1.570796,90.000000,1.570796,90.000000,1.570796,90.000000,0.000000,0.000000,0.000000,0.000000,0.000000,0.000000,0.000000,7.840000,0.000000,3.840000,0.000000,5.640000,-0.000000,-7.860000
1.300000,0.020000,3.000000,4.000000,1.800000,13.500000,2.000000,1.570796,90.000000,1.570796,90.000000,1.570796,90.000000,0.000000,0.000000,0.000000,0.000000,0.000000,0.000000,0.000000,7.900000,0.000000,3.900000,0.000000,5.700000,-0.000000,-7.800000
1.320000,0.020000,3.000000,4.000000,1.800000,13.500000,2.000000,1.570796,90.000000,1.570796,90.000000,1.570796,90.000000,0.000000,0.000000,0.000000,0.000000,0.000000,0.000000,0.000000,7.960000,0.000000,3.960000,0.000000,5.760000,-0.000000,-7.740000
1.340000,0.020000,3.000000,4.000000,1.800000,13.500000,2.000000,1.570796,90.000000,1.570796,90.000000,1.570796,90.000000,0.000000,0.000000,0.000000,0.000000,0.000000,0.000000,0.000000,8.020000,0.000000,4.020000,0.000000,5.820000,-0.000000,-7.680000
1.360000,0.020000,3.000000,4.000000,1.800000,13.500000,2.000000,1.570796,90.000000,1.570796,90.000000,1.570796,90.000000,0.000000,0.000000,0.000000,0.000000,0.000000,0.000000,0.000000,8.080000,0.000000,4.080000,0.000000,5.880000,-0.000000,-7.620000
1.380000,0.020000,3.000000,4.000000,1.800000,13.500000,2.000000,1.570796,90.000000,1.570796,90.000000,1.570796,90.000000,0.000000,0.000000,0.000000,0.000000,0.000000,0.000000,0.000000,8.140000,0.000000,4.140000,0.000000,5.940000,-0.000000,-7.560000
1.400000,0.020000,3.000000,4.000000,1.800000,13.500000,2.000000,1.570796,90.000000,1.570796,90.000000,1.570796,90.000000,0.000000,0.000000,0.000000,0.000000,0.000000,0.000000,0.000000,8.200000,0.000000,4.200000,0.000000,6.000000,-0.000000,-7.500000
1.420000,0.020000,3.000000,4.000000,1.800000,13.500000,2.000000,1.570796,90.000000,1.570796,90.000000,1.570796,90.000000,0.000000,0.000000,0.000000,0.000000,0.000000,0.000000,0.000000,8.260000,0.000000,4.260000,0.000000,6.060000,-0.000000,-7.440000
1.440000,0.020000,3.000000,4.000000,1.800000,13.500000,2.000000,1.570796,90.000000,1.570796,90.000000,1.570796,90.000000,0.000000,0.000000,0.000000,0.000000,0.000000,0.000000,0.000000,8.320000,0.000000,4.320000,0.000000,6.120000,-0.000000,-7.380000
1.460000,0.020000,3.000000,4.000000,1.800000,13.500000,2.000000,1.570796,90.000000,1.570796,90.000000,1.570796,90.000000,0.000000,0.000000,0.000000,0.000000,0.000000,0.000000,0.000000,8.380000,0.000000,4.380000,0.000000,6.180000,-0.000000,-7.320000
1.480000,0.020000,3.000000,4.000000,1.800000,13.500000,2.000000,1.570796,90.000000,1.570796,90.000000,1.570796,90.000000,0.000000,0.000000,0.000000,0.000000,0.000000,0.000000,0.000000,8.440000,0.000000,4.440000,0.000000,6.240000,-0.000000,-7.260000
1.500000,0.020000,3.000000,4.000000,1.800000,13.500000,2.000000,1.570796,90.000000,1.570796,90.000000,1.570796,90.000000,0.000000,0.000000,0.000000,0.000000,0.000000,0.000000,0.000000,8.500000,0.000000,4.500000,0.000000,6.300000,-0.000000,-7.200000
1.520000,0.020000,3.000000,4.000000,1.800000,13.500000,2.000000,1.570796,90.000000,1.570796,90.000000,1.570796,90.000000,0.000000,0.000000,0.000000,0.000000,0.000000,0.000000,0.000000,8.560000,0.000000,4.560000,0.000000,6.360000,-0.000000,-7.140000
1.540000,0.020000,3.000000,4.000000,1.800000,13.500000,2.000000,1.570796,90.000000,1.570796,90.000000,1.570796,90.000000,0.000000,0.000000,0.000000,0.000000,0.000000,0.000000,0.000000,8.620000,0.000000,4.620000,0.000000,6.420000,-0.000000,-7.080000
1.560000,0.020000,3.000000,4.000000,1.800000,13.500000,2.000000,1.570796,90.000000,1.570796,90.000000,1.570796,90.000000,0.000000,0.000000,0.000000,0.000000,0.000000,0.000000,0.000000,8.680000,0.000000,4.680000,0.000000,6.480000,-0.000000,-7.020000
1.580000,0.020000,3.000000,4.000000,1.800000,13.500000,2.000000,1.570796,90.000000,1.570796,90.000000,1.570796,90.000000,0.000000,0.000000,0.000000,0.000000,0.000000,0.000000,0.000000,8.740000,0.000000,4.740000,0.000000,6.540000,-0.000000,-6.960000
1.600000,0.020000,3.000000,4.000000,1.800000,13.500000,2.000000,1.570796,90.000000,1.570796,90.000000,1.570796,90.000000,0.000000,0.000000,0.000000,0.000000,0.000000,0.000000,0.000000,8.800000,0.000000,4.800000,0.000000,6.600000,-0.000000,-6.900000
1.620000,0.020000,3.000000,4.000000,1.800000,13.500000,2.000000,1.570796,90.000000,1.570796,90.000000,1.570796,90.000000,0.000000,0.000000,0.000000,0.000000,0.000000,0.000000,0.000000,8.860000,0.000000,4.860000,0.000000,6.660000,-0.000000,-6.840000
1.640000,0.020000,3.000000,4.000000,1.800000,13.500000,2.000000,1.570796,90.000000,1.570796,90.000000,1.570796,90.000000,0.000000,0.000000,0.000000,0.000000,0.000000,0.000000,0.000000,8.920000,0.000000,4.920000,0.000000,6.720000,-0.000000,-6.780000
1.660000,0.020000,3.000000,4.000000,1.800000,13.500000,2.000000,1.570796,90.000000,1.570796,90.000000,1.570796,90.000000,0.000000,0.000000,0.000000,0.000000,0.000000,0.000000,0.000000,8.980000,0.000000,4.980000,0.000000,6.780000,-0.000000,-6.720000
1.680000,0.020000,3.000000,4.000000,1.800000,13.500000,2.000000,1.570796,90.000000,1.570796,90.000000,1.570796,90.000000,0.000000,0.000000,0.000000,0.000000,0.000000,0.000000,0.000000,9.040000,0.000000,5.040000,0.000000,6.840000,-0.000000,-6.660000
1.700000,0.020000,3.000000,4.000000,1.800000,13.500000,2.000000,1.570796,90.000000,1.570796,90.000000,1.570796,90.000000,0.000000,0.000000,0.000000,0.000000,0.000000,0.000000,0.000000,9.100000,0.000000,5.100000,0.000000,6.900000,-0.000000,-6.600000
1.720000,0.020000,3.000000,4.000000,1.800000,13.500000,2.000000,1.570796,90.000000,1.570796,90.000000,1.570796,90.000000,0.000000,0.000000,0.000000,0.000000,0.000000,0.000000,0.000000,9.160000,0.000000,5.160000,0.000000,6.960000,-0.000000,-6.540000
1.740000,0.020000,3.000000,4.000000,1.800000,13.500000,2.000000,1.570796,90.000000,1.570796,90.000000,1.570796,90.000000,0.000000,0.000000,0.000000,0.000000,0.000000,0.000000,0.000000,9.220000,0.000000,5.220000,0.000000,7.020000,-0.000000,-6.480000
1.760000,0.020000,3.000000,4.000000,1.800000,13.500000,2.000000,1.570796,90.000000,1.570796,90.000000,1.570796,90.000000,0.000000,0.000000,0.000000,0.000000,0.000000,0.000000,0.000000,9.280000,0.000000,5.280000,0.000000,7.080000,-0.000000,-6.420000
1.780000,0.020000,3.000000,4.000000,1.800000,13.500000,2.000000,1.570796,90.000000,1.570796,90.000000,1.570796,90.000000,0.000000,0.000000,0.000000,0.000000,0.000000,0.000000,0.000000,9.340000,0.000000,5.340000,0.000000,7.140000,-0.000000,-6.360000
1.800000,0.020000,3.000000,4.000000,1.800000,13.500000,2.000000,1.570796,90.000000,1.570796,90.000000,1.570796,90.000000,0.000000,0.000000,0.000000,0.000000,0.000000,0.000000,0.000000,9.400000,0.000000,5.400000,0.000000,7.200000,-0.000000,-6.300000
1.820000,0.020000,3.000000,4.000000,1.800000,13.500000,2.000000,1.570796,90.000000,1.570796,90.000000,1.570796,90.000000,0.000000,0.000000,0.000000,0.000000,0.000000,0.000000,0.000000,9.460000,0.000000,5.460000,0.000000,7.260000,-0.000000,-6.240000
1.840000,0.020000,3.000000,4.000000,1.800000,13.500000,2.000000,1.570796,90.000000,1.570796,90.000000,1.570796,90.000000,0.000000,0.000000,0.000000,0.000000,0.000000,0.000000,0.000000,9.520000,0.000000,5.520000,0.000000,7.320000,-0.000000,-6.180000
1.860000,0.020000,3.000000,4.000000,1.800000,13.500000,2.000000,1.570796,90.000000,1.570796,90.000000,1.570796,90.000000,0.000000,0.000000,0.000000,0.000000,0.000000,0.000000,0.000000,9.580000,0.000000,5.580000,0.000000,7.380000,-0.000000,-6.120000
1.880000,0.020000,3.000000,4.000000,1.800000,13.500000,2.000000,1.570796,90.000000,1.570796,90.000000,1.570796,90.000000,0.000000,0.000000,0.000000,0.000000,0.000000,0.000000,0.000000,9.640000,0.000000,5.640000,0.000000,7.440000,-0.000000,-6.060000
1.900000,0.020000,3.000000,4.000000,1.800000,13.500000,2.000000,1.570796,90.000000,1.570796,90.000000,1.570796,90.000000,0.000000,0.000000,0.000000,0.000000,0.000000,0.000000,0.000000,9.700000,0.000000,5.700000,0.000000,7.500000,-0.000000,-6.000000
1.920000,0.020000,3.000000,4.000000,1.800000,13.500000,2.000000,1.570796,90.000000,1.570796,90.000000,1.570796,90.000000,0.000000,0.000000,0.000000,0.000000,0.000000,0.000000,0.000000,9.760000,0.000000,5.760000,0.000000,7.560000,-0.000000,-5.940000
1.940000,0.020000,3.000000,4.000000,1.800000,13.500000,2.000000,1.570796,90.000000,1.570796,90.000000,1.570796,90.000000,0.000000,0.000000,0.000000,0.000000,0.000000,0.000000,0.000000,9.820000,0.000000,5.820000,0.000000,7.620000,-0.000000,-5.880000
1.960000,0.020000,3.000000,4.000000,1.800000,13.500000,2.000000,1.570796,90.000000,1.570796,90.000000,1.570796,90.000000,0.000000,0.000000,0.000000,0.000000,0.000000,0.000000,0.000000,9.880000,0.000000,5.880000,0.000000,7.680000,-0.000000,-5.820000
1.980000,0.020000,3.000000,4.000000,1.800000,13.500000,2.000000,1.570796,90.000000,1.570796,90.000000,1.570796,90.000000,0.000000,0.000000,0.000000,0.000000,0.000000,0.000000,0.000000,9.940000,0.000000,5.940000,0.000000,7.740000,-0.000000,-5.760000
2.000000,0.020000,3.000000,4.000000,1.800000,13.500000,2.000000,1.570796,90.000000,1.570796,90.000000,1.570796,90.000000,0.000000,0.000000,0.000000,0.000000,0.000000,0.000000,0.000000,10.000000,0.000000,6.000000,0.000000,7.800000,-0.000000,-5.700000
2.020000,0.020000,3.000000,4.000000,1.800000,13.500000,2.000000,1.570796,90.000000,1.570796,90.000000,1.570796,90.000000,0.000000,0.000000,0.000000,0.000000,0.000000,0.000000,0.000000,10.060000,0.000000,6.060000,0.000000,7.860000,-0.000000,-5.640000
2.040000,0.020000,3.000000,4.000000,1.800000,13.500000,2.000000,1.570796,90.000000,1.570796,90.000000,1.570796,90.000000,0.000000,0.000000,0.000000,0.000000,0.000000,0.000000,0.000000,10.120000,0.000000,6.120000,0.000000,7.920000,-0.000000,-5.580000
2.060000,0.020000,3.000000,4.000000,1.800000,13.500000,2.000000,1.570796,90.000000,1.570796,90.000000,1.570796,90.000000,0.000000,0.000000,0.000000,0.000000,0.000000,0.000000,0.000000,10.180000,0.000000,6.180000,0.000000,7.980000,-0.000000,-5.520000
2.080000,0.020000,3.000000,4.000000,1.800000,13.500000,2.000000,1.570796,90.000000,1.570796,90.000000,1.570796,90.000000,0.000000,0.000000,0.000000,0.000000,0.000000,0.000000,0.000000,10.240000,0.000000,6.240000,0.000000,8.040000,-0.000000,-5.460000
2.100000,0.020000,3.000000,4.000000,1.800000,13.500000,2.000000,1.570796,90.000000,1.570796,90.000000,1.570796,90.000000,0.000000,0.000000,0.000000,0.000000,0.000000,0.000000,0.000000,10.300000,0.000000,6.300000,0.000000,8.100000,-0.000000,-5.400000
2.120000,0.020000,3.000000,4.000000,1.800000,13.500000,2.000000,1.570796,90.000000,1.570796,90.000000,1.570796,90.000000,0.000000,0.000000,0.000000,0.000000,0.000000,0.000000,0.000000,10.360000,0.000000,6.360000,0.000000,8.160000,-0.000000,-5.340000
2.140000,0.020000,3.000000,4.000000,1.800000,13.500000,2.000000,1.570796,90.000000,1.570796,90.000000,1.570796,90.000000,0.000000,0.000000,0.000000,0.000000,0.000000,0.000000,0.000000,10.420000,0.000000,6.420000,0.000000,8.220000,-0.000000,-5.280000
2.160000,0.020000,3.000000,4.000000,1.800000,13.500000,2.000000,1.570796,90.000000,1.570796,90.000000,1.570796,90.000000,0.000000,0.000000,0.000000,0.000000,0.000000,0.000000,0.000000,10.480000,0.000000,6.480000,0.000000,8.280000,-0.000000,-5.220000
2.180000,0.020000,3.000000,4.000000,1.800000,13.500000,2.000000,1.570796,90.000000,1.570796,90.000000,1.570796,90.000000,0.000000,0.000000,0.000000,0.000000,0.000000,0.000000,0.000000,10.540000,0.000000,6.540000,0.000000,8.340000,-0.000000,-5.160000
2.200000,0.020000,3.000000,4.000000,1.800000,13.500000,2.000000,1.570796,90.000000,1.570796,90.000000,1.570796,90.000000,0.000000,0.000000,0.000000,0.000000,0.000000,0.000000,0.000000,10.600000,0.000000,6.600000,0.000000,8.400000,-0.000000,-5.100000
2.220000,0.020000,3.000000,4.000000,1.800000,13.500000,2.000000,1.570796,90.000000,1.570796,90.000000,1.570796,90.000000,0.000000,0.000000,0.000000,0.000000,0.000000,0.000000,0.000000,10.660000,0.000000,6.660000,0.000000,8.460000,-0.000000,-5.040000
2.240000,0.020000,3.000000,4.000000,1.800000,13.500000,2.000000,1.570796,90.000000,1.570796,90.000000,1.570796,90.000000,0.000000,0.000000,0.000000,0.000000,0.000000,0.000000,0.000000,10.720000,0.000000,6.720000,0.000000,8.520000,-0.000000,-4.980000
2.260000,0.020000,3.000000,4.000000,1.800000,13.500000,2.000000,1.570796,90.000000,1.570796,90.000000,1.570796,90.000000,0.000000,0.000000,0.000000,0.000000,0.000000,0.000000,0.000000,10.780000,0.000000,6.780000,0.000000,8.580000,-0.000000,-4.920000
2.280000,0.020000,3.000000,4.000000,1.800000,13.500000,2.000000,1.570796,90.000000,1.570796,90.000000,1.570796,90.000000,0.000000,0.000000,0.000000,0.000000,0.000000,0.000000,0.000000,10.840000,0.000000,6.840000,0.000000,8.640000,-0.000000,-4.860000
2.300000,0.020000,3.000000,4.000000,1.800000,13.500000,2.000000,1.570796,90.000000,1.570796,90.000000,1.570796,90.000000,0.000000,0.000000,0.000000,0.000000,0.000000,0.000000,0.000000,10.900000,0.000000,6.900000,0.000000,8.700000,-0.000000,-4.800000
2.320000,0.020000,3.000000,4.000000,1.800000,13.500000,2.000000,1.570796,90.000000,1.570796,90.000000,1.570796,90.000000,0.000000,0.000000,0.000000,0.000000,0.000000,0.000000,0.000000,10.960000,0.000000,6.960000,0.000000,8.760000,-0.000000,-4.740000
2.340000,0.020000,3.000000,4.000000,1.800000,13.500000,2.000000,1.570796,90.000000,1.570796,90.000000,1.570796,90.000000,0.000000,0.000000,0.000000,0.000000,0.000000,0.000000,0.000000,11.020000,0.000000,7.020000,0.000000,8.820000,-0.000000,-4.680000
2.360000,0.020000,3.000000,4.000000,1.800000,13.500000,2.000000,1.570796,90.000000,1.570796,90.000000,1.570796,90.000000,0.000000,0.000000,0.000000,0.000000,0.000000,0.000000,0.000000,11.080000,0.000000,7.080000,0.000000,8.880000,-0.000000,-4.620000
2.380000,0.020000,3.000000,4.000000,1.800000,13.500000,2.000000,1.570796,90.000000,1.570796,90.000000,1.570796,90.000000,0.000000,0.000000,0.000000,0.000000,0.000000,0.000000,0.000000,11.140000,0.000000,7.140000,0.000000,8.940000,-0.000000,-4.560000
2.400000,0.020000,3.000000,4.000000,1.800000,13.500000,2.000000,1.570796,90.000000,1.570796,90.000000,1.570796,90.000000,0.000000,0.000000,0.000000,0.000000,0.000000,0.000000,0.000000,11.200000,0.000000,7.200000,0.000000,9.000000,-0.000000,-4.500000
2.420000,0.020000,3.000000,4.000000,1.800000,13.500000,2.000000,1.570796,90.000000,1.570796,90.000000,1.570796,90.000000,0.000000,0.000000,0.000000,0.000000,0.000000,0.000000,0.000000,11.260000,0.000000,7.260000,0.000000,9.060000,-0.000000,-4.440000
2.440000,0.020000,3.000000,4.000000,1.800000,13.500000,2.000000,1.570796,90.000000,1.570796,90.000000,1.570796,90.000000,0.000000,0.000000,0.000000,0.000000,0.000000,0.000000,0.000000,11.320000,0.000000,7.320000,0.000000,9.120000,-0.000000,-4.380000
2.460000,0.020000,3.000000,4.000000,1.800000,13.500000,2.000000,1.570796,90.000000,1.570796,90.000000,1.570796,90.000000,0.000000,0.000000,0.000000,0.000000,0.000000,0.000000,0.000000,11.380000,0.000000,7.380000,0.000000,9.180000,-0.000000,-4.320000
2.480000,0.020000,3.000000,4.000000,1.800000,13.500000,2.000000,1.570796,90.000000,1.570796,90.000000,1.570796,90.000000,0.000000,0.000000,0.000000,0.000000,0.000000,0.000000,0.000000,11.440000,0.000000,7.440000,0.000000,9.240000,-0.000000,-4.260000
2.500000,0.020000,3.000000,4.000000,1.800000,13.500000,2.000000,1.570796,90.000000,1.570796,90.000000,1.570796,90.000000,0.000000,0.000000,0.000000,0.000000,0.000000,0.000000,0.000000,11.500000,0.000000,7.500000,0.000000,9.300000,-0.000000,-4.200000
2.520000,0.020000,3.000000,4.000000,1.800000,13.500000,2.000000,1.570796,90.000000,1.570796,90.000000,1.570796,90.000000,0.000000,0.000000,0.000000,0.000000,0.000000,0.000000,0.000000,11.560000,0.000000,7.560000,0.000000,9.360000,-0.000000,-4.140000
2.540000,0.020000,3.000000,4.000000,1.800000,13.500000,2.000000,1.570796,90.000000,1.570796,90.000000,1.570796,90.000000,0.000000,0.000000,0.000000,0.000000,0.000000,0.000000,0.000000,11.620000,0.000000,7.620000,0.000000,9.420000,-0.000000,-4.080000
2.560000,0.020000,3.000000,4.000000,1.800000,13.500000,2.000000,1.570796,90.000000,1.570796,90.000000,1.570796,90.000000,0.000000,0.000000,0.000000,0.000000,0.000000,0.000000,0.000000,11.680000,0.000000,7.680000,0.000000,9.480000,-0.000000,-4.020000
2.580000,0.020000,3.000000,4.000000,1.800000,13.500000,2.000000,1.570796,90.000000,1.570796,90.000000,1.570796,90.000000,0.000000,0.000000,0.000000,0.000000,0.000000,0.000000,0.000000,11.740000,0.000000,7.740000,0.000000,9.540000,-0.000000,-3.960000
2.600000,0.020000,3.000000,4.000000,1.800000,13.500000,2.000000,1.570796,90.000000,1.570796,90.000000,1.570796,90.000000,0.000000,0.000000,0.000000,0.000000,0.000000,0.000000,0.000000,11.800000,0.000000,7.800000,0.000000,9.600000,-0.000000,-3.900000
2.620000,0.020000,3.000000,4.000000,1.800000,13.500000,2.000000,1.570796,90.000000,1.570796,90.000000,1.570796,90.000000,0.000000,0.000000,0.000000,0.000000,0.000000,0.000000,0.000000,11.860000,0.000000,7.860000,0.000000,9.660000,-0.000000,-3.840000
2.640000,0.020000,3.000000,4.000000,1.800000,13.500000,2.000000,1.570796,90.000000,1.570796,90.000000,1.570796,90.000000,0.000000,0.000000,0.000000,0.000000,0.000000,0.000000,0.000000,11.920000,0.000000,7.920000,0.000000,9.720000,-0.000000,-3.780000
2.660000,0.020000,3.000000,4.000000,1.800000,13.500000,2.000000,1.570796,90.000000,1.570796,90.000000,1.570796,90.000000,0.000000,0.000000,0.000000,0.000000,0.000000,0.000000,0.000000,11.980000,0.000000,7.980000,0.000000,9.780000,-0.000000,-3.720000
2.680000,0.020000,3.000000,4.000000,1.800000,13.500000,2.000000,1.570796,90.000000,1.570796,90.000000,1.570796,90.000000,0.000000,0.000000,0.000000,0.000000,0.000000,0.000000,0.000000,12.040000,0.000000,8.040000,0.000000,9.840000,-0.000000,-3.660000
2.700000,0.020000,3.000000,4.000000,1.800000,13.500000,2.000000,1.570796,90.000000,1.570796,90.000000,1.570796,90.000000,0.000000,0.000000,0.000000,0.000000,0.000000,0.000000,0.000000,12.100000,0.000000,8.100000,0.000000,9.900000,-0.000000,-3.600000
2.720000,0.020000,3.000000,4.000000,1.800000,13.500000,2.000000,1.570796,90.000000,1.570796,90.000000,1.570796,90.000000,0.000000,0.000000,0.000000,0.000000,0.000000,0.000000,0.000000,12.160000,0.000000,8.160000,0.000000,9.960000,-0.000000,-3.540000
2.740000,0.020000,3.000000,4.000000,1.800000,13.500000,2.000000,1.570796,90.000000,1.570796,90.000000,1.570796,90.000000,0.000000,0.000000,0.000000,0.000000,0.000000,0.000000,0.000000,12.220000,0.000000,8.220000,0.000000,10.020000,-0.000000,-3.480000
2.760000,0.020000,3.000000,4.000000,1.800000,13.500000,2.000000,1.570796,90.000000,1.570796,90.000000,1.570796,90.000000,0.000000,0.000000,0.000000,0.000000,0.000000,0.000000,0.000000,12.280000,0.000000,8.280000,0.000000,10.080000,-0.000000,-3.420000
2.780000,0.020000,3.000000,4.000000,1.800000,13.500000,2.000000,1.570796,90.000000,1.570796,90.000000,1.570796,90.000000,0.000000,0.000000,0.000000,0.000000,0.000000,0.000000,0.000000,12.340000,0.000000,8.340000,0.000000,10.140000,-0.000000,-3.360000
2.800000,0.020000,3.000000,4.000000,1.800000,13.500000,2.000000,1.570796,90.000000,1.570796,90.000000,1.570796,90.000000,0.000000,0.000000,0.000000,0.000000,0.000000,0.000000,0.000000,12.400000,0.000000,8.400000,0.000000,10.200000,-0.000000,-3.300000
2.820000,0.020000,3.000000,4.000000,1.800000,13.500000,2.000000,1.570796,90.000000,1.570796,90.000000,1.570796,90.000000,0.000000,0.000000,0.000000,0.000000,0.000000,0.000000,0.000000,12.460000,0.000000,8.460000,0.000000,10.260000,-0.000000,-3.240000
2.840000,0.020000,3.000000,4.000000,1.800000,13.500000,2.000000,1.570796,90.000000,1.570796,90.000000,1.570796,90.000000,0.000000,0.000000,0.000000,0.000000,0.000000,0.000000,0.000000,12.520000,0.000000,8.520000,0.000000,10.320000,-0.000000,-3.180000
2.860000,0.020000,3.000000,4.000000,1.800000,13.500000,2.000000,1.570796,90.000000,1.570796,90.000000,1.570796,90.000000,0.000000,0.000000,0.000000,0.000000,0.000000,0.000000,0.000000,12.580000,0.000000,8.580000,0.000000,10.380000,-0.000000,-3.120000
2.880000,0.020000,3.000000,4.000000,1.800000,13.500000,2.000000,1.570796,90.000000,1.570796,90.000000,1.570796,90.000000,0.000000,0.000000,0.000000,0.000000,0.000000,0.000000,0.000000,12.640000,0.000000,8.640000,0.000000,10.440000,-0.000000,-3.060000
2.900000,0.020000,3.000000,4.000000,1.800000,13.500000,2.000000,1.570796,90.000000,1.570796,90.000000,1.570796,90.000000,0.000000,0.000000,0.000000,0.000000,0.000000,0.000000,0.000000,12.700000,0.000000,8.700000,0.000000,10.500000,-0.000000,-3.000000
2.920000,0.020000,3.000000,4.000000,1.800000,13.500000,2.000000,1.570796,90.000000,1.570796,90.000000,1.570796,90.000000,0.000000,0.000000,0.000000,0.000000,0.000000,0.000000,0.000000,12.760000,0.000000,8.760000,0.000000,10.560000,-0.000000,-2.940000
2.940000,0.020000,3.000000,4.000000,1.800000,13.500000,2.000000,1.570796,90.000000,1.570796,90.000000,1.570796,90.000000,0.000000,0.000000,0.000000,0.000000,0.000000,0.000000,0.000000,12.820000,0.000000,8.820000,0.000000,10.620000,-0.000000,-2.880000
2.960000,0.020000,3.000000,4.000000,1.800000,13.500000,2.000000,1.570796,90.000000,1.570796,90.000000,1.570796,90.000000,0.000000,0.000000,0.000000,0.000000,0.000000,0.000000,0.000000,12.880000,0.000000,8.880000,0.000000,10.680000,-0.000000,-2.820000
2.980000,0.020000,3.000000,4.000000,1.800000,13.500000,2.000000,1.570796,90.000000,1.570796,90.000000,1.570796,90.000000,0.000000,0.000000,0.000000,0.000000,0.000000,0.000000,0.000000,12.940000,0.000000,8.940000,0.000000,10.740000,-0.000000,-2.760000
3.000000,0.020000,3.000000,4.000000,1.800000,13.500000,2.000000,1.570796,90.000000,1.570796,90.000000,1.570796,90.000000,0.000000,0.000000,0.000000,0.000000,0.000000,0.000000,0.000000,13.000000,0.000000,9.000000,0.000000,10.800000,-0.000000,-2.700000
3.020000,0.020000,3.000000,4.000000,1.800000,13.500000,2.000000,1.568178,89.850000,1.570796,90.000000,1.570796,90.000000,-0.000236,-0.013503,0.000000,0.000000,-0.002618,0.000000,0.000000,13.060000,0.000000,9.060000,0.000000,10.860000,-0.000000,-2.640000
3.040000,0.020000,3.000000,4.000000,1.800000,13.500000,2.000000,1.565560,89.700000,1.570793,89.999797,1.570796,90.000000,-0.000564,-0.032311,-0.000004,-0.000203,-0.005232,0.000004,0.000014,13.120000,0.000000,9.120000,0.000006,10.920000,0.000006,-2.580000
3.060000,0.020000,3.000000,4.000000,1.800000,13.500000,2.000000,1.562942,89.550000,1.570784,89.999313,1.570796,89.999999,-0.000980,-0.056139,-0.000012,-0.000686,-0.007842,0.000012,0.000048,13.180000,0.000000,9.180000,0.000022,10.980000,0.000022,-2.520000
3.080000,0.020000,3.000000,4.000000,1.800000,13.500000,2.000000,1.560324,89.400000,1.570770,89.998471,1.570796,89.999996,-0.001479,-0.084715,-0.000027,-0.001525,-0.010445,0.000027,0.000108,13.240000,0.000001,9.240000,0.000049,11.040000,0.000048,-2.460000
3.100000,0.020000,3.000000,4.000000,1.800000,13.500000,2.000000,1.557706,89.250000,1.570747,89.997200,1.570796,89.999989,-0.002056,-0.117775,-0.000049,-0.002789,-0.013041,0.000049,0.000198,13.300000,0.000003,9.300000,0.000090,11.100000,0.000088,-2.400000
3.120000,0.020000,3.000000,4.000000,1.800000,13.500000,2.000000,1.555088,89.100000,1.570717,89.995433,1.570796,89.999977,-0.002706,-0.155066,-0.000079,-0.004544,-0.015628,0.000079,0.000324,13.360000,0.000005,9.360000,0.000149,11.160000,0.000143,-2.340000
3.140000,0.020000,3.000000,4.000000,1.800000,13.500000,2.000000,1.552470,88.950000,1.570676,89.993107,1.570796,89.999957,-0.003427,-0.196344,-0.000120,-0.006849,-0.018206,0.000120,0.000491,13.420000,0.000010,9.420000,0.000227,11.220000,0.000217,-2.280000
3.160000,0.020000,3.000000,4.000000,1.800000,13.500000,2.000000,1.549852,88.800000,1.570625,89.990162,1.570795,89.999926,-0.004213,-0.241374,-0.000170,-0.009764,-0.020772,0.000170,0.000704,13.479999,0.000017,9.479999,0.000327,11.279999,0.000309,-2.220001
3.180000,0.020000,3.000000,4.000000,1.800000,13.500000,2.000000,1.547234,88.650000,1.570561,89.986542,1.570794,89.999883,-0.005060,-0.289930,-0.000233,-0.013341,-0.023327,0.000233,0.000967,13.539999,0.000028,9.539999,0.000451,11.339999,0.000423,-2.160001
3.200000,0.020000,3.000000,4.000000,1.800000,13.500000,2.000000,1.544616,88.500000,1.570486,89.982193,1.570793,89.999824,-0.005965,-0.341795,-0.000308,-0.017631,-0.025869,0.000308,0.001285,13.599998,0.000042,9.599998,0.000601,11.399998,0.000560,-2.100002
3.220000,0.020000,3.000000,4.000000,1.800000,13.500000,2.000000,1.541998,88.350000,1.570396,89.977066,1.570792,89.999745,-0.006925,-0.396761,-0.000396,-0.022679,-0.028398,0.000396,0.001662,13.659997,0.000061,9.659997,0.000781,11.459997,0.000721,-2.040003
3.240000,0.020000,3.000000,4.000000,1.800000,13.500000,2.000000,1.539380,88.200000,1.570292,89.971114,1.570790,89.999644,-0.007935,-0.454626,-0.000498,-0.028530,-0.030912,0.000498,0.002101,13.719995,0.000085,9.719995,0.000992,11.519995,0.000908,-1.980005
3.260000,0.020000,3.000000,4.000000,1.800000,13.500000,2.000000,1.536762,88.050000,1.570173,89.964295,1.570788,89.999518,-0.008992,-0.515199,-0.000615,-0.035222,-0.033411,0.000615,0.002607,13.779993,0.000115,9.779993,0.001236,11.579993,0.001123,-1.920007
3.280000,0.020000,3.000000,4.000000,1.800000,13.500000,2.000000,1.534144,87.900000,1.570038,89.956567,1.570785,89.999361,-0.010093,-0.578293,-0.000747,-0.042794,-0.035894,0.000747,0.003184,13.839990,0.000152,9.839991,0.001517,11.639991,0.001366,-1.860009
3.300000,0.020000,3.000000,4.000000,1.800000,13.500000,2.000000,1.531526,87.750000,1.569887,89.947893,1.570782,89.999171,-0.011235,-0.643732,-0.000895,-0.051278,-0.038360,0.000895,0.003835,13.899986,0.000198,9.899988,0.001835,11.699987,0.001639,-1.800013
3.320000,0.020000,3.000000,4.000000,1.800000,13.500000,2.000000,1.528908,87.600000,1.569718,89.938237,1.570778,89.998943,-0.012415,-0.711345,-0.001060,-0.060706,-0.040810,0.001060,0.004564,13.959982,0.000252,9.959984,0.002193,11.759983,0.001943,-1.740017
3.340000,0.020000,3.000000,4.000000,1.800000,13.500000,2.000000,1.526290,87.450000,1.569532,89.927567,1.570773,89.998673,-0.013630,-0.780968,-0.001241,-0.071106,-0.043242,0.001241,0.005374,14.019977,0.000317,10.019980,0.002592,11.819978,0.002280,-1.680022
3.360000,0.020000,3.000000,4.000000,1.800000,13.500000,2.000000,1.523672,87.300000,1.569328,89.915853,1.570768,89.998357,-0.014878,-0.852445,-0.001440,-0.082504,-0.045655,0.001440,0.006267,14.079970,0.000393,10.079974,0.003036,11.879972,0.002649,-1.620028
3.380000,0.020000,3.000000,4.000000,1.800000,13.500000,2.000000,1.521054,87.150000,1.569105,89.903067,1.570761,89.997991,-0.016155,-0.925625,-0.001657,-0.094924,-0.048050,0.001657,0.007248,14.139962,0.000481,10.139967,0.003526,11.939965,0.003053,-1.560035
3.400000,0.020000,3.000000,4.000000,1.800000,13.500000,2.000000,1.518436,87.000000,1.568862,89.889183,1.570754,89.997569,-0.017460,-1.000365,-0.001892,-0.108386,-0.050426,0.001892,0.008319,14.199952,0.000582,10.199959,0.004064,11.999956,0.003491,-1.500044
3.420000,0.020000,3.000000,4.000000,1.800000,13.500000,2.000000,1.515818,86.850000,1.568600,89.874178,1.570745,89.997087,-0.018789,-1.076526,-0.002145,-0.122909,-0.052782,0.002145,0.009482,14.259941,0.000698,10.259950,0.004651,12.059946,0.003965,-1.440054
3.440000,0.020000,3.000000,4.000000,1.800000,13.500000,2.000000,1.513200,86.700000,1.568319,89.858032,1.570736,89.996541,-0.020141,-1.153977,-0.002417,-0.138509,-0.055118,0.002417,0.010741,14.319928,0.000830,10.319939,0.005290,12.119934,0.004475,-1.380066
3.460000,0.020000,3.000000,4.000000,1.800000,13.500000,2.000000,1.510582,86.550000,1.568016,89.840723,1.570725,89.995925,-0.021513,-1.232592,-0.002709,-0.155202,-0.057434,0.002709,0.012098,14.379913,0.000979,10.379927,0.005983,12.179920,0.005023,-1.320080
3.480000,0.020000,3.000000,4.000000,1.800000,13.500000,2.000000,1.507964,86.400000,1.567694,89.822236,1.570713,89.995236,-0.022903,-1.312249,-0.003019,-0.173000,-0.059729,0.003019,0.013556,14.439895,0.001145,10.439913,0.006730,12.239904,0.005608,-1.260096
3.500000,0.020000,3.000000,4.000000,1.800000,13.500000,2.000000,1.505346,86.250000,1.567350,89.802554,1.570700,89.994467,-0.024310,-1.392835,-0.003350,-0.191914,-0.062004,0.003350,0.015116,14.499875,0.001332,10.499897,0.007535,12.299886,0.006231,-1.200114
3.520000,0.020000,3.000000,4.000000,1.800000,13.500000,2.000000,1.502728,86.100000,1.566986,89.781663,1.570685,89.993614,-0.025730,-1.474238,-0.003699,-0.211951,-0.064257,0.003699,0.016781,14.559851,0.001538,10.559879,0.008398,12.359866,0.006893,-1.140134
3.540000,0.020000,3.000000,4.000000,1.800000,13.500000,2.000000,1.500110,85.950000,1.566600,89.759552,1.570668,89.992673,-0.027163,-1.556353,-0.004069,-0.233121,-0.066489,0.004069,0.018553,14.619825,0.001767,10.619858,0.009321,12.419843,0.007594,-1.080157
3.560000,0.020000,3.000000,4.000000,1.800000,13.500000,2.000000,1.497492,85.800000,1.566192,89.736210,1.570650,89.991637,-0.028607,-1.639080,-0.004458,-0.255427,-0.068700,0.004458,0.020435,14.679796,0.002019,10.679836,0.010306,12.479817,0.008335,-1.020183
3.580000,0.020000,3.000000,4.000000,1.800000,13.500000,2.000000,1.494875,85.650000,1.565763,89.711627,1.570631,89.990502,-0.030060,-1.722324,-0.004867,-0.278876,-0.070889,0.004867,0.022427,14.739763,0.002295,10.739811,0.011354,12.539788,0.009116,-0.960212
3.600000,0.020000,3.000000,4.000000,1.800000,13.500000,2.000000,1.492257,85.500000,1.565312,89.685796,1.570609,89.989264,-0.031521,-1.805993,-0.005297,-0.303468,-0.073056,0.005297,0.024532,14.799726,0.002597,10.799783,0.012467,12.599756,0.009938,-0.900244
3.620000,0.020000,3.000000,4.000000,1.800000,13.500000,2.000000,1.489639,85.350000,1.564840,89.658710,1.570585,89.987915,-0.032987,-1.890001,-0.005746,-0.329205,-0.075201,0.005746,0.026752,14.859685,0.002925,10.859752,0.013647,12.659720,0.010800,-0.840280
3.640000,0.020000,3.000000,4.000000,1.800000,13.500000,2.000000,1.487021,85.200000,1.564345,89.630366,1.570560,89.986453,-0.034457,-1.974265,-0.006215,-0.356088,-0.077324,0.006215,0.029088,14.919639,0.003283,10.919718,0.014895,12.719681,0.011703,-0.780319
3.660000,0.020000,3.000000,4.000000,1.800000,13.500000,2.000000,1.484403,85.050000,1.563828,89.600758,1.570532,89.984872,-0.035931,-2.058706,-0.006704,-0.384114,-0.079426,0.006704,0.031542,14.979589,0.003669,10.979681,0.016212,12.779638,0.012647,-0.720362
3.680000,0.020000,3.000000,4.000000,1.800000,13.500000,2.000000,1.481785,84.900000,1.563289,89.569884,1.570503,89.983166,-0.037407,-2.143250,-0.007213,-0.413282,-0.081505,0.007213,0.034115,15.039534,0.004087,11.039641,0.017600,12.839591,0.013633,-0.660409
3.700000,0.020000,3.000000,4.000000,1.800000,13.500000,2.000000,1.479167,84.750000,1.562728,89.537742,1.570470,89.981330,-0.038883,-2.227827,-0.007742,-0.443588,-0.083562,0.007742,0.036809,15.099473,0.004537,11.099598,0.019059,12.899539,0.014660,-0.600460
3.720000,0.020000,3.000000,4.000000,1.800000,13.500000,2.000000,1.476549,84.600000,1.562145,89.504333,1.570436,89.979360,-0.040358,-2.312368,-0.008291,-0.475027,-0.085597,0.008291,0.039625,15.159407,0.005021,11.159550,0.020593,12.959483,0.015730,-0.540516
3.740000,0.020000,3.000000,4.000000,1.800000,13.500000,2.000000,1.473931,84.450000,1.561540,89.469657,1.570399,89.977251,-0.041832,-2.396810,-0.008859,-0.507593,-0.087610,0.008859,0.042564,15.219335,0.005540,11.219499,0.022201,13.019422,0.016840,-0.480577
3.760000,0.020000,3.000000,4.000000,1.800000,13.500000,2.000000,1.471313,84.300000,1.560913,89.433716,1.570360,89.974997,-0.043303,-2.481093,-0.009447,-0.541281,-0.089600,0.009447,0.045628,15.279257,0.006095,11.279444,0.023885,13.079356,0.017993,-0.420643
3.780000,0.020000,3.000000,4.000000,1.800000,13.500000,2.000000,1.468695,84.150000,1.560263,89.396511,1.570318,89.972593,-0.044770,-2.565160,-0.010055,-0.576082,-0.091569,0.010055,0.048818,15.339172,0.006687,11.339385,0.025646,13.139285,0.019188,-0.360713
3.800000,0.020000,3.000000,4.000000,1.800000,13.500000,2.000000,1.466077,84.000000,1.559592,89.358047,1.570273,89.970036,-0.046233,-2.648957,-0.010681,-0.611989,-0.093516,0.010681,0.052134,15.399080,0.007318,11.399321,0.027485,13.199208,0.020425,-0.300790
3.820000,0.020000,3.000000,4.000000,1.800000,13.500000,2.000000,1.463459,83.850000,1.558899,89.318327,1.570226,89.967319,-0.047690,-2.732433,-0.011327,-0.648992,-0.095440,0.011327,0.055579,15.458981,0.007990,11.459264,0.029405,13.259137,0.021705,-0.240861
3.840000,0.020000,3.000000,4.000000,1.800000,13.500000,2.000000,1.460841,83.700000,1.558184,89.277356,1.570176,89.964438,-0.049140,-2.815540,-0.011992,-0.687082,-0.097343,0.011992,0.059152,15.518875,0.008703,11.519192,0.031405,13.319049,0.023026,-0.180949
3.860000,0.020000,3.000000,4.000000,1.800000,13.500000,2.000000,1.458223,83.550000,1.557447,89.235140,1.570122,89.961388,-0.050584,-2.898232,-0.012675,-0.726248,-0.099224,0.012675,0.062855,15.578760,0.009459,11.579115,0.033487,13.378954,0.024389,-0.121043
3.880000,0.020000,3.000000,4.000000,1.800000,13.500000,2.000000,1.455605,83.400000,1.556689,89.191685,1.570066,89.958164,-0.052019,-2.980468,-0.013378,-0.766480,-0.101084,0.013378,0.066688,15.638638,0.010259,11.639033,0.035652,13.438854,0.025795,-0.061143
3.900000,0.020000,3.000000,4.000000,1.800000,13.500000,2.000000,1.452987,83.250000,1.555909,89.146998,1.570007,89.954763,-0.053446,-3.062208,-0.014098,-0.807765,-0.102922,0.014098,0.070653,15.698507,0.011104,11.698946,0.037901,13.498746,0.027242,-0.001250
3.920000,0.020000,3.000000,4.000000,1.800000,13.500000,2.000000,1.450369,83.100000,1.555107,89.101087,1.569944,89.951178,-0.054863,-3.143413,-0.014837,-0.850091,-0.104739,0.014837,0.074749,15.758367,0.011996,11.758853,0.040235,13.558632,0.028732,0.058637
3.940000,0.020000,3.000000,4.000000,1.800000,13.500000,2.000000,1.447751,82.950000,1.554285,89.053959,1.569878,89.947406,-0.056270,-3.224049,-0.015594,-0.893446,-0.106534,0.015594,0.078979,15.818217,0.012936,11.818756,0.042655,13.618510,0.030263,0.118516
3.960000,0.020000,3.000000,4.000000,1.800000,13.500000,2.000000,1.445133,82.800000,1.553441,89.005624,1.569809,89.943441,-0.057667,-3.304083,-0.016368,-0.937817,-0.108309,0.016368,0.083342,15.878059,0.013925,11.878652,0.045163,13.678381,0.031836,0.178388
3.980000,0.020000,3.000000,4.000000,1.800000,13.500000,2.000000,1.442515,82.650000,1.552577,88.956090,1.569737,89.939280,-0.059053,-3.383485,-0.017160,-0.983190,-0.110062,0.017160,0.087839,15.937890,0.014965,11.938554,0.047758,13.738255,0.033452,0.238263
4.000000,0.020000,3.000000,4.000000,1.800000,13.500000,2.000000,1.439897,82.500000,1.551691,88.905368,1.569660,89.934918,-0.060427,-3.462227,-0.017969,-1.029551,-0.111795,0.017969,0.092471,15.997711,0.016056,11.998439,0.050443,13.798111,0.035108,0.298119
4.020000,0.020000,3.000000,4.000000,1.800000,13.500000,2.000000,1.437279,82.350000,1.550786,88.853466,1.569581,89.930351,-0.061790,-3.540281,-0.018795,-1.076885,-0.113507,0.018795,0.097238,16.057521,0.017200,12.058319,0.053217,13.857958,0.036806,0.357968
4.040000,0.020000,3.000000,4.000000,1.800000,13.500000,2.000000,1.434661,82.200000,1.549859,88.800396,1.569497,89.925575,-0.063139,-3.617623,-0.019638,-1.125179,-0.115199,0.019638,0.102140,16.117320,0.018398,12.118192,0.056082,13.917798,0.038546,0.417809
4.060000,0.020000,3.000000,4.000000,1.800000,13.500000,2.000000,1.432043,82.050000,1.548913,88.746167,1.569410,89.920584,-0.064477,-3.694232,-0.020497,-1.174417,-0.116870,0.020497,0.107179,16.177109,0.019652,12.178060,0.059039,13.977629,0.040327,0.477642
4.080000,0.020000,3.000000,4.000000,1.800000,13.500000,2.000000,1.429425,81.900000,1.547946,88.690792,1.569319,89.915376,-0.065800,-3.770085,-0.021373,-1.224584,-0.118522,0.021373,0.112354,16.236885,0.020962,12.237921,0.062088,14.037451,0.042149,0.537465
4.100000,0.020000,3.000000,4.000000,1.800000,13.500000,2.000000,1.426807,81.750000,1.546960,88.634282,1.569225,89.909946,-0.067111,-3.845165,-0.022265,-1.275664,-0.120153,0.022265,0.117666,16.296649,0.022330,12.297786,0.065231,14.097274,0.044013,0.597291
4.120000,0.020000,3.000000,4.000000,1.800000,13.500000,2.000000,1.424189,81.600000,1.545954,88.576648,1.569126,89.904289,-0.068407,-3.919453,-0.023172,-1.327641,-0.121765,0.023172,0.123116,16.356401,0.023757,12.357634,0.068468,14.157078,0.045917,0.657097
4.140000,0.020000,3.000000,4.000000,1.800000,13.500000,2.000000,1.421571,81.450000,1.544929,88.517902,1.569023,89.898403,-0.069690,-3.992934,-0.024094,-1.380501,-0.123358,0.024094,0.128703,16.416141,0.025244,12.417475,0.071800,14.216873,0.047862,0.716894
4.160000,0.020000,3.000000,4.000000,1.800000,13.500000,2.000000,1.418953,81.300000,1.543884,88.458056,1.568916,89.892283,-0.070958,-4.065593,-0.025032,-1.434227,-0.124932,0.025032,0.134427,16.475867,0.026792,12.477309,0.075228,14.276657,0.049848,0.776681
4.180000,0.020000,3.000000,4.000000,1.800000,13.500000,2.000000,1.416335,81.150000,1.542821,88.397124,1.568805,89.885926,-0.072212,-4.137418,-0.025984,-1.488802,-0.126486,0.025984,0.140290,16.535580,0.028403,12.537136,0.078752,14.336432,0.051874,0.836459
4.200000,0.020000,3.000000,4.000000,1.800000,13.500000,2.000000,1.413717,81.000000,1.541739,88.335117,1.568690,89.879327,-0.073450,-4.208397,-0.026952,-1.544210,-0.128022,0.026952,0.146291,16.595279,0.030077,12.596968,0.082373,14.396208,0.053940,0.896238
4.220000,0.020000,3.000000,4.000000,1.800000,13.500000,2.000000,1.411099,80.850000,1.540638,88.272047,1.568571,89.872483,-0.074674,-4.278520,-0.027933,-1.600436,-0.129539,0.027933,0.152431,16.654964,0.031815,12.656780,0.086092,14.455962,0.056047,0.955995
4.240000,0.020000,3.000000,4.000000,1.800000,13.500000,2.000000,1.408481,80.700000,1.539519,88.207929,1.568447,89.865391,-0.075883,-4.347778,-0.028928,-1.657461,-0.131038,0.028928,0.158709,16.714635,0.033620,12.716586,0.089910,14.515706,0.058193,1.015743
4.260000,0.020000,3.000000,4.000000,1.800000,13.500000,2.000000,1.405863,80.550000,1.538382,88.142775,1.568319,89.858047,-0.077077,-4.416162,-0.029937,-1.715271,-0.132519,0.029937,0.165127,16.774290,0.035490,12.776384,0.093827,14.575439,0.060380,1.075480
4.280000,0.020000,3.000000,4.000000,1.800000,13.500000,2.000000,1.403245,80.400000,1.537227,88.076599,1.568186,89.850447,-0.078255,-4.483668,-0.030959,-1.773848,-0.133982,0.030959,0.171683,16.833931,0.037430,12.836185,0.097844,14.635171,0.062606,1.135217
4.300000,0.020000,3.000000,4.000000,1.800000,13.500000,2.000000,1.400627,80.250000,1.536054,88.009412,1.568049,89.842589,-0.079418,-4.550288,-0.031995,-1.833176,-0.135427,0.031995,0.178379,16.893556,0.039437,12.895967,0.101961,14.694881,0.064872,1.194932
4.320000,0.020000,3.000000,4.000000,1.800000,13.500000,2.000000,1.398009,80.100000,1.534864,87.941230,1.567907,89.834468,-0.080565,-4.616019,-0.033043,-1.893239,-0.136855,0.033043,0.185213,16.953166,0.041515,12.955742,0.106179,14.754580,0.067177,1.254637
4.340000,0.020000,3.000000,4.000000,1.800000,13.500000,2.000000,1.395391,79.950000,1.533657,87.872065,1.567761,89.826083,-0.081696,-4.680856,-0.034104,-1.954018,-0.138266,0.034104,0.192187,17.012759,0.043663,13.015509,0.110499,14.814268,0.069521,1.314330
4.360000,0.020000,3.000000,4.000000,1.800000,13.500000,2.000000,1.392773,79.800000,1.532433,87.801930,1.567610,89.817429,-0.082812,-4.744798,-0.035177,-2.015499,-0.139660,0.035177,0.199301,17.072336,0.045884,13.075279,0.114922,14.873955,0.071904,1.374023
4.380000,0.020000,3.000000,4.000000,1.800000,13.500000,2.000000,1.390155,79.650000,1.531192,87.730839,1.567454,89.808504,-0.083913,-4.807843,-0.036262,-2.077665,-0.141037,0.036262,0.206553,17.131896,0.048177,13.135030,0.119447,14.933618,0.074327,1.433693
4.400000,0.020000,3.000000,4.000000,1.800000,13.500000,2.000000,1.387537,79.500000,1.529935,87.658806,1.567294,89.799305,-0.084997,-4.869990,-0.037359,-2.140498,-0.142398,0.037359,0.213946,17.191439,0.050545,13.194772,0.124075,14.993269,0.076787,1.493352
4.420000,0.020000,3.000000,4.000000,1.800000,13.500000,2.000000,1.384919,79.350000,1.528661,87.585845,1.567128,89.789828,-0.086066,-4.931239,-0.038467,-2.203983,-0.143743,0.038467,0.221477,17.250964,0.052987,13.254505,0.128807,15.052907,0.079287,1.552998
4.440000,0.020000,3.000000,4.000000,1.800000,13.500000,2.000000,1.382301,79.200000,1.527372,87.511968,1.566958,89.780071,-0.087120,-4.991590,-0.039586,-2.268104,-0.145071,0.039586,0.229148,17.310472,0.055505,13.314243,0.133645,15.112546,0.081825,1.612645
4.460000,0.020000,3.000000,4.000000,1.800000,13.500000,2.000000,1.379683,79.050000,1.526067,87.437188,1.566783,89.770032,-0.088157,-5.051045,-0.040716,-2.332843,-0.146384,0.040716,0.236959,17.369961,0.058100,13.373959,0.138586,15.172158,0.084402,1.672267
4.480000,0.020000,3.000000,4.000000,1.800000,13.500000,2.000000,1.377065,78.900000,1.524746,87.361521,1.566602,89.759707,-0.089179,-5.109606,-0.041856,-2.398186,-0.147681,0.041856,0.244908,17.429432,0.060773,13.433666,0.143634,15.231758,0.087016,1.731877
4.500000,0.020000,3.000000,4.000000,1.800000,13.500000,2.000000,1.374447,78.750000,1.523410,87.284979,1.566417,89.749094,-0.090186,-5.167277,-0.043007,-2.464115,-0.148963,0.043007,0.252998,17.488885,0.063524,13.493375,0.148787,15.291354,0.089669,1.791484
4.520000,0.020000,3.000000,4.000000,1.800000,13.500000,2.000000,1.371829,78.600000,1.522059,87.207574,1.566227,89.738190,-0.091177,-5.224059,-0.044168,-2.530616,-0.150231,0.044168,0.261226,17.548318,0.066355,13.553064,0.154047,15.350926,0.092359,1.851067
4.540000,0.020000,3.000000,4.000000,1.800000,13.500000,2.000000,1.369211,78.450000,1.520694,87.129322,1.566031,89.726993,-0.092153,-5.279958,-0.045338,-2.597671,-0.151483,0.045338,0.269593,17.607731,0.069266,13.612744,0.159413,15.410485,0.095088,1.910638
4.560000,0.020000,3.000000,4.000000,1.800000,13.500000,2.000000,1.366593,78.300000,1.519313,87.050235,1.565831,89.715501,-0.093113,-5.334978,-0.046518,-2.665266,-0.152720,0.046518,0.278100,17.667125,0.072258,13.672425,0.164887,15.470040,0.097854,1.970207
4.580000,0.020000,3.000000,4.000000,1.800000,13.500000,2.000000,1.363975,78.150000,1.517919,86.970326,1.565625,89.703711,-0.094058,-5.389123,-0.047707,-2.733385,-0.153944,0.047707,0.286745,17.726499,0.075333,13.732086,0.170468,15.529570,0.100657,2.029751
4.600000,0.020000,3.000000,4.000000,1.800000,13.500000,2.000000,1.361357,78.000000,1.516510,86.889609,1.565414,89.691621,-0.094988,-5.442400,-0.048904,-2.802013,-0.155153,0.048904,0.295530,17.785853,0.078490,13.791737,0.176158,15.589086,0.103498,2.089281
4.620000,0.020000,3.000000,4.000000,1.800000,13.500000,2.000000,1.358739,77.850000,1.515087,86.808095,1.565198,89.679229,-0.095903,-5.494813,-0.050111,-2.871134,-0.156348,0.050111,0.304453,17.845185,0.081731,13.851391,0.181956,15.648598,0.106377,2.148810
4.640000,0.020000,3.000000,4.000000,1.800000,13.500000,2.000000,1.356121,77.700000,1.513651,86.725800,1.564976,89.666533,-0.096802,-5.546371,-0.051325,-2.940733,-0.157530,0.051325,0.313515,17.904497,0.085057,13.911022,0.187863,15.708084,0.109292,2.208313
4.660000,0.020000,3.000000,4.000000,1.800000,13.500000,2.000000,1.353503,77.550000,1.512201,86.642734,1.564749,89.653530,-0.097687,-5.597078,-0.052548,-3.010796,-0.158698,0.052548,0.322716,17.963788,0.088468,13.970644,0.193879,15.767555,0.112244,2.267802
4.680000,0.020000,3.000000,4.000000,1.800000,13.500000,2.000000,1.350885,77.400000,1.510738,86.558912,1.564517,89.640219,-0.098558,-5.646943,-0.053779,-3.081307,-0.159853,0.053779,0.332054,18.023056,0.091965,14.030268,0.200005,15.827023,0.115235,2.327289
4.700000,0.020000,3.000000,4.000000,1.800000,13.500000,2.000000,1.348267,77.250000,1.509262,86.474345,1.564279,89.626597,-0.099413,-5.695973,-0.055017,-3.152253,-0.160995,0.055017,0.341531,18.082303,0.095549,14.089869,0.206241,15.886463,0.118261,2.386749
4.720000,0.020000,3.000000,4.000000,1.800000,13.500000,2.000000,1.345649,77.100000,1.507773,86.389046,1.564036,89.612663,-0.100255,-5.744175,-0.056263,-3.223618,-0.162124,0.056263,0.351147,18.141528,0.099221,14.149460,0.212587,15.945887,0.121324,2.446195
4.740000,0.020000,3.000000,4.000000,1.800000,13.500000,2.000000,1.343031,76.950000,1.506272,86.303028,1.563787,89.598416,-0.101082,-5.791558,-0.057515,-3.295388,-0.163241,0.057515,0.360900,18.200730,0.102982,14.209054,0.219045,16.005308,0.124425,2.505639
4.760000,0.020000,3.000000,4.000000,1.800000,13.500000,2.000000,1.340413,76.800000,1.504758,86.216302,1.563533,89.583853,-0.101895,-5.838130,-0.058775,-3.367550,-0.164345,0.058775,0.370791,18.259909,0.106831,14.268623,0.225613,16.064700,0.127561,2.565056
4.780000,0.020000,3.000000,4.000000,1.800000,13.500000,2.000000,1.337795,76.650000,1.503233,86.128882,1.563273,89.568972,-0.102693,-5.883899,-0.060041,-3.440090,-0.165438,0.060041,0.380820,18.319065,0.110769,14.328182,0.232292,16.124075,0.130734,2.624457
4.800000,0.020000,3.000000,4.000000,1.800000,13.500000,2.000000,1.335177,76.500000,1.501695,86.040779,1.563008,89.553773,-0.103478,-5.928875,-0.061313,-3.512994,-0.166518,0.061313,0.390986,18.378197,0.114800,14.387743,0.239083,16.183448,0.133945,2.683857
4.820000,0.020000,3.000000,4.000000,1.800000,13.500000,2.000000,1.332559,76.350000,1.500145,85.952004,1.562737,89.538253,-0.104250,-5.973065,-0.062592,-3.586248,-0.167587,0.062592,0.401289,18.437306,0.118920,14.447280,0.245986,16.242790,0.137191,2.743228
4.840000,0.020000,3.000000,4.000000,1.800000,13.500000,2.000000,1.329941,76.200000,1.498585,85.862571,1.562461,89.522411,-0.105007,-6.016481,-0.063876,-3.659840,-0.168644,0.063876,0.411730,18.496391,0.123133,14.506805,0.253001,16.302114,0.140473,2.802583
4.860000,0.020000,3.000000,4.000000,1.800000,13.500000,2.000000,1.327323,76.050000,1.497012,85.772490,1.562179,89.506246,-0.105752,-6.059130,-0.065166,-3.733756,-0.169689,0.065166,0.422307,18.555451,0.127439,14.566334,0.260130,16.361437,0.143793,2.861938
4.880000,0.020000,3.000000,4.000000,1.800000,13.500000,2.000000,1.324705,75.900000,1.495429,85.681772,1.561891,89.489756,-0.106483,-6.101022,-0.066462,-3.807984,-0.170724,0.066462,0.433022,18.614486,0.131837,14.625836,0.267370,16.420727,0.147148,2.921262
4.900000,0.020000,3.000000,4.000000,1.800000,13.500000,2.000000,1.322087,75.750000,1.493835,85.590430,1.561597,89.472940,-0.107201,-6.142168,-0.067763,-3.882510,-0.171748,0.067763,0.443873,18.673497,0.136330,14.685337,0.274724,16.480009,0.150541,2.980580
4.920000,0.020000,3.000000,4.000000,1.800000,13.500000,2.000000,1.319469,75.600000,1.492230,85.498474,1.561298,89.455797,-0.107906,-6.182576,-0.069068,-3.957323,-0.172761,0.069068,0.454860,18.732482,0.140917,14.744816,0.282191,16.539264,0.153968,3.039873
4.940000,0.020000,3.000000,4.000000,1.800000,13.500000,2.000000,1.316851,75.450000,1.490614,85.405915,1.560993,89.438325,-0.108599,-6.222258,-0.070379,-4.032410,-0.173763,0.070379,0.465984,18.791442,0.145600,14.804294,0.289772,16.598511,0.157433,3.099159
4.960000,0.020000,3.000000,4.000000,1.800000,13.500000,2.000000,1.314233,75.300000,1.488989,85.312765,1.560683,89.420523,-0.109279,-6.261222,-0.071694,-4.107759,-0.174756,0.071694,0.477243,18.850376,0.150377,14.863749,0.297467,16.657729,0.160933,3.158419
4.980000,0.020000,3.000000,4.000000,1.800000,13.500000,2.000000,1.311615,75.150000,1.487353,85.219033,1.560366,89.402391,-0.109947,-6.299478,-0.073013,-4.183358,-0.175738,0.073013,0.488639,18.909284,0.155252,14.923202,0.305276,16.716939,0.164470,3.217673
5.000000,0.020000,3.000000,4.000000,1.800000,13.500000,2.000000,1.308997,75.000000,1.485707,85.124731,1.560044,89.383927,-0.110602,-6.337038,-0.074337,-4.259196,-0.176710,0.074337,0.500170,18.968166,0.160222,14.982632,0.313199,16.776120,0.168043,3.276900
5.020000,0.020000,3.000000,4.000000,1.800000,13.500000,2.000000,1.306379,74.850000,1.484051,85.029870,1.559716,89.365131,-0.111246,-6.373911,-0.075665,-4.335261,-0.177672,0.075665,0.511837,19.027021,0.165291,15.042061,0.321237,16.835293,0.171652,3.336121
5.040000,0.020000,3.000000,4.000000,1.800000,13.500000,2.000000,1.303761,74.700000,1.482386,84.934458,1.559382,89.346001,-0.111877,-6.410107,-0.076996,-4.411542,-0.178625,0.076996,0.523639,19.085848,0.170457,15.101465,0.329389,16.894435,0.175297,3.395315
5.060000,0.020000,3.000000,4.000000,1.800000,13.500000,2.000000,1.301143,74.550000,1.480711,84.838507,1.559042,89.326536,-0.112498,-6.445637,-0.078331,-4.488028,-0.179568,0.078331,0.535576,19.144649,0.175723,15.160869,0.337657,16.953570,0.178979,3.454502
5.080000,0.020000,3.000000,4.000000,1.800000,13.500000,2.000000,1.298525,74.400000,1.479027,84.742027,1.558697,89.306735,-0.113106,-6.480511,-0.079669,-4.564709,-0.180502,0.079669,0.547648,19.203422,0.181087,15.220248,0.346039,17.012673,0.182696,3.513662
5.100000,0.020000,3.000000,4.000000,1.800000,13.500000,2.000000,1.295907,74.250000,1.477334,84.645026,1.558345,89.286599,-0.113704,-6.514739,-0.081011,-4.641573,-0.181427,0.081011,0.559855,19.262167,0.186551,15.279625,0.354538,17.071769,0.186451,3.572815
5.120000,0.020000,3.000000,4.000000,1.800000,13.500000,2.000000,1.293289,74.100000,1.475633,84.547516,1.557988,89.266125,-0.114290,-6.548331,-0.082355,-4.718610,-0.182344,0.082355,0.572196,19.320884,0.192114,15.338977,0.363151,17.130833,0.190240,3.631940
5.140000,0.020000,3.000000,4.000000,1.800000,13.500000,2.000000,1.290671,73.950000,1.473922,84.449505,1.557625,89.245314,-0.114865,-6.581299,-0.083703,-4.795810,-0.183251,0.083703,0.584671,19.379573,0.197780,15.398328,0.371881,17.189888,0.194067,3.691059
5.160000,0.020000,3.000000,4.000000,1.800000,13.500000,2.000000,1.288053,73.800000,1.472203,84.351002,1.557255,89.224165,-0.115430,-6.613651,-0.085053,-4.873163,-0.184150,0.085053,0.597281,19.438233,0.203545,15.457653,0.380726,17.248911,0.197930,3.750149
5.180000,0.020000,3.000000,4.000000,1.800000,13.500000,2.000000,1.285435,73.650000,1.470475,84.252018,1.556880,89.202677,-0.115984,-6.645399,-0.086405,-4.950659,-0.185040,0.086405,0.610025,19.496864,0.209413,15.516976,0.389688,17.307925,0.201829,3.809233
5.200000,0.020000,3.000000,4.000000,1.800000,13.500000,2.000000,1.282817,73.500000,1.468739,84.152560,1.556499,89.180849,-0.116528,-6.676553,-0.087760,-5.028289,-0.185922,0.087760,0.622902,19.555466,0.215381,15.576273,0.398765,17.366907,0.205764,3.868287
5.220000,0.020000,3.000000,4.000000,1.800000,13.500000,2.000000,1.280199,73.350000,1.466995,84.052639,1.556113,89.158681,-0.117061,-6.707122,-0.089117,-5.106042,-0.186796,0.089117,0.635913,19.614038,0.221454,15.635568,0.407961,17.425880,0.209737,3.927335
5.240000,0.020000,3.000000,4.000000,1.800000,13.500000,2.000000,1.277581,73.200000,1.465243,83.952262,1.555720,89.136173,-0.117585,-6.737118,-0.090476,-5.183911,-0.187662,0.090476,0.649057,19.672581,0.227628,15.694837,0.417271,17.484819,0.213744,3.986353
5.260000,0.020000,3.000000,4.000000,1.800000,13.500000,2.000000,1.274963,73.050000,1.463484,83.851438,1.555321,89.113324,-0.118099,-6.766549,-0.091837,-5.261886,-0.188521,0.091837,0.662335,19.731093,0.233907,15.754103,0.426700,17.543749,0.217790,4.045365
5.280000,0.020000,3.000000,4.000000,1.800000,13.500000,2.000000,1.272345,72.900000,1.461716,83.750176,1.554916,89.090133,-0.118603,-6.795427,-0.093200,-5.339958,-0.189371,0.093200,0.675745,19.789575,0.240289,15.813342,0.436244,17.602644,0.221871,4.104347
5.300000,0.020000,3.000000,4.000000,1.800000,13.500000,2.000000,1.269727,72.750000,1.459941,83.648483,1.554505,89.066601,-0.119097,-6.823760,-0.094564,-5.418118,-0.190214,0.094564,0.689288,19.848027,0.246776,15.872579,0.445907,17.661531,0.225990,4.163322
5.320000,0.020000,3.000000,4.000000,1.800000,13.500000,2.000000,1.267109,72.600000,1.458159,83.546369,1.554089,89.042727,-0.119582,-6.851560,-0.095930,-5.496358,-0.191050,0.095930,0.702964,19.906447,0.253367,15.931788,0.455685,17.720382,0.230144,4.222266
5.340000,0.020000,3.000000,4.000000,1.800000,13.500000,2.000000,1.264491,72.450000,1.456370,83.443840,1.553666,89.018511,-0.120058,-6.878835,-0.097296,-5.574670,-0.191879,0.097296,0.716772,19.964837,0.260064,15.990995,0.465583,17.779224,0.234336,4.281205
5.360000,0.020000,3.000000,4.000000,1.800000,13.500000,2.000000,1.261873,72.300000,1.454573,83.340906,1.553237,88.993952,-0.120525,-6.905597,-0.098664,-5.653046,-0.192700,0.098664,0.730713,20.023195,0.266866,16.050174,0.475597,17.838030,0.238564,4.340111
5.380000,0.020000,3.000000,4.000000,1.800000,13.500000,2.000000,1.259255,72.150000,1.452770,83.237573,1.552803,88.969050,-0.120984,-6.931853,-0.100033,-5.731477,-0.193515,0.100033,0.744786,20.081521,0.273774,16.109349,0.485729,17.896827,0.242831,4.399012
5.400000,0.020000,3.000000,4.000000,1.800000,13.500000,2.000000,1.256637,72.000000,1.450959,83.133848,1.552362,88.943805,-0.121433,-6.957614,-0.101403,-5.809957,-0.194322,0.101403,0.758990,20.139816,0.280788,16.168497,0.495979,17.955587,0.247133,4.457881
5.420000,0.020000,3.000000,4.000000,1.800000,13.500000,2.000000,1.254019,71.850000,1.449142,83.029741,1.551916,88.918218,-0.121874,-6.982890,-0.102773,-5.888477,-0.195123,0.102773,0.773326,20.198078,0.287910,16.227641,0.506347,18.014337,0.251473,4.516743
5.440000,0.020000,3.000000,4.000000,1.800000,13.500000,2.000000,1.251401,71.700000,1.447319,82.925257,1.551463,88.892287,-0.122307,-7.007689,-0.104144,-5.967030,-0.195918,0.104144,0.787794,20.256307,0.295137,16.286755,0.516832,18.073051,0.255850,4.575574
5.460000,0.020000,3.000000,4.000000,1.800000,13.500000,2.000000,1.248783,71.550000,1.445489,82.820404,1.551005,88.866012,-0.122732,-7.032021,-0.105516,-6.045609,-0.196706,0.105516,0.802393,20.314504,0.302473,16.345867,0.527437,18.131754,0.260265,4.634398
5.480000,0.020000,3.000000,4.000000,1.800000,13.500000,2.000000,1.246165,71.400000,1.443652,82.715188,1.550540,88.839395,-0.123149,-7.055896,-0.106888,-6.124207,-0.197487,0.106888,0.817123,20.372668,0.309916,16.404949,0.538159,18.190419,0.264716,4.693189
5.500000,0.020000,3.000000,4.000000,1.800000,13.500000,2.000000,1.243547,71.250000,1.441810,82.609617,1.550069,88.812434,-0.123557,-7.079322,-0.108260,-6.202817,-0.198263,0.108260,0.831984,20.430798,0.317468,16.464027,0.549000,18.249074,0.269207,4.751974
5.520000,0.020000,3.000000,4.000000,1.800000,13.500000,2.000000,1.240929,71.100000,1.439961,82.503697,1.549593,88.785130,-0.123959,-7.102308,-0.109632,-6.281432,-0.199032,0.109632,0.846977,20.488895,0.325127,16.523075,0.559959,18.307691,0.273733,4.810726
5.540000,0.020000,3.000000,4.000000,1.800000,13.500000,2.000000,1.238311,70.950000,1.438107,82.397436,1.549110,88.757482,-0.124352,-7.124864,-0.111004,-6.360046,-0.199795,0.111004,0.862099,20.546958,0.332896,16.582119,0.571038,18.366297,0.278299,4.869471
5.560000,0.020000,3.000000,4.000000,1.800000,13.500000,2.000000,1.235693,70.800000,1.436246,82.290838,1.548622,88.729491,-0.124739,-7.146998,-0.112376,-6.438653,-0.200553,0.112376,0.877353,20.604987,0.340773,16.641133,0.582233,18.424864,0.282901,4.928183
5.580000,0.020000,3.000000,4.000000,1.800000,13.500000,2.000000,1.233075,70.650000,1.434380,82.183911,1.548127,88.701157,-0.125118,-7.168718,-0.113747,-6.517246,-0.201305,0.113747,0.892736,20.662981,0.348761,16.700142,0.593550,18.483420,0.287543,4.986888
5.600000,0.020000,3.000000,4.000000,1.800000,13.500000,2.000000,1.230457,70.500000,1.432508,82.076661,1.547627,88.672480,-0.125490,-7.190034,-0.115119,-6.595819,-0.202051,0.115119,0.908250,20.720941,0.356857,16.759120,0.604983,18.541936,0.292222,5.045560
5.620000,0.020000,3.000000,4.000000,1.800000,13.500000,2.000000,1.227839,70.350000,1.430631,81.969094,1.547120,88.643460,-0.125855,-7.210953,-0.116490,-6.674367,-0.202791,0.116490,0.923894,20.778865,0.365065,16.818094,0.616538,18.600441,0.296941,5.104225
5.640000,0.020000,3.000000,4.000000,1.800000,13.500000,2.000000,1.225221,70.200000,1.428748,81.861215,1.546608,88.614098,-0.126213,-7.231485,-0.117860,-6.752883,-0.203527,0.117860,0.939667,20.836755,0.373381,16.877036,0.628209,18.658906,0.301696,5.162855
5.660000,0.020000,3.000000,4.000000,1.800000,13.500000,2.000000,1.222603,70.050000,1.426860,81.753031,1.546089,88.584393,-0.126565,-7.251637,-0.119230,-6.831362,-0.204256,0.119230,0.955571,20.894609,0.381810,16.935973,0.640002,18.717359,0.306491,5.221479
5.680000,0.020000,3.000000,4.000000,1.800000,13.500000,2.000000,1.219985,69.900000,1.424966,81.644546,1.545565,88.554346,-0.126910,-7.271417,-0.120599,-6.909799,-0.204981,0.120599,0.971604,20.952427,0.390347,16.994878,0.651912,18.775772,0.311324,5.280069
5.700000,0.020000,3.000000,4.000000,1.800000,13.500000,2.000000,1.217367,69.750000,1.423068,81.535768,1.545035,88.523957,-0.127249,-7.290833,-0.121967,-6.988189,-0.205700,0.121967,0.987766,21.010209,0.398998,17.053778,0.663944,18.834172,0.316197,5.338651
5.720000,0.020000,3.000000,4.000000,1.800000,13.500000,2.000000,1.214749,69.600000,1.421164,81.426700,1.544498,88.493226,-0.127582,-7.309894,-0.123334,-7.066525,-0.206415,0.123334,1.004057,21.067955,0.407758,17.112644,0.676092,18.892531,0.321108,5.397199
5.740000,0.020000,3.000000,4.000000,1.800000,13.500000,2.000000,1.212131,69.450000,1.419255,81.317350,1.543956,88.462153,-0.127908,-7.328606,-0.124700,-7.144804,-0.207124,0.124700,1.020478,21.125665,0.416632,17.171506,0.688363,18.950877,0.326060,5.455740
5.760000,0.020000,3.000000,4.000000,1.800000,13.500000,2.000000,1.209513,69.300000,1.417342,81.207720,1.543408,88.430740,-0.128229,-7.346978,-0.126065,-7.223020,-0.207829,0.126065,1.037028,21.183337,0.425616,17.230334,0.700751,19.009182,0.331049,5.514245
5.780000,0.020000,3.000000,4.000000,1.800000,13.500000,2.000000,1.206895,69.150000,1.415424,81.097818,1.542853,88.398986,-0.128544,-7.365017,-0.127429,-7.301168,-0.208529,0.127429,1.053706,21.240972,0.434714,17.289156,0.713260,19.067474,0.336079,5.572744
5.800000,0.020000,3.000000,4.000000,1.800000,13.500000,2.000000,1.204277,69.000000,1.413501,80.987646,1.542293,88.366891,-0.128853,-7.382731,-0.128792,-7.379244,-0.209224,0.128792,1.070513,21.298570,0.443922,17.347945,0.725888,19.125723,0.341147,5.631206
5.820000,0.020000,3.000000,4.000000,1.800000,13.500000,2.000000,1.201659,68.850000,1.411574,80.877212,1.541727,88.334456,-0.129157,-7.400126,-0.130153,-7.457244,-0.209914,0.130153,1.087449,21.356131,0.453245,17.406727,0.738637,19.183959,0.346258,5.689662
5.840000,0.020000,3.000000,4.000000,1.800000,13.500000,2.000000,1.199041,68.700000,1.409642,80.766519,1.541155,88.301682,-0.129455,-7.417210,-0.131513,-7.535163,-0.210600,0.131513,1.104512,21.413653,0.462679,17.465475,0.751504,19.242152,0.351405,5.748082
5.860000,0.020000,3.000000,4.000000,1.800000,13.500000,2.000000,1.196423,68.550000,1.407705,80.655571,1.540577,88.268568,-0.129748,-7.433990,-0.132872,-7.612997,-0.211282,0.132872,1.121705,21.471137,0.472229,17.524217,0.764493,19.300331,0.356596,5.806494
5.880000,0.020000,3.000000,4.000000,1.800000,13.500000,2.000000,1.193805,68.400000,1.405765,80.544374,1.539993,88.235116,-0.130035,-7.450472,-0.134229,-7.690742,-0.211959,0.134229,1.139025,21.528583,0.481889,17.582923,0.777600,19.358466,0.361824,5.864871
5.900000,0.020000,3.000000,4.000000,1.800000,13.500000,2.000000,1.191187,68.250000,1.403819,80.432932,1.539404,88.201326,-0.130318,-7.466664,-0.135584,-7.768393,-0.212632,0.135584,1.156473,21.585990,0.491665,17.641623,0.790829,19.416588,0.367096,5.923240
5.920000,0.020000,3.000000,4.000000,1.800000,13.500000,2.000000,1.188569,68.100000,1.401870,80.321249,1.538808,88.167197,-0.130596,-7.482572,-0.136938,-7.845948,-0.213301,0.136938,1.174049,21.643358,0.501553,17.700287,0.804176,19.474665,0.372405,5.981572
5.940000,0.020000,3.000000,4.000000,1.800000,13.500000,2.000000,1.185951,67.950000,1.399917,80.209330,1.538206,88.132731,-0.130868,-7.498203,-0.138289,-7.923402,-0.213966,0.138289,1.191753,21.700686,0.511557,17.758944,0.817645,19.532728,0.377758,6.039897
5.960000,0.020000,3.000000,4.000000,1.800000,13.500000,2.000000,1.183333,67.800000,1.397959,80.097177,1.537599,88.097929,-0.131136,-7.513562,-0.139639,-8.000751,-0.214626,0.139639,1.209584,21.757975,0.521673,17.817564,0.831232,19.590746,0.383150,6.098184
5.980000,0.020000,3.000000,4.000000,1.800000,13.500000,2.000000,1.180715,67.650000,1.395998,79.984797,1.536986,88.062790,-0.131397,-7.528500,-0.140988,-8.077993,-0.215283,0.140988,1.227543,21.815225,0.531905,17.876178,0.844942,19.648749,0.388585,6.156465
6.000000,0.020000,3.000000,4.000000,1.800000,13.500000,2.000000,1.178097,67.500000,1.394033,79.872194,1.536366,88.027315,-0.131649,-7.542939,-0.142334,-8.155121,-0.215936,0.142334,1.245629,21.872434,0.542250,17.934755,0.858770,19.706707,0.394059,6.214708
6.020000,0.020000,3.000000,4.000000,1.800000,13.500000,2.000000,1.175479,67.350000,1.392064,79.759377,1.535741,87.991505,-0.131893,-7.556899,-0.143678,-8.232128,-0.216584,0.143678,1.263842,21.929603,0.552712,17.993324,0.872721,19.764649,0.399577,6.272943
6.040000,0.020000,3.000000,4.000000,1.800000,13.500000,2.000000,1.172861,67.200000,1.390091,79.646352,1.535111,87.955361,-0.132128,-7.570396,-0.145020,-8.309008,-0.217230,0.145020,1.282181,21.986732,0.563286,18.051855,0.886788,19.822546,0.405134,6.331141
6.060000,0.020000,3.000000,4.000000,1.800000,13.500000,2.000000,1.170243,67.050000,1.388115,79.533127,1.534474,87.918882,-0.132356,-7.583447,-0.146359,-8.385755,-0.217872,0.146359,1.300647,22.043819,0.573979,18.110379,0.900979,19.880427,0.410735,6.389332
6.080000,0.020000,3.000000,4.000000,1.800000,13.500000,2.000000,1.167625,66.900000,1.386135,79.419707,1.533831,87.882070,-0.132576,-7.596070,-0.147696,-8.462363,-0.218510,0.147696,1.319238,22.100867,0.584783,18.168865,0.915287,19.938262,0.416375,6.447484
6.100000,0.020000,3.000000,4.000000,1.800000,13.500000,2.000000,1.165007,66.750000,1.384153,79.306100,1.533183,87.844925,-0.132790,-7.608278,-0.149031,-8.538826,-0.219145,0.149031,1.337954,22.157873,0.595706,18.227342,0.929718,19.996081,0.422060,6.505629
6.120000,0.020000,3.000000,4.000000,1.800000,13.500000,2.000000,1.162389,66.600000,1.382167,79.192311,1.532529,87.807448,-0.132996,-7.620089,-0.150363,-8.615137,-0.219777,0.150363,1.356796,22.214837,0.606742,18.285781,0.944266,20.053853,0.427784,6.563736
6.140000,0.020000,3.000000,4.000000,1.800000,13.500000,2.000000,1.159771,66.450000,1.380178,79.078347,1.531869,87.769640,-0.133195,-7.631516,-0.151692,-8.691294,-0.220406,0.151692,1.375763,22.271761,0.617896,18.344212,0.958936,20.111609,0.433553,6.621836
6.160000,0.020000,3.000000,4.000000,1.800000,13.500000,2.000000,1.157153,66.300000,1.378185,78.964212,1.531204,87.731501,-0.133388,-7.642575,-0.153018,-8.767289,-0.221032,0.153018,1.394854,22.328642,0.629164,18.402603,0.973724,20.169318,0.439361,6.679897
6.180000,0.020000,3.000000,4.000000,1.800000,13.500000,2.000000,1.154535,66.150000,1.376191,78.849914,1.530532,87.693033,-0.133575,-7.653279,-0.154342,-8.843119,-0.221655,0.154342,1.414069,22.385482,0.640550,18.460986,0.988634,20.227010,0.445214,6.737951
6.200000,0.020000,3.000000,4.000000,1.800000,13.500000,2.000000,1.151917,66.000000,1.374193,78.735456,1.529855,87.654235,-0.133756,-7.663641,-0.155662,-8.918779,-0.222276,0.155662,1.433408,22.442280,0.652050,18.519329,1.003660,20.284654,0.451107,6.795966
6.220000,0.020000,3.000000,4.000000,1.800000,13.500000,2.000000,1.149299,65.850000,1.372193,78.620844,1.529172,87.615108,-0.133931,-7.673675,-0.156980,-8.994264,-0.222893,0.156980,1.452871,22.499036,0.663668,18.577664,1.018810,20.342281,0.457045,6.853974
6.240000,0.020000,3.000000,4.000000,1.800000,13.500000,2.000000,1.146681,65.700000,1.370190,78.506083,1.528484,87.575655,-0.134101,-7.683394,-0.158294,-9.069572,-0.223508,0.158294,1.472458,22.555749,0.675400,18.635957,1.034075,20.399860,0.463023,6.911943
6.260000,0.020000,3.000000,4.000000,1.800000,13.500000,2.000000,1.144063,65.550000,1.368184,78.391177,1.527789,87.535874,-0.134265,-7.692810,-0.159605,-9.144697,-0.224121,0.159605,1.492167,22.612419,0.687252,18.694242,1.049464,20.457422,0.469047,6.969905
6.280000,0.020000,3.000000,4.000000,1.800000,13.500000,2.000000,1.141445,65.400000,1.366176,78.276132,1.527089,87.495768,-0.134425,-7.701983,-0.160913,-9.219636,-0.224731,0.160913,1.512000,22.669047,0.699217,18.752486,1.064969,20.514935,0.475111,7.027827
6.300000,0.020000,3.000000,4.000000,1.800000,13.500000,2.000000,1.138827,65.250000,1.364166,78.160950,1.526384,87.455337,-0.134582,-7.710967,-0.162218,-9.294387,-0.225339,0.162218,1.531955,22.725631,0.711302,18.810720,1.080596,20.572430,0.481221,7.085742
6.320000,0.020000,3.000000,4.000000,1.800000,13.500000,2.000000,1.136209,65.100000,1.362153,78.045635,1.525672,87.414581,-0.134735,-7.719769,-0.163519,-9.368947,-0.225944,0.163519,1.552033,22.782172,0.723501,18.868913,1.096339,20.629876,0.487371,7.143618
6.340000,0.020000,3.000000,4.000000,1.800000,13.500000,2.000000,1.133591,64.950000,1.360138,77.930188,1.524955,87.373503,-0.134886,-7.728395,-0.164817,-9.443315,-0.226547,0.164817,1.572233,22.838669,0.735819,18.927095,1.112205,20.687304,0.493568,7.201486
6.360000,0.020000,3.000000,4.000000,1.800000,13.500000,2.000000,1.130973,64.800000,1.358121,77.814614,1.524233,87.332102,-0.135034,-7.736853,-0.166112,-9.517488,-0.227148,0.166112,1.592555,22.895123,0.748252,18.985236,1.128188,20.744681,0.499806,7.259314
6.380000,0.020000,3.000000,4.000000,1.800000,13.500000,2.000000,1.128355,64.650000,1.356102,77.698914,1.523505,87.290380,-0.135178,-7.745150,-0.167403,-9.591466,-0.227747,0.167403,1.613000,22.951532,0.760804,19.043366,1.144292,20.802041,0.506091,7.317135
6.400000,0.020000,3.000000,4.000000,1.800000,13.500000,2.000000,1.125737,64.500000,1.354080,77.583090,1.522771,87.248338,-0.135320,-7.753290,-0.168690,-9.665247,-0.228343,0.168690,1.633567,23.007897,0.773471,19.101454,1.160513,20.859350,0.512417,7.374915
6.420000,0.020000,3.000000,4.000000,1.800000,13.500000,2.000000,1.123119,64.350000,1.352057,77.467146,1.522031,87.205976,-0.135460,-7.761281,-0.169975,-9.738830,-0.228937,0.169975,1.654255,23.064218,0.786258,19.159531,1.176857,20.916640,0.518791,7.432688
6.440000,0.020000,3.000000,4.000000,1.800000,13.500000,2.000000,1.120501,64.200000,1.350031,77.351083,1.521286,87.163295,-0.135597,-7.769128,-0.171255,-9.812212,-0.229530,0.171255,1.675066,23.120493,0.799158,19.217564,1.193316,20.973879,0.525206,7.490421
6.460000,0.020000,3.000000,4.000000,1.800000,13.500000,2.000000,1.117883,64.050000,1.348003,77.234903,1.520536,87.120297,-0.135731,-7.776837,-0.172533,-9.885394,-0.230120,0.172533,1.695998,23.176723,0.812180,19.275587,1.209898,21.031098,0.531669,7.548146
6.480000,0.020000,3.000000,4.000000,1.800000,13.500000,2.000000,1.115265,63.900000,1.345974,77.118608,1.519780,87.076981,-0.135864,-7.784413,-0.173806,-9.958373,-0.230708,0.173806,1.717051,23.232908,0.825315,19.333566,1.226596,21.088266,0.538174,7.605830
6.500000,0.020000,3.000000,4.000000,1.800000,13.500000,2.000000,1.112647,63.750000,1.343942,77.002201,1.519019,87.033351,-0.135994,-7.791863,-0.175077,-10.031149,-0.231295,0.175077,1.738226,23.289048,0.838572,19.391533,1.243416,21.145414,0.544728,7.663507
6.520000,0.020000,3.000000,4.000000,1.800000,13.500000,2.000000,1.110029,63.600000,1.341908,76.885684,1.518252,86.989405,-0.136122,-7.799189,-0.176343,-10.103721,-0.231879,0.176343,1.759523,23.345141,0.851942,19.449456,1.260352,21.202510,0.551324,7.721143
6.540000,0.020000,3.000000,4.000000,1.800000,13.500000,2.000000,1.107411,63.450000,1.339873,76.769057,1.517479,86.945145,-0.136247,-7.806399,-0.177606,-10.176088,-0.232461,0.177606,1.780940,23.401188,0.865434,19.507366,1.277411,21.259586,0.557969,7.778770
6.560000,0.020000,3.000000,4.000000,1.800000,13.500000,2.000000,1.104793,63.300000,1.337835,76.652323,1.516701,86.900573,-0.136371,-7.813496,-0.178866,-10.248250,-0.233042,0.178866,1.802479,23.457189,0.879039,19.565232,1.294586,21.316609,0.564657,7.836357
6.580000,0.020000,3.000000,4.000000,1.800000,13.500000,2.000000,1.102175,63.150000,1.335796,76.535484,1.515918,86.855689,-0.136493,-7.820486,-0.180122,-10.320205,-0.233621,0.180122,1.824138,23.513143,0.892766,19.623086,1.311883,21.373612,0.571394,7.893935
6.600000,0.020000,3.000000,4.000000,1.800000,13.500000,2.000000,1.099557,63.000000,1.333755,76.418541,1.515129,86.810493,-0.136613,-7.827372,-0.181374,-10.391952,-0.234198,0.181374,1.845919,23.569050,0.906606,19.680894,1.329296,21.430561,0.578174,7.951473
6.620000,0.020000,3.000000,4.000000,1.800000,13.500000,2.000000,1.096939,62.850000,1.331712,76.301496,1.514335,86.764988,-0.136732,-7.834159,-0.182622,-10.463492,-0.234773,0.182622,1.867820,23.624910,0.920569,19.738689,1.346832,21.487489,0.585005,8.009001
6.640000,0.020000,3.000000,4.000000,1.800000,13.500000,2.000000,1.094321,62.700000,1.329668,76.184349,1.513535,86.719173,-0.136849,-7.840850,-0.183867,-10.534824,-0.235346,0.183867,1.889842,23.680723,0.934645,19.796438,1.364483,21.544363,0.591878,8.066489
6.660000,0.020000,3.000000,4.000000,1.800000,13.500000,2.000000,1.091703,62.550000,1.327621,76.067104,1.512730,86.673051,-0.136964,-7.847451,-0.185109,-10.605947,-0.235918,0.185109,1.911984,23.736488,0.948843,19.854174,1.382256,21.601215,0.598803,8.123968
6.680000,0.020000,3.000000,4.000000,1.800000,13.500000,2.000000,1.089085,62.400000,1.325573,75.949760,1.511920,86.626621,-0.137078,-7.853965,-0.186346,-10.676862,-0.236488,0.186346,1.934247,23.792204,0.963155,19.911863,1.400145,21.658013,0.605771,8.181405
6.700000,0.020000,3.000000,4.000000,1.800000,13.500000,2.000000,1.086467,62.250000,1.323524,75.832319,1.511104,86.579886,-0.137190,-7.860395,-0.187580,-10.747566,-0.237056,0.187580,1.956631,23.847873,0.977589,19.969539,1.418157,21.714789,0.612790,8.238833
6.720000,0.020000,3.000000,4.000000,1.800000,13.500000,2.000000,1.083849,62.100000,1.321472,75.714783,1.510283,86.532845,-0.137301,-7.866745,-0.188811,-10.818062,-0.237623,0.188811,1.979134,23.903493,0.992136,20.027167,1.436284,21.771510,0.619854,8.296220
6.740000,0.020000,3.000000,4.000000,1.800000,13.500000,2.000000,1.081231,61.950000,1.319419,75.597153,1.509457,86.485500,-0.137410,-7.873019,-0.190038,-10.888347,-0.238188,0.190038,2.001758,23.959064,1.006806,20.084781,1.454534,21.828208,0.626969,8.353598
6.760000,0.020000,3.000000,4.000000,1.800000,13.500000,2.000000,1.078613,61.800000,1.317365,75.479429,1.508625,86.437851,-0.137518,-7.879219,-0.191261,-10.958423,-0.238751,0.191261,2.024502,24.014586,1.021590,20.142347,1.472899,21.884851,0.634128,8.410933
6.780000,0.020000,3.000000,4.000000,1.800000,13.500000,2.000000,1.075995,61.650000,1.315308,75.361613,1.507788,86.389901,-0.137625,-7.885350,-0.192480,-11.028288,-0.239313,0.192480,2.047366,24.070059,1.036495,20.199899,1.491387,21.941471,0.641340,8.468260
6.800000,0.020000,3.000000,4.000000,1.800000,13.500000,2.000000,1.073377,61.500000,1.313250,75.243706,1.506946,86.341649,-0.137731,-7.891413,-0.193696,-11.097943,-0.239873,0.193696,2.070350,24.125482,1.051515,20.257402,1.509990,21.998035,0.648597,8.525544
6.820000,0.020000,3.000000,4.000000,1.800000,13.500000,2.000000,1.070759,61.350000,1.311191,75.125709,1.506099,86.293098,-0.137836,-7.897413,-0.194908,-11.167388,-0.240431,0.194908,2.093454,24.180856,1.066657,20.314890,1.528716,22.054575,0.655907,8.582819
6.840000,0.020000,3.000000,4.000000,1.800000,13.500000,2.000000,1.068142,61.200000,1.309130,75.007623,1.505246,86.244246,-0.137940,-7.903352,-0.196116,-11.236624,-0.240988,0.196116,2.116677,24.236179,1.081913,20.372330,1.547556,22.111058,0.663261,8.640052
6.860000,0.020000,3.000000,4.000000,1.800000,13.500000,2.000000,1.065524,61.050000,1.307067,74.889449,1.504388,86.195097,-0.138042,-7.909232,-0.197321,-11.305648,-0.241544,0.197321,2.140021,24.291452,1.097292,20.429753,1.566520,22.167518,0.670669,8.697274
6.880000,0.020000,3.000000,4.000000,1.800000,13.500000,2.000000,1.062906,60.900000,1.305003,74.771187,1.503525,86.145650,-0.138144,-7.915056,-0.198522,-11.374464,-0.242098,0.198522,2.163484,24.346674,1.112784,20.487128,1.585598,22.223920,0.678123,8.754455
6.900000,0.020000,3.000000,4.000000,1.800000,13.500000,2.000000,1.060288,60.750000,1.302938,74.652838,1.502657,86.095907,-0.138245,-7.920827,-0.199719,-11.443069,-0.242650,0.199719,2.187066,24.401845,1.128399,20.544486,1.604799,22.280298,0.685630,8.811625
6.920000,0.020000,3.000000,4.000000,1.800000,13.500000,2.000000,1.057670,60.600000,1.300871,74.534404,1.501784,86.045869,-0.138344,-7.926547,-0.200913,-11.511464,-0.243201,0.200913,2.210768,24.456965,1.144127,20.601794,1.624115,22.336618,0.693184,8.868753
6.940000,0.020000,3.000000,4.000000,1.800000,13.500000,2.000000,1.055052,60.450000,1.298802,74.415885,1.500905,85.995536,-0.138443,-7.932218,-0.202103,-11.579651,-0.243751,0.202103,2.234589,24.512034,1.159978,20.659086,1.643553,22.392912,0.700792,8.925871
6.960000,0.020000,3.000000,4.000000,1.800000,13.500000,2.000000,1.052434,60.300000,1.296732,74.297282,1.500022,85.944910,-0.138541,-7.937843,-0.203289,-11.647628,-0.244299,0.203289,2.258530,24.567051,1.175943,20.716327,1.663106,22.449149,0.708446,8.982946
6.980000,0.020000,3.000000,4.000000,1.800000,13.500000,2.000000,1.049816,60.150000,1.294661,74.178595,1.499133,85.893992,-0.138639,-7.943424,-0.204472,-11.715396,-0.244845,0.204472,2.282590,24.622015,1.192031,20.773551,1.682783,22.505360,0.716155,9.040011
7.000000,0.020000,3.000000,4.000000,1.800000,13.500000,2.000000,1.047198,60.000000,1.292588,74.059826,1.498239,85.842781,-0.138736,-7.948963,-0.205651,-11.782956,-0.245390,0.205651,2.306769,24.676928,1.208233,20.830724,1.702573,22.561512,0.723911,9.097032
7.020000,0.020000,3.000000,4.000000,1.800000,13.500000,2.000000,1.044580,59.850000,1.290513,73.940974,1.497340,85.791281,-0.138832,-7.954461,-0.206827,-11.850308,-0.245934,0.206827,2.331067,24.731788,1.224557,20.887879,1.722487,22.617638,0.731722,9.154043
7.040000,0.020000,3.000000,4.000000,1.800000,13.500000,2.000000,1.041962,59.700000,1.288438,73.822040,1.496436,85.739491,-0.138927,-7.959922,-0.207999,-11.917451,-0.246476,0.207999,2.355484,24.786595,1.240995,20.944983,1.742514,22.673704,0.739580,9.211011
7.060000,0.020000,3.000000,4.000000,1.800000,13.500000,2.000000,1.039344,59.550000,1.286360,73.703025,1.495527,85.687413,-0.139022,-7.965345,-0.209167,-11.984388,-0.247017,0.209167,2.380020,24.841349,1.257556,21.002068,1.762665,22.729744,0.747495,9.267968
7.080000,0.020000,3.000000,4.000000,1.800000,13.500000,2.000000,1.036726,59.400000,1.284282,73.583930,1.494614,85.635047,-0.139116,-7.970734,-0.210332,-12.051117,-0.247556,0.210332,2.404675,24.896049,1.274231,21.059102,1.782930,22.785724,0.755456,9.324881
7.100000,0.020000,3.000000,4.000000,1.800000,13.500000,2.000000,1.034108,59.250000,1.282202,73.464754,1.493695,85.582394,-0.139209,-7.976090,-0.211493,-12.117640,-0.248094,0.211493,2.429449,24.950696,1.291028,21.116116,1.803318,22.841677,0.763475,9.381784
7.120000,0.020000,3.000000,4.000000,1.800000,13.500000,2.000000,1.031490,59.100000,1.280120,73.345499,1.492771,85.529456,-0.139302,-7.981414,-0.212650,-12.183957,-0.248631,0.212650,2.454341,25.005288,1.307939,21.173079,1.823819,22.897569,0.771540,9.438643
7.140000,0.020000,3.000000,4.000000,1.800000,13.500000,2.000000,1.028872,58.950000,1.278038,73.226165,1.491842,85.476233,-0.139394,-7.986708,-0.213804,-12.250068,-0.249166,0.213804,2.479352,25.059827,1.324974,21.230021,1.844444,22.953434,0.779664,9.495490
7.160000,0.020000,3.000000,4.000000,1.800000,13.500000,2.000000,1.026254,58.800000,1.275954,73.106752,1.490908,85.422727,-0.139486,-7.991974,-0.214954,-12.315974,-0.249700,0.214954,2.504482,25.114311,1.342122,21.286911,1.865183,23.009237,0.787835,9.552294
7.180000,0.020000,3.000000,4.000000,1.800000,13.500000,2.000000,1.023636,58.650000,1.273868,72.987262,1.489969,85.368938,-0.139578,-7.997212,-0.216101,-12.381676,-0.250232,0.216101,2.529730,25.168740,1.359393,21.343781,1.886044,23.065013,0.796064,9.609087
7.200000,0.020000,3.000000,4.000000,1.800000,13.500000,2.000000,1.021018,58.500000,1.271781,72.867693,1.489025,85.314867,-0.139669,-8.002424,-0.217244,-12.447174,-0.250764,0.217244,2.555096,25.223114,1.376777,21.400598,1.907020,23.120726,0.804341,9.665835
7.220000,0.020000,3.000000,4.000000,1.800000,13.500000,2.000000,1.018400,58.350000,1.269693,72.748047,1.488077,85.260515,-0.139759,-8.007612,-0.218384,-12.512468,-0.251293,0.218384,2.580581,25.277433,1.394285,21.457393,1.928118,23.176411,0.812676,9.722572
7.240000,0.020000,3.000000,4.000000,1.800000,13.500000,2.000000,1.015782,58.200000,1.267603,72.628323,1.487123,85.205883,-0.139849,-8.012776,-0.219520,-12.577560,-0.251822,0.219520,2.606185,25.331696,1.411906,21.514135,1.949330,23.232034,0.821060,9.779264
7.260000,0.020000,3.000000,4.000000,1.800000,13.500000,2.000000,1.013164,58.050000,1.265512,72.508523,1.486165,85.150972,-0.139939,-8.017918,-0.220652,-12.642449,-0.252349,0.220652,2.631906,25.385903,1.429650,21.570856,1.970665,23.287627,0.829503,9.835945
7.280000,0.020000,3.000000,4.000000,1.800000,13.500000,2.000000,1.010546,57.900000,1.263420,72.388647,1.485202,85.095783,-0.140028,-8.023039,-0.221781,-12.707137,-0.252875,0.221781,2.657745,25.440054,1.447508,21.627523,1.992114,23.343158,0.837995,9.892581
7.300000,0.020000,3.000000,4.000000,1.800000,13.500000,2.000000,1.007928,57.750000,1.261327,72.268695,1.484234,85.040318,-0.140117,-8.028139,-0.222907,-12.771623,-0.253399,0.222907,2.683703,25.494148,1.465489,21.684167,2.013685,23.398659,0.846547,9.949206
7.320000,0.020000,3.000000,4.000000,1.800000,13.500000,2.000000,1.005310,57.600000,1.259232,72.148666,1.483261,84.984576,-0.140206,-8.033220,-0.224029,-12.835909,-0.253922,0.224029,2.709779,25.548186,1.483583,21.740757,2.035370,23.454096,0.855147,10.005785
7.340000,0.020000,3.000000,4.000000,1.800000,13.500000,2.000000,1.002692,57.450000,1.257136,72.028563,1.482283,84.928559,-0.140295,-8.038283,-0.225147,-12.899996,-0.254444,0.225147,2.735972,25.602166,1.501801,21.797325,2.057178,23.509503,0.863808,10.062352
7.360000,0.020000,3.000000,4.000000,1.800000,13.500000,2.000000,1.000074,57.300000,1.255038,71.908384,1.481301,84.872268,-0.140383,-8.043329,-0.226262,-12.963883,-0.254964,0.226262,2.762284,25.656090,1.520132,21.853836,2.079099,23.564847,0.872518,10.118875
7.380000,0.020000,3.000000,4.000000,1.800000,13.500000,2.000000,0.997456,57.150000,1.252939,71.788130,1.480313,84.815703,-0.140470,-8.048358,-0.227374,-13.027573,-0.255484,0.227374,2.788713,25.709955,1.538586,21.910326,2.101143,23.620159,0.881288,10.175385
7.400000,0.020000,3.000000,4.000000,1.800000,13.500000,2.000000,0.994838,57.000000,1.250839,71.667802,1.479321,84.758866,-0.140558,-8.053371,-0.228482,-13.091064,-0.256001,0.228482,2.815260,25.763763,1.557153,21.966759,2.123300,23.675407,0.890108,10.231849
7.420000,0.020000,3.000000,4.000000,1.800000,13.500000,2.000000,0.992220,56.850000,1.248738,71.547399,1.478325,84.701758,-0.140645,-8.058369,-0.229587,-13.154358,-0.256518,0.229587,2.841924,25.817512,1.575844,22.023169,2.145580,23.730623,0.898990,10.288302
7.440000,0.020000,3.000000,4.000000,1.800000,13.500000,2.000000,0.989602,56.700000,1.246635,71.426922,1.477323,84.644378,-0.140732,-8.063353,-0.230688,-13.217457,-0.257033,0.230688,2.868707,25.871203,1.594648,22.079522,2.167973,23.785775,0.907921,10.344708
7.460000,0.020000,3.000000,4.000000,1.800000,13.500000,2.000000,0.986984,56.550000,1.244531,71.306371,1.476317,84.586730,-0.140819,-8.068324,-0.231786,-13.280359,-0.257547,0.231786,2.895606,25.924835,1.613576,22.135852,2.190489,23.840894,0.916914,10.401102
7.480000,0.020000,3.000000,4.000000,1.800000,13.500000,2.000000,0.984366,56.400000,1.242426,71.185746,1.475306,84.528812,-0.140905,-8.073281,-0.232880,-13.343067,-0.258060,0.232880,2.922623,25.978408,1.632616,22.192124,2.213118,23.895948,0.925958,10.457450
7.500000,0.020000,3.000000,4.000000,1.800000,13.500000,2.000000,0.981748,56.250000,1.240319,71.065047,1.474291,84.470627,-0.140992,-8.078226,-0.233972,-13.405580,-0.258571,0.233972,2.949758,26.031922,1.651780,22.248372,2.235870,23.950969,0.935063,10.513786
7.520000,0.020000,3.000000,4.000000,1.800000,13.500000,2.000000,0.979130,56.100000,1.238211,70.944275,1.473270,84.412175,-0.141078,-8.083160,-0.235059,-13.467900,-0.259081,0.235059,2.977009,26.085376,1.671056,22.304562,2.258734,24.005925,0.944220,10.570075
7.540000,0.020000,3.000000,4.000000,1.800000,13.500000,2.000000,0.976512,55.950000,1.236102,70.823430,1.472246,84.353457,-0.141164,-8.088082,-0.236144,-13.530027,-0.259590,0.236144,3.004378,26.138770,1.690457,22.360727,2.281721,24.060847,0.953439,10.626351
7.560000,0.020000,3.000000,4.000000,1.800000,13.500000,2.000000,0.973894,55.800000,1.233992,70.702512,1.471216,84.294474,-0.141249,-8.092993,-0.237224,-13.591962,-0.260098,0.237224,3.031864,26.192104,1.709969,22.416834,2.304821,24.115702,0.962709,10.682581
7.580000,0.020000,3.000000,4.000000,1.800000,13.500000,2.000000,0.971276,55.650000,1.231880,70.581520,1.470182,84.235227,-0.141335,-8.097894,-0.238302,-13.653706,-0.260604,0.238302,3.059468,26.245378,1.729606,22.472916,2.328044,24.170524,0.972042,10.738798
7.600000,0.020000,3.000000,4.000000,1.800000,13.500000,2.000000,0.968658,55.500000,1.229767,70.460456,1.469143,84.175716,-0.141420,-8.102786,-0.239376,-13.715260,-0.261109,0.239376,3.087188,26.298591,1.749355,22.528939,2.351379,24.225278,0.981426,10.794968
7.620000,0.020000,3.000000,4.000000,1.800000,13.500000,2.000000,0.966040,55.350000,1.227653,70.339320,1.468100,84.115943,-0.141505,-8.107668,-0.240447,-13.776623,-0.261613,0.240447,3.115025,26.351742,1.769228,22.584936,2.374837,24.279999,0.990874,10.851125
7.640000,0.020000,3.000000,4.000000,1.800000,13.500000,2.000000,0.963422,55.200000,1.225537,70.218110,1.467052,84.055908,-0.141591,-8.112541,-0.241515,-13.837798,-0.262115,0.241515,3.142979,26.404833,1.789214,22.640873,2.398407,24.334651,1.000374,10.907235
7.660000,0.020000,3.000000,4.000000,1.800000,13.500000,2.000000,0.960804,55.050000,1.223420,70.096829,1.466000,83.995613,-0.141675,-8.117405,-0.242580,-13.898784,-0.262617,0.242580,3.171049,26.457861,1.809323,22.696784,2.422100,24.389269,1.009937,10.963331
7.680000,0.020000,3.000000,4.000000,1.800000,13.500000,2.000000,0.958186,54.900000,1.221302,69.975475,1.464943,83.935057,-0.141760,-8.122261,-0.243641,-13.959583,-0.263117,0.243641,3.199237,26.510828,1.829544,22.752635,2.445904,24.443818,1.019553,11.019381
7.700000,0.020000,3.000000,4.000000,1.800000,13.500000,2.000000,0.955568,54.750000,1.219183,69.854049,1.463882,83.874243,-0.141845,-8.127109,-0.244699,-14.020194,-0.263615,0.244699,3.227541,26.563733,1.849890,22.808459,2.469833,24.498332,1.029233,11.075416
7.720000,0.020000,3.000000,4.000000,1.800000,13.500000,2.000000,0.952950,54.600000,1.217063,69.732551,1.462816,83.813171,-0.141929,-8.131950,-0.245753,-14.080620,-0.264113,0.245753,3.255961,26.616575,1.870347,22.864223,2.493872,24.552777,1.038966,11.131404
7.740000,0.020000,3.000000,4.000000,1.800000,13.500000,2.000000,0.950332,54.450000,1.214941,69.610981,1.461745,83.751842,-0.142014,-8.136783,-0.246805,-14.140861,-0.264609,0.246805,3.284498,26.669354,1.890928,22.919959,2.518035,24.607186,1.048763,11.187379
7.760000,0.020000,3.000000,4.000000,1.800000,13.500000,2.000000,0.947714,54.300000,1.212818,69.489339,1.460671,83.690256,-0.142098,-8.141609,-0.247853,-14.200917,-0.265104,0.247853,3.313151,26.722070,1.911621,22.975633,2.542308,24.661526,1.058613,11.243305
7.780000,0.020000,3.000000,4.000000,1.800000,13.500000,2.000000,0.945096,54.150000,1.210693,69.367626,1.459591,83.628415,-0.142182,-8.146428,-0.248898,-14.260789,-0.265598,0.248898,3.341921,26.774723,1.932439,23.031280,2.566706,24.715829,1.068529,11.299218
7.800000,0.020000,3.000000,4.000000,1.800000,13.500000,2.000000,0.942478,54.000000,1.208568,69.245841,1.458507,83.566320,-0.142266,-8.151240,-0.249939,-14.320478,-0.266090,0.249939,3.370806,26.827312,1.953368,23.086865,2.591214,24.770062,1.078497,11.355082
7.820000,0.020000,3.000000,4.000000,1.800000,13.500000,2.000000,0.939860,53.850000,1.206441,69.123985,1.457419,83.503971,-0.142350,-8.156046,-0.250978,-14.379985,-0.266581,0.250978,3.399808,26.879837,1.974421,23.142422,2.615845,24.824259,1.088531,11.410933
7.840000,0.020000,3.000000,4.000000,1.800000,13.500000,2.000000,0.937242,53.700000,1.204313,69.002058,1.456327,83.441368,-0.142434,-8.160845,-0.252014,-14.439311,-0.267071,0.252014,3.428926,26.932298,1.995585,23.197916,2.640587,24.878384,1.098619,11.466735
7.860000,0.020000,3.000000,4.000000,1.800000,13.500000,2.000000,0.934624,53.550000,1.202184,68.880059,1.455230,83.378514,-0.142517,-8.165639,-0.253046,-14.498455,-0.267560,0.253046,3.458160,26.984694,2.016874,23.253381,2.665453,24.932472,1.108773,11.522523
7.880000,0.020000,3.000000,4.000000,1.800000,13.500000,2.000000,0.932006,53.400000,1.200053,68.757989,1.454128,83.315409,-0.142601,-8.170426,-0.254075,-14.557420,-0.268047,0.254075,3.487510,27.037026,2.038274,23.308784,2.690429,24.986489,1.118980,11.578262
7.900000,0.020000,3.000000,4.000000,1.800000,13.500000,2.000000,0.929388,53.250000,1.197922,68.635848,1.453022,83.252053,-0.142684,-8.175208,-0.255101,-14.616205,-0.268534,0.255101,3.516976,27.089292,2.059799,23.364156,2.715528,25.040467,1.129254,11.633986
7.920000,0.020000,3.000000,4.000000,1.800000,13.500000,2.000000,0.926770,53.100000,1.195789,68.513635,1.451912,83.188447,-0.142768,-8.179984,-0.256124,-14.674812,-0.269019,0.256124,3.546557,27.141493,2.081434,23.419466,2.740738,25.094374,1.139582,11.689662
7.940000,0.020000,3.000000,4.000000,1.800000,13.500000,2.000000,0.924152,52.950000,1.193654,68.391352,1.450798,83.124594,-0.142851,-8.184754,-0.257144,-14.733241,-0.269502,0.257144,3.576254,27.193629,2.103194,23.474745,2.766071,25.148242,1.149977,11.745323
7.960000,0.020000,3.000000,4.000000,1.800000,13.500000,2.000000,0.921534,52.800000,1.191519,68.268998,1.449679,83.060492,-0.142934,-8.189518,-0.258160,-14.791493,-0.269985,0.258160,3.606066,27.245698,2.125065,23.529960,2.791514,25.202038,1.160426,11.800936
7.980000,0.020000,3.000000,4.000000,1.800000,13.500000,2.000000,0.918916,52.650000,1.189382,68.146574,1.448556,82.996143,-0.143017,-8.194278,-0.259174,-14.849569,-0.270466,0.259174,3.635994,27.297701,2.147060,23.585144,2.817080,25.255795,1.170942,11.856533
8.000000,0.020000,3.000000,4.000000,1.800000,13.500000,2.000000,0.916298,52.500000,1.187244,68.024079,1.447429,82.931548,-0.143100,-8.199031,-0.260184,-14.907469,-0.270946,0.260184,3.666037,27.349637,2.169166,23.640264,2.842757,25.309478,1.181513,11.912080
8.020000,0.020000,3.000000,4.000000,1.800000,13.500000,2.000000,0.913680,52.350000,1.185105,67.901513,1.446297,82.866707,-0.143183,-8.203780,-0.261192,-14.965194,-0.271425,0.261192,3.696196,27.401507,2.191397,23.695353,2.868556,25.363122,1.192152,11.967613
8.040000,0.020000,3.000000,4.000000,1.800000,13.500000,2.000000,0.911062,52.200000,1.182965,67.778876,1.444764,82.778876,-0.143282,-8.209432,-0.261799,-15.000000,-0.271903,0.261799,3.726470,27.453310,2.213738,23.750376,2.894465,25.416693,1.197529,12.023769
8.060000,0.020000,3.000000,4.000000,1.800000,13.500000,2.000000,0.908444,52.050000,1.180823,67.656156,1.442622,82.656156,-0.143410,-8.216760,-0.261799,-15.000000,-0.272379,0.261799,3.756859,27.505044,2.236203,23.805368,2.920498,25.470222,1.194880,12.080964
8.080000,0.020000,3.000000,4.000000,1.800000,13.500000,2.000000,0.905826,51.900000,1.178679,67.533327,1.440478,82.533327,-0.143550,-8.224802,-0.261799,-15.000000,-0.272853,0.261799,3.787366,27.556710,2.258779,23.860293,2.946641,25.523677,1.192324,12.138149
8.100000,0.020000,3.000000,4.000000,1.800000,13.500000,2.000000,0.903208,51.750000,1.176533,67.410379,1.438332,82.410379,-0.143702,-8.233519,-0.261799,-15.000000,-0.273325,0.261799,3.817991,27.608306,2.281479,23.915186,2.972909,25.577090,1.189872,12.195357
8.120000,0.020000,3.000000,4.000000,1.800000,13.500000,2.000000,0.900590,51.600000,1.174385,67.287301,1.436184,82.287301,-0.143865,-8.242869,-0.261799,-15.000000,-0.273795,0.261799,3.848734,27.659831,2.304289,23.970012,2.999288,25.630427,1.187509,12.252555
8.140000,0.020000,3.000000,4.000000,1.800000,13.500000,2.000000,0.897972,51.450000,1.172234,67.164084,1.434034,82.164084,-0.144039,-8.252817,-0.261799,-15.000000,-0.274263,0.261799,3.879597,27.711285,2.327223,24.024804,3.025791,25.683721,1.185247,12.309776
8.160000,0.020000,3.000000,4.000000,1.800000,13.500000,2.000000,0.895354,51.300000,1.170081,67.040720,1.431881,82.040720,-0.144222,-8.263326,-0.261799,-15.000000,-0.274727,0.261799,3.910579,27.762667,2.350268,24.079529,3.052406,25.736937,1.183071,12.366986
8.180000,0.020000,3.000000,4.000000,1.800000,13.500000,2.000000,0.892736,51.150000,1.167925,66.917200,1.429725,81.917200,-0.144415,-8.274360,-0.261799,-15.000000,-0.275190,0.261799,3.941681,27.813976,2.373437,24.134219,3.079146,25.790110,1.180992,12.424220
8.200000,0.020000,3.000000,4.000000,1.800000,13.500000,2.000000,0.890118,51.000000,1.165767,66.793516,1.427566,81.793516,-0.144616,-8.285887,-0.261799,-15.000000,-0.275649,0.261799,3.972903,27.865213,2.396715,24.188841,3.105998,25.843205,1.178995,12.481443
8.220000,0.020000,3.000000,4.000000,1.800000,13.500000,2.000000,0.887500,50.850000,1.163605,66.669661,1.425404,81.669661,-0.144825,-8.297875,-0.261799,-15.000000,-0.276105,0.261799,4.004246,27.916375,2.420119,24.243428,3.132976,25.896254,1.177094,12.538690
8.240000,0.020000,3.000000,4.000000,1.800000,13.500000,2.000000,0.884882,50.700000,1.161440,66.545627,1.423240,81.545627,-0.145042,-8.310294,-0.261799,-15.000000,-0.276558,0.261799,4.035710,27.967464,2.443632,24.297946,3.160066,25.949225,1.175272,12.595926
8.260000,0.020000,3.000000,4.000000,1.800000,13.500000,2.000000,0.882264,50.550000,1.159272,66.421410,1.421072,81.421410,-0.145266,-8.323113,-0.261799,-15.000000,-0.277008,0.261799,4.067296,28.018477,2.467270,24.352428,3.187282,26.002150,1.173543,12.653185
8.280000,0.020000,3.000000,4.000000,1.800000,13.500000,2.000000,0.879646,50.400000,1.157101,66.297002,1.418900,81.297002,-0.145496,-8.336306,-0.261799,-15.000000,-0.277455,0.261799,4.099004,28.069414,2.491017,24.406839,3.214610,26.054994,1.171890,12.710433
8.300000,0.020000,3.000000,4.000000,1.800000,13.500000,2.000000,0.877028,50.250000,1.154926,66.172399,1.416726,81.172399,-0.145732,-8.349845,-0.261799,-15.000000,-0.277898,0.261799,4.130834,28.120275,2.514890,24.461214,3.242065,26.107792,1.170329,12.767705
8.320000,0.020000,3.000000,4.000000,1.800000,13.500000,2.000000,0.874410,50.100000,1.152748,66.047594,1.414547,81.047594,-0.145974,-8.363705,-0.261799,-15.000000,-0.278338,0.261799,4.162787,28.171059,2.538872,24.515518,3.269632,26.160508,1.168843,12.824966
8.340000,0.020000,3.000000,4.000000,1.800000,13.500000,2.000000,0.871792,49.950000,1.150566,65.922584,1.412366,80.922584,-0.146221,-8.377862,-0.261799,-15.000000,-0.278774,0.261799,4.194862,28.221766,2.562980,24.569786,3.297327,26.213177,1.167447,12.882250
8.360000,0.020000,3.000000,4.000000,1.800000,13.500000,2.000000,0.869174,49.800000,1.148381,65.797364,1.410180,80.797364,-0.146473,-8.392291,-0.261799,-15.000000,-0.279207,0.261799,4.227060,28.272394,2.587197,24.623981,3.325134,26.265763,1.166124,12.939523
8.380000,0.020000,3.000000,4.000000,1.800000,13.500000,2.000000,0.866556,49.650000,1.146191,65.671929,1.407991,80.671929,-0.146729,-8.406970,-0.261799,-15.000000,-0.279635,0.261799,4.259382,28.322944,2.611539,24.678138,3.353068,26.318301,1.164890,12.996819
8.400000,0.020000,3.000000,4.000000,1.800000,13.500000,2.000000,0.863938,49.500000,1.143998,65.546277,1.405798,80.546277,-0.146990,-8.421879,-0.261799,-15.000000,-0.280060,0.261799,4.291828,28.373415,2.635991,24.732223,3.381116,26.370756,1.163728,13.054105
8.420000,0.020000,3.000000,4.000000,1.800000,13.500000,2.000000,0.861320,49.350000,1.141801,65.420404,1.403601,80.420404,-0.147253,-8.436996,-0.261799,-15.000000,-0.280481,0.261799,4.324397,28.423806,2.660569,24.786269,3.409291,26.423161,1.162653,13.111414
8.440000,0.020000,3.000000,4.000000,1.800000,13.500000,2.000000,0.858702,49.200000,1.139601,65.294306,1.401400,80.294306,-0.147521,-8.452303,-0.261799,-15.000000,-0.280899,0.261799,4.357089,28.474117,2.685256,24.840242,3.437579,26.475482,1.161650,13.168711
8.460000,0.020000,3.000000,4.000000,1.800000,13.500000,2.000000,0.856084,49.050000,1.137396,65.167981,1.399195,80.167981,-0.147791,-8.467779,-0.261799,-15.000000,-0.281312,0.261799,4.389906,28.524347,2.710069,24.894175,3.465996,26.527753,1.160734,13.226032
8.480000,0.020000,3.000000,4.000000,1.800000,13.500000,2.000000,0.853466,48.900000,1.135187,65.041427,1.396986,80.041427,-0.148063,-8.483408,-0.261799,-15.000000,-0.281721,0.261799,4.422848,28.574496,2.734992,24.948034,3.494525,26.579938,1.159888,13.283342
8.500000,0.020000,3.000000,4.000000,1.800000,13.500000,2.000000,0.850848,48.750000,1.132974,64.914640,1.394774,79.914640,-0.148339,-8.499173,-0.261799,-15.000000,-0.282126,0.261799,4.455913,28.624562,2.760041,25.001854,3.523184,26.632073,1.159129,13.340675
8.520000,0.020000,3.000000,4.000000,1.800000,13.500000,2.000000,0.848230,48.600000,1.130757,64.787620,1.392557,79.787620,-0.148616,-8.515057,-0.261799,-15.000000,-0.282527,0.261799,4.489103,28.674547,2.785200,25.055597,3.551954,26.684121,1.158440,13.397997
8.540000,0.020000,3.000000,4.000000,1.800000,13.500000,2.000000,0.845612,48.450000,1.128536,64.660364,1.390336,79.660364,-0.148895,-8.531045,-0.261799,-15.000000,-0.282924,0.261799,4.522418,28.724448,2.810485,25.109301,3.580855,26.736117,1.157837,13.455342
8.560000,0.020000,3.000000,4.000000,1.800000,13.500000,2.000000,0.842994,48.300000,1.126311,64.532871,1.388110,79.532871,-0.149175,-8.547121,-0.261799,-15.000000,-0.283317,0.261799,4.555857,28.774266,2.835880,25.162928,3.609868,26.788026,1.157304,13.512676
8.580000,0.020000,3.000000,4.000000,1.800000,13.500000,2.000000,0.840376,48.150000,1.124082,64.405140,1.385881,79.405140,-0.149457,-8.563273,-0.261799,-15.000000,-0.283706,0.261799,4.589421,28.824000,2.861402,25.216514,3.639010,26.839883,1.156857,13.570033
8.600000,0.020000,3.000000,4.000000,1.800000,13.500000,2.000000,0.837758,48.000000,1.121848,64.277169,1.383648,79.277169,-0.149740,-8.579486,-0.261799,-15.000000,-0.284090,0.261799,4.623110,28.873649,2.887033,25.270023,3.668265,26.891651,1.156480,13.627378
8.620000,0.020000,3.000000,4.000000,1.800000,13.500000,2.000000,0.835140,47.850000,1.119611,64.148957,1.381410,79.148957,-0.150024,-8.595748,-0.261799,-15.000000,-0.284470,0.261799,4.656923,28.923214,2.912791,25.323491,3.697651,26.943366,1.156190,13.684747
8.640000,0.020000,3.000000,4.000000,1.800000,13.500000,2.000000,0.832522,47.700000,1.117369,64.020504,1.379168,79.020504,-0.150309,-8.612047,-0.261799,-15.000000,-0.284847,0.261799,4.690862,28.972693,2.938664,25.376889,3.727153,26.995001,1.155974,13.742113
8.660000,0.020000,3.000000,4.000000,1.800000,13.500000,2.000000,0.829904,47.550000,1.115122,63.891810,1.376922,78.891810,-0.150593,-8.628371,-0.261799,-15.000000,-0.285218,0.261799,4.724925,29.022086,2.964655,25.430227,3.756776,27.046564,1.155836,13.799484
8.680000,0.020000,3.000000,4.000000,1.800000,13.500000,2.000000,0.827286,47.400000,1.112872,63.762873,1.374671,78.762873,-0.150879,-8.644710,-0.261799,-15.000000,-0.285586,0.261799,4.759113,29.071393,2.990765,25.483504,3.786521,27.098054,1.155777,13.856861
8.700000,0.020000,3.000000,4.000000,1.800000,13.500000,2.000000,0.824668,47.250000,1.110617,63.633694,1.372417,78.633694,-0.151164,-8.661052,-0.261799,-15.000000,-0.285949,0.261799,4.793426,29.120613,3.016993,25.536720,3.816388,27.149472,1.155797,13.914244
8.720000,0.020000,3.000000,4.000000,1.800000,13.500000,2.000000,0.822050,47.100000,1.108359,63.504273,1.370158,78.504273,-0.151449,-8.677388,-0.261799,-15.000000,-0.286309,0.261799,4.827864,29.169745,3.043340,25.589875,3.846376,27.200817,1.155896,13.971632
8.740000,0.020000,3.000000,4.000000,1.800000,13.500000,2.000000,0.819432,46.950000,1.106096,63.374609,1.367895,78.374609,-0.151734,-8.693708,-0.261799,-15.000000,-0.286664,0.261799,4.862427,29.218790,3.069806,25.642967,3.876486,27.252088,1.156074,14.029026
8.760000,0.020000,3.000000,4.000000,1.800000,13.500000,2.000000,0.816814,46.800000,1.103828,63.244704,1.365628,78.244704,-0.152018,-8.710004,-0.261799,-15.000000,-0.287014,0.261799,4.897115,29.267747,3.096391,25.695998,3.906717,27.303285,1.156332,14.086425
8.780000,0.020000,3.000000,4.000000,1.800000,13.500000,2.000000,0.814196,46.650000,1.101557,63.114556,1.363356,78.114556,-0.152302,-8.726268,-0.261799,-15.000000,-0.287361,0.261799,4.931928,29.316615,3.123095,25.748965,3.937070,27.354408,1.156670,14.143830
8.800000,0.020000,3.000000,4.000000,1.800000,13.500000,2.000000,0.811578,46.500000,1.099281,62.984168,1.361080,77.984168,-0.152585,-8.742490,-0.261799,-15.000000,-0.287703,0.261799,4.966865,29.365394,3.149918,25.801870,3.967544,27.405456,1.157088,14.201239
8.820000,0.020000,3.000000,4.000000,1.800000,13.500000,2.000000,0.808960,46.350000,1.097001,62.853539,1.358801,77.853539,-0.152868,-8.758665,-0.261799,-15.000000,-0.288041,0.261799,5.001927,29.414083,3.176861,25.854711,3.998141,27.456428,1.157587,14.258654
8.840000,0.020000,3.000000,4.000000,1.800000,13.500000,2.000000,0.806342,46.200000,1.094717,62.722671,1.356517,77.722671,-0.153149,-8.774784,-0.261799,-15.000000,-0.288375,0.261799,5.037114,29.462683,3.203922,25.907488,4.028858,27.507326,1.158167,14.316073
8.860000,0.020000,3.000000,4.000000,1.800000,13.500000,2.000000,0.803724,46.050000,1.092429,62.591563,1.354228,77.591563,-0.153429,-8.790840,-0.261799,-15.000000,-0.288705,0.261799,5.072425,29.511192,3.231103,25.960201,4.059698,27.558147,1.158830,14.373498
8.880000,0.020000,3.000000,4.000000,1.800000,13.500000,2.000000,0.801106,45.900000,1.090136,62.460217,1.351936,77.460217,-0.153708,-8.806828,-0.261799,-15.000000,-0.289030,0.261799,5.107861,29.559610,3.258403,26.012850,4.090659,27.608892,1.159574,14.430928
8.900000,0.020000,3.000000,4.000000,1.800000,13.500000,2.000000,0.798488,45.750000,1.087840,62.328635,1.349639,77.328635,-0.153986,-8.822742,-0.261799,-15.000000,-0.289352,0.261799,5.143421,29.607936,3.285823,26.065433,4.121742,27.659560,1.160400,14.488362
8.920000,0.020000,3.000000,4.000000,1.800000,13.500000,2.000000,0.795870,45.600000,1.085539,62.196816,1.347339,77.196816,-0.154262,-8.838575,-0.261799,-15.000000,-0.289669,0.261799,5.179105,29.656172,3.313362,26.117951,4.152947,27.710150,1.161310,14.545800
8.940000,0.020000,3.000000,4.000000,1.800000,13.500000,2.000000,0.793252,45.450000,1.083234,62.064763,1.345034,77.064763,-0.154537,-8.854323,-0.261799,-15.000000,-0.289982,0.261799,5.214914,29.704314,3.341021,26.170404,4.184273,27.760664,1.162304,14.603243
8.960000,0.020000,3.000000,4.000000,1.800000,13.500000,2.000000,0.790634,45.300000,1.080926,61.932476,1.342725,76.932476,-0.154810,-8.869980,-0.261799,-15.000000,-0.290291,0.261799,5.250847,29.752365,3.368799,26.222790,4.215721,27.811099,1.163381,14.660691
8.980000,0.020000,3.000000,4.000000,1.800000,13.500000,2.000000,0.788016,45.150000,1.078613,61.799958,1.340412,76.799958,-0.155082,-8.885543,-0.261799,-15.000000,-0.290597,0.261799,5.286903,29.800322,3.396698,26.275110,4.247290,27.861456,1.164544,14.718143
9.000000,0.020000,3.000000,4.000000,1.800000,13.500000,2.000000,0.785398,45.000000,1.076296,61.667208,1.338095,76.667208,-0.155352,-8.901005,-0.261799,-15.000000,-0.290898,0.261799,5.323084,29.848187,3.424715,26.327363,4.278981,27.911734,1.165791,14.775598
9.020000,0.020000,3.000000,4.000000,1.800000,13.500000,2.000000,0.782780,44.850000,1.073975,61.534230,1.335774,76.534230,-0.155620,-8.916364,-0.261799,-15.000000,-0.291195,0.261799,5.359388,29.895957,3.452853,26.379549,4.310794,27.961932,1.167124,14.833058
9.040000,0.020000,3.000000,4.000000,1.800000,13.500000,2.000000,0.780162,44.700000,1.071650,61.401024,1.333449,76.401024,-0.155886,-8.931615,-0.261799,-15.000000,-0.291488,0.261799,5.395815,29.943633,3.481111,26.431667,4.342728,28.012052,1.168544,14.890522
9.060000,0.020000,3.000000,4.000000,1.800000,13.500000,2.000000,0.777544,44.550000,1.069321,61.267592,1.331121,76.267592,-0.156150,-8.946755,-0.261799,-15.000000,-0.291777,0.261799,5.432367,29.991215,3.509488,26.483717,4.374784,28.062091,1.170050,14.947989
9.080000,0.020000,3.000000,4.000000,1.800000,13.500000,2.000000,0.774926,44.400000,1.066988,61.133936,1.328788,76.133936,-0.156413,-8.961781,-0.261799,-15.000000,-0.292062,0.261799,5.469041,30.038702,3.537986,26.535699,4.406961,28.112050,1.171644,15.005459
9.100000,0.020000,3.000000,4.000000,1.800000,13.500000,2.000000,0.772308,44.250000,1.064652,61.000057,1.326451,76.000057,-0.156673,-8.976689,-0.261799,-15.000000,-0.292344,0.261799,5.505838,30.086093,3.566603,26.587612,4.439259,28.161929,1.173326,15.062933
9.120000,0.020000,3.000000,4.000000,1.800000,13.500000,2.000000,0.769690,44.100000,1.062311,60.865957,1.324111,75.865957,-0.156931,-8.991476,-0.261799,-15.000000,-0.292621,0.261799,5.542759,30.133389,3.595341,26.639456,4.471679,28.211726,1.175097,15.120410
9.140000,0.020000,3.000000,4.000000,1.800000,13.500000,2.000000,0.767072,43.950000,1.059967,60.731638,1.321766,75.731638,-0.157187,-9.006141,-0.261799,-15.000000,-0.292895,0.261799,5.579802,30.180588,3.624199,26.691231,4.504220,28.261442,1.176957,15.177890
9.160000,0.020000,3.000000,4.000000,1.800000,13.500000,2.000000,0.764454,43.800000,1.057619,60.597101,1.319418,75.597101,-0.157441,-9.020680,-0.261799,-15.000000,-0.293165,0.261799,5.616968,30.227691,3.653176,26.742936,4.536882,28.311076,1.178908,15.235373
9.180000,0.020000,3.000000,4.000000,1.800000,13.500000,2.000000,0.761836,43.650000,1.055267,60.462350,1.317066,75.462350,-0.157692,-9.035091,-0.261799,-15.000000,-0.293431,0.261799,5.654256,30.274698,3.682274,26.794570,4.569666,28.360627,1.180948,15.292858
9.200000,0.020000,3.000000,4.000000,1.800000,13.500000,2.000000,0.759218,43.500000,1.052911,60.327385,1.314711,75.327385,-0.157941,-9.049372,-0.261799,-15.000000,-0.293693,0.261799,5.691666,30.321607,3.711493,26.846134,4.602571,28.410097,1.183080,15.350346
9.220000,0.020000,3.000000,4.000000,1.800000,13.500000,2.000000,0.756600,43.350000,1.050552,60.192208,1.312352,75.192208,-0.158188,-9.063522,-0.261799,-15.000000,-0.293952,0.261799,5.729199,30.368418,3.740831,26.897627,4.635597,28.459483,1.185304,15.407836
9.240000,0.020000,3.000000,4.000000,1.800000,13.500000,2.000000,0.753982,43.200000,1.048189,60.056822,1.309989,75.056822,-0.158433,-9.077538,-0.261799,-15.000000,-0.294207,0.261799,5.766853,30.415132,3.770290,26.949048,4.668743,28.508786,1.187620,15.465328
9.260000,0.020000,3.000000,4.000000,1.800000,13.500000,2.000000,0.751364,43.050000,1.045823,59.921228,1.307622,74.921228,-0.158675,-9.091419,-0.261799,-15.000000,-0.294458,0.261799,5.804629,30.461747,3.799869,27.000398,4.702011,28.558005,1.190029,15.522822
9.280000,0.020000,3.000000,4.000000,1.800000,13.500000,2.000000,0.748746,42.900000,1.043453,59.785428,1.305252,74.785428,-0.158915,-9.105164,-0.261799,-15.000000,-0.294706,0.261799,5.842527,30.508263,3.829568,27.051676,4.735400,28.607140,1.192532,15.580318
9.300000,0.020000,3.000000,4.000000,1.800000,13.500000,2.000000,0.746128,42.750000,1.041079,59.649425,1.302878,74.649425,-0.159153,-9.118772,-0.261799,-15.000000,-0.294951,0.261799,5.880546,30.554680,3.859388,27.102881,4.768909,28.656191,1.195130,15.637815
9.320000,0.020000,3.000000,4.000000,1.800000,13.500000,2.000000,0.743510,42.600000,1.038702,59.513221,1.300501,74.513221,-0.159388,-9.132240,-0.261799,-15.000000,-0.295191,0.261799,5.918686,30.600998,3.889328,27.154013,4.802539,28.705157,1.197823,15.695313
9.340000,0.020000,3.000000,4.000000,1.800000,13.500000,2.000000,0.740892,42.450000,1.036321,59.376817,1.298120,74.376817,-0.159620,-9.145569,-0.261799,-15.000000,-0.295429,0.261799,5.956947,30.647216,3.919388,27.205072,4.836289,28.754037,1.200611,15.752813
9.360000,0.020000,3.000000,4.000000,1.800000,13.500000,2.000000,0.738274,42.300000,1.033937,59.240215,1.295736,74.240215,-0.159850,-9.158758,-0.261799,-15.000000,-0.295663,0.261799,5.995328,30.693334,3.949569,27.256058,4.870160,28.802832,1.203495,15.810313
9.380000,0.020000,3.000000,4.000000,1.800000,13.500000,2.000000,0.735656,42.150000,1.031549,59.103418,1.293349,74.103418,-0.160078,-9.171806,-0.261799,-15.000000,-0.295893,0.261799,6.033830,30.739352,3.979870,27.306970,4.904152,28.851542,1.206477,15.867813
9.400000,0.020000,3.000000,4.000000,1.800000,13.500000,2.000000,0.733038,42.000000,1.029158,58.966428,1.290958,73.966428,-0.160303,-9.184712,-0.261799,-15.000000,-0.296120,0.261799,6.072452,30.785268,4.010291,27.357807,4.938263,28.900165,1.209556,15.925314
9.420000,0.020000,3.000000,4.000000,1.800000,13.500000,2.000000,0.730420,41.850000,1.026764,58.829247,1.288563,73.829247,-0.160526,-9.197476,-0.261799,-15.000000,-0.296344,0.261799,6.111194,30.831084,4.040833,27.408570,4.972495,28.948701,1.212733,15.982815
9.440000,0.020000,3.000000,4.000000,1.800000,13.500000,2.000000,0.727802,41.700000,1.024366,58.691877,1.286166,73.691877,-0.160747,-9.210097,-0.261799,-15.000000,-0.296564,0.261799,6.150056,30.876798,4.071495,27.459257,5.006847,28.997150,1.216010,16.040316
9.460000,0.020000,3.000000,4.000000,1.800000,13.500000,2.000000,0.725184,41.550000,1.021966,58.554320,1.283765,73.554320,-0.160964,-9.222576,-0.261799,-15.000000,-0.296781,0.261799,6.189037,30.922410,4.102277,27.509869,5.041319,29.045512,1.219386,16.097817
9.480000,0.020000,3.000000,4.000000,1.800000,13.500000,2.000000,0.722566,41.400000,1.019562,58.416578,1.281361,73.416578,-0.161180,-9.234912,-0.261799,-15.000000,-0.296995,0.261799,6.228138,30.967919,4.133180,27.560405,5.075911,29.093787,1.222862,16.155317
9.500000,0.020000,3.000000,4.000000,1.800000,13.500000,2.000000,0.719948,41.250000,1.017154,58.278654,1.278954,73.278654,-0.161392,-9.247105,-0.261799,-15.000000,-0.297206,0.261799,6.267358,31.013327,4.164203,27.610865,5.110623,29.141973,1.226439,16.212815
9.520000,0.020000,3.000000,4.000000,1.800000,13.500000,2.000000,0.717330,41.100000,1.014744,58.140549,1.276543,73.140549,-0.161603,-9.259155,-0.261799,-15.000000,-0.297414,0.261799,6.306696,31.058631,4.195347,27.661249,5.145454,29.190071,1.230117,16.270313
9.540000,0.020000,3.000000,4.000000,1.800000,13.500000,2.000000,0.714712,40.950000,1.012331,58.002266,1.274130,73.002266,-0.161811,-9.271063,-0.261799,-15.000000,-0.297618,0.261799,6.346153,31.103832,4.226611,27.711556,5.180405,29.238080,1.233897,16.327810
9.560000,0.020000,3.000000,4.000000,1.800000,13.500000,2.000000,0.712094,40.800000,1.009914,57.863806,1.271713,72.863806,-0.162016,-9.282828,-0.261799,-15.000000,-0.297820,0.261799,6.385729,31.148929,4.257995,27.761785,5.215475,29.286000,1.237780,16.385304
9.580000,0.020000,3.000000,4.000000,1.800000,13.500000,2.000000,0.709476,40.650000,1.007494,57.725172,1.269294,72.725172,-0.162219,-9.294450,-0.261799,-15.000000,-0.298018,0.261799,6.425423,31.193923,4.289499,27.811937,5.250665,29.333830,1.241767,16.442797
9.600000,0.020000,3.000000,4.000000,1.800000,13.500000,2.000000,0.706858,40.500000,1.005072,57.586366,1.266871,72.586366,-0.162419,-9.305931,-0.261799,-15.000000,-0.298213,0.261799,6.465234,31.238812,4.321123,27.862010,5.285973,29.381571,1.245857,16.500288
9.620000,0.020000,3.000000,4.000000,1.800000,13.500000,2.000000,0.704240,40.350000,1.002646,57.447391,1.264445,72.447391,-0.162617,-9.317270,-0.261799,-15.000000,-0.298406,0.261799,6.505163,31.283597,4.352868,27.912006,5.321401,29.429222,1.250052,16.557776
9.640000,0.020000,3.000000,4.000000,1.800000,13.500000,2.000000,0.701622,40.200000,1.000218,57.308247,1.262017,72.308247,-0.162812,-9.328468,-0.261799,-15.000000,-0.298595,0.261799,6.545210,31.328276,4.384733,27.961922,5.356948,29.476782,1.254352,16.615261
9.660000,0.020000,3.000000,4.000000,1.800000,13.500000,2.000000,0.699004,40.050000,0.997786,57.168938,1.259586,72.168938,-0.163005,-9.339525,-0.261799,-15.000000,-0.298782,0.261799,6.585373,31.372851,4.416718,28.011760,5.392613,29.524251,1.258758,16.672743
9.680000,0.020000,3.000000,4.000000,1.800000,13.500000,2.000000,0.696386,39.900000,0.995352,57.029465,1.257151,72.029465,-0.163196,-9.350443,-0.261799,-15.000000,-0.298966,0.261799,6.625654,31.417320,4.448823,28.061518,5.428397,29.571629,1.263271,16.730222
9.700000,0.020000,3.000000,4.000000,1.800000,13.500000,2.000000,0.693768,39.750000,0.992915,56.889830,1.254714,71.889830,-0.163384,-9.361221,-0.261799,-15.000000,-0.299146,0.261799,6.666051,31.461683,4.481048,28.111196,5.464299,29.618915,1.267890,16.787697
9.720000,0.020000,3.000000,4.000000,1.800000,13.500000,2.000000,0.691150,39.600000,0.990475,56.750036,1.252274,71.750036,-0.163570,-9.371860,-0.261799,-15.000000,-0.299325,0.261799,6.706564,31.505940,4.513393,28.160794,5.500320,29.666109,1.272617,16.845169
9.740000,0.020000,3.000000,4.000000,1.800000,13.500000,2.000000,0.688532,39.450000,0.988032,56.610084,1.249832,71.610084,-0.163753,-9.382362,-0.261799,-15.000000,-0.299500,0.261799,6.747193,31.550090,4.545858,28.210311,5.536459,29.713212,1.277452,16.902636
9.760000,0.020000,3.000000,4.000000,1.800000,13.500000,2.000000,0.685914,39.300000,0.985587,56.469977,1.247386,71.469977,-0.163934,-9.392726,-0.261799,-15.000000,-0.299673,0.261799,6.787939,31.594134,4.578443,28.259748,5.572716,29.760221,1.282395,16.960098
9.780000,0.020000,3.000000,4.000000,1.800000,13.500000,2.000000,0.683296,39.150000,0.983139,56.329717,1.244938,71.329717,-0.164113,-9.402954,-0.261799,-15.000000,-0.299843,0.261799,6.828799,31.638070,4.611148,28.309103,5.609091,29.807138,1.287448,17.017556
9.800000,0.020000,3.000000,4.000000,1.800000,13.500000,2.000000,0.680678,39.000000,0.980688,56.189305,1.242488,71.189305,-0.164289,-9.413047,-0.261799,-15.000000,-0.300010,0.261799,6.869775,31.681899,4.643972,28.358376,5.645584,29.853961,1.292611,17.075009
9.820000,0.020000,3.000000,4.000000,1.800000,13.500000,2.000000,0.678060,38.850000,0.978235,56.048744,1.240035,71.048744,-0.164462,-9.423005,-0.261799,-15.000000,-0.300175,0.261799,6.910866,31.725620,4.676917,28.407568,5.682194,29.900691,1.297885,17.132456
9.840000,0.020000,3.000000,4.000000,1.800000,13.500000,2.000000,0.675442,38.700000,0.975779,55.908035,1.237579,70.908035,-0.164634,-9.432829,-0.261799,-15.000000,-0.300337,0.261799,6.952072,31.769233,4.709980,28.456677,5.718922,29.947327,1.303269,17.189898
9.860000,0.020000,3.000000,4.000000,1.800000,13.500000,2.000000,0.672824,38.550000,0.973321,55.767182,1.235120,70.767182,-0.164803,-9.442521,-0.261799,-15.000000,-0.300497,0.261799,6.993392,31.812738,4.743164,28.505704,5.755767,29.993869,1.308765,17.247333
9.880000,0.020000,3.000000,4.000000,1.800000,13.500000,2.000000,0.670206,38.400000,0.970860,55.626184,1.232659,70.626184,-0.164970,-9.452081,-0.261799,-15.000000,-0.300654,0.261799,7.034826,31.856133,4.776467,28.554647,5.792729,30.040316,1.314373,17.304762
9.900000,0.020000,3.000000,4.000000,1.800000,13.500000,2.000000,0.667588,38.250000,0.968397,55.485046,1.230196,70.485046,-0.165135,-9.461511,-0.261799,-15.000000,-0.300808,0.261799,7.076374,31.899420,4.809889,28.603507,5.829808,30.086668,1.320094,17.362184
9.920000,0.020000,3.000000,4.000000,1.800000,13.500000,2.000000,0.664970,38.100000,0.965931,55.343767,1.227730,70.343767,-0.165297,-9.470811,-0.261799,-15.000000,-0.300961,0.261799,7.118036,31.942598,4.843431,28.652283,5.867003,30.132925,1.325927,17.419600
9.940000,0.020000,3.000000,4.000000,1.800000,13.500000,2.000000,0.662352,37.950000,0.963463,55.202352,1.225262,70.202352,-0.165457,-9.479982,-0.261799,-15.000000,-0.301110,0.261799,7.159811,31.985666,4.877092,28.700975,5.904316,30.179086,1.331875,17.477008
9.960000,0.020000,3.000000,4.000000,1.800000,13.500000,2.000000,0.659734,37.800000,0.960992,55.060800,1.222792,70.060800,-0.165615,-9.489026,-0.261799,-15.000000,-0.301258,0.261799,7.201699,32.028624,4.910872,28.749583,5.941744,30.225151,1.337937,17.534408
9.980000,0.020000,3.000000,4.000000,1.800000,13.500000,2.000000,0.657116,37.650000,0.958519,54.919115,1.220319,69.919115,-0.165770,-9.497944,-0.261799,-15.000000,-0.301403,0.261799,7.243700,32.071471,4.944771,28.798105,5.979289,30.271120,1.344113,17.591800
10.000000,0.020000,3.000000,4.000000,1.800000,13.500000,2.000000,0.654498,37.500000,0.956044,54.777297,1.217844,69.777297,-0.165924,-9.506737,-0.261799,-15.000000,-0.301546,0.261799,7.285814,32.114208,4.978790,28.846543,6.016950,30.316992,1.350405,17.649184
10.020000,0.020000,3.000000,4.000000,1.800000,13.500000,2.000000,0.651880,37.350000,0.953567,54.635350,1.215366,69.635350,-0.166075,-9.515405,-0.261799,-15.000000,-0.301686,0.261799,7.328039,32.156835,5.012927,28.894894,6.054727,30.362767,1.356812,17.706560
10.040000,0.020000,3.000000,4.000000,1.800000,13.500000,2.000000,0.649262,37.200000,0.951087,54.493274,1.212886,69.493274,-0.166224,-9.523951,-0.261799,-15.000000,-0.301825,0.261799,7.370377,32.199350,5.047183,28.943160,6.092620,30.408446,1.363336,17.763926
10.060000,0.020000,3.000000,4.000000,1.800000,13.500000,2.000000,0.646644,37.050000,0.948605,54.351072,1.210405,69.351072,-0.166371,-9.532375,-0.261799,-15.000000,-0.301961,0.261799,7.412826,32.241753,5.081558,28.991340,6.130628,30.454026,1.369977,17.821283
10.080000,0.020000,3.000000,4.000000,1.800000,13.500000,2.000000,0.644026,36.900000,0.946121,54.208746,1.207920,69.208746,-0.166516,-9.540678,-0.261799,-15.000000,-0.302095,0.261799,7.455386,32.284045,5.116051,29.039433,6.168752,30.499509,1.376734,17.878630
10.100000,0.020000,3.000000,4.000000,1.800000,13.500000,2.000000,0.641409,36.750000,0.943635,54.066296,1.205434,69.066296,-0.166659,-9.548863,-0.261799,-15.000000,-0.302226,0.261799,7.498058,32.326225,5.150663,29.087439,6.206991,30.544893,1.383610,17.935968
10.120000,0.020000,3.000000,4.000000,1.800000,13.500000,2.000000,0.638791,36.600000,0.941147,53.923726,1.202946,68.923726,-0.166800,-9.556929,-0.261799,-15.000000,-0.302356,0.261799,7.540840,32.368293,5.185393,29.135358,6.245344,30.590178,1.390603,17.993294
10.140000,0.020000,3.000000,4.000000,1.800000,13.500000,2.000000,0.636173,36.450000,0.938656,53.781036,1.200456,68.781036,-0.166939,-9.564878,-0.261799,-15.000000,-0.302484,0.261799,7.583733,32.410248,5.220242,29.183189,6.283813,30.635365,1.397716,18.050610
10.160000,0.020000,3.000000,4.000000,1.800000,13.500000,2.000000,0.633555,36.300000,0.936164,53.638229,1.197963,68.638229,-0.167075,-9.572712,-0.261799,-15.000000,-0.302609,0.261799,7.626736,32.452090,5.255209,29.230932,6.322396,30.680453,1.404947,18.107915
10.180000,0.020000,3.000000,4.000000,1.800000,13.500000,2.000000,0.630937,36.150000,0.933669,53.495305,1.195469,68.495305,-0.167210,-9.580431,-0.261799,-15.000000,-0.302733,0.261799,7.669848,32.493819,5.290294,29.278586,6.361093,30.725441,1.412298,18.165209
10.200000,0.020000,3.000000,4.000000,1.800000,13.500000,2.000000,0.628319,36.000000,0.931173,53.352268,1.192972,68.352268,-0.167343,-9.588037,-0.261799,-15.000000,-0.302854,0.261799,7.713071,32.535434,5.325497,29.326152,6.399905,30.770329,1.419768,18.222491
10.220000,0.020000,3.000000,4.000000,1.800000,13.500000,2.000000,0.625701,35.850000,0.928674,53.209118,1.190474,68.209118,-0.167474,-9.595531,-0.261799,-15.000000,-0.302974,0.261799,7.756402,32.576936,5.360817,29.373629,6.438831,30.815117,1.427360,18.279760
10.240000,0.020000,3.000000,4.000000,1.800000,13.500000,2.000000,0.623083,35.700000,0.926174,53.065857,1.187973,68.065857,-0.167602,-9.602914,-0.261799,-15.000000,-0.303091,0.261799,7.799843,32.618323,5.396256,29.421016,6.477870,30.859804,1.435072,18.337018
10.260000,0.020000,3.000000,4.000000,1.800000,13.500000,2.000000,0.620465,35.550000,0.923672,52.922487,1.185471,67.922487,-0.167729,-9.610188,-0.261799,-15.000000,-0.303207,0.261799,7.843392,32.659596,5.431812,29.468314,6.517023,30.904391,1.442905,18.394262
10.280000,0.020000,3.000000,4.000000,1.800000,13.500000,2.000000,0.617847,35.400000,0.921167,52.779010,1.182967,67.779010,-0.167854,-9.617354,-0.261799,-15.000000,-0.303321,0.261799,7.887049,32.700755,5.467486,29.515521,6.556289,30.948876,1.450860,18.451493
10.300000,0.020000,3.000000,4.000000,1.800000,13.500000,2.000000,0.615229,35.250000,0.918661,52.635426,1.180461,67.635426,-0.167978,-9.624413,-0.261799,-15.000000,-0.303433,0.261799,7.930815,32.741798,5.503277,29.562638,6.595669,30.993260,1.458937,18.508710
10.320000,0.020000,3.000000,4.000000,1.800000,13.500000,2.000000,0.612611,35.100000,0.916154,52.491738,1.177953,67.491738,-0.168099,-9.631366,-0.261799,-15.000000,-0.303543,0.261799,7.974688,32.782726,5.539185,29.609664,6.635161,31.037542,1.467137,18.565914
10.340000,0.020000,3.000000,4.000000,1.800000,13.500000,2.000000,0.609993,34.950000,0.913644,52.347947,1.175443,67.347947,-0.168219,-9.638215,-0.261799,-15.000000,-0.303651,0.261799,8.018669,32.823539,5.575210,29.656599,6.674767,31.081722,1.475459,18.623103
10.360000,0.020000,3.000000,4.000000,1.800000,13.500000,2.000000,0.607375,34.800000,0.911133,52.204055,1.172932,67.204055,-0.168336,-9.644961,-0.261799,-15.000000,-0.303758,0.261799,8.062757,32.864236,5.611353,29.703443,6.714485,31.125800,1.483905,18.680277
10.380000,0.020000,3.000000,4.000000,1.800000,13.500000,2.000000,0.604757,34.650000,0.908620,52.060064,1.170419,67.060064,-0.168452,-9.651604,-0.261799,-15.000000,-0.303863,0.261799,8.106952,32.904817,5.647612,29.750195,6.754315,31.169775,1.492475,18.737436
10.400000,0.020000,3.000000,4.000000,1.800000,13.500000,2.000000,0.602139,34.500000,0.906105,51.915974,1.167904,66.915974,-0.168566,-9.658147,-0.261799,-15.000000,-0.303966,0.261799,8.151253,32.945282,5.683987,29.796854,6.794257,31.213647,1.501168,18.794580
10.420000,0.020000,3.000000,4.000000,1.800000,13.500000,2.000000,0.599521,34.350000,0.903588,51.771787,1.165388,66.771787,-0.168679,-9.664591,-0.261799,-15.000000,-0.304068,0.261799,8.195661,32.985630,5.720480,29.843421,6.834311,31.257415,1.509986,18.851708
10.440000,0.020000,3.000000,4.000000,1.800000,13.500000,2.000000,0.596903,34.200000,0.901070,51.627505,1.162869,66.627505,-0.168790,-9.670936,-0.261799,-15.000000,-0.304167,0.261799,8.240174,33.025861,5.757088,29.889895,6.874477,31.301080,1.518929,18.908820
10.460000,0.020000,3.000000,4.000000,1.800000,13.500000,2.000000,0.594285,34.050000,0.898550,51.483129,1.160349,66.483129,-0.168899,-9.677184,-0.261799,-15.000000,-0.304265,0.261799,8.284793,33.065975,5.793813,29.936276,6.914754,31.344641,1.527997,18.965915
10.480000,0.020000,3.000000,4.000000,1.800000,13.500000,2.000000,0.591667,33.900000,0.896029,51.338661,1.157828,66.338661,-0.169006,-9.683337,-0.261799,-15.000000,-0.304362,0.261799,8.329518,33.105972,5.830654,29.982564,6.955143,31.388097,1.537190,19.022994
10.500000,0.020000,3.000000,4.000000,1.800000,13.500000,2.000000,0.589049,33.750000,0.893506,51.194101,1.155305,66.194101,-0.169112,-9.689395,-0.261799,-15.000000,-0.304457,0.261799,8.374347,33.145851,5.867611,30.028757,6.995642,31.431449,1.546509,19.080055
10.520000,0.020000,3.000000,4.000000,1.800000,13.500000,2.000000,0.586431,33.600000,0.890981,51.049452,1.152780,66.049452,-0.169216,-9.695359,-0.261799,-15.000000,-0.304550,0.261799,8.419281,33.185612,5.904684,30.074856,7.036253,31.474696,1.555955,19.137098
10.540000,0.020000,3.000000,4.000000,1.800000,13.500000,2.000000,0.583813,33.450000,0.888455,50.904715,1.150254,65.904715,-0.169318,-9.701232,-0.261799,-15.000000,-0.304642,0.261799,8.464320,33.225254,5.941872,30.120861,7.076973,31.517838,1.565526,19.194123
10.560000,0.020000,3.000000,4.000000,1.800000,13.500000,2.000000,0.581195,33.300000,0.885927,50.759891,1.147727,65.759891,-0.169419,-9.707014,-0.261799,-15.000000,-0.304733,0.261799,8.509462,33.264778,5.979176,30.166771,7.117805,31.560874,1.575225,19.251130
10.580000,0.020000,3.000000,4.000000,1.800000,13.500000,2.000000,0.578577,33.150000,0.883398,50.614982,1.145197,65.614982,-0.169519,-9.712705,-0.261799,-15.000000,-0.304821,0.261799,8.554708,33.304184,6.016595,30.212586,7.158746,31.603805,1.585051,19.308118
10.600000,0.020000,3.000000,4.000000,1.800000,13.500000,2.000000,0.575959,33.000000,0.880867,50.469989,1.142667,65.469989,-0.169616,-9.718309,-0.261799,-15.000000,-0.304909,0.261799,8.600058,33.343470,6.054129,30.258305,7.199797,31.646629,1.595004,19.365086
10.620000,0.020000,3.000000,4.000000,1.800000,13.500000,2.000000,0.573341,32.850000,0.878335,50.324912,1.140135,65.324912,-0.169713,-9.723825,-0.261799,-15.000000,-0.304995,0.261799,8.645511,33.382637,6.091778,30.303928,7.240958,31.689347,1.605086,19.422035
10.640000,0.020000,3.000000,4.000000,1.800000,13.500000,2.000000,0.570723,32.700000,0.875802,50.179754,1.137601,65.179754,-0.169808,-9.729255,-0.261799,-15.000000,-0.305079,0.261799,8.691066,33.421684,6.129542,30.349455,7.282228,31.731958,1.615295,19.478964
10.660000,0.020000,3.000000,4.000000,1.800000,13.500000,2.000000,0.568105,32.550000,0.873267,50.034516,1.135066,65.034516,-0.169901,-9.734599,-0.261799,-15.000000,-0.305162,0.261799,8.736724,33.460612,6.167420,30.394886,7.323607,31.774462,1.625632,19.535872
10.680000,0.020000,3.000000,4.000000,1.800000,13.500000,2.000000,0.565487,32.400000,0.870731,49.889199,1.132530,64.889199,-0.169993,-9.739860,-0.261799,-15.000000,-0.305244,0.261799,8.782485,33.499419,6.205413,30.440219,7.365095,31.816859,1.636099,19.592760
10.700000,0.020000,3.000000,4.000000,1.800000,13.500000,2.000000,0.562869,32.250000,0.868193,49.743804,1.129993,64.743804,-0.170083,-9.745038,-0.261799,-15.000000,-0.305324,0.261799,8.828347,33.538106,6.243520,30.485456,7.406692,31.859148,1.646694,19.649627
10.720000,0.020000,3.000000,4.000000,1.800000,13.500000,2.000000,0.560251,32.100000,0.865654,49.598333,1.127454,64.598333,-0.170172,-9.750135,-0.261799,-15.000000,-0.305404,0.261799,8.874310,33.576672,6.281742,30.530594,7.448397,31.901329,1.657418,19.706472
10.740000,0.020000,3.000000,4.000000,1.800000,13.500000,2.000000,0.557633,31.950000,0.863114,49.452786,1.124913,64.452786,-0.170260,-9.755151,-0.261799,-15.000000,-0.305481,0.261799,8.920375,33.615118,6.320077,30.575635,7.490211,31.943402,1.668272,19.763294
10.760000,0.020000,3.000000,4.000000,1.800000,13.500000,2.000000,0.555015,31.800000,0.860572,49.307165,1.122372,64.307165,-0.170346,-9.760088,-0.261799,-15.000000,-0.305558,0.261799,8.966540,33.653442,6.358526,30.620578,7.532132,31.985367,1.679256,19.820095
10.780000,0.020000,3.000000,4.000000,1.800000,13.500000,2.000000,0.552397,31.650000,0.858030,49.161471,1.119829,64.161471,-0.170430,-9.764946,-0.261799,-15.000000,-0.305633,0.261799,9.012806,33.691644,6.397088,30.665423,7.574161,32.027222,1.690370,19.876873
10.800000,0.020000,3.000000,4.000000,1.800000,13.500000,2.000000,0.549779,31.500000,0.855485,49.015705,1.117285,64.015705,-0.170514,-9.769727,-0.261799,-15.000000,-0.305707,0.261799,9.059173,33.729726,6.435764,30.710168,7.616298,32.068969,1.701614,19.933628
10.820000,0.020000,3.000000,4.000000,1.800000,13.500000,2.000000,0.547161,31.350000,0.852940,48.869868,1.114739,63.869868,-0.170596,-9.774433,-0.261799,-15.000000,-0.305779,0.261799,9.105639,33.767685,6.474553,30.754814,7.658542,32.110606,1.712988,19.990359
10.840000,0.020000,3.000000,4.000000,1.800000,13.500000,2.000000,0.544543,31.200000,0.850394,48.723962,1.112193,63.723962,-0.170677,-9.779063,-0.261799,-15.000000,-0.305851,0.261799,9.152205,33.805521,6.513455,30.799361,7.700892,32.152133,1.724493,20.047066
10.860000,0.020000,3.000000,4.000000,1.800000,13.500000,2.000000,0.541925,31.050000,0.847846,48.577988,1.109645,63.577988,-0.170756,-9.783619,-0.261799,-15.000000,-0.305921,0.261799,9.198870,33.843236,6.552470,30.843808,7.743350,32.193550,1.736130,20.103749
10.880000,0.020000,3.000000,4.000000,1.800000,13.500000,2.000000,0.539307,30.900000,0.845297,48.431946,1.107096,63.431946,-0.170835,-9.788103,-0.261799,-15.000000,-0.305990,0.261799,9.245634,33.880827,6.591597,30.888155,7.785914,32.234857,1.747897,20.160407
10.900000,0.020000,3.000000,4.000000,1.800000,13.500000,2.000000,0.536689,30.750000,0.842747,48.285838,1.104546,63.285838,-0.170912,-9.792515,-0.261799,-15.000000,-0.306058,0.261799,9.292496,33.918296,6.630837,30.932401,7.828584,32.276054,1.759796,20.217040
10.920000,0.020000,3.000000,4.000000,1.800000,13.500000,2.000000,0.534071,30.600000,0.840196,48.139665,1.101995,63.139665,-0.170987,-9.796856,-0.261799,-15.000000,-0.306125,0.261799,9.339457,33.955641,6.670189,30.976547,7.871359,32.317139,1.771827,20.273647
10.940000,0.020000,3.000000,4.000000,1.800000,13.500000,2.000000,0.531453,30.450000,0.837643,47.993427,1.099443,62.993427,-0.171062,-9.801127,-0.261799,-15.000000,-0.306191,0.261799,9.386516,33.992863,6.709653,31.020591,7.914241,32.358114,1.783989,20.330229
10.960000,0.020000,3.000000,4.000000,1.800000,13.500000,2.000000,0.528835,30.300000,0.835090,47.847126,1.096889,62.847126,-0.171135,-9.805329,-0.261799,-15.000000,-0.306255,0.261799,9.433672,34.029962,6.749228,31.064534,7.957228,32.398976,1.796284,20.386784
10.980000,0.020000,3.000000,4.000000,1.800000,13.500000,2.000000,0.526217,30.150000,0.832535,47.700764,1.094335,62.700764,-0.171207,-9.809464,-0.261799,-15.000000,-0.306319,0.261799,9.480926,34.066936,6.788915,31.108375,8.000320,32.439728,1.808711,20.443312
11.000000,0.020000,3.000000,4.000000,1.800000,13.500000,2.000000,0.523599,30.000000,0.829980,47.554340,1.091779,62.554340,-0.171278,-9.813532,-0.261799,-15.000000,-0.306381,0.261799,9.528277,34.103786,6.828714,31.152115,8.043517,32.480367,1.821271,20.499814
11.020000,0.020000,3.000000,4.000000,1.800000,13.500000,2.000000,0.520981,29.850000,0.827423,47.407856,1.089223,62.407856,-0.171348,-9.817534,-0.261799,-15.000000,-0.306442,0.261799,9.575724,34.140511,6.868624,31.195751,8.086819,32.520893,1.833963,20.556288
11.040000,0.020000,3.000000,4.000000,1.800000,13.500000,2.000000,0.518363,29.700000,0.824866,47.261313,1.086665,62.261313,-0.171417,-9.821471,-0.261799,-15.000000,-0.306503,0.261799,9.623268,34.177112,6.908645,31.239286,8.130225,32.561307,1.846788,20.612733
11.060000,0.020000,3.000000,4.000000,1.800000,13.500000,2.000000,0.515745,29.550000,0.822307,47.114711,1.084106,62.114711,-0.171485,-9.825345,-0.261799,-15.000000,-0.306562,0.261799,9.670907,34.213587,6.948776,31.282717,8.173735,32.601609,1.859746,20.669151
11.080000,0.020000,3.000000,4.000000,1.800000,13.500000,2.000000,0.513127,29.400000,0.819747,46.968053,1.081547,61.968053,-0.171551,-9.829156,-0.261799,-15.000000,-0.306620,0.261799,9.718642,34.249938,6.989018,31.326045,8.217349,32.641797,1.872837,20.725540
11.100000,0.020000,3.000000,4.000000,1.800000,13.500000,2.000000,0.510509,29.250000,0.817187,46.821338,1.078986,61.821338,-0.171617,-9.832904,-0.261799,-15.000000,-0.306678,0.261799,9.766473,34.286163,7.029370,31.369269,8.261066,32.681871,1.886062,20.781899
11.120000,0.020000,3.000000,4.000000,1.800000,13.500000,2.000000,0.507891,29.100000,0.814625,46.674568,1.076424,61.674568,-0.171681,-9.836592,-0.261799,-15.000000,-0.306734,0.261799,9.814398,34.322262,7.069833,31.412389,8.304887,32.721832,1.899421,20.838230
11.140000,0.020000,3.000000,4.000000,1.800000,13.500000,2.000000,0.505273,28.950000,0.812062,46.527743,1.073862,61.527743,-0.171744,-9.840220,-0.261799,-15.000000,-0.306789,0.261799,9.862418,34.358235,7.110405,31.455405,8.348811,32.761679,1.912913,20.894530
11.160000,0.020000,3.000000,4.000000,1.800000,13.500000,2.000000,0.502655,28.800000,0.809499,46.380864,1.071298,61.380864,-0.171807,-9.843788,-0.261799,-15.000000,-0.306844,0.261799,9.910532,34.394082,7.151087,31.498316,8.392837,32.801411,1.926539,20.950800
11.180000,0.020000,3.000000,4.000000,1.800000,13.500000,2.000000,0.500037,28.650000,0.806934,46.233933,1.068734,61.233933,-0.171868,-9.847298,-0.261799,-15.000000,-0.306898,0.261799,9.958741,34.429803,7.191878,31.541123,8.436966,32.841029,1.940299,21.007039
11.200000,0.020000,3.000000,4.000000,1.800000,13.500000,2.000000,0.497419,28.500000,0.804369,46.086950,1.066168,61.086950,-0.171928,-9.850751,-0.261799,-15.000000,-0.306950,0.261799,10.007043,34.465397,7.232779,31.583824,8.481198,32.880532,1.954194,21.063247
11.220000,0.020000,3.000000,4.000000,1.800000,13.500000,2.000000,0.494801,28.350000,0.801803,45.939916,1.063602,60.939916,-0.171987,-9.854147,-0.261799,-15.000000,-0.307002,0.261799,10.055438,34.500864,7.273789,31.626420,8.525531,32.919920,1.968223,21.119423
11.240000,0.020000,3.000000,4.000000,1.800000,13.500000,2.000000,0.492183,28.200000,0.799236,45.792832,1.061035,60.792832,-0.172046,-9.857487,-0.261799,-15.000000,-0.307053,0.261799,10.103926,34.536203,7.314907,31.668910,8.569966,32.959192,1.982386,21.175568
11.260000,0.020000,3.000000,4.000000,1.800000,13.500000,2.000000,0.489565,28.050000,0.796668,45.645698,1.058467,60.645698,-0.172103,-9.860773,-0.261799,-15.000000,-0.307103,0.261799,10.152507,34.571416,7.356134,31.711294,8.614502,32.998349,1.996684,21.231680
11.280000,0.020000,3.000000,4.000000,1.800000,13.500000,2.000000,0.486947,27.900000,0.794099,45.498516,1.055898,60.498516,-0.172159,-9.864005,-0.261799,-15.000000,-0.307152,0.261799,10.201180,34.606500,7.397469,31.753571,8.659139,33.037389,2.011117,21.287760
11.300000,0.020000,3.000000,4.000000,1.800000,13.500000,2.000000,0.484329,27.750000,0.791529,45.351286,1.053329,60.351286,-0.172215,-9.867183,-0.261799,-15.000000,-0.307200,0.261799,10.249945,34.641457,7.438912,31.795742,8.703877,33.076314,2.025684,21.343806
11.320000,0.020000,3.000000,4.000000,1.800000,13.500000,2.000000,0.481711,27.600000,0.788959,45.204009,1.050758,60.204009,-0.172269,-9.870309,-0.261799,-15.000000,-0.307248,0.261799,10.298802,34.676286,7.480463,31.837806,8.748716,33.115122,2.040387,21.399819
11.340000,0.020000,3.000000,4.000000,1.800000,13.500000,2.000000,0.479093,27.450000,0.786388,45.056686,1.048187,60.056686,-0.172323,-9.873384,-0.261799,-15.000000,-0.307295,0.261799,10.347749,34.710986,7.522122,31.879762,8.793654,33.153813,2.055225,21.455797
11.360000,0.020000,3.000000,4.000000,1.800000,13.500000,2.000000,0.476475,27.300000,0.783815,44.909318,1.045615,59.909318,-0.172376,-9.876408,-0.261799,-15.000000,-0.307341,0.261799,10.396788,34.745558,7.563888,31.921611,8.838693,33.192387,2.070198,21.511742
11.380000,0.020000,3.000000,4.000000,1.800000,13.500000,2.000000,0.473857,27.150000,0.781243,44.761904,1.043042,59.761904,-0.172428,-9.879381,-0.261799,-15.000000,-0.307386,0.261799,10.445917,34.780000,7.605761,31.963351,8.883832,33.230844,2.085306,21.567651
11.400000,0.020000,3.000000,4.000000,1.800000,13.500000,2.000000,0.471239,27.000000,0.778669,44.614447,1.040468,59.614447,-0.172479,-9.882306,-0.261799,-15.000000,-0.307430,0.261799,10.495137,34.814314,7.647741,32.004984,8.929069,33.269183,2.100550,21.623526
11.420000,0.020000,3.000000,4.000000,1.800000,13.500000,2.000000,0.468621,26.850000,0.776095,44.466947,1.037894,59.466947,-0.172529,-9.885182,-0.261799,-15.000000,-0.307474,0.261799,10.544447,34.848499,7.689828,32.046508,8.974406,33.307404,2.115929,21.679365
11.440000,0.020000,3.000000,4.000000,1.800000,13.500000,2.000000,0.466003,26.700000,0.773520,44.319404,1.035319,59.319404,-0.172578,-9.888011,-0.261799,-15.000000,-0.307517,0.261799,10.593846,34.882554,7.732021,32.087923,9.019842,33.345507,2.131444,21.735168
11.460000,0.020000,3.000000,4.000000,1.800000,13.500000,2.000000,0.463385,26.550000,0.770944,44.171819,1.032743,59.171819,-0.172627,-9.890793,-0.261799,-15.000000,-0.307559,0.261799,10.643334,34.916479,7.774320,32.129229,9.065376,33.383491,2.147095,21.790934
11.480000,0.020000,3.000000,4.000000,1.800000,13.500000,2.000000,0.460767,26.400000,0.768367,44.024193,1.030167,59.024193,-0.172675,-9.893528,-0.261799,-15.000000,-0.307600,0.261799,10.692911,34.950274,7.816725,32.170426,9.111009,33.421357,2.162882,21.846664
11.500000,0.020000,3.000000,4.000000,1.800000,13.500000,2.000000,0.458149,26.250000,0.765790,43.876527,1.027589,58.876527,-0.172722,-9.896218,-0.261799,-15.000000,-0.307641,0.261799,10.742577,34.983939,7.859236,32.211512,9.156739,33.459104,2.178804,21.902356
11.520000,0.020000,3.000000,4.000000,1.800000,13.500000,2.000000,0.455531,26.100000,0.763212,43.728821,1.025011,58.728821,-0.172768,-9.898864,-0.261799,-15.000000,-0.307681,0.261799,10.792330,35.017473,7.901852,32.252489,9.202567,33.496732,2.194863,21.958011
11.540000,0.020000,3.000000,4.000000,1.800000,13.500000,2.000000,0.452913,25.950000,0.760633,43.581076,1.022433,58.581076,-0.172813,-9.901465,-0.261799,-15.000000,-0.307720,0.261799,10.842172,35.050877,7.944574,32.293356,9.248493,33.534240,2.211057,22.013628
11.560000,0.020000,3.000000,4.000000,1.800000,13.500000,2.000000,0.450295,25.800000,0.758054,43.433293,1.019853,58.433293,-0.172858,-9.904023,-0.261799,-15.000000,-0.307759,0.261799,10.892101,35.084150,7.987400,32.334112,9.294515,33.571629,2.227388,22.069207
11.580000,0.020000,3.000000,4.000000,1.800000,13.500000,2.000000,0.447677,25.650000,0.755474,43.285471,1.017273,58.285471,-0.172902,-9.906538,-0.261799,-15.000000,-0.307797,0.261799,10.942117,35.117292,8.030331,32.374757,9.340635,33.608897,2.243855,22.124747
11.600000,0.020000,3.000000,4.000000,1.800000,13.500000,2.000000,0.445059,25.500000,0.752893,43.137613,1.014693,58.137613,-0.172945,-9.909012,-0.261799,-15.000000,-0.307834,0.261799,10.992220,35.150302,8.073366,32.415290,9.386850,33.646046,2.260458,22.180247
11.620000,0.020000,3.000000,4.000000,1.800000,13.500000,2.000000,0.442441,25.350000,0.750312,42.989718,1.012112,57.989718,-0.172987,-9.911444,-0.261799,-15.000000,-0.307871,0.261799,11.042410,35.183181,8.116505,32.455713,9.433162,33.683073,2.277198,22.235708
11.640000,0.020000,3.000000,4.000000,1.800000,13.500000,2.000000,0.439823,25.200000,0.747730,42.841787,1.009530,57.841787,-0.173029,-9.913835,-0.261799,-15.000000,-0.307907,0.261799,11.092685,35.215928,8.159749,32.496023,9.479570,33.719980,2.294074,22.291129
11.660000,0.020000,3.000000,4.000000,1.800000,13.500000,2.000000,0.437205,25.050000,0.745148,42.693821,1.006947,57.693821,-0.173070,-9.916187,-0.261799,-15.000000,-0.307943,0.261799,11.143047,35.248543,8.203096,32.536221,9.526074,33.756766,2.311086,22.346510
11.680000,0.020000,3.000000,4.000000,1.800000,13.500000,2.000000,0.434587,24.900000,0.742565,42.545820,1.004364,57.545820,-0.173110,-9.918499,-0.261799,-15.000000,-0.307978,0.261799,11.193493,35.281026,8.246546,32.576308,9.572672,33.793431,2.328235,22.401849
11.700000,0.020000,3.000000,4.000000,1.800000,13.500000,2.000000,0.431969,24.750000,0.739981,42.397784,1.001780,57.397784,-0.173150,-9.920772,-0.261799,-15.000000,-0.308012,0.261799,11.244025,35.313376,8.290099,32.616281,9.619366,33.829974,2.345520,22.457148
11.720000,0.020000,3.000000,4.000000,1.800000,13.500000,2.000000,0.429351,24.600000,0.737397,42.249716,0.999196,57.249716,-0.173189,-9.923008,-0.261799,-15.000000,-0.308046,0.261799,11.294641,35.345594,8.333755,32.656141,9.666154,33.866395,2.362942,22.512405
11.740000,0.020000,3.000000,4.000000,1.800000,13.500000,2.000000,0.426733,24.450000,0.734812,42.101614,0.996611,57.101614,-0.173228,-9.925206,-0.261799,-15.000000,-0.308079,0.261799,11.345342,35.377679,8.377514,32.695889,9.713037,33.902694,2.380501,22.567619
11.760000,0.020000,3.000000,4.000000,1.800000,13.500000,2.000000,0.424115,24.300000,0.732226,41.953480,0.994026,56.953480,-0.173265,-9.927367,-0.261799,-15.000000,-0.308111,0.261799,11.396127,35.409630,8.421375,32.735522,9.760014,33.938871,2.398196,22.622792
11.780000,0.020000,3.000000,4.000000,1.800000,13.500000,2.000000,0.421497,24.150000,0.729640,41.805313,0.991440,56.805313,-0.173302,-9.929491,-0.261799,-15.000000,-0.308143,0.261799,11.446995,35.441449,8.465338,32.775042,9.807084,33.974925,2.416028,22.677922
11.800000,0.020000,3.000000,4.000000,1.800000,13.500000,2.000000,0.418879,24.000000,0.727054,41.657116,0.988853,56.657116,-0.173339,-9.931580,-0.261799,-15.000000,-0.308175,0.261799,11.497947,35.473134,8.509403,32.814448,9.854248,34.010857,2.433997,22.733008
11.820000,0.020000,3.000000,4.000000,1.800000,13.500000,2.000000,0.416261,23.850000,0.724467,41.508887,0.986266,56.508887,-0.173375,-9.933634,-0.261799,-15.000000,-0.308206,0.261799,11.548982,35.504685,8.553570,32.853740,9.901505,34.046665,2.452102,22.788051
11.840000,0.020000,3.000000,4.000000,1.800000,13.500000,2.000000,0.413643,23.700000,0.721879,41.360628,0.983679,56.360628,-0.173410,-9.935653,-0.261799,-15.000000,-0.308236,0.261799,11.600099,35.536102,8.597837,32.892917,9.948855,34.082350,2.470344,22.843049
11.860000,0.020000,3.000000,4.000000,1.800000,13.500000,2.000000,0.411025,23.550000,0.719291,41.212340,0.981090,56.212340,-0.173445,-9.937638,-0.261799,-15.000000,-0.308266,0.261799,11.651298,35.567385,8.642206,32.931979,9.996297,34.117911,2.488723,22.898004
11.880000,0.020000,3.000000,4.000000,1.800000,13.500000,2.000000,0.408407,23.400000,0.716702,41.064022,0.978502,56.064022,-0.173479,-9.939590,-0.261799,-15.000000,-0.308295,0.261799,11.702579,35.598533,8.686675,32.970925,10.043832,34.153349,2.507239,22.952913
11.900000,0.020000,3.000000,4.000000,1.800000,13.500000,2.000000,0.405789,23.250000,0.714113,40.915675,0.975913,55.915675,-0.173512,-9.941509,-0.261799,-15.000000,-0.308324,0.261799,11.753942,35.629547,8.731245,33.009757,10.091459,34.188662,2.525891,23.007778
11.920000,0.020000,3.000000,4.000000,1.800000,13.500000,2.000000,0.403171,23.100000,0.711524,40.767300,0.973323,55.767300,-0.173545,-9.943396,-0.261799,-15.000000,-0.308353,0.261799,11.805386,35.660426,8.775915,33.048472,10.139177,34.223851,2.544680,23.062596
11.940000,0.020000,3.000000,4.000000,1.800000,13.500000,2.000000,0.400553,22.950000,0.708933,40.618897,0.970733,55.618897,-0.173577,-9.945250,-0.261799,-15.000000,-0.308380,0.261799,11.856911,35.691170,8.820684,33.087072,10.186986,34.258916,2.563606,23.117369
11.960000,0.020000,3.000000,4.000000,1.800000,13.500000,2.000000,0.397935,22.800000,0.706343,40.470466,0.968142,55.470466,-0.173609,-9.947074,-0.261799,-15.000000,-0.308408,0.261799,11.908516,35.721779,8.865554,33.125555,10.234887,34.293856,2.582669,23.172095
11.980000,0.020000,3.000000,4.000000,1.800000,13.500000,2.000000,0.395317,22.650000,0.703752,40.322009,0.965551,55.322009,-0.173640,-9.948866,-0.261799,-15.000000,-0.308435,0.261799,11.960201,35.752252,8.910522,33.163922,10.282878,34.328670,2.601868,23.226775
12.000000,0.020000,3.000000,4.000000,1.800000,13.500000,2.000000,0.392699,22.500000,0.701160,40.173525,0.962960,55.173525,-0.173671,-9.950628,-0.261799,-15.000000,-0.308461,0.261799,12.011967,35.782590,8.955590,33.202171,10.330959,34.363360,2.621205,23.281407
12.020000,0.020000,3.000000,4.000000,1.800000,13.500000,2.000000,0.390081,22.350000,0.698568,40.025015,0.960368,55.025015,-0.173701,-9.952361,-0.261799,-15.000000,-0.308487,0.261799,12.063811,35.812792,9.000756,33.240304,10.379131,34.397924,2.640678,23.335991
12.040000,0.020000,3.000000,4.000000,1.800000,13.500000,2.000000,0.387463,22.200000,0.695976,39.876480,0.957775,54.876480,-0.173731,-9.954064,-0.261799,-15.000000,-0.308513,0.261799,12.115734,35.842858,9.046021,33.278319,10.427392,34.432362,2.660288,23.390528
12.060000,0.020000,3.000000,4.000000,1.800000,13.500000,2.000000,0.384845,22.050000,0.693383,39.727919,0.955182,54.727919,-0.173760,-9.955738,-0.261799,-15.000000,-0.308538,0.261799,12.167736,35.872788,9.091384,33.316217,10.475742,34.466674,2.680034,23.445016
12.080000,0.020000,3.000000,4.000000,1.800000,13.500000,2.000000,0.382227,21.900000,0.690790,39.579334,0.952589,54.579334,-0.173789,-9.957384,-0.261799,-15.000000,-0.308563,0.261799,12.219817,35.902581,9.136844,33.353997,10.524182,34.500859,2.699918,23.499456
12.100000,0.020000,3.000000,4.000000,1.800000,13.500000,2.000000,0.379609,21.750000,0.688196,39.430724,0.949995,54.430724,-0.173817,-9.959002,-0.261799,-15.000000,-0.308587,0.261799,12.271975,35.932237,9.182403,33.391658,10.572710,34.534919,2.719938,23.553846
12.120000,0.020000,3.000000,4.000000,1.800000,13.500000,2.000000,0.376991,21.600000,0.685602,39.282090,0.947401,54.282090,-0.173845,-9.960593,-0.261799,-15.000000,-0.308611,0.261799,12.324211,35.961757,9.228059,33.429201,10.621327,34.568851,2.740094,23.608187
12.140000,0.020000,3.000000,4.000000,1.800000,13.500000,2.000000,0.374373,21.450000,0.683007,39.133433,0.944807,54.133433,-0.173872,-9.962156,-0.261799,-15.000000,-0.308634,0.261799,12.376524,35.991139,9.273811,33.466625,10.670032,34.602657,2.760388,23.662477
12.160000,0.020000,3.000000,4.000000,1.800000,13.500000,2.000000,0.371755,21.300000,0.680412,38.984753,0.942212,53.984753,-0.173899,-9.963693,-0.261799,-15.000000,-0.308657,0.261799,12.428914,36.020385,9.319661,33.503930,10.718825,34.636335,2.780818,23.716717
12.180000,0.020000,3.000000,4.000000,1.800000,13.500000,2.000000,0.369137,21.150000,0.677817,38.836050,0.939616,53.836050,-0.173926,-9.965204,-0.261799,-15.000000,-0.308680,0.261799,12.481381,36.049493,9.365607,33.541116,10.767705,34.669886,2.801384,23.770907
12.200000,0.020000,3.000000,4.000000,1.800000,13.500000,2.000000,0.366519,21.000000,0.675221,38.687325,0.937021,53.687325,-0.173952,-9.966689,-0.261799,-15.000000,-0.308702,0.261799,12.533923,36.078463,9.411649,33.578183,10.816672,34.703309,2.822088,23.825045
12.220000,0.020000,3.000000,4.000000,1.800000,13.500000,2.000000,0.363901,20.850000,0.672625,38.538578,0.934424,53.538578,-0.173977,-9.968149,-0.261799,-15.000000,-0.308724,0.261799,12.586542,36.107295,9.457786,33.615129,10.865726,34.736604,2.842927,23.879132
12.240000,0.020000,3.000000,4.000000,1.800000,13.500000,2.000000,0.361283,20.700000,0.670029,38.389809,0.931828,53.389809,-0.174002,-9.969585,-0.261799,-15.000000,-0.308745,0.261799,12.639236,36.135989,9.504020,33.651956,10.914867,34.769771,2.863903,23.933167
12.260000,0.020000,3.000000,4.000000,1.800000,13.500000,2.000000,0.358665,20.550000,0.667432,38.241019,0.929231,53.241019,-0.174027,-9.970995,-0.261799,-15.000000,-0.308767,0.261799,12.692004,36.164546,9.550349,33.688662,10.964094,34.802810,2.885016,23.987149
12.280000,0.020000,3.000000,4.000000,1.800000,13.500000,2.000000,0.356047,20.400000,0.664834,38.092208,0.926634,53.092208,-0.174051,-9.972382,-0.261799,-15.000000,-0.308787,0.261799,12.744848,36.192963,9.596772,33.725248,11.013406,34.835720,2.906265,24.041079
12.300000,0.020000,3.000000,4.000000,1.800000,13.500000,2.000000,0.353429,20.250000,0.662237,37.943377,0.924036,52.943377,-0.174075,-9.973745,-0.261799,-15.000000,-0.308808,0.261799,12.797766,36.221242,9.643291,33.761713,11.062804,34.868501,2.927651,24.094956
12.320000,0.020000,3.000000,4.000000,1.800000,13.500000,2.000000,0.350811,20.100000,0.659639,37.794525,0.921438,52.794525,-0.174098,-9.975085,-0.261799,-15.000000,-0.308828,0.261799,12.850758,36.249382,9.689903,33.798056,11.112288,34.901153,2.949172,24.148779
12.340000,0.020000,3.000000,4.000000,1.800000,13.500000,2.000000,0.348193,19.950000,0.657041,37.645654,0.918840,52.645654,-0.174121,-9.976402,-0.261799,-15.000000,-0.308847,0.261799,12.903823,36.277384,9.736610,33.834279,11.161856,34.933676,2.970830,24.202548
12.360000,0.020000,3.000000,4.000000,1.800000,13.500000,2.000000,0.345575,19.800000,0.654442,37.496764,0.916241,52.496764,-0.174144,-9.977697,-0.261799,-15.000000,-0.308867,0.261799,12.956961,36.305246,9.783411,33.870379,11.211508,34.966069,2.992624,24.256263
12.380000,0.020000,3.000000,4.000000,1.800000,13.500000,2.000000,0.342957,19.650000,0.651843,37.347854,0.913642,52.347854,-0.174166,-9.978969,-0.261799,-15.000000,-0.308886,0.261799,13.010173,36.332968,9.830305,33.906358,11.261245,34.998333,3.014554,24.309924
12.400000,0.020000,3.000000,4.000000,1.800000,13.500000,2.000000,0.340339,19.500000,0.649244,37.198925,0.911043,52.198925,-0.174188,-9.980220,-0.261799,-15.000000,-0.308905,0.261799,13.063457,36.360551,9.877292,33.942215,11.311066,35.030466,3.036621,24.363529
12.420000,0.020000,3.000000,4.000000,1.800000,13.500000,2.000000,0.337721,19.350000,0.646644,37.049978,0.908443,52.049978,-0.174209,-9.981450,-0.261799,-15.000000,-0.308923,0.261799,13.116813,36.387995,9.924372,33.977949,11.360970,35.062469,3.058823,24.417078
12.440000,0.020000,3.000000,4.000000,1.800000,13.500000,2.000000,0.335103,19.200000,0.644044,36.901013,0.905844,51.901013,-0.174230,-9.982658,-0.261799,-15.000000,-0.308941,0.261799,13.170241,36.415298,9.971544,34.013561,11.410958,35.094342,3.081161,24.470572
12.460000,0.020000,3.000000,4.000000,1.800000,13.500000,2.000000,0.332485,19.050000,0.641444,36.752030,0.903243,51.752030,-0.174251,-9.983846,-0.261799,-15.000000,-0.308959,0.261799,13.223740,36.442461,10.018809,34.049049,11.461028,35.126085,3.103635,24.524010
12.480000,0.020000,3.000000,4.000000,1.800000,13.500000,2.000000,0.329867,18.900000,0.638843,36.603029,0.900643,51.603029,-0.174271,-9.985014,-0.261799,-15.000000,-0.308976,0.261799,13.277310,36.469484,10.066166,34.084415,11.511181,35.157696,3.126245,24.577391
12.500000,0.020000,3.000000,4.000000,1.800000,13.500000,2.000000,0.327249,18.750000,0.636243,36.454011,0.898042,51.454011,-0.174291,-9.986161,-0.261799,-15.000000,-0.308993,0.261799,13.330951,36.496367,10.113615,34.119657,11.561416,35.189176,3.148991,24.630715
12.520000,0.020000,3.000000,4.000000,1.800000,13.500000,2.000000,0.324631,18.600000,0.633641,36.304976,0.895441,51.304976,-0.174311,-9.987289,-0.261799,-15.000000,-0.309010,0.261799,13.384662,36.523108,10.161154,34.154776,11.611733,35.220525,3.171872,24.683982
12.540000,0.020000,3.000000,4.000000,1.800000,13.500000,2.000000,0.322013,18.450000,0.631040,36.155925,0.892839,51.155925,-0.174330,-9.988398,-0.261799,-15.000000,-0.309027,0.261799,13.438443,36.549709,10.208785,34.189770,11.662131,35.251743,3.194889,24.737191
12.560000,0.020000,3.000000,4.000000,1.800000,13.500000,2.000000,0.319395,18.300000,0.628438,36.006857,0.890238,51.006857,-0.174349,-9.989488,-0.261799,-15.000000,-0.309043,0.261799,13.492293,36.576169,10.256507,34.224641,11.712611,35.282828,3.218041,24.790341
12.580000,0.020000,3.000000,4.000000,1.800000,13.500000,2.000000,0.316777,18.150000,0.625836,35.857773,0.887636,50.857773,-0.174368,-9.990559,-0.261799,-15.000000,-0.309059,0.261799,13.546213,36.602488,10.304319,34.259387,11.763171,35.313782,3.241329,24.843433
12.600000,0.020000,3.000000,4.000000,1.800000,13.500000,2.000000,0.314159,18.000000,0.623234,35.708673,0.885033,50.708673,-0.174387,-9.991611,-0.261799,-15.000000,-0.309075,0.261799,13.600201,36.628665,10.352221,34.294008,11.813812,35.344604,3.264752,24.896467
12.620000,0.020000,3.000000,4.000000,1.800000,13.500000,2.000000,0.311541,17.850000,0.620631,35.559558,0.882431,50.559558,-0.174405,-9.992646,-0.261799,-15.000000,-0.309090,0.261799,13.654258,36.654700,10.400212,34.328505,11.864533,35.375293,3.288310,24.949441
12.640000,0.020000,3.000000,4.000000,1.800000,13.500000,2.000000,0.308923,17.700000,0.618029,35.410427,0.879828,50.410427,-0.174422,-9.993663,-0.261799,-15.000000,-0.309105,0.261799,13.708383,36.680594,10.448294,34.362876,11.915334,35.405849,3.312003,25.002355
12.660000,0.020000,3.000000,4.000000,1.800000,13.500000,2.000000,0.306305,17.550000,0.615425,35.261281,0.877225,50.261281,-0.174440,-9.994663,-0.261799,-15.000000,-0.309120,0.261799,13.762576,36.706346,10.496464,34.397122,11.966214,35.436273,3.335832,25.055209
12.680000,0.020000,3.000000,4.000000,1.800000,13.500000,2.000000,0.303687,17.400000,0.612822,35.112121,0.874622,50.112121,-0.174457,-9.995645,-0.261799,-15.000000,-0.309135,0.261799,13.816836,36.731956,10.544723,34.431243,12.017174,35.466564,3.359795,25.108003
12.700000,0.020000,3.000000,4.000000,1.800000,13.500000,2.000000,0.301069,17.250000,0.610219,34.962946,0.872018,49.962946,-0.174474,-9.996611,-0.261799,-15.000000,-0.309149,0.261799,13.871162,36.757424,10.593071,34.465238,12.068212,35.496721,3.383893,25.160735
12.720000,0.020000,3.000000,4.000000,1.800000,13.500000,2.000000,0.298451,17.100000,0.607615,34.813757,0.869414,49.813757,-0.174490,-9.997560,-0.261799,-15.000000,-0.309163,0.261799,13.925556,36.782749,10.641507,34.499106,12.119329,35.526745,3.408126,25.213407
12.740000,0.020000,3.000000,4.000000,1.800000,13.500000,2.000000,0.295833,16.950000,0.605011,34.664554,0.866810,49.664554,-0.174507,-9.998492,-0.261799,-15.000000,-0.309177,0.261799,13.980015,36.807931,10.690031,34.532848,12.170524,35.556636,3.432494,25.266017
12.760000,0.020000,3.000000,4.000000,1.800000,13.500000,2.000000,0.293215,16.800000,0.602406,34.515337,0.864206,49.515337,-0.174523,-9.999409,-0.261799,-15.000000,-0.309191,0.261799,14.034541,36.832971,10.738643,34.566464,12.221797,35.586392,3.456996,25.318565
12.780000,0.020000,3.000000,4.000000,1.800000,13.500000,2.000000,0.290597,16.650000,0.599802,34.366106,0.861601,49.366106,-0.174538,-10.000310,-0.261799,-15.000000,-0.309204,0.261799,14.089131,36.857868,10.787341,34.599953,12.273147,35.616015,3.481633,25.371051
12.800000,0.020000,3.000000,4.000000,1.800000,13.500000,2.000000,0.287979,16.500000,0.597197,34.216862,0.858996,49.216862,-0.174554,-10.001196,-0.261799,-15.000000,-0.309218,0.261799,14.143787,36.882622,10.836127,34.633315,12.324574,35.645503,3.506404,25.423474
12.820000,0.020000,3.000000,4.000000,1.800000,13.500000,2.000000,0.285361,16.350000,0.594592,34.067605,0.856391,49.067605,-0.174569,-10.002066,-0.261799,-15.000000,-0.309231,0.261799,14.198508,36.907232,10.884999,34.666549,12.376078,35.674856,3.531309,25.475834
12.840000,0.020000,3.000000,4.000000,1.800000,13.500000,2.000000,0.282743,16.200000,0.591987,33.918335,0.853786,48.918335,-0.174584,-10.002921,-0.261799,-15.000000,-0.309243,0.261799,14.253293,36.931699,10.933957,34.699656,12.427658,35.704075,3.556348,25.528130
12.860000,0.020000,3.000000,4.000000,1.800000,13.500000,2.000000,0.280125,16.050000,0.589381,33.769053,0.851181,48.769053,-0.174599,-10.003762,-0.261799,-15.000000,-0.309256,0.261799,14.308141,36.956022,10.983002,34.732635,12.479315,35.733159,3.581522,25.580362
12.880000,0.020000,3.000000,4.000000,1.800000,13.500000,2.000000,0.277507,15.900000,0.586775,33.619758,0.848575,48.619758,-0.174613,-10.004588,-0.261799,-15.000000,-0.309268,0.261799,14.363053,36.980201,11.032132,34.765487,12.531047,35.762108,3.606829,25.632531
12.900000,0.020000,3.000000,4.000000,1.800000,13.500000,2.000000,0.274889,15.750000,0.584170,33.470451,0.845969,48.470451,-0.174627,-10.005400,-0.261799,-15.000000,-0.309280,0.261799,14.418029,37.004237,11.081347,34.798210,12.582854,35.790922,3.632270,25.684634
12.920000,0.020000,3.000000,4.000000,1.800000,13.500000,2.000000,0.272271,15.600000,0.581563,33.321132,0.843363,48.321132,-0.174641,-10.006198,-0.261799,-15.000000,-0.309292,0.261799,14.473067,37.028128,11.130648,34.830804,12.634736,35.819600,3.657845,25.736673
12.940000,0.020000,3.000000,4.000000,1.800000,13.500000,2.000000,0.269653,15.450000,0.578957,33.171801,0.840757,48.171801,-0.174655,-10.006983,-0.261799,-15.000000,-0.309304,0.261799,14.528168,37.051875,11.180033,34.863270,12.686693,35.848143,3.683553,25.788646
12.960000,0.020000,3.000000,4.000000,1.800000,13.500000,2.000000,0.267035,15.300000,0.576351,33.022459,0.838150,48.022459,-0.174668,-10.007753,-0.261799,-15.000000,-0.309315,0.261799,14.583330,37.075478,11.229502,34.895607,12.738725,35.876549,3.709395,25.840554
12.980000,0.020000,3.000000,4.000000,1.800000,13.500000,2.000000,0.264417,15.150000,0.573744,32.873105,0.835543,47.873105,-0.174681,-10.008511,-0.261799,-15.000000,-0.309327,0.261799,14.638555,37.098936,11.279056,34.927815,12.790830,35.904820,3.735370,25.892395
13.000000,0.020000,3.000000,4.000000,1.800000,13.500000,2.000000,0.261799,15.000000,0.571137,32.723740,0.832936,47.723740,-0.174694,-10.009256,-0.261799,-15.000000,-0.309338,0.261799,14.693840,37.122249,11.328693,34.959894,12.843009,35.932954,3.761478,25.944170
13.020000,0.020000,3.000000,4.000000,1.800000,13.500000,2.000000,0.259181,14.850000,0.568530,32.574364,0.830329,47.574364,-0.174707,-10.009987,-0.261799,-15.000000,-0.309349,0.261799,14.749186,37.145418,11.378413,34.991843,12.895261,35.960951,3.787719,25.995878
13.040000,0.020000,3.000000,4.000000,1.800000,13.500000,2.000000,0.256563,14.700000,0.565923,32.424977,0.827722,47.424977,-0.174720,-10.010706,-0.261799,-15.000000,-0.309359,0.261799,14.804593,37.168441,11.428216,35.023662,12.947586,35.988812,3.814093,26.047519
13.060000,0.020000,3.000000,4.000000,1.800000,13.500000,2.000000,0.253945,14.550000,0.563315,32.275580,0.825115,47.275580,-0.174732,-10.011413,-0.261799,-15.000000,-0.309370,0.261799,14.860061,37.191319,11.478102,35.055351,12.999984,36.016537,3.840600,26.099093
13.080000,0.020000,3.000000,4.000000,1.800000,13.500000,2.000000,0.251327,14.400000,0.560707,32.126172,0.822507,47.126172,-0.174744,-10.012108,-0.261799,-15.000000,-0.309380,0.261799,14.915587,37.214052,11.528071,35.086910,13.052453,36.044124,3.867240,26.150598
13.100000,0.020000,3.000000,4.000000,1.800000,13.500000,2.000000,0.248709,14.250000,0.558100,31.976754,0.819899,46.976754,-0.174756,-10.012790,-0.261799,-15.000000,-0.309390,0.261799,14.971173,37.236639,11.578121,35.118338,13.104995,36.071574,3.894012,26.202035
13.120000,0.020000,3.000000,4.000000,1.800000,13.500000,2.000000,0.246091,14.100000,0.555492,31.827326,0.817291,46.827326,-0.174768,-10.013461,-0.261799,-15.000000,-0.309400,0.261799,15.026819,37.259080,11.628254,35.149636,13.157608,36.098886,3.920916,26.253403
13.140000,0.020000,3.000000,4.000000,1.800000,13.500000,2.000000,0.243473,13.950000,0.552883,31.677887,0.814683,46.677887,-0.174779,-10.014120,-0.261799,-15.000000,-0.309410,0.261799,15.082522,37.281376,11.678467,35.180803,13.210292,36.126061,3.947953,26.304702
13.160000,0.020000,3.000000,4.000000,1.800000,13.500000,2.000000,0.240855,13.800000,0.550275,31.528440,0.812074,46.528440,-0.174791,-10.014768,-0.261799,-15.000000,-0.309420,0.261799,15.138284,37.303525,11.728762,35.211838,13.263047,36.153098,3.975122,26.355932
13.180000,0.020000,3.000000,4.000000,1.800000,13.500000,2.000000,0.238237,13.650000,0.547667,31.378982,0.809466,46.378982,-0.174802,-10.015405,-0.261799,-15.000000,-0.309429,0.261799,15.194104,37.325529,11.779137,35.242743,13.315872,36.179996,4.002423,26.407092
13.200000,0.020000,3.000000,4.000000,1.800000,13.500000,2.000000,0.235619,13.500000,0.545058,31.229515,0.806857,46.229515,-0.174813,-10.016031,-0.261799,-15.000000,-0.309438,0.261799,15.249981,37.347386,11.829592,35.273516,13.368767,36.206757,4.029855,26.458182
13.220000,0.020000,3.000000,4.000000,1.800000,13.500000,2.000000,0.233001,13.350000,0.542449,31.080039,0.804248,46.080039,-0.174823,-10.016646,-0.261799,-15.000000,-0.309448,0.261799,15.305916,37.369096,11.880128,35.304157,13.421732,36.233379,4.057419,26.509201
13.240000,0.020000,3.000000,4.000000,1.800000,13.500000,2.000000,0.230383,13.200000,0.539840,30.930554,0.801639,45.930554,-0.174834,-10.017250,-0.261799,-15.000000,-0.309457,0.261799,15.361907,37.390661,11.930743,35.334665,13.474767,36.259863,4.085115,26.560150
13.260000,0.020000,3.000000,4.000000,1.800000,13.500000,2.000000,0.227765,13.050000,0.537231,30.781060,0.799030,45.781060,-0.174844,-10.017844,-0.261799,-15.000000,-0.309465,0.261799,15.417954,37.412078,11.981438,35.365042,13.527870,36.286208,4.112942,26.611027
13.280000,0.020000,3.000000,4.000000,1.800000,13.500000,2.000000,0.225147,12.900000,0.534622,30.631557,0.796421,45.631557,-0.174855,-10.018428,-0.261799,-15.000000,-0.309474,0.261799,15.474057,37.433348,12.032211,35.395287,13.581042,36.312414,4.140901,26.661832
13.300000,0.020000,3.000000,4.000000,1.800000,13.500000,2.000000,0.222529,12.750000,0.532012,30.482046,0.793811,45.482046,-0.174865,-10.019001,-0.261799,-15.000000,-0.309483,0.261799,15.530216,37.454472,12.083063,35.425398,13.634282,36.338481,4.168990,26.712566
13.320000,0.020000,3.000000,4.000000,1.800000,13.500000,2.000000,0.219911,12.600000,0.529402,30.332526,0.791202,45.332526,-0.174874,-10.019565,-0.261799,-15.000000,-0.309491,0.261799,15.586430,37.475448,12.133994,35.455377,13.687590,36.364409,4.197210,26.763227
13.340000,0.020000,3.000000,4.000000,1.800000,13.500000,2.000000,0.217293,12.450000,0.526793,30.182997,0.788592,45.182997,-0.174884,-10.020119,-0.261799,-15.000000,-0.309499,0.261799,15.642698,37.496277,12.185002,35.485223,13.740966,36.390197,4.225562,26.813815
13.360000,0.020000,3.000000,4.000000,1.800000,13.500000,2.000000,0.214675,12.300000,0.524183,30.033461,0.785982,45.033461,-0.174894,-10.020663,-0.261799,-15.000000,-0.309507,0.261799,15.699021,37.516958,12.236088,35.514935,13.794408,36.415846,4.254043,26.864331
13.380000,0.020000,3.000000,4.000000,1.800000,13.500000,2.000000,0.212058,12.150000,0.521573,29.883916,0.783372,44.883916,-0.174903,-10.021198,-0.261799,-15.000000,-0.309515,0.261799,15.755398,37.537492,12.287252,35.544514,13.847918,36.441354,4.282655,26.914773
13.400000,0.020000,3.000000,4.000000,1.800000,13.500000,2.000000,0.209440,12.000000,0.518963,29.734364,0.780762,44.734364,-0.174912,-10.021724,-0.261799,-15.000000,-0.309523,0.261799,15.811829,37.557878,12.338492,35.573960,13.901494,36.466723,4.311398,26.965141
13.420000,0.020000,3.000000,4.000000,1.800000,13.500000,2.000000,0.206822,11.850000,0.516352,29.584804,0.778152,44.584804,-0.174921,-10.022241,-0.261799,-15.000000,-0.309531,0.261799,15.868313,37.578116,12.389809,35.603271,13.955136,36.491951,4.340270,27.015435
13.440000,0.020000,3.000000,4.000000,1.800000,13.500000,2.000000,0.204204,11.700000,0.513742,29.435236,0.775541,44.435236,-0.174930,-10.022749,-0.261799,-15.000000,-0.309538,0.261799,15.924849,37.598206,12.441202,35.632448,14.008844,36.517039,4.369273,27.065654
13.460000,0.020000,3.000000,4.000000,1.800000,13.500000,2.000000,0.201586,11.550000,0.511131,29.285661,0.772931,44.285661,-0.174939,-10.023247,-0.261799,-15.000000,-0.309546,0.261799,15.981438,37.618148,12.492672,35.661491,14.062617,36.541987,4.398405,27.115799
13.480000,0.020000,3.000000,4.000000,1.800000,13.500000,2.000000,0.198968,11.400000,0.508520,29.136078,0.770320,44.136078,-0.174947,-10.023738,-0.261799,-15.000000,-0.309553,0.261799,16.038079,37.637942,12.544216,35.690400,14.116455,36.566794,4.427667,27.165868
13.500000,0.020000,3.000000,4.000000,1.800000,13.500000,2.000000,0.196350,11.250000,0.505910,28.986488,0.767709,43.986488,-0.174956,-10.024220,-0.261799,-15.000000,-0.309560,0.261799,16.094772,37.657587,12.595836,35.719174,14.170357,36.591460,4.457059,27.215862
13.520000,0.020000,3.000000,4.000000,1.800000,13.500000,2.000000,0.193732,11.100000,0.503299,28.836891,0.765098,43.836891,-0.174964,-10.024693,-0.261799,-15.000000,-0.309567,0.261799,16.151516,37.677084,12.647531,35.747813,14.224324,36.615985,4.486579,27.265780
13.540000,0.020000,3.000000,4.000000,1.800000,13.500000,2.000000,0.191114,10.950000,0.500688,28.687287,0.762487,43.687287,-0.174972,-10.025159,-0.261799,-15.000000,-0.309574,0.261799,16.208311,37.696432,12.699300,35.776317,14.278355,36.640368,4.516229,27.315622
13.560000,0.020000,3.000000,4.000000,1.800000,13.500000,2.000000,0.188496,10.800000,0.498076,28.537676,0.759876,43.537676,-0.174980,-10.025616,-0.261799,-15.000000,-0.309581,0.261799,16.265156,37.715631,12.751144,35.804685,14.332449,36.664611,4.546008,27.365387
13.580000,0.020000,3.000000,4.000000,1.800000,13.500000,2.000000,0.185878,10.650000,0.495465,28.388058,0.757264,43.388058,-0.174988,-10.026065,-0.261799,-15.000000,-0.309588,0.261799,16.322052,37.734681,12.803061,35.832918,14.386607,36.688712,4.575916,27.415075
13.600000,0.020000,3.000000,4.000000,1.800000,13.500000,2.000000,0.183260,10.500000,0.492854,28.238434,0.754653,43.238434,-0.174996,-10.026507,-0.261799,-15.000000,-0.309594,0.261799,16.378997,37.753583,12.855052,35.861015,14.440827,36.712671,4.605952,27.464685
13.620000,0.020000,3.000000,4.000000,1.800000,13.500000,2.000000,0.180642,10.350000,0.490242,28.088803,0.752041,43.088803,-0.175003,-10.026941,-0.261799,-15.000000,-0.309601,0.261799,16.435991,37.772335,12.907116,35.888977,14.495110,36.736488,4.636117,27.514218
13.640000,0.020000,3.000000,4.000000,1.800000,13.500000,2.000000,0.178024,10.200000,0.487630,27.939166,0.749430,42.939166,-0.175011,-10.027367,-0.261799,-15.000000,-0.309607,0.261799,16.493035,37.790937,12.959252,35.916802,14.549454,36.760163,4.666409,27.563673
13.660000,0.020000,3.000000,4.000000,1.800000,13.500000,2.000000,0.175406,10.050000,0.485019,27.789523,0.746818,42.789523,-0.175018,-10.027786,-0.261799,-15.000000,-0.309613,0.261799,16.550126,37.809390,13.011461,35.944491,14.603861,36.783696,4.696830,27.613050
13.680000,0.020000,3.000000,4.000000,1.800000,13.500000,2.000000,0.172788,9.900000,0.482407,27.639873,0.744206,42.639873,-0.175025,-10.028198,-0.261799,-15.000000,-0.309619,0.261799,16.607266,37.827694,13.063743,35.972043,14.658328,36.807086,4.727379,27.662347
13.700000,0.020000,3.000000,4.000000,1.800000,13.500000,2.000000,0.170170,9.750000,0.479795,27.490217,0.741594,42.490217,-0.175032,-10.028603,-0.261799,-15.000000,-0.309625,0.261799,16.664454,37.845848,13.116096,35.999459,14.712857,36.830334,4.758056,27.711566
13.720000,0.020000,3.000000,4.000000,1.800000,13.500000,2.000000,0.167552,9.600000,0.477183,27.340555,0.738982,42.340555,-0.175039,-10.029001,-0.261799,-15.000000,-0.309631,0.261799,16.721689,37.863852,13.168520,36.026738,14.767446,36.853439,4.788860,27.760705
13.740000,0.020000,3.000000,4.000000,1.800000,13.500000,2.000000,0.164934,9.450000,0.474571,27.190888,0.736370,42.190888,-0.175046,-10.029392,-0.261799,-15.000000,-0.309637,0.261799,16.778971,37.881706,13.221015,36.053880,14.822095,36.876402,4.819791,27.809764
13.760000,0.020000,3.000000,4.000000,1.800000,13.500000,2.000000,0.162316,9.300000,0.471958,27.041214,0.733758,42.041214,-0.175053,-10.029776,-0.261799,-15.000000,-0.309643,0.261799,16.836300,37.899410,13.273581,36.080885,14.876805,36.899221,4.850850,27.858743
13.780000,0.020000,3.000000,4.000000,1.800000,13.500000,2.000000,0.159698,9.150000,0.469346,26.891535,0.731145,41.891535,-0.175059,-10.030153,-0.261799,-15.000000,-0.309648,0.261799,16.893675,37.916964,13.326217,36.107752,14.931573,36.921897,4.882035,27.907642
13.800000,0.020000,3.000000,4.000000,1.800000,13.500000,2.000000,0.157080,9.000000,0.466733,26.741850,0.728533,41.741850,-0.175066,-10.030524,-0.261799,-15.000000,-0.309654,0.261799,16.951095,37.934367,13.378923,36.134481,14.986401,36.944430,4.913348,27.956460
13.820000,0.020000,3.000000,4.000000,1.800000,13.500000,2.000000,0.154462,8.850000,0.464121,26.592160,0.725920,41.592160,-0.175072,-10.030888,-0.261799,-15.000000,-0.309659,0.261799,17.008561,37.951620,13.431699,36.161073,15.041287,36.966819,4.944787,28.005197
13.840000,0.020000,3.000000,4.000000,1.800000,13.500000,2.000000,0.151844,8.700000,0.461508,26.442465,0.723307,41.442465,-0.175078,-10.031246,-0.261799,-15.000000,-0.309664,0.261799,17.066072,37.968722,13.484544,36.187527,15.096232,36.989065,4.976352,28.053852
13.860000,0.020000,3.000000,4.000000,1.800000,13.500000,2.000000,0.149226,8.550000,0.458895,26.292764,0.720695,41.292764,-0.175084,-10.031598,-0.261799,-15.000000,-0.309670,0.261799,17.123628,37.985674,13.537458,36.213842,15.151234,37.011167,5.008043,28.102425
13.880000,0.020000,3.000000,4.000000,1.800000,13.500000,2.000000,0.146608,8.400000,0.456282,26.143058,0.718082,41.143058,-0.175090,-10.031944,-0.261799,-15.000000,-0.309675,0.261799,17.181227,38.002475,13.590441,36.240019,15.206295,37.033125,5.039861,28.150916
13.900000,0.020000,3.000000,4.000000,1.800000,13.500000,2.000000,0.143990,8.250000,0.453669,25.993347,0.715469,40.993347,-0.175096,-10.032284,-0.261799,-15.000000,-0.309680,0.261799,17.238871,38.019125,13.643491,36.266058,15.261412,37.054938,5.071804,28.199325
13.920000,0.020000,3.000000,4.000000,1.800000,13.500000,2.000000,0.141372,8.100000,0.451056,25.843631,0.712856,40.843631,-0.175102,-10.032618,-0.261799,-15.000000,-0.309685,0.261799,17.296558,38.035624,13.696609,36.291958,15.316586,37.076608,5.103873,28.247650
13.940000,0.020000,3.000000,4.000000,1.800000,13.500000,2.000000,0.138754,7.950000,0.448443,25.693909,0.710243,40.693909,-0.175108,-10.032946,-0.261799,-15.000000,-0.309690,0.261799,17.354288,38.051972,13.749795,36.317719,15.371817,37.098133,5.136068,28.295892
13.960000,0.020000,3.000000,4.000000,1.800000,13.500000,2.000000,0.136136,7.800000,0.445830,25.544184,0.707629,40.544184,-0.175114,-10.033269,-0.261799,-15.000000,-0.309694,0.261799,17.412060,38.068169,13.803048,36.343341,15.427104,37.119513,5.168387,28.344051
13.980000,0.020000,3.000000,4.000000,1.800000,13.500000,2.000000,0.133518,7.650000,0.443217,25.394453,0.705016,40.394453,-0.175119,-10.033585,-0.261799,-15.000000,-0.309699,0.261799,17.469875,38.084214,13.856368,36.368823,15.482446,37.140749,5.200832,28.392126
14.000000,0.020000,3.000000,4.000000,1.800000,13.500000,2.000000,0.130900,7.500000,0.440603,25.244717,0.702403,40.244717,-0.175125,-10.033897,-0.261799,-15.000000,-0.309704,0.261799,17.527732,38.100108,13.909754,36.394167,15.537844,37.161840,5.233401,28.440116
14.020000,0.020000,3.000000,4.000000,1.800000,13.500000,2.000000,0.128282,7.350000,0.437990,25.094977,0.699789,40.094977,-0.175130,-10.034203,-0.261799,-15.000000,-0.309708,0.261799,17.585630,38.115850,13.963206,36.419370,15.593297,37.182786,5.266095,28.488022
14.040000,0.020000,3.000000,4.000000,1.800000,13.500000,2.000000,0.125664,7.200000,0.435376,24.945233,0.697176,39.945233,-0.175135,-10.034504,-0.261799,-15.000000,-0.309713,0.261799,17.643569,38.131441,14.016723,36.444434,15.648804,37.203587,5.298914,28.535843
14.060000,0.020000,3.000000,4.000000,1.800000,13.500000,2.000000,0.123046,7.050000,0.432763,24.795484,0.694562,39.795484,-0.175140,-10.034799,-0.261799,-15.000000,-0.309717,0.261799,17.701548,38.146880,14.070306,36.469358,15.704365,37.224243,5.331857,28.583579
14.080000,0.020000,3.000000,4.000000,1.800000,13.500000,2.000000,0.120428,6.900000,0.430149,24.645731,0.691949,39.645731,-0.175145,-10.035089,-0.261799,-15.000000,-0.309721,0.261799,17.759568,38.162167,14.123954,36.494141,15.759980,37.244753,5.364923,28.631229
14.100000,0.020000,3.000000,4.000000,1.800000,13.500000,2.000000,0.117810,6.750000,0.427535,24.495973,0.689335,39.495973,-0.175150,-10.035375,-0.261799,-15.000000,-0.309726,0.261799,17.817628,38.177302,14.177666,36.518784,15.815649,37.265117,5.398114,28.678793
14.120000,0.020000,3.000000,4.000000,1.800000,13.500000,2.000000,0.115192,6.600000,0.424922,24.346211,0.686721,39.346211,-0.175155,-10.035655,-0.261799,-15.000000,-0.309730,0.261799,17.875727,38.192284,14.231443,36.543287,15.871371,37.285336,5.431428,28.726271
14.140000,0.020000,3.000000,4.000000,1.800000,13.500000,2.000000,0.112574,6.450000,0.422308,24.196445,0.684107,39.196445,-0.175160,-10.035931,-0.261799,-15.000000,-0.309734,0.261799,17.933865,38.207115,14.285283,36.567649,15.927145,37.305409,5.464865,28.773662
14.160000,0.020000,3.000000,4.000000,1.800000,13.500000,2.000000,0.109956,6.300000,0.419694,24.046675,0.681493,39.046675,-0.175165,-10.036201,-0.261799,-15.000000,-0.309738,0.261799,17.992042,38.221793,14.339187,36.591871,15.982972,37.325336,5.498426,28.820967
14.180000,0.020000,3.000000,4.000000,1.800000,13.500000,2.000000,0.107338,6.150000,0.417080,23.896901,0.678879,38.896901,-0.175169,-10.036467,-0.261799,-15.000000,-0.309742,0.261799,18.050257,38.236319,14.393154,36.615951,16.038850,37.345117,5.532110,28.868184
14.200000,0.020000,3.000000,4.000000,1.800000,13.500000,2.000000,0.104720,6.000000,0.414465,23.747123,0.676265,38.747123,-0.175174,-10.036729,-0.261799,-15.000000,-0.309746,0.261799,18.108510,38.250693,14.447184,36.639890,16.094781,37.364751,5.565916,28.915313
14.220000,0.020000,3.000000,4.000000,1.800000,13.500000,2.000000,0.102102,5.850000,0.411851,23.597342,0.673651,38.597342,-0.175178,-10.036986,-0.261799,-15.000000,-0.309750,0.261799,18.166801,38.264914,14.501275,36.663688,16.150762,37.384239,5.599845,28.962354
14.240000,0.020000,3.000000,4.000000,1.800000,13.500000,2.000000,0.099484,5.700000,0.409237,23.447556,0.671036,38.447556,-0.175183,-10.037238,-0.261799,-15.000000,-0.309753,0.261799,18.225128,38.278982,14.555429,36.687344,16.206794,37.403581,5.633896,29.009307
14.260000,0.020000,3.000000,4.000000,1.800000,13.500000,2.000000,0.096866,5.550000,0.406623,23.297767,0.668422,38.297767,-0.175187,-10.037486,-0.261799,-15.000000,-0.309757,0.261799,18.283492,38.292897,14.609645,36.710858,16.262876,37.422776,5.668069,29.056172
14.280000,0.020000,3.000000,4.000000,1.800000,13.500000,2.000000,0.094248,5.400000,0.404008,23.147974,0.665808,38.147974,-0.175191,-10.037730,-0.261799,-15.000000,-0.309761,0.261799,18.341892,38.306660,14.663922,36.734231,16.319009,37.441824,5.702364,29.102948
14.300000,0.020000,3.000000,4.000000,1.800000,13.500000,2.000000,0.091630,5.250000,0.401394,22.998177,0.663193,37.998177,-0.175196,-10.037969,-0.261799,-15.000000,-0.309764,0.261799,18.400329,38.320269,14.718259,36.757462,16.375191,37.460725,5.736781,29.149634
14.320000,0.020000,3.000000,4.000000,1.800000,13.500000,2.000000,0.089012,5.100000,0.398779,22.848377,0.660579,37.848377,-0.175200,-10.038205,-0.261799,-15.000000,-0.309768,0.261799,18.458800,38.333726,14.772658,36.780551,16.431422,37.479479,5.771319,29.196230
14.340000,0.020000,3.000000,4.000000,1.800000,13.500000,2.000000,0.086394,4.950000,0.396165,22.698573,0.657964,37.698573,-0.175204,-10.038436,-0.261799,-15.000000,-0.309771,0.261799,18.517307,38.347029,14.827116,36.803497,16.487702,37.498086,5.805979,29.242737
14.360000,0.020000,3.000000,4.000000,1.800000,13.500000,2.000000,0.083776,4.800000,0.393550,22.548766,0.655350,37.548766,-0.175208,-10.038663,-0.261799,-15.000000,-0.309774,0.261799,18.575848,38.360179,14.881634,36.826301,16.544030,37.516546,5.840759,29.289154
14.380000,0.020000,3.000000,4.000000,1.800000,13.500000,2.000000,0.081158,4.650000,0.390936,22.398956,0.652735,37.398956,-0.175212,-10.038886,-0.261799,-15.000000,-0.309778,0.261799,18.634423,38.373176,14.936212,36.848962,16.600407,37.534858,5.875660,29.335480
14.400000,0.020000,3.000000,4.000000,1.800000,13.500000,2.000000,0.078540,4.500000,0.388321,22.249142,0.650120,37.249142,-0.175215,-10.039106,-0.261799,-15.000000,-0.309781,0.261799,18.693033,38.386019,14.990848,36.871480,16.656831,37.553023,5.910682,29.381715
14.420000,0.020000,3.000000,4.000000,1.800000,13.500000,2.000000,0.075922,4.350000,0.385706,22.099325,0.647505,37.099325,-0.175219,-10.039321,-0.261799,-15.000000,-0.309784,0.261799,18.751675,38.398709,15.045543,36.893855,16.713303,37.571039,5.945824,29.427858
14.440000,0.020000,3.000000,4.000000,1.800000,13.500000,2.000000,0.073304,4.200000,0.383091,21.949505,0.644891,36.949505,-0.175223,-10.039533,-0.261799,-15.000000,-0.309787,0.261799,18.810351,38.411245,15.100297,36.916088,16.769821,37.588908,5.981086,29.473911
14.460000,0.020000,3.000000,4.000000,1.800000,13.500000,2.000000,0.070686,4.050000,0.380476,21.799682,0.642276,36.799682,-0.175227,-10.039741,-0.261799,-15.000000,-0.309790,0.261799,18.869060,38.423627,15.155108,36.938177,16.826386,37.606630,6.016468,29.519871
14.480000,0.020000,3.000000,4.000000,1.800000,13.500000,2.000000,0.068068,3.900000,0.377861,21.649856,0.639661,36.649856,-0.175230,-10.039946,-0.261799,-15.000000,-0.309793,0.261799,18.927800,38.435856,15.209977,36.960122,16.882997,37.624203,6.051969,29.565739
14.500000,0.020000,3.000000,4.000000,1.800000,13.500000,2.000000,0.065450,3.750000,0.375246,21.500026,0.637046,36.500026,-0.175234,-10.040147,-0.261799,-15.000000,-0.309796,0.261799,18.986573,38.447931,15.264903,36.981924,16.939654,37.641627,6.087590,29.611515
14.520000,0.020000,3.000000,4.000000,1.800000,13.500000,2.000000,0.062832,3.600000,0.372631,21.350194,0.634431,36.350194,-0.175237,-10.040345,-0.261799,-15.000000,-0.309799,0.261799,19.045376,38.459852,15.319886,37.003583,16.996357,37.658904,6.123331,29.657198
14.540000,0.020000,3.000000,4.000000,1.800000,13.500000,2.000000,0.060214,3.450000,0.370016,21.200359,0.631815,36.200359,-0.175240,-10.040539,-0.261799,-15.000000,-0.309802,0.261799,19.104211,38.471619,15.374925,37.025097,17.053104,37.676032,6.159190,29.702787
14.560000,0.020000,3.000000,4.000000,1.800000,13.500000,2.000000,0.057596,3.300000,0.367401,21.050521,0.629200,36.050521,-0.175244,-10.040729,-0.261799,-15.000000,-0.309805,0.261799,19.163077,38.483232,15.430021,37.046468,17.109896,37.693011,6.195167,29.748283
14.580000,0.020000,3.000000,4.000000,1.800000,13.500000,2.000000,0.054978,3.150000,0.364786,20.900680,0.626585,35.900680,-0.175247,-10.040917,-0.261799,-15.000000,-0.309808,0.261799,19.221972,38.494690,15.485172,37.067694,17.166732,37.709842,6.231264,29.793686
14.600000,0.020000,3.000000,4.000000,1.800000,13.500000,2.000000,0.052360,3.000000,0.362170,20.750836,0.623970,35.750836,-0.175250,-10.041101,-0.261799,-15.000000,-0.309811,0.261799,19.280898,38.505995,15.540378,37.088776,17.223612,37.726524,6.267478,29.838994
14.620000,0.020000,3.000000,4.000000,1.800000,13.500000,2.000000,0.049742,2.850000,0.359555,20.600990,0.621354,35.600990,-0.175253,-10.041282,-0.261799,-15.000000,-0.309813,0.261799,19.339853,38.517145,15.595639,37.109713,17.280535,37.743057,6.303811,29.884208
14.640000,0.020000,3.000000,4.000000,1.800000,13.500000,2.000000,0.047124,2.700000,0.356940,20.451141,0.618739,35.451141,-0.175257,-10.041460,-0.261799,-15.000000,-0.309816,0.261799,19.398837,38.528140,15.650955,37.130506,17.337502,37.759441,6.340261,29.929327
14.660000,0.020000,3.000000,4.000000,1.800000,13.500000,2.000000,0.044506,2.550000,0.354324,20.301289,0.616124,35.301289,-0.175260,-10.041635,-0.261799,-15.000000,-0.309818,0.261799,19.457849,38.538981,15.706325,37.151154,17.394511,37.775676,6.376829,29.974351
14.680000,0.020000,3.000000,4.000000,1.800000,13.500000,2.000000,0.041888,2.400000,0.351709,20.151435,0.613508,35.151435,-0.175263,-10.041806,-0.261799,-15.000000,-0.309821,0.261799,19.516890,38.549668,15.761748,37.171657,17.451562,37.791762,6.413514,30.019279
14.700000,0.020000,3.000000,4.000000,1.800000,13.500000,2.000000,0.039270,2.250000,0.349093,20.001578,0.610893,35.001578,-0.175266,-10.041975,-0.261799,-15.000000,-0.309823,0.261799,19.575958,38.560200,15.817225,37.192016,17.508655,37.807699,6.450316,30.064112
14.720000,0.020000,3.000000,4.000000,1.800000,13.500000,2.000000,0.036652,2.100000,0.346478,19.851719,0.608277,34.851719,-0.175268,-10.042141,-0.261799,-15.000000,-0.309826,0.261799,19.635054,38.570577,15.872756,37.212229,17.565790,37.823485,6.487235,30.108849
14.740000,0.020000,3.000000,4.000000,1.800000,13.500000,2.000000,0.034034,1.950000,0.343862,19.701857,0.605662,34.701857,-0.175271,-10.042304,-0.261799,-15.000000,-0.309828,0.261799,19.694177,38.580799,15.928338,37.232296,17.622966,37.839123,6.524270,30.153489
14.760000,0.020000,3.000000,4.000000,1.800000,13.500000,2.000000,0.031416,1.800000,0.341247,19.551993,0.603046,34.551993,-0.175274,-10.042464,-0.261799,-15.000000,-0.309831,0.261799,19.753326,38.590867,15.983973,37.252219,17.680182,37.854610,6.561422,30.198033
14.780000,0.020000,3.000000,4.000000,1.800000,13.500000,2.000000,0.028798,1.650000,0.338631,19.402126,0.600430,34.402126,-0.175277,-10.042621,-0.261799,-15.000000,-0.309833,0.261799,19.812502,38.600780,16.039660,37.271995,17.737439,37.869948,6.598690,30.242480
14.800000,0.020000,3.000000,4.000000,1.800000,13.500000,2.000000,0.026180,1.500000,0.336015,19.252258,0.597815,34.252258,-0.175279,-10.042775,-0.261799,-15.000000,-0.309835,0.261799,19.871703,38.610537,16.095399,37.291626,17.794736,37.885136,6.636073,30.286830
14.820000,0.020000,3.000000,4.000000,1.800000,13.500000,2.000000,0.023562,1.350000,0.333400,19.102386,0.595199,34.102386,-0.175282,-10.042927,-0.261799,-15.000000,-0.309838,0.261799,19.930929,38.620140,16.151188,37.311111,17.852072,37.900174,6.673573,30.331082
14.840000,0.020000,3.000000,4.000000,1.800000,13.500000,2.000000,0.020944,1.200000,0.330784,18.952513,0.592583,33.952513,-0.175285,-10.043077,-0.261799,-15.000000,-0.309840,0.261799,19.990181,38.629588,16.207029,37.330450,17.909447,37.915062,6.711187,30.375236
14.860000,0.020000,3.000000,4.000000,1.800000,13.500000,2.000000,0.018326,1.050000,0.328168,18.802638,0.589967,33.802638,-0.175287,-10.043223,-0.261799,-15.000000,-0.309842,0.261799,20.049457,38.638880,16.262919,37.349643,17.966861,37.929800,6.748917,30.419292
14.880000,0.020000,3.000000,4.000000,1.800000,13.500000,2.000000,0.015708,0.900000,0.325552,18.652760,0.587351,33.652760,-0.175290,-10.043367,-0.261799,-15.000000,-0.309844,0.261799,20.108757,38.648017,16.318860,37.368690,18.024314,37.944387,6.786761,30.463250
14.900000,0.020000,3.000000,4.000000,1.800000,13.500000,2.000000,0.013090,0.750000,0.322936,18.502880,0.584736,33.502880,-0.175292,-10.043509,-0.261799,-15.000000,-0.309846,0.261799,20.168081,38.656999,16.374850,37.387590,18.081804,37.958824,6.824720,30.507109
14.920000,0.020000,3.000000,4.000000,1.800000,13.500000,2.000000,0.010472,0.600000,0.320320,18.352998,0.582120,33.352998,-0.175295,-10.043648,-0.261799,-15.000000,-0.309848,0.261799,20.227428,38.665826,16.430890,37.406343,18.139332,37.973110,6.862793,30.550869
14.940000,0.020000,3.000000,4.000000,1.800000,13.500000,2.000000,0.007854,0.450000,0.317704,18.203114,0.579504,33.203114,-0.175297,-10.043785,-0.261799,-15.000000,-0.309850,0.261799,20.286798,38.674497,16.486978,37.424950,18.196897,37.987246,6.900981,30.594529
14.960000,0.020000,3.000000,4.000000,1.800000,13.500000,2.000000,0.005236,0.300000,0.315088,18.053228,0.576888,33.053228,-0.175299,-10.043919,-0.261799,-15.000000,-0.309852,0.261799,20.346191,38.683012,16.543115,37.443411,18.254499,38.001231,6.939282,30.638089
14.980000,0.020000,3.000000,4.000000,1.800000,13.500000,2.000000,0.002618,0.150000,0.312472,17.903340,0.574272,32.903340,-0.175302,-10.044051,-0.261799,-15.000000,-0.309854,0.261799,20.405606,38.691372,16.599300,37.461724,18.312138,38.015066,6.977697,30.681550
15.000000,0.020000,3.000000,4.000000,1.800000,13.500000,2.000000,0.000000,0.000000,0.309856,17.753450,0.571656,32.753450,-0.175304,-10.044181,-0.261799,-15.000000,-0.309856,0.261799,20.465042,38.699577,16.655532,37.479890,18.369812,38.028749,7.016225,30.724910
15.020000,0.020000,3.000000,4.000000,1.800000,13.500000,2.000000,0.000000,0.000000,0.307240,17.603558,0.569039,32.603558,-0.175071,-10.030808,-0.261799,-15.000000,-0.307240,0.261799,20.524500,38.707625,16.711812,37.497909,18.427522,38.042281,7.054866,30.768170
15.040000,0.020000,3.000000,4.000000,1.800000,13.500000,2.000000,0.000000,0.000000,0.304627,17.453864,0.566427,32.453864,-0.174745,-10.012126,-0.261799,-15.000000,-0.304627,0.261799,20.583977,38.715533,16.768142,37.515782,18.485267,38.055670,7.093646,30.811295
15.060000,0.020000,3.000000,4.000000,1.800000,13.500000,2.000000,0.000000,0.000000,0.302020,17.304445,0.563819,32.304445,-0.174331,-9.988416,-0.261799,-15.000000,-0.302020,0.261799,20.643471,38.723304,16.824520,37.533508,18.543048,38.068916,7.132573,30.854274
15.080000,0.020000,3.000000,4.000000,1.800000,13.500000,2.000000,0.000000,0.000000,0.299418,17.155377,0.561217,32.155377,-0.173834,-9.959945,-0.261799,-15.000000,-0.299418,0.261799,20.702983,38.730944,16.880949,37.551088,18.600864,38.082023,7.171657,30.897093
15.100000,0.020000,3.000000,4.000000,1.800000,13.500000,2.000000,0.000000,0.000000,0.296823,17.006730,0.558623,32.006730,-0.173258,-9.926973,-0.261799,-15.000000,-0.296823,0.261799,20.762510,38.738459,16.937429,37.568523,18.658715,38.094995,7.210906,30.939740
15.120000,0.020000,3.000000,4.000000,1.800000,13.500000,2.000000,0.000000,0.000000,0.294238,16.858569,0.556037,31.858569,-0.172609,-9.889748,-0.261799,-15.000000,-0.294238,0.261799,20.822053,38.745854,16.993959,37.585814,18.716601,38.107832,7.250328,30.982204
15.140000,0.020000,3.000000,4.000000,1.800000,13.500000,2.000000,0.000000,0.000000,0.291661,16.710959,0.553461,31.710959,-0.171889,-9.848507,-0.261799,-15.000000,-0.291661,0.261799,20.881610,38.753134,17.050539,37.602959,18.774521,38.120538,7.289928,31.024474
15.160000,0.020000,3.000000,4.000000,1.800000,13.500000,2.000000,0.000000,0.000000,0.289096,16.563958,0.550895,31.563958,-0.171103,-9.803479,-0.261799,-15.000000,-0.289096,0.261799,20.941180,38.760303,17.107171,37.619961,18.832475,38.133115,7.329714,31.066540
15.180000,0.020000,3.000000,4.000000,1.800000,13.500000,2.000000,0.000000,0.000000,0.286542,16.417623,0.548341,31.417623,-0.170255,-9.754882,-0.261799,-15.000000,-0.286542,0.261799,21.000763,38.767367,17.163854,37.636821,18.890463,38.145566,7.369691,31.108392
15.200000,0.020000,3.000000,4.000000,1.800000,13.500000,2.000000,0.000000,0.000000,0.284000,16.272006,0.545799,31.272006,-0.169348,-9.702926,-0.261799,-15.000000,-0.284000,0.261799,21.060357,38.774328,17.220588,37.653537,18.948484,38.157893,7.409865,31.150022
15.220000,0.020000,3.000000,4.000000,1.800000,13.500000,2.000000,0.000000,0.000000,0.281472,16.127157,0.543271,31.127157,-0.168386,-9.647812,-0.261799,-15.000000,-0.281472,0.261799,21.119963,38.781192,17.277373,37.670112,19.006539,38.170098,7.450239,31.191420
15.240000,0.020000,3.000000,4.000000,1.800000,13.500000,2.000000,0.000000,0.000000,0.278958,15.983123,0.540758,30.983123,-0.167372,-9.589734,-0.261799,-15.000000,-0.278958,0.261799,21.179580,38.787963,17.334209,37.686546,19.064626,38.182184,7.490820,31.232578
15.260000,0.020000,3.000000,4.000000,1.800000,13.500000,2.000000,0.000000,0.000000,0.276459,15.839948,0.538259,30.839948,-0.166310,-9.528875,-0.261799,-15.000000,-0.276459,0.261799,21.239207,38.794644,17.391095,37.702840,19.122746,38.194152,7.531609,31.273490
15.280000,0.020000,3.000000,4.000000,1.800000,13.500000,2.000000,0.000000,0.000000,0.273976,15.697673,0.535775,30.697673,-0.165203,-9.465413,-0.261799,-15.000000,-0.273976,0.261799,21.298843,38.801240,17.448032,37.718994,19.180897,38.206005,7.572612,31.314147
15.300000,0.020000,3.000000,4.000000,1.800000,13.500000,2.000000,0.000000,0.000000,0.271509,15.556337,0.533309,30.556337,-0.164053,-9.399518,-0.261799,-15.000000,-0.271509,0.261799,21.358489,38.807753,17.505020,37.735010,19.239081,38.217745,7.613830,31.354543
15.320000,0.020000,3.000000,4.000000,1.800000,13.500000,2.000000,0.000000,0.000000,0.269060,15.415976,0.530859,30.415976,-0.162863,-9.331352,-0.261799,-15.000000,-0.269060,0.261799,21.418143,38.814188,17.562057,37.750888,19.297296,38.229373,7.655267,31.394671
15.340000,0.020000,3.000000,4.000000,1.800000,13.500000,2.000000,0.000000,0.000000,0.266627,15.276624,0.528427,30.276624,-0.161636,-9.261070,-0.261799,-15.000000,-0.266627,0.261799,21.477805,38.820548,17.619145,37.766630,19.355542,38.240893,7.696924,31.434526
15.360000,0.020000,3.000000,4.000000,1.800000,13.500000,2.000000,0.000000,0.000000,0.264213,15.138312,0.526013,30.138312,-0.160375,-9.188822,-0.261799,-15.000000,-0.264213,0.261799,21.537474,38.826836,17.676281,37.782236,19.413818,38.252306,7.738804,31.474103
15.380000,0.020000,3.000000,4.000000,1.800000,13.500000,2.000000,0.000000,0.000000,0.261818,15.001070,0.523617,30.001070,-0.159082,-9.114751,-0.261799,-15.000000,-0.261818,0.261799,21.597151,38.833055,17.733467,37.797707,19.472125,38.263613,7.780908,31.513395
15.400000,0.020000,3.000000,4.000000,1.800000,13.500000,2.000000,0.000000,0.000000,0.259442,14.864925,0.521241,29.864925,-0.157760,-9.038992,-0.261799,-15.000000,-0.259442,0.261799,21.656835,38.839208,17.790701,37.813044,19.530461,38.274818,7.823238,31.552399
15.420000,0.020000,3.000000,4.000000,1.800000,13.500000,2.000000,0.000000,0.000000,0.257085,14.729902,0.518885,29.729902,-0.156411,-8.961676,-0.261799,-15.000000,-0.257085,0.261799,21.716525,38.845299,17.847984,37.828248,19.588827,38.285921,7.865794,31.591110
15.440000,0.020000,3.000000,4.000000,1.800000,13.500000,2.000000,0.000000,0.000000,0.254749,14.596025,0.516548,29.596025,-0.155036,-8.882928,-0.261799,-15.000000,-0.254749,0.261799,21.776221,38.851329,17.905314,37.843320,19.647222,38.296924,7.908578,31.629523
15.460000,0.020000,3.000000,4.000000,1.800000,13.500000,2.000000,0.000000,0.000000,0.252432,14.463314,0.514232,29.463314,-0.153639,-8.802867,-0.261799,-15.000000,-0.252432,0.261799,21.835923,38.857302,17.962692,37.858262,19.705646,38.307830,7.951590,31.667636
15.480000,0.020000,3.000000,4.000000,1.800000,13.500000,2.000000,0.000000,0.000000,0.250137,14.331790,0.511936,29.331790,-0.152221,-8.721608,-0.261799,-15.000000,-0.250137,0.261799,21.895630,38.863220,18.020116,37.873073,19.764098,38.318639,7.994830,31.705445
15.500000,0.020000,3.000000,4.000000,1.800000,13.500000,2.000000,0.000000,0.000000,0.247862,14.201471,0.509662,29.201471,-0.150784,-8.639259,-0.261799,-15.000000,-0.247862,0.261799,21.955343,38.869085,18.077587,37.887756,19.822577,38.329354,8.038298,31.742946
15.520000,0.020000,3.000000,4.000000,1.800000,13.500000,2.000000,0.000000,0.000000,0.245609,14.072373,0.507409,29.072373,-0.149329,-8.555925,-0.261799,-15.000000,-0.245609,0.261799,22.015061,38.874901,18.135103,37.902312,19.881084,38.339977,8.081994,31.780138
15.540000,0.020000,3.000000,4.000000,1.800000,13.500000,2.000000,0.000000,0.000000,0.243378,13.944511,0.505177,28.944511,-0.147859,-8.471705,-0.261799,-15.000000,-0.243378,0.261799,22.074783,38.880669,18.192655,37.916738,19.939608,38.350506,8.125909,31.817014
15.560000,0.020000,3.000000,4.000000,1.800000,13.500000,2.000000,0.000000,0.000000,0.241168,13.817898,0.502967,28.817898,-0.146375,-8.386693,-0.261799,-15.000000,-0.241168,0.261799,22.134509,38.886391,18.250270,37.931044,19.998178,38.360950,8.170070,31.853580
15.580000,0.020000,3.000000,4.000000,1.800000,13.500000,2.000000,0.000000,0.000000,0.238980,13.692547,0.500779,28.692547,-0.144879,-8.300982,-0.261799,-15.000000,-0.238980,0.261799,22.194240,38.892070,18.307911,37.945221,20.056755,38.371302,8.214438,31.889825
15.600000,0.020000,3.000000,4.000000,1.800000,13.500000,2.000000,0.000000,0.000000,0.236814,13.568468,0.498614,28.568468,-0.143373,-8.214656,-0.261799,-15.000000,-0.236814,0.261799,22.253974,38.897708,18.365613,37.959279,20.115376,38.381572,8.259051,31.925756
15.620000,0.020000,3.000000,4.000000,1.800000,13.500000,2.000000,0.000000,0.000000,0.234671,13.445670,0.496471,28.445670,-0.141857,-8.127799,-0.261799,-15.000000,-0.234671,0.261799,22.313713,38.903306,18.423340,37.973211,20.174004,38.391753,8.303870,31.961363
15.640000,0.020000,3.000000,4.000000,1.800000,13.500000,2.000000,0.000000,0.000000,0.232550,13.324162,0.494350,28.324162,-0.140333,-8.040489,-0.261799,-15.000000,-0.232550,0.261799,22.373454,38.908867,18.481127,37.987027,20.232674,38.401855,8.348930,31.996652
15.660000,0.020000,3.000000,4.000000,1.800000,13.500000,2.000000,0.000000,0.000000,0.230452,13.203950,0.492252,28.203950,-0.138803,-7.952801,-0.261799,-15.000000,-0.230452,0.261799,22.433199,38.914392,18.538938,38.000718,20.291352,38.411871,8.394195,32.031615
15.680000,0.020000,3.000000,4.000000,1.800000,13.500000,2.000000,0.000000,0.000000,0.228377,13.085041,0.490176,28.085041,-0.137267,-7.864806,-0.261799,-15.000000,-0.228377,0.261799,22.492948,38.919884,18.596807,38.014296,20.350070,38.421810,8.439698,32.066259
15.700000,0.020000,3.000000,4.000000,1.800000,13.500000,2.000000,0.000000,0.000000,0.226325,12.967439,0.488124,27.967439,-0.135727,-7.776571,-0.261799,-15.000000,-0.226325,0.261799,22.552699,38.925343,18.654700,38.027752,20.408795,38.431667,8.485403,32.100576
15.720000,0.020000,3.000000,4.000000,1.800000,13.500000,2.000000,0.000000,0.000000,0.224295,12.851149,0.486094,27.851149,-0.134184,-7.688163,-0.261799,-15.000000,-0.224295,0.261799,22.612453,38.930771,18.712648,38.041095,20.467560,38.441450,8.531342,32.134572
15.740000,0.020000,3.000000,4.000000,1.800000,13.500000,2.000000,0.000000,0.000000,0.222288,12.736172,0.484088,27.736172,-0.132639,-7.599642,-0.261799,-15.000000,-0.222288,0.261799,22.672209,38.936171,18.770619,38.054321,20.526331,38.451152,8.577481,32.168240
15.760000,0.020000,3.000000,4.000000,1.800000,13.500000,2.000000,0.000000,0.000000,0.220304,12.622512,0.482104,27.622512,-0.131093,-7.511066,-0.261799,-15.000000,-0.220304,0.261799,22.731968,38.941542,18.828644,38.067436,20.585140,38.460784,8.623850,32.201587
15.780000,0.020000,3.000000,4.000000,1.800000,13.500000,2.000000,0.000000,0.000000,0.218344,12.510169,0.480143,27.510169,-0.129547,-7.422491,-0.261799,-15.000000,-0.218344,0.261799,22.791730,38.946888,18.886692,38.080435,20.643955,38.470338,8.670416,32.234607
15.800000,0.020000,3.000000,4.000000,1.800000,13.500000,2.000000,0.000000,0.000000,0.216406,12.399143,0.478205,27.399143,-0.128002,-7.333969,-0.261799,-15.000000,-0.216406,0.261799,22.851493,38.952209,18.944791,38.093326,20.702807,38.479823,8.717207,32.267305
15.820000,0.020000,3.000000,4.000000,1.800000,13.500000,2.000000,0.000000,0.000000,0.214491,12.289434,0.476290,27.289434,-0.126459,-7.245552,-0.261799,-15.000000,-0.214491,0.261799,22.911259,38.957506,19.002912,38.106104,20.761665,38.489234,8.764191,32.299678
15.840000,0.020000,3.000000,4.000000,1.800000,13.500000,2.000000,0.000000,0.000000,0.212599,12.181040,0.474399,27.181040,-0.124918,-7.157285,-0.261799,-15.000000,-0.212599,0.261799,22.971027,38.962781,19.061084,38.118776,20.820558,38.498578,8.811396,32.331730
15.860000,0.020000,3.000000,4.000000,1.800000,13.500000,2.000000,0.000000,0.000000,0.210730,12.073960,0.472530,27.073960,-0.123381,-7.069214,-0.261799,-15.000000,-0.210730,0.261799,23.030796,38.968035,19.119276,38.131337,20.879457,38.507851,8.858790,32.363457
15.880000,0.020000,3.000000,4.000000,1.800000,13.500000,2.000000,0.000000,0.000000,0.208884,11.968191,0.470684,26.968191,-0.121848,-6.981381,-0.261799,-15.000000,-0.208884,0.261799,23.090567,38.973270,19.177516,38.143795,20.938389,38.517059,8.906400,32.394866
15.900000,0.020000,3.000000,4.000000,1.800000,13.500000,2.000000,0.000000,0.000000,0.207061,11.863729,0.468861,26.863729,-0.120320,-6.893827,-0.261799,-15.000000,-0.207061,0.261799,23.150340,38.978485,19.235776,38.156145,20.997327,38.526197,8.954196,32.425952
15.920000,0.020000,3.000000,4.000000,1.800000,13.500000,2.000000,0.000000,0.000000,0.205261,11.760571,0.467060,26.760571,-0.118797,-6.806589,-0.261799,-15.000000,-0.205261,0.261799,23.210115,38.983683,19.294083,38.168394,21.056297,38.535274,9.002203,32.456721
15.940000,0.020000,3.000000,4.000000,1.800000,13.500000,2.000000,0.000000,0.000000,0.203483,11.658713,0.465282,26.658713,-0.117281,-6.719704,-0.261799,-15.000000,-0.203483,0.261799,23.269891,38.988864,19.352410,38.180537,21.115273,38.544284,9.050392,32.487170
15.960000,0.020000,3.000000,4.000000,1.800000,13.500000,2.000000,0.000000,0.000000,0.201728,11.558148,0.463527,26.558148,-0.115771,-6.633205,-0.261799,-15.000000,-0.201728,0.261799,23.329668,38.994030,19.410780,38.192581,21.174280,38.553233,9.098785,32.517304
15.980000,0.020000,3.000000,4.000000,1.800000,13.500000,2.000000,0.000000,0.000000,0.199995,11.458872,0.461794,26.458872,-0.114269,-6.547125,-0.261799,-15.000000,-0.199995,0.261799,23.389446,38.999181,19.469170,38.204522,21.233292,38.562118,9.147357,32.547122
16.000000,0.020000,3.000000,4.000000,1.800000,13.500000,2.000000,0.000000,0.000000,0.198285,11.360879,0.460084,26.360879,-0.112774,-6.461493,-0.261799,-15.000000,-0.198285,0.261799,23.449226,39.004318,19.527602,38.216367,21.292333,38.570945,9.196128,32.576628
16.020000,0.020000,3.000000,4.000000,1.800000,13.500000,2.000000,0.000000,0.000000,0.196597,11.264162,0.458396,26.264162,-0.111288,-6.376337,-0.261799,-15.000000,-0.196597,0.261799,23.509007,39.009443,19.586053,38.228111,21.351380,38.579710,9.245074,32.605820
16.040000,0.020000,3.000000,4.000000,1.800000,13.500000,2.000000,0.000000,0.000000,0.194931,11.168715,0.456730,26.168715,-0.109811,-6.291685,-0.261799,-15.000000,-0.194931,0.261799,23.568788,39.014555,19.644544,38.239760,21.410454,38.588418,9.294213,32.634704
16.060000,0.020000,3.000000,4.000000,1.800000,13.500000,2.000000,0.000000,0.000000,0.193287,11.074529,0.455086,26.074529,-0.108342,-6.207562,-0.261799,-15.000000,-0.193287,0.261799,23.628571,39.019656,19.703053,38.251312,21.469534,38.597067,9.343523,32.663278
16.080000,0.020000,3.000000,4.000000,1.800000,13.500000,2.000000,0.000000,0.000000,0.191665,10.981598,0.453464,25.981598,-0.106884,-6.123990,-0.261799,-15.000000,-0.191665,0.261799,23.688355,39.024747,19.761601,38.262772,21.528640,38.605661,9.393021,32.691547
16.100000,0.020000,3.000000,4.000000,1.800000,13.500000,2.000000,0.000000,0.000000,0.190065,10.889913,0.451864,25.889913,-0.105435,-6.040991,-0.261799,-15.000000,-0.190065,0.261799,23.748139,39.029828,19.820166,38.274136,21.587752,38.614197,9.442684,32.719511
16.120000,0.020000,3.000000,4.000000,1.800000,13.500000,2.000000,0.000000,0.000000,0.188486,10.799466,0.450286,25.799466,-0.103997,-5.958587,-0.261799,-15.000000,-0.188486,0.261799,23.807925,39.034899,19.878769,38.285411,21.646889,38.622681,9.492531,32.747174
16.140000,0.020000,3.000000,4.000000,1.800000,13.500000,2.000000,0.000000,0.000000,0.186929,10.710248,0.448728,25.710248,-0.102569,-5.876795,-0.261799,-15.000000,-0.186929,0.261799,23.867711,39.039963,19.937388,38.296592,21.706031,38.631108,9.542538,32.774535
16.160000,0.020000,3.000000,4.000000,1.800000,13.500000,2.000000,0.000000,0.000000,0.185393,10.622251,0.447193,25.622251,-0.101153,-5.795634,-0.261799,-15.000000,-0.185393,0.261799,23.927497,39.045018,19.996033,38.307684,21.765187,38.639484,9.592715,32.801598
16.180000,0.020000,3.000000,4.000000,1.800000,13.500000,2.000000,0.000000,0.000000,0.183879,10.535465,0.445678,25.535465,-0.099748,-5.715121,-0.261799,-15.000000,-0.183879,0.261799,23.987284,39.050067,20.054717,38.318690,21.824372,38.647810,9.643071,32.828369
16.200000,0.020000,3.000000,4.000000,1.800000,13.500000,2.000000,0.000000,0.000000,0.182385,10.449880,0.444184,25.449880,-0.098354,-5.635269,-0.261799,-15.000000,-0.182385,0.261799,24.047072,39.055109,20.113412,38.329606,21.883557,38.656082,9.693577,32.854843
16.220000,0.020000,3.000000,4.000000,1.800000,13.500000,2.000000,0.000000,0.000000,0.180912,10.365488,0.442711,25.365488,-0.096972,-5.556095,-0.261799,-15.000000,-0.180912,0.261799,24.106861,39.060144,20.172132,38.340436,21.942756,38.664304,9.744244,32.881027
16.240000,0.020000,3.000000,4.000000,1.800000,13.500000,2.000000,0.000000,0.000000,0.179460,10.282277,0.441259,25.282277,-0.095602,-5.477609,-0.261799,-15.000000,-0.179460,0.261799,24.166649,39.065175,20.230888,38.351183,22.001981,38.672480,9.795082,32.906924
16.260000,0.020000,3.000000,4.000000,1.800000,13.500000,2.000000,0.000000,0.000000,0.178028,10.200238,0.439827,25.200238,-0.094245,-5.399825,-0.261799,-15.000000,-0.178028,0.261799,24.226438,39.070200,20.289655,38.361844,22.061206,38.680604,9.846064,32.932533
16.280000,0.020000,3.000000,4.000000,1.800000,13.500000,2.000000,0.000000,0.000000,0.176616,10.119361,0.438416,25.119361,-0.092900,-5.322753,-0.261799,-15.000000,-0.176616,0.261799,24.286228,39.075222,20.348445,38.372423,22.120444,38.688681,9.897201,32.957859
16.300000,0.020000,3.000000,4.000000,1.800000,13.500000,2.000000,0.000000,0.000000,0.175225,10.039635,0.437024,25.039635,-0.091567,-5.246403,-0.261799,-15.000000,-0.175225,0.261799,24.346018,39.080239,20.407268,38.382921,22.179706,38.696714,9.948500,32.982905
16.320000,0.020000,3.000000,4.000000,1.800000,13.500000,2.000000,0.000000,0.000000,0.173853,9.961048,0.435652,24.961048,-0.090247,-5.170784,-0.261799,-15.000000,-0.173853,0.261799,24.405808,39.085252,20.466102,38.393337,22.238968,38.704699,9.999937,33.007671
16.340000,0.020000,3.000000,4.000000,1.800000,13.500000,2.000000,0.000000,0.000000,0.172501,9.883592,0.434301,24.883592,-0.088940,-5.095905,-0.261799,-15.000000,-0.172501,0.261799,24.465598,39.090263,20.524957,38.403674,22.298242,38.712638,10.051521,33.032162
16.360000,0.020000,3.000000,4.000000,1.800000,13.500000,2.000000,0.000000,0.000000,0.171169,9.807254,0.432968,24.807254,-0.087646,-5.021772,-0.261799,-15.000000,-0.171169,0.261799,24.525389,39.095271,20.583844,38.413934,22.357539,38.720535,10.103260,33.056381
16.380000,0.020000,3.000000,4.000000,1.800000,13.500000,2.000000,0.000000,0.000000,0.169856,9.732024,0.431655,24.732024,-0.086366,-4.948391,-0.261799,-15.000000,-0.169856,0.261799,24.585180,39.100276,20.642740,38.424114,22.416836,38.728387,10.155131,33.080327
16.400000,0.020000,3.000000,4.000000,1.800000,13.500000,2.000000,0.000000,0.000000,0.168562,9.657891,0.430361,24.657891,-0.085098,-4.875769,-0.261799,-15.000000,-0.168562,0.261799,24.644971,39.105280,20.701656,38.434219,22.476145,38.736196,10.207142,33.104006
16.420000,0.020000,3.000000,4.000000,1.800000,13.500000,2.000000,0.000000,0.000000,0.167287,9.584843,0.429086,24.584843,-0.083844,-4.803911,-0.261799,-15.000000,-0.167287,0.261799,24.704762,39.110282,20.760602,38.444250,22.535474,38.743964,10.259300,33.127421
16.440000,0.020000,3.000000,4.000000,1.800000,13.500000,2.000000,0.000000,0.000000,0.166031,9.512868,0.427830,24.512868,-0.082603,-4.732820,-0.261799,-15.000000,-0.166031,0.261799,24.764553,39.115283,20.819556,38.454206,22.594804,38.751690,10.311584,33.150572
16.460000,0.020000,3.000000,4.000000,1.800000,13.500000,2.000000,0.000000,0.000000,0.164793,9.441957,0.426593,24.441957,-0.081376,-4.662501,-0.261799,-15.000000,-0.164793,0.261799,24.824345,39.120282,20.878529,38.464088,22.654143,38.759375,10.364001,33.173464
16.480000,0.020000,3.000000,4.000000,1.800000,13.500000,2.000000,0.000000,0.000000,0.163574,9.372097,0.425373,24.372097,-0.080162,-4.592955,-0.261799,-15.000000,-0.163574,0.261799,24.884136,39.125282,20.937521,38.473898,22.713493,38.767020,10.416550,33.196098
16.500000,0.020000,3.000000,4.000000,1.800000,13.500000,2.000000,0.000000,0.000000,0.162373,9.303276,0.424172,24.303276,-0.078962,-4.524186,-0.261799,-15.000000,-0.162373,0.261799,24.943927,39.130281,20.996542,38.483640,22.772865,38.774628,10.469239,33.218481
16.520000,0.020000,3.000000,4.000000,1.800000,13.500000,2.000000,0.000000,0.000000,0.161190,9.235484,0.422989,24.235484,-0.077775,-4.456195,-0.261799,-15.000000,-0.161190,0.261799,25.003719,39.135279,21.055568,38.493309,22.832235,38.782195,10.522043,33.240610
16.540000,0.020000,3.000000,4.000000,1.800000,13.500000,2.000000,0.000000,0.000000,0.160024,9.168709,0.421824,24.168709,-0.076602,-4.388984,-0.261799,-15.000000,-0.160024,0.261799,25.063510,39.140278,21.114611,38.502909,22.891613,38.789725,10.574971,33.262490
16.560000,0.020000,3.000000,4.000000,1.800000,13.500000,2.000000,0.000000,0.000000,0.158876,9.102938,0.420676,24.102938,-0.075443,-4.322552,-0.261799,-15.000000,-0.158876,0.261799,25.123302,39.145278,21.173671,38.512442,22.951001,38.797218,10.628022,33.284124
16.580000,0.020000,3.000000,4.000000,1.800000,13.500000,2.000000,0.000000,0.000000,0.157746,9.038162,0.419529,24.037218,-0.074298,-4.256939,-0.261783,-14.999057,-0.157746,0.261783,25.183093,39.150278,21.232757,38.521909,23.010408,38.804675,10.681114,33.305720
16.600000,0.020000,3.000000,4.000000,1.800000,13.500000,2.000000,0.000000,0.000000,0.156632,8.974366,0.418382,23.971496,-0.073167,-4.192157,-0.261749,-14.997130,-0.156632,0.261749,25.242884,39.155279,21.291849,38.531309,23.069813,38.812095,10.734220,33.327287
16.620000,0.020000,3.000000,4.000000,1.800000,13.500000,2.000000,0.000000,0.000000,0.155536,8.911540,0.417235,23.905777,-0.072051,-4.128217,-0.261699,-14.994237,-0.155536,0.261699,25.302675,39.160281,21.350956,38.540643,23.129227,38.819480,10.787350,33.348824
16.640000,0.020000,3.000000,4.000000,1.800000,13.500000,2.000000,0.000000,0.000000,0.154456,8.849671,0.416088,23.840065,-0.070950,-4.065128,-0.261632,-14.990395,-0.154456,0.261632,25.362466,39.165285,21.410078,38.549914,23.188649,38.826830,10.840506,33.370332
16.660000,0.020000,3.000000,4.000000,1.800000,13.500000,2.000000,0.000000,0.000000,0.153393,8.788745,0.414941,23.774365,-0.069864,-4.002899,-0.261548,-14.985620,-0.153393,0.261548,25.422257,39.170289,21.469214,38.559121,23.248079,38.834146,10.893687,33.391811
16.680000,0.020000,3.000000,4.000000,1.800000,13.500000,2.000000,0.000000,0.000000,0.152345,8.728750,0.413795,23.708680,-0.068793,-3.941536,-0.261449,-14.979929,-0.152345,0.261449,25.482048,39.175295,21.528376,38.568268,23.307529,38.841430,10.946906,33.413263
16.700000,0.020000,3.000000,4.000000,1.800000,13.500000,2.000000,0.000000,0.000000,0.151314,8.669674,0.412648,23.643014,-0.067737,-3.881046,-0.261334,-14.973340,-0.151314,0.261334,25.541839,39.180302,21.587541,38.577352,23.366974,38.848679,11.000138,33.434682
16.720000,0.020000,3.000000,4.000000,1.800000,13.500000,2.000000,0.000000,0.000000,0.150299,8.611503,0.411503,23.577371,-0.066697,-3.821433,-0.261204,-14.965868,-0.150299,0.261204,25.601629,39.185311,21.646720,38.586375,23.426427,38.855896,11.053397,33.456070
16.740000,0.020000,3.000000,4.000000,1.800000,13.500000,2.000000,0.000000,0.000000,0.149299,8.554224,0.410358,23.511756,-0.065672,-3.762700,-0.261058,-14.957532,-0.149299,0.261058,25.661420,39.190321,21.705911,38.595339,23.485887,38.863081,11.106681,33.477428
16.760000,0.020000,3.000000,4.000000,1.800000,13.500000,2.000000,0.000000,0.000000,0.148315,8.497824,0.409213,23.446173,-0.064662,-3.704851,-0.260898,-14.948349,-0.148315,0.260898,25.721210,39.195333,21.765116,38.604245,23.545355,38.870234,11.159992,33.498755
16.780000,0.020000,3.000000,4.000000,1.800000,13.500000,2.000000,0.000000,0.000000,0.147346,8.442290,0.408069,23.380624,-0.063668,-3.647888,-0.260723,-14.938334,-0.147346,0.260723,25.781000,39.200347,21.824343,38.613094,23.604839,38.877358,11.213339,33.520051
16.800000,0.020000,3.000000,4.000000,1.800000,13.500000,2.000000,0.000000,0.000000,0.146391,8.387609,0.406926,23.315114,-0.062689,-3.591811,-0.260534,-14.927505,-0.146391,0.260534,25.840790,39.205361,21.883573,38.621885,23.664320,38.884449,11.266703,33.541314
16.820000,0.020000,3.000000,4.000000,1.800000,13.500000,2.000000,0.000000,0.000000,0.145452,8.333767,0.405783,23.249647,-0.061726,-3.536620,-0.260331,-14.915880,-0.145452,0.260331,25.900580,39.210378,21.942814,38.630620,23.723807,38.891511,11.320093,33.562545
16.840000,0.020000,3.000000,4.000000,1.800000,13.500000,2.000000,0.000000,0.000000,0.144526,8.280751,0.404641,23.184225,-0.060778,-3.482315,-0.260115,-14.903474,-0.144526,0.260115,25.960370,39.215395,22.002068,38.639300,23.783301,38.898542,11.373511,33.583743
16.860000,0.020000,3.000000,4.000000,1.800000,13.500000,2.000000,0.000000,0.000000,0.143615,8.228549,0.403500,23.118853,-0.059845,-3.428894,-0.259885,-14.890304,-0.143615,0.259885,26.020160,39.220414,22.061333,38.647925,23.842802,38.905545,11.426955,33.604908
16.880000,0.020000,3.000000,4.000000,1.800000,13.500000,2.000000,0.000000,0.000000,0.142718,8.177146,0.402360,23.053533,-0.058929,-3.376356,-0.259642,-14.876387,-0.142718,0.259642,26.079949,39.225435,22.120609,38.656497,23.902308,38.912518,11.480426,33.626040
16.900000,0.020000,3.000000,4.000000,1.800000,13.500000,2.000000,0.000000,0.000000,0.141835,8.126530,0.401221,22.988270,-0.058027,-3.324698,-0.259386,-14.861740,-0.141835,0.259386,26.139739,39.230456,22.179906,38.665018,23.961830,38.919465,11.533935,33.647139
16.920000,0.020000,3.000000,4.000000,1.800000,13.500000,2.000000,0.000000,0.000000,0.140965,8.076688,0.400083,22.923066,-0.057141,-3.273915,-0.259118,-14.846378,-0.140965,0.259118,26.199528,39.235479,22.239203,38.673485,24.021349,38.926382,11.587462,33.668203
16.940000,0.020000,3.000000,4.000000,1.800000,13.500000,2.000000,0.000000,0.000000,0.140108,8.027606,0.398946,22.857925,-0.056270,-3.224005,-0.258838,-14.830319,-0.140108,0.258838,26.259318,39.240502,22.298511,38.681901,24.080873,38.933272,11.641015,33.689232
16.960000,0.020000,3.000000,4.000000,1.800000,13.500000,2.000000,0.000000,0.000000,0.139265,7.979271,0.397810,22.792849,-0.055414,-3.174963,-0.258546,-14.813577,-0.139265,0.258546,26.319107,39.245527,22.357829,38.690267,24.140402,38.940134,11.694597,33.710227
16.980000,0.020000,3.000000,4.000000,1.800000,13.500000,2.000000,0.000000,0.000000,0.138434,7.931671,0.396676,22.727842,-0.054573,-3.126783,-0.258242,-14.796170,-0.138434,0.258242,26.378896,39.250552,22.417157,38.698583,24.199937,38.946969,11.748206,33.731186
17.000000,0.020000,3.000000,4.000000,1.800000,13.500000,2.000000,0.000000,0.000000,0.137616,7.884793,0.395542,22.662906,-0.053747,-3.079460,-0.257927,-14.778113,-0.137616,0.257927,26.438685,39.255578,22.476494,38.706850,24.259477,38.953777,11.801843,33.752110
17.020000,0.020000,3.000000,4.000000,1.800000,13.500000,2.000000,0.000000,0.000000,0.136810,7.838624,0.394410,22.598046,-0.052936,-3.032988,-0.257601,-14.759422,-0.136810,0.257601,26.498474,39.260604,22.535841,38.715069,24.319022,38.960559,11.855507,33.772998
17.040000,0.020000,3.000000,4.000000,1.800000,13.500000,2.000000,0.000000,0.000000,0.136016,7.793150,0.393280,22.533262,-0.052139,-2.987361,-0.257263,-14.740112,-0.136016,0.257263,26.558263,39.265631,22.595197,38.723241,24.378573,38.967316,11.909200,33.793849
17.060000,0.020000,3.000000,4.000000,1.800000,13.500000,2.000000,0.000000,0.000000,0.135234,7.748360,0.392150,22.468559,-0.051358,-2.942571,-0.256916,-14.720199,-0.135234,0.256916,26.618052,39.270657,22.654573,38.731367,24.438139,38.974048,11.962932,33.814666
17.080000,0.020000,3.000000,4.000000,1.800000,13.500000,2.000000,0.000000,0.000000,0.134464,7.704241,0.391022,22.403939,-0.050590,-2.898612,-0.256558,-14.699698,-0.134464,0.256558,26.677841,39.275684,22.713947,38.739446,24.497699,38.980753,12.016681,33.835445
17.100000,0.020000,3.000000,4.000000,1.800000,13.500000,2.000000,0.000000,0.000000,0.133706,7.660780,0.389896,22.339404,-0.049837,-2.855476,-0.256190,-14.678623,-0.133706,0.256190,26.737630,39.280711,22.773329,38.747479,24.557264,38.987433,12.070459,33.856186
17.120000,0.020000,3.000000,4.000000,1.800000,13.500000,2.000000,0.000000,0.000000,0.132959,7.617966,0.388771,22.274957,-0.049099,-2.813155,-0.255813,-14.656991,-0.132959,0.255813,26.797420,39.285737,22.832720,38.755468,24.616833,38.994088,12.124264,33.876890
17.140000,0.020000,3.000000,4.000000,1.800000,13.500000,2.000000,0.000000,0.000000,0.132222,7.575786,0.387648,22.210600,-0.048374,-2.771640,-0.255426,-14.634815,-0.132222,0.255426,26.857209,39.290762,22.892119,38.763412,24.676407,39.000719,12.178098,33.897556
17.160000,0.020000,3.000000,4.000000,1.800000,13.500000,2.000000,0.000000,0.000000,0.131497,7.534227,0.386527,22.146337,-0.047664,-2.730924,-0.255029,-14.612110,-0.131497,0.255029,26.916998,39.295787,22.951526,38.771313,24.735986,39.007326,12.231961,33.918184
17.180000,0.020000,3.000000,4.000000,1.800000,13.500000,2.000000,0.000000,0.000000,0.130782,7.493279,0.385407,22.082169,-0.046967,-2.690998,-0.254624,-14.588890,-0.130782,0.254624,26.976787,39.300812,23.010940,38.779171,24.795568,39.013909,12.285852,33.938774
17.200000,0.020000,3.000000,4.000000,1.800000,13.500000,2.000000,0.000000,0.000000,0.130078,7.452929,0.384288,22.018099,-0.046284,-2.651852,-0.254210,-14.565170,-0.130078,0.254210,27.036577,39.305835,23.070362,38.786987,24.855155,39.020468,12.339771,33.959325
17.220000,0.020000,3.000000,4.000000,1.800000,13.500000,2.000000,0.000000,0.000000,0.129384,7.413165,0.383172,21.954128,-0.045614,-2.613477,-0.253788,-14.540963,-0.129384,0.253788,27.096366,39.310856,23.129791,38.794761,24.914746,39.027004,12.393719,33.979838
17.240000,0.020000,3.000000,4.000000,1.800000,13.500000,2.000000,0.000000,0.000000,0.128700,7.373977,0.382057,21.890260,-0.044957,-2.575864,-0.253357,-14.516283,-0.128700,0.253357,27.156156,39.315877,23.189228,38.802495,24.974341,39.033516,12.447696,34.000310
17.260000,0.020000,3.000000,4.000000,1.800000,13.500000,2.000000,0.000000,0.000000,0.128026,7.335352,0.380944,21.826496,-0.044314,-2.539004,-0.252918,-14.491144,-0.128026,0.252918,27.215945,39.320895,23.248682,38.810189,25.033951,39.040007,12.501712,34.020745
17.280000,0.020000,3.000000,4.000000,1.800000,13.500000,2.000000,0.000000,0.000000,0.127362,7.297280,0.379833,21.762838,-0.043684,-2.502886,-0.252472,-14.465558,-0.127362,0.252472,27.275735,39.325912,23.308133,38.817842,25.093553,39.046474,12.555746,34.041139
17.300000,0.020000,3.000000,4.000000,1.800000,13.500000,2.000000,0.000000,0.000000,0.126707,7.259748,0.378724,21.699288,-0.043066,-2.467501,-0.252018,-14.439540,-0.126707,0.252018,27.335525,39.330927,23.367590,38.825456,25.153160,39.052918,12.609808,34.061493
17.320000,0.020000,3.000000,4.000000,1.800000,13.500000,2.000000,0.000000,0.000000,0.126061,7.222747,0.377617,21.635848,-0.042461,-2.432839,-0.251556,-14.413101,-0.126061,0.251556,27.395316,39.335940,23.427054,38.833031,25.212770,39.059340,12.663900,34.081806
17.340000,0.020000,3.000000,4.000000,1.800000,13.500000,2.000000,0.000000,0.000000,0.125424,7.186266,0.376512,21.572521,-0.041869,-2.398890,-0.251088,-14.386255,-0.125424,0.251088,27.455106,39.340950,23.486524,38.840568,25.272384,39.065740,12.718020,34.102079
17.360000,0.020000,3.000000,4.000000,1.800000,13.500000,2.000000,0.000000,0.000000,0.124796,7.150293,0.375408,21.509307,-0.041288,-2.365643,-0.250612,-14.359014,-0.124796,0.250612,27.514897,39.345957,23.546000,38.848067,25.332002,39.072117,12.772169,34.122311
17.380000,0.020000,3.000000,4.000000,1.800000,13.500000,2.000000,0.000000,0.000000,0.124177,7.114818,0.374307,21.446209,-0.040720,-2.333088,-0.250130,-14.331391,-0.124177,0.250130,27.574688,39.350962,23.605483,38.855529,25.391623,39.078474,12.826346,34.142502
17.400000,0.020000,3.000000,4.000000,1.800000,13.500000,2.000000,0.000000,0.000000,0.123566,7.079832,0.373208,21.383228,-0.040164,-2.301216,-0.249641,-14.303397,-0.123566,0.249641,27.634479,39.355964,23.664972,38.862954,25.451247,39.084808,12.880552,34.162651
17.420000,0.020000,3.000000,4.000000,1.800000,13.500000,2.000000,0.000000,0.000000,0.122964,7.045323,0.372111,21.320367,-0.039619,-2.270014,-0.249147,-14.275044,-0.122964,0.249147,27.694270,39.360962,23.724466,38.870343,25.510875,39.091121,12.934788,34.182759
17.440000,0.020000,3.000000,4.000000,1.800000,13.500000,2.000000,0.000000,0.000000,0.122370,7.011281,0.371016,21.257626,-0.039086,-2.239474,-0.248646,-14.246344,-0.122370,0.248646,27.754062,39.365957,23.783966,38.877697,25.570506,39.097414,12.989051,34.202825
17.460000,0.020000,3.000000,4.000000,1.800000,13.500000,2.000000,0.000000,0.000000,0.121784,6.977698,0.369923,21.195007,-0.038565,-2.209584,-0.248139,-14.217309,-0.121784,0.248139,27.813854,39.370948,23.843472,38.885015,25.630141,39.103685,13.043344,34.222850
17.480000,0.020000,3.000000,4.000000,1.800000,13.500000,2.000000,0.000000,0.000000,0.121205,6.944562,0.368832,21.132512,-0.038054,-2.180334,-0.247626,-14.187949,-0.121205,0.247626,27.873646,39.375936,23.902984,38.892299,25.689778,39.109935,13.097665,34.242832
17.500000,0.020000,3.000000,4.000000,1.800000,13.500000,2.000000,0.000000,0.000000,0.120635,6.911865,0.367743,21.070142,-0.037554,-2.151713,-0.247109,-14.158277,-0.120635,0.247109,27.933439,39.380919,23.962500,38.899548,25.749419,39.116164,13.152015,34.262772
17.520000,0.020000,3.000000,4.000000,1.800000,13.500000,2.000000,0.000000,0.000000,0.120072,6.879597,0.366657,21.007899,-0.037066,-2.123712,-0.246585,-14.128301,-0.120072,0.246585,27.993232,39.385898,24.022022,38.906764,25.809062,39.122373,13.206394,34.282669
17.540000,0.020000,3.000000,4.000000,1.800000,13.500000,2.000000,0.000000,0.000000,0.119516,6.847749,0.365573,20.945783,-0.036588,-2.096319,-0.246057,-14.098034,-0.119516,0.246057,28.053026,39.390873,24.081560,38.913947,25.868719,39.128563,13.260811,34.302524
17.560000,0.020000,3.000000,4.000000,1.800000,13.500000,2.000000,0.000000,0.000000,0.118967,6.816311,0.364491,20.883797,-0.036120,-2.069523,-0.245524,-14.067486,-0.118967,0.245524,28.112819,39.395843,24.141092,38.921096,25.928369,39.134732,13.315247,34.322336
17.580000,0.020000,3.000000,4.000000,1.800000,13.500000,2.000000,0.000000,0.000000,0.118425,6.785275,0.363411,20.821942,-0.035663,-2.043316,-0.244986,-14.036667,-0.118425,0.244986,28.172614,39.400808,24.200629,38.928212,25.988021,39.140880,13.369712,34.342104
17.600000,0.020000,3.000000,4.000000,1.800000,13.500000,2.000000,0.000000,0.000000,0.117891,6.754632,0.362334,20.760218,-0.035215,-2.017685,-0.244444,-14.005586,-0.117891,0.244444,28.232408,39.405768,24.260171,38.935297,26.047677,39.147009,13.424205,34.361828
17.620000,0.020000,3.000000,4.000000,1.800000,13.500000,2.000000,0.000000,0.000000,0.117362,6.724373,0.361259,20.698627,-0.034778,-1.992621,-0.243897,-13.974254,-0.117362,0.243897,28.292203,39.410723,24.319717,38.942350,26.107335,39.153117,13.478726,34.381509
17.640000,0.020000,3.000000,4.000000,1.800000,13.500000,2.000000,0.000000,0.000000,0.116841,6.694490,0.360187,20.637171,-0.034350,-1.968113,-0.243346,-13.942681,-0.116841,0.243346,28.351999,39.415672,24.379268,38.949371,26.166996,39.159206,13.533276,34.401147
17.660000,0.020000,3.000000,4.000000,1.800000,13.500000,2.000000,0.000000,0.000000,0.116326,6.664974,0.359116,20.575849,-0.033932,-1.944151,-0.242791,-13.910875,-0.116326,0.242791,28.411795,39.420616,24.438824,38.956361,26.226659,39.165276,13.587855,34.420740
17.680000,0.020000,3.000000,4.000000,1.800000,13.500000,2.000000,0.000000,0.000000,0.115817,6.635817,0.358048,20.514664,-0.033523,-1.920725,-0.242232,-13.878847,-0.115817,0.242232,28.471591,39.425554,24.498384,38.963321,26.286326,39.171326,13.642462,34.440290
17.700000,0.020000,3.000000,4.000000,1.800000,13.500000,2.000000,0.000000,0.000000,0.115314,6.607012,0.356983,20.453616,-0.033123,-1.897825,-0.241669,-13.846604,-0.115314,0.241669,28.531388,39.430486,24.557949,38.970251,26.345995,39.177356,13.697097,34.459795
17.720000,0.020000,3.000000,4.000000,1.800000,13.500000,2.000000,0.000000,0.000000,0.114817,6.578550,0.355920,20.392706,-0.032733,-1.875440,-0.241103,-13.814157,-0.114817,0.241103,28.591186,39.435412,24.617518,38.977150,26.405666,39.183368,13.751760,34.479256
17.740000,0.020000,3.000000,4.000000,1.800000,13.500000,2.000000,0.000000,0.000000,0.114326,6.550423,0.354859,20.331936,-0.032351,-1.853561,-0.240533,-13.781513,-0.114326,0.240533,28.650984,39.440332,24.677091,38.984021,26.465340,39.189360,13.806452,34.498672
17.760000,0.020000,3.000000,4.000000,1.800000,13.500000,2.000000,0.000000,0.000000,0.113841,6.522625,0.353801,20.271305,-0.031978,-1.832177,-0.239960,-13.748681,-0.113841,0.239960,28.710782,39.445245,24.736668,38.990862,26.525017,39.195334,13.861172,34.518044
17.780000,0.020000,3.000000,4.000000,1.800000,13.500000,2.000000,0.000000,0.000000,0.113362,6.495147,0.352745,20.210816,-0.031613,-1.811279,-0.239384,-13.715669,-0.113362,0.239384,28.770581,39.450151,24.796249,38.997674,26.584696,39.201288,13.915920,34.537371
17.800000,0.020000,3.000000,4.000000,1.800000,13.500000,2.000000,0.000000,0.000000,0.112888,6.467982,0.351692,20.150468,-0.031256,-1.790857,-0.238804,-13.682486,-0.112888,0.238804,28.830381,39.455050,24.855834,39.004458,26.644377,39.207224,13.970696,34.556653
17.820000,0.020000,3.000000,4.000000,1.800000,13.500000,2.000000,0.000000,0.000000,0.112419,6.441124,0.350641,20.090263,-0.030908,-1.770902,-0.238222,-13.649139,-0.112419,0.238222,28.890181,39.459943,24.915423,39.011213,26.704061,39.213141,14.025500,34.575890
17.840000,0.020000,3.000000,4.000000,1.800000,13.500000,2.000000,0.000000,0.000000,0.111955,6.414564,0.349593,20.030201,-0.030568,-1.751403,-0.237638,-13.615637,-0.111955,0.237638,28.949982,39.464828,24.975016,39.017941,26.763747,39.219040,14.080332,34.595082
17.860000,0.020000,3.000000,4.000000,1.800000,13.500000,2.000000,0.000000,0.000000,0.111497,6.388297,0.348547,19.970283,-0.030235,-1.732352,-0.237050,-13.581985,-0.111497,0.237050,29.009783,39.469706,25.034612,39.024641,26.823436,39.224920,14.135192,34.614228
17.880000,0.020000,3.000000,4.000000,1.800000,13.500000,2.000000,0.000000,0.000000,0.111043,6.362316,0.347504,19.910510,-0.029910,-1.713738,-0.236461,-13.548194,-0.111043,0.236461,29.069585,39.474576,25.094213,39.031314,26.883127,39.230782,14.190080,34.633329
17.900000,0.020000,3.000000,4.000000,1.800000,13.500000,2.000000,0.000000,0.000000,0.110595,6.336614,0.346463,19.850882,-0.029593,-1.695554,-0.235868,-13.514268,-0.110595,0.235868,29.129388,39.479439,25.153816,39.037960,26.942820,39.236625,14.244995,34.652385
17.920000,0.020000,3.000000,4.000000,1.800000,13.500000,2.000000,0.000000,0.000000,0.110151,6.311184,0.345425,19.791400,-0.029283,-1.677789,-0.235274,-13.480215,-0.110151,0.235274,29.189191,39.484294,25.213424,39.044579,27.002515,39.242450,14.299938,34.671395
17.940000,0.020000,3.000000,4.000000,1.800000,13.500000,2.000000,0.000000,0.000000,0.109712,6.286021,0.344389,19.732065,-0.028980,-1.660434,-0.234678,-13.446043,-0.109712,0.234678,29.248995,39.489140,25.273035,39.051172,27.062212,39.248257,14.354909,34.690359
17.960000,0.020000,3.000000,4.000000,1.800000,13.500000,2.000000,0.000000,0.000000,0.109277,6.261118,0.343356,19.672876,-0.028684,-1.643482,-0.234079,-13.411758,-0.109277,0.234079,29.308800,39.493979,25.332659,39.057740,27.121922,39.254048,14.409917,34.709279
17.980000,0.020000,3.000000,4.000000,1.800000,13.500000,2.000000,0.000000,0.000000,0.108847,6.236469,0.342326,19.613836,-0.028395,-1.626922,-0.233479,-13.377366,-0.108847,0.233479,29.368605,39.498809,25.392276,39.064281,27.181624,39.259819,14.464942,34.728152
18.000000,0.020000,3.000000,4.000000,1.800000,13.500000,2.000000,0.000000,0.000000,0.108421,6.212069,0.341298,19.554943,-0.028113,-1.610747,-0.232877,-13.342874,-0.108421,0.232877,29.428411,39.503631,25.451897,39.070796,27.241328,39.265572,14.519995,34.746978
18.020000,0.020000,3.000000,4.000000,1.800000,13.500000,2.000000,0.000000,0.000000,0.107999,6.187911,0.340273,19.496199,-0.027837,-1.594947,-0.232273,-13.308288,-0.107999,0.232273,29.488217,39.508445,25.511521,39.077286,27.301034,39.271307,14.575075,34.765759
18.040000,0.020000,3.000000,4.000000,1.800000,13.500000,2.000000,0.000000,0.000000,0.107582,6.163990,0.339250,19.437604,-0.027568,-1.579514,-0.231668,-13.273615,-0.107582,0.231668,29.548025,39.513249,25.571149,39.083751,27.360742,39.277025,14.630182,34.784494
18.060000,0.020000,3.000000,4.000000,1.800000,13.500000,2.000000,0.000000,0.000000,0.107168,6.140300,0.338230,19.379159,-0.027305,-1.564441,-0.231062,-13.238859,-0.107168,0.231062,29.607833,39.518045,25.630779,39.090191,27.420452,39.282725,14.685316,34.803182
18.080000,0.020000,3.000000,4.000000,1.800000,13.500000,2.000000,0.000000,0.000000,0.106759,6.116836,0.337213,19.320864,-0.027048,-1.549718,-0.230454,-13.204027,-0.106759,0.230454,29.667641,39.522832,25.690413,39.096606,27.480165,39.288408,14.740477,34.821824
18.100000,0.020000,3.000000,4.000000,1.800000,13.500000,2.000000,0.000000,0.000000,0.106353,6.093593,0.336198,19.262718,-0.026797,-1.535338,-0.229845,-13.169125,-0.106353,0.229845,29.727451,39.527609,25.750049,39.102998,27.539879,39.294073,14.795665,34.840420
18.120000,0.020000,3.000000,4.000000,1.800000,13.500000,2.000000,0.000000,0.000000,0.105951,6.070566,0.335186,19.204724,-0.026552,-1.521293,-0.229234,-13.134158,-0.105951,0.229234,29.787261,39.532378,25.809689,39.109364,27.599595,39.299720,14.850880,34.858969
18.140000,0.020000,3.000000,4.000000,1.800000,13.500000,2.000000,0.000000,0.000000,0.105553,6.047749,0.334176,19.146880,-0.026312,-1.507575,-0.228623,-13.099131,-0.105553,0.228623,29.847072,39.537137,25.869331,39.115707,27.659313,39.305350,14.906122,34.877472
18.160000,0.020000,3.000000,4.000000,1.800000,13.500000,2.000000,0.000000,0.000000,0.105159,6.025138,0.333169,19.089188,-0.026078,-1.494177,-0.228011,-13.064049,-0.105159,0.228011,29.906884,39.541886,25.928977,39.122027,27.719033,39.310963,14.961390,34.895929
18.180000,0.020000,3.000000,4.000000,1.800000,13.500000,2.000000,0.000000,0.000000,0.104767,6.002728,0.332165,19.031647,-0.025850,-1.481090,-0.227398,-13.028918,-0.104767,0.227398,29.966696,39.546626,25.988625,39.128322,27.778755,39.316559,15.016684,34.914339
18.200000,0.020000,3.000000,4.000000,1.800000,13.500000,2.000000,0.000000,0.000000,0.104380,5.980515,0.331163,18.974257,-0.025627,-1.468307,-0.226784,-12.993743,-0.104380,0.226784,30.026510,39.551356,26.048276,39.134595,27.838479,39.322137,15.072005,34.932703
18.220000,0.020000,3.000000,4.000000,1.800000,13.500000,2.000000,0.000000,0.000000,0.103995,5.958492,0.330164,18.917020,-0.025409,-1.455821,-0.226169,-12.958527,-0.103995,0.226169,30.086324,39.556076,26.107930,39.140844,27.898205,39.327699,15.127352,34.951020
18.240000,0.020000,3.000000,4.000000,1.800000,13.500000,2.000000,0.000000,0.000000,0.103614,5.936657,0.329168,18.859935,-0.025196,-1.443626,-0.225554,-12.923277,-0.103614,0.225554,30.146138,39.560787,26.167587,39.147071,27.957933,39.333243,15.182726,34.969290
18.260000,0.020000,3.000000,4.000000,1.800000,13.500000,2.000000,0.000000,0.000000,0.103236,5.915005,0.328174,18.803002,-0.024988,-1.431713,-0.224938,-12.887996,-0.103236,0.224938,30.205954,39.565487,26.227246,39.153274,28.017662,39.338770,15.238125,34.987513
18.280000,0.020000,3.000000,4.000000,1.800000,13.500000,2.000000,0.000000,0.000000,0.102862,5.893532,0.327183,18.746221,-0.024785,-1.420076,-0.224322,-12.852689,-0.102862,0.224322,30.265770,39.570177,26.286908,39.159456,28.077394,39.344280,15.293551,35.005690
18.300000,0.020000,3.000000,4.000000,1.800000,13.500000,2.000000,0.000000,0.000000,0.102490,5.872233,0.326195,18.689593,-0.024587,-1.408708,-0.223705,-12.817360,-0.102490,0.223705,30.325588,39.574857,26.346572,39.165615,28.137127,39.349773,15.349002,35.023821
18.320000,0.020000,3.000000,4.000000,1.800000,13.500000,2.000000,0.000000,0.000000,0.102121,5.851105,0.325209,18.633118,-0.024393,-1.397603,-0.223088,-12.782014,-0.102121,0.223088,30.385406,39.579526,26.406239,39.171751,28.196862,39.355250,15.404479,35.041904
18.340000,0.020000,3.000000,4.000000,1.800000,13.500000,2.000000,0.000000,0.000000,0.101755,5.830143,0.324226,18.576796,-0.024203,-1.386753,-0.222471,-12.746654,-0.101755,0.222471,30.445225,39.584185,26.465909,39.177866,28.256598,39.360710,15.459982,35.059941
18.360000,0.020000,3.000000,4.000000,1.800000,13.500000,2.000000,0.000000,0.000000,0.101392,5.809343,0.323246,18.520627,-0.024018,-1.376153,-0.221854,-12.711284,-0.101392,0.221854,30.505044,39.588834,26.525581,39.183959,28.316337,39.366153,15.515510,35.077931
18.380000,0.020000,3.000000,4.000000,1.800000,13.500000,2.000000,0.000000,0.000000,0.101032,5.788703,0.322268,18.464611,-0.023838,-1.365796,-0.221236,-12.675908,-0.101032,0.221236,30.564865,39.593472,26.585256,39.190031,28.376077,39.371579,15.571064,35.095874
18.400000,0.020000,3.000000,4.000000,1.800000,13.500000,2.000000,0.000000,0.000000,0.100674,5.768218,0.321293,18.408748,-0.023661,-1.355676,-0.220619,-12.640530,-0.100674,0.220619,30.624686,39.598099,26.644933,39.196080,28.435819,39.376988,15.626643,35.113771
18.420000,0.020000,3.000000,4.000000,1.800000,13.500000,2.000000,0.000000,0.000000,0.100320,5.747885,0.320321,18.353038,-0.023488,-1.345787,-0.220001,-12.605153,-0.100320,0.220001,30.684508,39.602715,26.704612,39.202109,28.495562,39.382381,15.682248,35.131620
18.440000,0.020000,3.000000,4.000000,1.800000,13.500000,2.000000,0.000000,0.000000,0.099967,5.727700,0.319351,18.297481,-0.023320,-1.336122,-0.219384,-12.569781,-0.099967,0.219384,30.744331,39.607320,26.764294,39.208116,28.555308,39.387758,15.737877,35.149423
18.460000,0.020000,3.000000,4.000000,1.800000,13.500000,2.000000,0.000000,0.000000,0.099617,5.707660,0.318384,18.242078,-0.023155,-1.326677,-0.218767,-12.534418,-0.099617,0.218767,30.804155,39.611915,26.823978,39.214103,28.615055,39.393118,15.793532,35.167179
18.480000,0.020000,3.000000,4.000000,1.800000,13.500000,2.000000,0.000000,0.000000,0.099270,5.687762,0.317420,18.186828,-0.022994,-1.317445,-0.218150,-12.499066,-0.099270,0.218150,30.863980,39.616498,26.883665,39.220068,28.674803,39.398461,15.849211,35.184888
18.500000,0.020000,3.000000,4.000000,1.800000,13.500000,2.000000,0.000000,0.000000,0.098925,5.668002,0.316458,18.131730,-0.022836,-1.308421,-0.217533,-12.463729,-0.098925,0.217533,30.923805,39.621070,26.943354,39.226013,28.734553,39.403788,15.904916,35.202551
18.520000,0.020000,3.000000,4.000000,1.800000,13.500000,2.000000,0.000000,0.000000,0.098583,5.648377,0.315499,18.076786,-0.022682,-1.299600,-0.216917,-12.428409,-0.098583,0.216917,30.983632,39.625631,27.003045,39.231938,28.794305,39.409099,15.960645,35.220167
18.540000,0.020000,3.000000,4.000000,1.800000,13.500000,2.000000,0.000000,0.000000,0.098243,5.628885,0.314543,18.021995,-0.022532,-1.290975,-0.216301,-12.393110,-0.098243,0.216301,31.043459,39.630181,27.062738,39.237841,28.854059,39.414394,16.016398,35.237736
18.560000,0.020000,3.000000,4.000000,1.800000,13.500000,2.000000,0.000000,0.000000,0.097905,5.609522,0.313590,17.967357,-0.022385,-1.282542,-0.215685,-12.357835,-0.097905,0.215685,31.103287,39.634719,27.122434,39.243725,28.913814,39.419672,16.072176,35.255258
18.580000,0.020000,3.000000,4.000000,1.800000,13.500000,2.000000,0.000000,0.000000,0.097569,5.590286,0.312639,17.912872,-0.022241,-1.274296,-0.215070,-12.322586,-0.097569,0.215070,31.163116,39.639246,27.182131,39.249588,28.973571,39.424934,16.127979,35.272734
18.600000,0.020000,3.000000,4.000000,1.800000,13.500000,2.000000,0.000000,0.000000,0.097235,5.571173,0.311690,17.858540,-0.022100,-1.266231,-0.214455,-12.287367,-0.097235,0.214455,31.222946,39.643761,27.241831,39.255432,29.033329,39.430180,16.183805,35.290162
18.620000,0.020000,3.000000,4.000000,1.800000,13.500000,2.000000,0.000000,0.000000,0.096904,5.552181,0.310745,17.804360,-0.021962,-1.258343,-0.213841,-12.252179,-0.096904,0.213841,31.282777,39.648265,27.301533,39.261255,29.093089,39.435409,16.239656,35.307545
18.640000,0.020000,3.000000,4.000000,1.800000,13.500000,2.000000,0.000000,0.000000,0.096574,5.533307,0.309802,17.750333,-0.021828,-1.250626,-0.213227,-12.217026,-0.096574,0.213227,31.342608,39.652758,27.361237,39.267059,29.152850,39.440623,16.295531,35.324880
18.660000,0.020000,3.000000,4.000000,1.800000,13.500000,2.000000,0.000000,0.000000,0.096247,5.514549,0.308861,17.696458,-0.021696,-1.243077,-0.212614,-12.181909,-0.096247,0.212614,31.402441,39.657238,27.420944,39.272843,29.212613,39.445820,16.351429,35.342169
18.680000,0.020000,3.000000,4.000000,1.800000,13.500000,2.000000,0.000000,0.000000,0.095922,5.495905,0.307924,17.642736,-0.021567,-1.235691,-0.212002,-12.146832,-0.095922,0.212002,31.462274,39.661707,27.480652,39.278608,29.272377,39.451002,16.407352,35.359411
18.700000,0.020000,3.000000,4.000000,1.800000,13.500000,2.000000,0.000000,0.000000,0.095598,5.477371,0.306989,17.589166,-0.021441,-1.228462,-0.211391,-12.111796,-0.095598,0.211391,31.522108,39.666164,27.540372,39.284354,29.332153,39.456169,16.463308,35.376608
18.720000,0.020000,3.000000,4.000000,1.800000,13.500000,2.000000,0.000000,0.000000,0.095277,5.458945,0.306057,17.535749,-0.021317,-1.221387,-0.210780,-12.076803,-0.095277,0.210780,31.581943,39.670610,27.600085,39.290080,29.391921,39.461318,16.519277,35.393757
18.740000,0.020000,3.000000,4.000000,1.800000,13.500000,2.000000,0.000000,0.000000,0.094957,5.440626,0.305127,17.482483,-0.021196,-1.214461,-0.210170,-12.041857,-0.094957,0.210170,31.641779,39.675043,27.659799,39.295786,29.451690,39.466452,16.575271,35.410860
18.760000,0.020000,3.000000,4.000000,1.800000,13.500000,2.000000,0.000000,0.000000,0.094639,5.422410,0.304200,17.429368,-0.021078,-1.207680,-0.209561,-12.006958,-0.094639,0.209561,31.701616,39.679465,27.719515,39.301474,29.511460,39.471570,16.631287,35.427917
18.780000,0.020000,3.000000,4.000000,1.800000,13.500000,2.000000,0.000000,0.000000,0.094323,5.404297,0.303275,17.376405,-0.020962,-1.201041,-0.208953,-11.972109,-0.094323,0.208953,31.761454,39.683874,27.779233,39.307142,29.571232,39.476672,16.687326,35.444926
18.800000,0.020000,3.000000,4.000000,1.800000,13.500000,2.000000,0.000000,0.000000,0.094008,5.386282,0.302354,17.323594,-0.020849,-1.194538,-0.208345,-11.937312,-0.094008,0.208345,31.821292,39.688272,27.838954,39.312792,29.631006,39.481758,16.743389,35.461890
18.820000,0.020000,3.000000,4.000000,1.800000,13.500000,2.000000,0.000000,0.000000,0.093696,5.368365,0.301435,17.270934,-0.020737,-1.188169,-0.207739,-11.902568,-0.093696,0.207739,31.881132,39.692658,27.898676,39.318423,29.690780,39.486829,16.799475,35.478807
18.840000,0.020000,3.000000,4.000000,1.800000,13.500000,2.000000,0.000000,0.000000,0.093385,5.350544,0.300518,17.218424,-0.020629,-1.181929,-0.207134,-11.867880,-0.093385,0.207134,31.940972,39.697031,27.958400,39.324036,29.750557,39.491884,16.855583,35.495678
18.860000,0.020000,3.000000,4.000000,1.800000,13.500000,2.000000,0.000000,0.000000,0.093075,5.332817,0.299604,17.166066,-0.020522,-1.175815,-0.206529,-11.833249,-0.093075,0.206529,32.000814,39.701393,28.018126,39.329629,29.810334,39.496923,16.911715,35.512503
18.880000,0.020000,3.000000,4.000000,1.800000,13.500000,2.000000,0.000000,0.000000,0.092767,5.315181,0.298693,17.113858,-0.020417,-1.169822,-0.205926,-11.798677,-0.092767,0.205926,32.060656,39.705742,28.077853,39.335205,29.870114,39.501946,16.967868,35.529281
18.900000,0.020000,3.000000,4.000000,1.800000,13.500000,2.000000,0.000000,0.000000,0.092461,5.297634,0.297785,17.061800,-0.020315,-1.163948,-0.205323,-11.764165,-0.092461,0.205323,32.120499,39.710080,28.137583,39.340761,29.929894,39.506955,17.024045,35.546014
18.920000,0.020000,3.000000,4.000000,1.800000,13.500000,2.000000,0.000000,0.000000,0.092156,5.280176,0.296879,17.009892,-0.020214,-1.158189,-0.204722,-11.729716,-0.092156,0.204722,32.180343,39.714405,28.197314,39.346300,29.989676,39.511947,17.080244,35.562700
18.940000,0.020000,3.000000,4.000000,1.800000,13.500000,2.000000,0.000000,0.000000,0.091853,5.262805,0.295975,16.958134,-0.020116,-1.152542,-0.204122,-11.695329,-0.091853,0.204122,32.240188,39.718717,28.257047,39.351821,30.049459,39.516924,17.136465,35.579340
18.960000,0.020000,3.000000,4.000000,1.800000,13.500000,2.000000,0.000000,0.000000,0.091552,5.245518,0.295075,16.906525,-0.020019,-1.147003,-0.203523,-11.661007,-0.091552,0.203523,32.300033,39.723018,28.316782,39.357323,30.109244,39.521886,17.192708,35.595935
18.980000,0.020000,3.000000,4.000000,1.800000,13.500000,2.000000,0.000000,0.000000,0.091251,5.228314,0.294176,16.855066,-0.019924,-1.141569,-0.202925,-11.626752,-0.091251,0.202925,32.359880,39.727306,28.376519,39.362807,30.169030,39.526832,17.248973,35.612483
19.000000,0.020000,3.000000,4.000000,1.800000,13.500000,2.000000,0.000000,0.000000,0.090952,5.211192,0.293281,16.803756,-0.019831,-1.136237,-0.202328,-11.592564,-0.090952,0.202328,32.419727,39.731582,28.436258,39.368274,30.228818,39.531762,17.305260,35.628986
19.020000,0.020000,3.000000,4.000000,1.800000,13.500000,2.000000,0.000000,0.000000,0.090655,5.194149,0.292388,16.752594,-0.019740,-1.131004,-0.201733,-11.558445,-0.090655,0.201733,32.479576,39.735846,28.495998,39.373722,30.288606,39.536678,17.361569,35.645443
19.040000,0.020000,3.000000,4.000000,1.800000,13.500000,2.000000,0.000000,0.000000,0.090359,5.177185,0.291498,16.701581,-0.019650,-1.125867,-0.201139,-11.524396,-0.090359,0.201139,32.539425,39.740097,28.555740,39.379153,30.348397,39.541578,17.417900,35.661854
19.060000,0.020000,3.000000,4.000000,1.800000,13.500000,2.000000,0.000000,0.000000,0.090064,5.160298,0.290610,16.650716,-0.019562,-1.120823,-0.200546,-11.490418,-0.090064,0.200546,32.599275,39.744336,28.615484,39.384566,30.408188,39.546463,17.474252,35.678219
19.080000,0.020000,3.000000,4.000000,1.800000,13.500000,2.000000,0.000000,0.000000,0.089771,5.143487,0.289725,16.599999,-0.019476,-1.115870,-0.199954,-11.456512,-0.089771,0.199954,32.659126,39.748563,28.675229,39.389962,30.467981,39.551332,17.530626,35.694539
19.100000,0.020000,3.000000,4.000000,1.800000,13.500000,2.000000,0.000000,0.000000,0.089479,5.126750,0.288842,16.549429,-0.019391,-1.111004,-0.199363,-11.422679,-0.089479,0.199363,32.718978,39.752777,28.734976,39.395340,30.527775,39.556186,17.587021,35.710814
19.120000,0.020000,3.000000,4.000000,1.800000,13.500000,2.000000,0.000000,0.000000,0.089188,5.110086,0.287962,16.499007,-0.019307,-1.106223,-0.198774,-11.388921,-0.089188,0.198774,32.778830,39.756979,28.794725,39.400700,30.587570,39.561025,17.643438,35.727043
19.140000,0.020000,3.000000,4.000000,1.800000,13.500000,2.000000,0.000000,0.000000,0.088898,5.093494,0.287085,16.448731,-0.019225,-1.101524,-0.198186,-11.355238,-0.088898,0.198186,32.838684,39.761168,28.854475,39.406043,30.647367,39.565849,17.699875,35.743226
19.160000,0.020000,3.000000,4.000000,1.800000,13.500000,2.000000,0.000000,0.000000,0.088610,5.076972,0.286210,16.398603,-0.019145,-1.096905,-0.197600,-11.321631,-0.088610,0.197600,32.898538,39.765345,28.914227,39.411369,30.707165,39.570658,17.756334,35.759364
19.180000,0.020000,3.000000,4.000000,1.800000,13.500000,2.000000,0.000000,0.000000,0.088323,5.060519,0.285337,16.348620,-0.019065,-1.092363,-0.197015,-11.288101,-0.088323,0.197015,32.958394,39.769510,28.973981,39.416678,30.766965,39.575452,17.812813,35.775458
19.200000,0.020000,3.000000,4.000000,1.800000,13.500000,2.000000,0.000000,0.000000,0.088037,5.044135,0.284467,16.298784,-0.018987,-1.087897,-0.196431,-11.254649,-0.088037,0.196431,33.018250,39.773662,29.033736,39.421969,30.826765,39.580231,17.869313,35.791505
19.220000,0.020000,3.000000,4.000000,1.800000,13.500000,2.000000,0.000000,0.000000,0.087752,5.027817,0.283600,16.249093,-0.018911,-1.083503,-0.195848,-11.221276,-0.087752,0.195848,33.078107,39.777802,29.093493,39.427244,30.886567,39.584995,17.925834,35.807508
19.240000,0.020000,3.000000,4.000000,1.800000,13.500000,2.000000,0.000000,0.000000,0.087468,5.011566,0.282735,16.199548,-0.018835,-1.079179,-0.195267,-11.187982,-0.087468,0.195267,33.137965,39.781929,29.153251,39.432501,30.946370,39.589744,17.982376,35.823466
19.260000,0.020000,3.000000,4.000000,1.800000,13.500000,2.000000,0.000000,0.000000,0.087186,4.995379,0.281873,16.150148,-0.018761,-1.074923,-0.194687,-11.154769,-0.087186,0.194687,33.197823,39.786044,29.213011,39.437742,31.006175,39.594477,18.038938,35.839379
19.280000,0.020000,3.000000,4.000000,1.800000,13.500000,2.000000,0.000000,0.000000,0.086904,4.979256,0.281014,16.100892,-0.018688,-1.070734,-0.194109,-11.121636,-0.086904,0.194109,33.257683,39.790146,29.272773,39.442965,31.065980,39.599196,18.095520,35.855247
19.300000,0.020000,3.000000,4.000000,1.800000,13.500000,2.000000,0.000000,0.000000,0.086624,4.963196,0.280156,16.051781,-0.018616,-1.066608,-0.193532,-11.088585,-0.086624,0.193532,33.317543,39.794236,29.332536,39.448172,31.125787,39.603901,18.152122,35.871070
19.320000,0.020000,3.000000,4.000000,1.800000,13.500000,2.000000,0.000000,0.000000,0.086345,4.947198,0.279302,16.002814,-0.018545,-1.062544,-0.192957,-11.055616,-0.086345,0.192957,33.377405,39.798313,29.392301,39.453362,31.185595,39.608590,18.208745,35.886848
19.340000,0.020000,3.000000,4.000000,1.800000,13.500000,2.000000,0.000000,0.000000,0.086067,4.931261,0.278450,15.953991,-0.018475,-1.058541,-0.192383,-11.022730,-0.086067,0.192383,33.437267,39.802378,29.452067,39.458535,31.245404,39.613264,18.265388,35.902582
19.360000,0.020000,3.000000,4.000000,1.800000,13.500000,2.000000,0.000000,0.000000,0.085790,4.915384,0.277600,15.905311,-0.018406,-1.054595,-0.191810,-10.989927,-0.085790,0.191810,33.497130,39.806430,29.511835,39.463692,31.305215,39.617924,18.322050,35.918271
19.380000,0.020000,3.000000,4.000000,1.800000,13.500000,2.000000,0.000000,0.000000,0.085514,4.899566,0.276753,15.856774,-0.018338,-1.050706,-0.191239,-10.957208,-0.085514,0.191239,33.556994,39.810470,29.571604,39.468832,31.365027,39.622569,18.378732,35.933916
19.400000,0.020000,3.000000,4.000000,1.800000,13.500000,2.000000,0.000000,0.000000,0.085238,4.883806,0.275908,15.808380,-0.018271,-1.046871,-0.190670,-10.924574,-0.085238,0.190670,33.616858,39.814498,29.631375,39.473956,31.424840,39.627200,18.435434,35.949517
19.420000,0.020000,3.000000,4.000000,1.800000,13.500000,2.000000,0.000000,0.000000,0.084964,4.868104,0.275066,15.760128,-0.018205,-1.043088,-0.190102,-10.892024,-0.084964,0.190102,33.676724,39.818513,29.691147,39.479063,31.484654,39.631815,18.492156,35.965073
19.440000,0.020000,3.000000,4.000000,1.800000,13.500000,2.000000,0.000000,0.000000,0.084691,4.852458,0.274226,15.712018,-0.018140,-1.039357,-0.189535,-10.859560,-0.084691,0.189535,33.736590,39.822516,29.750920,39.484154,31.544469,39.636417,18.548897,35.980585
19.460000,0.020000,3.000000,4.000000,1.800000,13.500000,2.000000,0.000000,0.000000,0.084419,4.836869,0.273389,15.664050,-0.018076,-1.035675,-0.188970,-10.827181,-0.084419,0.188970,33.796457,39.826506,29.810696,39.489229,31.604285,39.641003,18.605657,35.996052
19.480000,0.020000,3.000000,4.000000,1.800000,13.500000,2.000000,0.000000,0.000000,0.084148,4.821335,0.272555,15.616223,-0.018013,-1.032040,-0.188406,-10.794888,-0.084148,0.188406,33.856325,39.830483,29.870472,39.494287,31.664103,39.645575,18.662437,36.011476
19.500000,0.020000,3.000000,4.000000,1.800000,13.500000,2.000000,0.000000,0.000000,0.083878,4.805855,0.271722,15.568536,-0.017950,-1.028452,-0.187844,-10.762681,-0.083878,0.187844,33.916194,39.834449,29.930250,39.499329,31.723922,39.650133,18.719236,36.026856
19.520000,0.020000,3.000000,4.000000,1.800000,13.500000,2.000000,0.000000,0.000000,0.083609,4.790429,0.270892,15.520991,-0.017888,-1.024909,-0.187284,-10.730562,-0.083609,0.187284,33.976064,39.838401,29.990030,39.504355,31.783742,39.654676,18.776053,36.042192
19.540000,0.020000,3.000000,4.000000,1.800000,13.500000,2.000000,0.000000,0.000000,0.083340,4.775056,0.270065,15.473585,-0.017827,-1.021409,-0.186725,-10.698529,-0.083340,0.186725,34.035934,39.842342,30.049810,39.509365,31.843563,39.659204,18.832890,36.057484
19.560000,0.020000,3.000000,4.000000,1.800000,13.500000,2.000000,0.000000,0.000000,0.083073,4.759736,0.269240,15.426320,-0.017767,-1.017950,-0.186167,-10.666584,-0.083073,0.186167,34.095806,39.846270,30.109593,39.514359,31.903385,39.663719,18.889745,36.072733
19.580000,0.020000,3.000000,4.000000,1.800000,13.500000,2.000000,0.000000,0.000000,0.082807,4.744468,0.268418,15.379193,-0.017707,-1.014532,-0.185611,-10.634726,-0.082807,0.185611,34.155678,39.850185,30.169376,39.519337,31.963209,39.668218,18.946620,36.087938
19.600000,0.020000,3.000000,4.000000,1.800000,13.500000,2.000000,0.000000,0.000000,0.082541,4.729250,0.267597,15.332206,-0.017648,-1.011153,-0.185056,-10.602956,-0.082541,0.185056,34.215551,39.854089,30.229161,39.524299,32.023033,39.672704,19.003512,36.103099
19.620000,0.020000,3.000000,4.000000,1.800000,13.500000,2.000000,0.000000,0.000000,0.082276,4.714084,0.266780,15.285358,-0.017590,-1.007813,-0.184504,-10.571274,-0.082276,0.184504,34.275424,39.857979,30.288948,39.529245,32.082859,39.677175,19.060424,36.118217
19.640000,0.020000,3.000000,4.000000,1.800000,13.500000,2.000000,0.000000,0.000000,0.082012,4.698968,0.265965,15.238648,-0.017532,-1.004508,-0.183952,-10.539680,-0.082012,0.183952,34.335299,39.861858,30.348736,39.534175,32.142685,39.681632,19.117353,36.133291
19.660000,0.020000,3.000000,4.000000,1.800000,13.500000,2.000000,0.000000,0.000000,0.081749,4.683901,0.265152,15.192076,-0.017475,-1.001239,-0.183402,-10.508175,-0.081749,0.183402,34.395174,39.865724,30.408525,39.539090,32.202513,39.686075,19.174301,36.148323
19.680000,0.020000,3.000000,4.000000,1.800000,13.500000,2.000000,0.000000,0.000000,0.081487,4.668883,0.264341,15.145641,-0.017418,-0.998004,-0.182854,-10.476758,-0.081487,0.182854,34.455050,39.869578,30.468315,39.543988,32.262342,39.690503,19.231267,36.163311
19.700000,0.020000,3.000000,4.000000,1.800000,13.500000,2.000000,0.000000,0.000000,0.081226,4.653914,0.263533,15.099344,-0.017363,-0.994803,-0.182307,-10.445430,-0.081226,0.182307,34.514927,39.873419,30.528107,39.548871,32.322172,39.694918,19.288252,36.178256
19.720000,0.020000,3.000000,4.000000,1.800000,13.500000,2.000000,0.000000,0.000000,0.080966,4.638992,0.262728,15.053184,-0.017307,-0.991633,-0.181762,-10.414191,-0.080966,0.181762,34.574805,39.877249,30.587900,39.553739,32.382003,39.699318,19.345254,36.193158
19.740000,0.020000,3.000000,4.000000,1.800000,13.500000,2.000000,0.000000,0.000000,0.080706,4.624119,0.261924,15.007160,-0.017252,-0.988494,-0.181218,-10.383041,-0.080706,0.181218,34.634683,39.881066,30.647695,39.558591,32.441836,39.703704,19.402274,36.208018
19.760000,0.020000,3.000000,4.000000,1.800000,13.500000,2.000000,0.000000,0.000000,0.080447,4.609292,0.261123,14.961272,-0.017198,-0.985386,-0.180676,-10.351980,-0.080447,0.180676,34.694563,39.884870,30.707490,39.563427,32.501669,39.708076,19.459312,36.222834
19.780000,0.020000,3.000000,4.000000,1.800000,13.500000,2.000000,0.000000,0.000000,0.080189,4.594512,0.260325,14.915520,-0.017144,-0.982306,-0.180136,-10.321008,-0.080189,0.180136,34.754443,39.888663,30.767288,39.568248,32.561503,39.712434,19.516367,36.237608
19.800000,0.020000,3.000000,4.000000,1.800000,13.500000,2.000000,0.000000,0.000000,0.079932,4.579778,0.259529,14.869903,-0.017091,-0.979254,-0.179597,-10.290125,-0.079932,0.179597,34.814323,39.892443,30.827086,39.573054,32.621339,39.716778,19.573440,36.252339
19.820000,0.020000,3.000000,4.000000,1.800000,13.500000,2.000000,0.000000,0.000000,0.079676,4.565090,0.258735,14.824421,-0.017038,-0.976229,-0.179059,-10.259331,-0.079676,0.179059,34.874205,39.896211,30.886886,39.577844,32.681175,39.721109,19.630531,36.267028
19.840000,0.020000,3.000000,4.000000,1.800000,13.500000,2.000000,0.000000,0.000000,0.079420,4.550447,0.257944,14.779074,-0.016986,-0.973230,-0.178523,-10.228627,-0.079420,0.178523,34.934087,39.899967,30.946687,39.582619,32.741013,39.725425,19.687638,36.281674
19.860000,0.020000,3.000000,4.000000,1.800000,13.500000,2.000000,0.000000,0.000000,0.079166,4.535850,0.257154,14.733861,-0.016934,-0.970257,-0.177989,-10.198011,-0.079166,0.177989,34.993970,39.903710,31.006489,39.587378,32.800851,39.729727,19.744764,36.296278
19.880000,0.020000,3.000000,4.000000,1.800000,13.500000,2.000000,0.000000,0.000000,0.078912,4.521297,0.256368,14.688782,-0.016883,-0.967308,-0.177456,-10.167486,-0.078912,0.177456,35.053854,39.907442,31.066292,39.592122,32.860691,39.734016,19.801906,36.310840
19.900000,0.020000,3.000000,4.000000,1.800000,13.500000,2.000000,0.000000,0.000000,0.078658,4.506788,0.255583,14.643836,-0.016832,-0.964382,-0.176925,-10.137049,-0.078658,0.176925,35.113739,39.911161,31.126097,39.596852,32.920532,39.738290,19.859065,36.325360
19.920000,0.020000,3.000000,4.000000,1.800000,13.500000,2.000000,0.000000,0.000000,0.078406,4.492323,0.254801,14.599024,-0.016781,-0.961480,-0.176395,-10.106701,-0.078406,0.176395,35.173624,39.914868,31.185903,39.601565,32.980373,39.742551,19.916241,36.339838
19.940000,0.020000,3.000000,4.000000,1.800000,13.500000,2.000000,0.000000,0.000000,0.078154,4.477901,0.254021,14.554344,-0.016731,-0.958599,-0.175867,-10.076443,-0.078154,0.175867,35.233510,39.918563,31.245710,39.606264,33.040216,39.746799,19.973435,36.354273
19.960000,0.020000,3.000000,4.000000,1.800000,13.500000,2.000000,0.000000,0.000000,0.077903,4.463523,0.253244,14.509797,-0.016681,-0.955740,-0.175341,-10.046274,-0.077903,0.175341,35.293397,39.922247,31.305519,39.610948,33.100060,39.751032,20.030645,36.368667
19.980000,0.020000,3.000000,4.000000,1.800000,13.500000,2.000000,0.000000,0.000000,0.077653,4.449187,0.252469,14.465381,-0.016631,-0.952902,-0.174816,-10.016194,-0.077653,0.174816,35.353285,39.925918,31.365339,39.615618,33.159914,39.755253,20.087881,36.383020
20.000000,0.020000,3.000000,4.000000,1.800000,13.500000,2.000000,0.000000,0.000000,0.077404,4.434895,0.251696,14.421097,-0.016582,-0.950083,-0.174292,-9.986203,-0.077404,0.174292,35.413173,39.929577,31.425150,39.620272,33.219760,39.759459,20.145125,36.397331
20.020000,0.020000,3.000000,4.000000,1.800000,13.500000,2.000000,0.000000,0.000000,0.077155,4.420644,0.250925,14.376945,-0.016533,-0.947284,-0.173770,-9.956301,-0.077155,0.173770,35.473062,39.933224,31.484962,39.624911,33.279607,39.763651,20.202384,36.411600
20.040000,0.020000,3.000000,4.000000,1.800000,13.500000,2.000000,0.000000,0.000000,0.076907,4.406435,0.250157,14.332923,-0.016485,-0.944504,-0.173250,-9.926488,-0.076907,0.173250,35.532952,39.936859,31.544775,39.629535,33.339454,39.767830,20.259660,36.425827
20.060000,0.020000,3.000000,4.000000,1.800000,13.500000,2.000000,0.000000,0.000000,0.076660,4.392269,0.249391,14.289032,-0.016436,-0.941741,-0.172731,-9.896763,-0.076660,0.172731,35.592842,39.940482,31.604590,39.634144,33.399303,39.771996,20.316953,36.440014
20.080000,0.020000,3.000000,4.000000,1.800000,13.500000,2.000000,0.000000,0.000000,0.076413,4.378143,0.248627,14.245270,-0.016389,-0.938996,-0.172214,-9.867127,-0.076413,0.172214,35.652734,39.944093,31.664405,39.638738,33.459153,39.776148,20.374261,36.454159
20.100000,0.020000,3.000000,4.000000,1.800000,13.500000,2.000000,0.000000,0.000000,0.076167,4.364059,0.247865,14.201639,-0.016341,-0.936268,-0.171698,-9.837580,-0.076167,0.171698,35.712626,39.947692,31.724222,39.643318,33.519003,39.780286,20.431586,36.468262
20.120000,0.020000,3.000000,4.000000,1.800000,13.500000,2.000000,0.000000,0.000000,0.075922,4.350015,0.247106,14.158136,-0.016294,-0.933557,-0.171184,-9.808121,-0.075922,0.171184,35.772518,39.951280,31.784040,39.647883,33.578855,39.784412,20.488927,36.482325
20.140000,0.020000,3.000000,4.000000,1.800000,13.500000,2.000000,0.000000,0.000000,0.075678,4.336013,0.246349,14.114763,-0.016247,-0.930861,-0.170671,-9.778751,-0.075678,0.170671,35.832412,39.954855,31.843859,39.652433,33.638707,39.788523,20.546283,36.496347
20.160000,0.020000,3.000000,4.000000,1.800000,13.500000,2.000000,0.000000,0.000000,0.075434,4.322050,0.245594,14.071518,-0.016200,-0.928181,-0.170160,-9.749468,-0.075434,0.170160,35.892306,39.958419,31.903680,39.656969,33.698561,39.792622,20.603656,36.510328
20.180000,0.020000,3.000000,4.000000,1.800000,13.500000,2.000000,0.000000,0.000000,0.075191,4.308128,0.244842,14.028402,-0.016153,-0.925515,-0.169651,-9.720274,-0.075191,0.169651,35.952200,39.961971,31.963501,39.661490,33.758415,39.796707,20.661044,36.524268
20.200000,0.020000,3.000000,4.000000,1.800000,13.500000,2.000000,0.000000,0.000000,0.074949,4.294246,0.244092,13.985413,-0.016107,-0.922864,-0.169143,-9.691167,-0.074949,0.169143,36.012096,39.965511,32.023324,39.665997,33.818271,39.800778,20.718447,36.538168
20.220000,0.020000,3.000000,4.000000,1.800000,13.500000,2.000000,0.000000,0.000000,0.074707,4.280404,0.243343,13.942552,-0.016061,-0.920227,-0.168636,-9.662148,-0.074707,0.168636,36.071992,39.969040,32.083148,39.670489,33.878127,39.804837,20.775867,36.552027
20.240000,0.020000,3.000000,4.000000,1.800000,13.500000,2.000000,0.000000,0.000000,0.074466,4.266601,0.242598,13.899818,-0.016015,-0.917603,-0.168131,-9.633217,-0.074466,0.168131,36.131889,39.972557,32.142973,39.674967,33.937984,39.808882,20.833302,36.565845
20.260000,0.020000,3.000000,4.000000,1.800000,13.500000,2.000000,0.000000,0.000000,0.074226,4.252837,0.241854,13.857210,-0.015970,-0.914993,-0.167628,-9.604373,-0.074226,0.167628,36.191786,39.976062,32.202799,39.679430,33.997842,39.812914,20.890752,36.579623
20.280000,0.020000,3.000000,4.000000,1.800000,13.500000,2.000000,0.000000,0.000000,0.073986,4.239113,0.241113,13.814729,-0.015924,-0.912395,-0.167126,-9.575616,-0.073986,0.167126,36.251685,39.979555,32.262626,39.683879,34.057702,39.816933,20.948217,36.593361
20.300000,0.020000,3.000000,4.000000,1.800000,13.500000,2.000000,0.000000,0.000000,0.073748,4.225428,0.240373,13.772374,-0.015879,-0.909809,-0.166626,-9.546947,-0.073748,0.166626,36.311584,39.983037,32.322454,39.688313,34.117562,39.820939,21.005698,36.607059
20.320000,0.020000,3.000000,4.000000,1.800000,13.500000,2.000000,0.000000,0.000000,0.073509,4.211781,0.239636,13.730145,-0.015834,-0.907235,-0.166127,-9.518364,-0.073509,0.166127,36.371483,39.986507,32.382284,39.692734,34.177422,39.824932,21.063193,36.620716
20.340000,0.020000,3.000000,4.000000,1.800000,13.500000,2.000000,0.000000,0.000000,0.073272,4.198173,0.238901,13.688041,-0.015790,-0.904673,-0.165629,-9.489867,-0.073272,0.165629,36.431383,39.989966,32.442114,39.697140,34.237284,39.828911,21.120704,36.634334
20.360000,0.020000,3.000000,4.000000,1.800000,13.500000,2.000000,0.000000,0.000000,0.073035,4.184604,0.238169,13.646061,-0.015745,-0.902122,-0.165134,-9.461457,-0.073035,0.165134,36.491284,39.993413,32.501946,39.701532,34.297147,39.832878,21.178230,36.647912
20.380000,0.020000,3.000000,4.000000,1.800000,13.500000,2.000000,0.000000,0.000000,0.072799,4.171073,0.237438,13.604206,-0.015701,-0.899582,-0.164639,-9.433134,-0.072799,0.164639,36.551186,39.996848,32.561778,39.705909,34.357011,39.836832,21.235770,36.661450
20.400000,0.020000,3.000000,4.000000,1.800000,13.500000,2.000000,0.000000,0.000000,0.072563,4.157579,0.236710,13.562476,-0.015657,-0.897053,-0.164146,-9.404896,-0.072563,0.164146,36.611088,40.000272,32.621612,39.710273,34.416875,39.840772,21.293325,36.674948
20.420000,0.020000,3.000000,4.000000,1.800000,13.500000,2.000000,0.000000,0.000000,0.072329,4.144124,0.235984,13.520869,-0.015613,-0.894534,-0.163655,-9.376745,-0.072329,0.163655,36.670991,40.003685,32.681447,39.714622,34.476740,39.844700,21.350895,36.688407
20.440000,0.020000,3.000000,4.000000,1.800000,13.500000,2.000000,0.000000,0.000000,0.072094,4.130707,0.235260,13.479385,-0.015569,-0.892025,-0.163165,-9.348678,-0.072094,0.163165,36.730894,40.007086,32.741282,39.718958,34.536607,39.848615,21.408480,36.701826
20.460000,0.020000,3.000000,4.000000,1.800000,13.500000,2.000000,0.000000,0.000000,0.071861,4.117327,0.234538,13.438025,-0.015525,-0.889525,-0.162677,-9.320698,-0.071861,0.162677,36.790799,40.010476,32.801119,39.723279,34.596474,39.852517,21.466079,36.715206
20.480000,0.020000,3.000000,4.000000,1.800000,13.500000,2.000000,0.000000,0.000000,0.071628,4.103985,0.233818,13.396787,-0.015482,-0.887036,-0.162190,-9.292802,-0.071628,0.162190,36.850703,40.013854,32.860957,39.727586,34.656342,39.856407,21.523692,36.728547
20.500000,0.020000,3.000000,4.000000,1.800000,13.500000,2.000000,0.000000,0.000000,0.071396,4.090680,0.233100,13.355671,-0.015438,-0.884555,-0.161705,-9.264992,-0.071396,0.161705,36.910609,40.017221,32.920796,39.731880,34.716211,39.860283,21.581320,36.741848
20.520000,0.020000,3.000000,4.000000,1.800000,13.500000,2.000000,0.000000,0.000000,0.071164,4.077412,0.232385,13.314678,-0.015395,-0.882083,-0.161221,-9.237266,-0.071164,0.161221,36.970515,40.020577,32.980636,39.736160,34.776080,39.864147,21.638962,36.755110
20.540000,0.020000,3.000000,4.000000,1.800000,13.500000,2.000000,0.000000,0.000000,0.070933,4.064181,0.231672,13.273805,-0.015352,-0.879620,-0.160738,-9.209624,-0.070933,0.160738,37.030422,40.023921,33.040477,39.740425,34.835951,39.867998,21.696618,36.768334
20.560000,0.020000,3.000000,4.000000,1.800000,13.500000,2.000000,0.000000,0.000000,0.070703,4.050987,0.230960,13.233055,-0.015309,-0.877165,-0.160257,-9.182067,-0.070703,0.160257,37.090329,40.027254,33.100319,39.744677,34.895822,39.871837,21.754288,36.781518
20.580000,0.020000,3.000000,4.000000,1.800000,13.500000,2.000000,0.000000,0.000000,0.070473,4.037830,0.230251,13.192425,-0.015267,-0.874719,-0.159778,-9.154594,-0.070473,0.159778,37.150237,40.030576,33.160162,39.748915,34.955694,39.875663,21.811972,36.794664
20.600000,0.020000,3.000000,4.000000,1.800000,13.500000,2.000000,0.000000,0.000000,0.070244,4.024710,0.229544,13.151915,-0.015224,-0.872281,-0.159300,-9.127205,-0.070244,0.159300,37.210146,40.033887,33.220007,39.753140,35.015568,39.879476,21.869670,36.807771
20.620000,0.020000,3.000000,4.000000,1.800000,13.500000,2.000000,0.000000,0.000000,0.070016,4.011626,0.228839,13.111526,-0.015182,-0.869851,-0.158823,-9.099900,-0.070016,0.158823,37.270055,40.037186,33.279852,39.757351,35.075441,39.883277,21.927382,36.820839
20.640000,0.020000,3.000000,4.000000,1.800000,13.500000,2.000000,0.000000,0.000000,0.069788,3.998579,0.228136,13.071256,-0.015139,-0.867428,-0.158348,-9.072677,-0.069788,0.158348,37.329965,40.040475,33.339698,39.761548,35.135316,39.887065,21.985107,36.833869
20.660000,0.020000,3.000000,4.000000,1.800000,13.500000,2.000000,0.000000,0.000000,0.069561,3.985568,0.227436,13.031106,-0.015097,-0.865013,-0.157874,-9.045538,-0.069561,0.157874,37.389875,40.043752,33.399545,39.765731,35.195192,39.890840,22.042847,36.846860
20.680000,0.020000,3.000000,4.000000,1.800000,13.500000,2.000000,0.000000,0.000000,0.069335,3.972593,0.226737,12.991075,-0.015055,-0.862605,-0.157402,-9.018482,-0.069335,0.157402,37.449786,40.047018,33.459393,39.769901,35.255068,39.894604,22.100599,36.859813
20.700000,0.020000,3.000000,4.000000,1.800000,13.500000,2.000000,0.000000,0.000000,0.069109,3.959655,0.226040,12.951163,-0.015013,-0.860205,-0.156931,-8.991508,-0.069109,0.156931,37.509698,40.050273,33.519242,39.774057,35.314945,39.898354,22.158366,36.872728
20.720000,0.020000,3.000000,4.000000,1.800000,13.500000,2.000000,0.000000,0.000000,0.068884,3.946752,0.225346,12.911369,-0.014972,-0.857811,-0.156462,-8.964617,-0.068884,0.156462,37.569610,40.053518,33.579092,39.778200,35.374823,39.902093,22.216145,36.885605
20.740000,0.020000,3.000000,4.000000,1.800000,13.500000,2.000000,0.000000,0.000000,0.068659,3.933886,0.224653,12.871693,-0.014930,-0.855425,-0.155994,-8.937807,-0.068659,0.155994,37.629523,40.056751,33.638943,39.782329,35.434702,39.905819,22.273938,36.898444
20.760000,0.020000,3.000000,4.000000,1.800000,13.500000,2.000000,0.000000,0.000000,0.068435,3.921055,0.223963,12.832135,-0.014888,-0.853045,-0.155528,-8.911080,-0.068435,0.155528,37.689436,40.059973,33.698795,39.786445,35.494582,39.909533,22.331745,36.911245
20.780000,0.020000,3.000000,4.000000,1.800000,13.500000,2.000000,0.000000,0.000000,0.068212,3.908260,0.223275,12.792694,-0.014847,-0.850672,-0.155063,-8.884434,-0.068212,0.155063,37.749350,40.063184,33.758648,39.790548,35.554462,39.913234,22.389564,36.924008
20.800000,0.020000,3.000000,4.000000,1.800000,13.500000,2.000000,0.000000,0.000000,0.067989,3.895500,0.222588,12.753370,-0.014806,-0.848305,-0.154599,-8.857870,-0.067989,0.154599,37.809265,40.066385,33.818502,39.794637,35.614343,39.916923,22.447397,36.936733
20.820000,0.020000,3.000000,4.000000,1.800000,13.500000,2.000000,0.000000,0.000000,0.067767,3.882776,0.221904,12.714163,-0.014765,-0.845944,-0.154137,-8.831387,-0.067767,0.154137,37.869180,40.069574,33.878357,39.798712,35.674225,39.920600,22.505243,36.949421
20.840000,0.020000,3.000000,4.000000,1.800000,13.500000,2.000000,0.000000,0.000000,0.067546,3.870087,0.221222,12.675071,-0.014723,-0.843590,-0.153676,-8.804984,-0.067546,0.153676,37.929096,40.072753,33.938212,39.802775,35.734108,39.924265,22.563101,36.962071
20.860000,0.020000,3.000000,4.000000,1.800000,13.500000,2.000000,0.000000,0.000000,0.067325,3.857434,0.220541,12.636096,-0.014682,-0.841242,-0.153217,-8.778662,-0.067325,0.153217,37.989012,40.075921,33.998069,39.806824,35.793991,39.927917,22.620973,36.974684
20.880000,0.020000,3.000000,4.000000,1.800000,13.500000,2.000000,0.000000,0.000000,0.067105,3.844816,0.219863,12.597237,-0.014642,-0.838900,-0.152759,-8.752421,-0.067105,0.152759,38.048929,40.079078,34.057927,39.810860,35.853875,39.931558,22.678857,36.987260
20.900000,0.020000,3.000000,4.000000,1.800000,13.500000,2.000000,0.000000,0.000000,0.066885,3.832233,0.219187,12.558492,-0.014601,-0.836564,-0.152302,-8.726260,-0.066885,0.152302,38.108846,40.082224,34.117785,39.814883,35.913760,39.935186,22.736754,36.999798
20.920000,0.020000,3.000000,4.000000,1.800000,13.500000,2.000000,0.000000,0.000000,0.066666,3.819685,0.218513,12.519863,-0.014560,-0.834234,-0.151847,-8.700178,-0.066666,0.151847,38.168764,40.085360,34.177645,39.818893,35.973646,39.938803,22.794664,37.012299
20.940000,0.020000,3.000000,4.000000,1.800000,13.500000,2.000000,0.000000,0.000000,0.066448,3.807172,0.217841,12.481348,-0.014520,-0.831910,-0.151393,-8.674176,-0.066448,0.151393,38.228683,40.088485,34.237505,39.822889,36.033533,39.942407,22.852586,37.024763
20.960000,0.020000,3.000000,4.000000,1.800000,13.500000,2.000000,0.000000,0.000000,0.066230,3.794693,0.217170,12.442947,-0.014479,-0.829591,-0.150941,-8.648254,-0.066230,0.150941,38.288602,40.091599,34.297366,39.826873,36.093420,39.945999,22.910521,37.037190
20.980000,0.020000,3.000000,4.000000,1.800000,13.500000,2.000000,0.000000,0.000000,0.066013,3.782250,0.216502,12.404660,-0.014439,-0.827278,-0.150489,-8.622410,-0.066013,0.150489,38.348522,40.094703,34.357228,39.830843,36.153308,39.949580,22.968468,37.049580
21.000000,0.020000,3.000000,4.000000,1.800000,13.500000,2.000000,0.000000,0.000000,0.065796,3.769841,0.215836,12.366487,-0.014398,-0.824971,-0.150040,-8.596646,-0.065796,0.150040,38.408442,40.097796,34.417092,39.834801,36.213197,39.953148,23.026428,37.061934
21.020000,0.020000,3.000000,4.000000,1.800000,13.500000,2.000000,0.000000,0.000000,0.065580,3.757467,0.215172,12.328427,-0.014358,-0.822668,-0.149591,-8.570960,-0.065580,0.149591,38.468363,40.100878,34.476956,39.838745,36.273086,39.956705,23.084399,37.074251
21.040000,0.020000,3.000000,4.000000,1.800000,13.500000,2.000000,0.000000,0.000000,0.065365,3.745128,0.214509,12.290480,-0.014318,-0.820372,-0.149145,-8.545352,-0.065365,0.149145,38.528284,40.103950,34.536820,39.842677,36.332976,39.960250,23.142384,37.086531
21.060000,0.020000,3.000000,4.000000,1.800000,13.500000,2.000000,0.000000,0.000000,0.065150,3.732822,0.213849,12.252645,-0.014278,-0.818081,-0.148699,-8.519822,-0.065150,0.148699,38.588206,40.107012,34.596686,39.846595,36.392867,39.963783,23.200380,37.098775
21.080000,0.020000,3.000000,4.000000,1.800000,13.500000,2.000000,0.000000,0.000000,0.064936,3.720552,0.213191,12.214922,-0.014238,-0.815794,-0.148255,-8.494370,-0.064936,0.148255,38.648128,40.110063,34.656553,39.850501,36.452759,39.967304,23.258388,37.110983
21.100000,0.020000,3.000000,4.000000,1.800000,13.500000,2.000000,0.000000,0.000000,0.064722,3.708315,0.212534,12.177311,-0.014198,-0.813514,-0.147812,-8.468996,-0.064722,0.147812,38.708051,40.113103,34.716420,39.854394,36.512651,39.970813,23.316408,37.123154
21.120000,0.020000,3.000000,4.000000,1.800000,13.500000,2.000000,0.000000,0.000000,0.064509,3.696113,0.211880,12.139812,-0.014159,-0.811238,-0.147370,-8.443699,-0.064509,0.147370,38.767975,40.116133,34.776289,39.858275,36.572545,39.974311,23.374440,37.135289
21.140000,0.020000,3.000000,4.000000,1.800000,13.500000,2.000000,0.000000,0.000000,0.064297,3.683945,0.211227,12.102424,-0.014119,-0.808968,-0.146930,-8.418479,-0.064297,0.146930,38.827899,40.119153,34.836158,39.862142,36.632438,39.977797,23.432484,37.147388
21.160000,0.020000,3.000000,4.000000,1.800000,13.500000,2.000000,0.000000,0.000000,0.064085,3.671811,0.210577,12.065147,-0.014080,-0.806702,-0.146491,-8.393336,-0.064085,0.146491,38.887823,40.122163,34.896028,39.865997,36.692333,39.981271,23.490540,37.159451
21.180000,0.020000,3.000000,4.000000,1.800000,13.500000,2.000000,0.000000,0.000000,0.063874,3.659711,0.209928,12.027980,-0.014040,-0.804442,-0.146054,-8.368269,-0.063874,0.146054,38.947748,40.125162,34.955899,39.869839,36.752228,39.984734,23.548608,37.171478
21.200000,0.020000,3.000000,4.000000,1.800000,13.500000,2.000000,0.000000,0.000000,0.063663,3.647644,0.209281,11.990923,-0.014001,-0.802187,-0.145618,-8.343279,-0.063663,0.145618,39.007674,40.128150,35.015770,39.873668,36.812124,39.988185,23.606687,37.183469
21.220000,0.020000,3.000000,4.000000,1.800000,13.500000,2.000000,0.000000,0.000000,0.063453,3.635612,0.208636,11.953977,-0.013962,-0.799936,-0.145183,-8.318365,-0.063453,0.145183,39.067600,40.131129,35.075643,39.877485,36.872021,39.991625,23.664778,37.195425
21.240000,0.020000,3.000000,4.000000,1.800000,13.500000,2.000000,0.000000,0.000000,0.063244,3.623613,0.207993,11.917140,-0.013922,-0.797691,-0.144749,-8.293526,-0.063244,0.144749,39.127526,40.134097,35.135516,39.881290,36.931918,39.995053,23.722880,37.207345
21.260000,0.020000,3.000000,4.000000,1.800000,13.500000,2.000000,0.000000,0.000000,0.063035,3.611648,0.207352,11.880412,-0.013883,-0.795450,-0.144317,-8.268763,-0.063035,0.144317,39.187453,40.137055,35.195391,39.885081,36.991816,39.998469,23.780994,37.219229
21.280000,0.020000,3.000000,4.000000,1.800000,13.500000,2.000000,0.000000,0.000000,0.062827,3.599717,0.206713,11.843793,-0.013844,-0.793215,-0.143886,-8.244076,-0.062827,0.143886,39.247381,40.140003,35.255266,39.888860,37.051714,40.001875,23.839119,37.231078
21.300000,0.020000,3.000000,4.000000,1.800000,13.500000,2.000000,0.000000,0.000000,0.062619,3.587819,0.206076,11.807282,-0.013805,-0.790984,-0.143457,-8.219463,-0.062619,0.143457,39.307309,40.142941,35.315142,39.892627,37.111614,40.005268,23.897255,37.242892
21.320000,0.020000,3.000000,4.000000,1.800000,13.500000,2.000000,0.000000,0.000000,0.062412,3.575955,0.205441,11.770880,-0.013766,-0.788758,-0.143028,-8.194925,-0.062412,0.143028,39.367237,40.145869,35.375018,39.896382,37.171514,40.008651,23.955403,37.254671
21.340000,0.020000,3.000000,4.000000,1.800000,13.500000,2.000000,0.000000,0.000000,0.062206,3.564124,0.204807,11.734585,-0.013728,-0.786537,-0.142601,-8.170462,-0.062206,0.142601,39.427166,40.148786,35.434896,39.900124,37.231414,40.012022,24.013561,37.266414
21.360000,0.020000,3.000000,4.000000,1.800000,13.500000,2.000000,0.000000,0.000000,0.062000,3.552326,0.204176,11.698399,-0.013689,-0.784321,-0.142176,-8.146072,-0.062000,0.142176,39.487096,40.151694,35.494774,39.903853,37.291316,40.015381,24.071731,37.278122
21.380000,0.020000,3.000000,4.000000,1.800000,13.500000,2.000000,0.000000,0.000000,0.061794,3.540562,0.203546,11.662319,-0.013650,-0.782109,-0.141751,-8.121757,-0.061794,0.141751,39.547026,40.154591,35.554653,39.907570,37.351218,40.018730,24.129912,37.289796
21.400000,0.020000,3.000000,4.000000,1.800000,13.500000,2.000000,0.000000,0.000000,0.061590,3.528830,0.202918,11.626346,-0.013612,-0.779902,-0.141328,-8.097516,-0.061590,0.141328,39.606956,40.157479,35.614533,39.911275,37.411120,40.022067,24.188104,37.301434
21.420000,0.020000,3.000000,4.000000,1.800000,13.500000,2.000000,0.000000,0.000000,0.061386,3.517132,0.202292,11.590481,-0.013573,-0.777700,-0.140907,-8.073348,-0.061386,0.140907,39.666887,40.160356,35.674414,39.914968,37.471024,40.025393,24.246307,37.313038
21.440000,0.020000,3.000000,4.000000,1.800000,13.500000,2.000000,0.000000,0.000000,0.061182,3.505467,0.201668,11.554721,-0.013535,-0.775503,-0.140486,-8.049254,-0.061182,0.140486,39.726819,40.163224,35.734295,39.918649,37.530927,40.028707,24.304520,37.324607
21.460000,0.020000,3.000000,4.000000,1.800000,13.500000,2.000000,0.000000,0.000000,0.060979,3.493835,0.201046,11.519067,-0.013497,-0.773310,-0.140067,-8.025232,-0.060979,0.140067,39.786751,40.166082,35.794178,39.922317,37.590832,40.032011,24.362745,37.336141
21.480000,0.020000,3.000000,4.000000,1.800000,13.500000,2.000000,0.000000,0.000000,0.060776,3.482236,0.200425,11.483519,-0.013459,-0.771123,-0.139649,-8.001284,-0.060776,0.139649,39.846683,40.168930,35.854061,39.925973,37.650737,40.035303,24.420980,37.347641
21.500000,0.020000,3.000000,4.000000,1.800000,13.500000,2.000000,0.000000,0.000000,0.060575,3.470669,0.199807,11.448077,-0.013421,-0.768939,-0.139232,-7.977408,-0.060575,0.139232,39.906616,40.171768,35.913944,39.929617,37.710643,40.038585,24.479226,37.359107
21.520000,0.020000,3.000000,4.000000,1.800000,13.500000,2.000000,0.000000,0.000000,0.060373,3.459136,0.199190,11.412739,-0.013383,-0.766761,-0.138817,-7.953604,-0.060373,0.138817,39.966549,40.174596,35.973829,39.933249,37.770549,40.041855,24.537482,37.370538
21.540000,0.020000,3.000000,4.000000,1.800000,13.500000,2.000000,0.000000,0.000000,0.060173,3.447635,0.198575,11.377507,-0.013345,-0.764587,-0.138402,-7.929872,-0.060173,0.138402,40.026483,40.177414,36.033714,39.936869,37.830457,40.045114,24.595749,37.381935
21.560000,0.020000,3.000000,4.000000,1.800000,13.500000,2.000000,0.000000,0.000000,0.059972,3.436166,0.197962,11.342378,-0.013307,-0.762418,-0.137989,-7.906212,-0.059972,0.137989,40.086417,40.180223,36.093600,39.940477,37.890364,40.048362,24.654027,37.393298
21.580000,0.020000,3.000000,4.000000,1.800000,13.500000,2.000000,0.000000,0.000000,0.059773,3.424730,0.197351,11.307354,-0.013269,-0.760254,-0.137578,-7.882624,-0.059773,0.137578,40.146352,40.183022,36.153487,39.944073,37.950273,40.051600,24.712314,37.404627
21.600000,0.020000,3.000000,4.000000,1.800000,13.500000,2.000000,0.000000,0.000000,0.059574,3.413327,0.196741,11.272434,-0.013231,-0.758094,-0.137167,-7.859107,-0.059574,0.137167,40.206287,40.185811,36.213375,39.947656,38.010182,40.054826,24.770613,37.415922
21.620000,0.020000,3.000000,4.000000,1.800000,13.500000,2.000000,0.000000,0.000000,0.059375,3.401956,0.196133,11.237617,-0.013194,-0.755939,-0.136758,-7.835661,-0.059375,0.136758,40.266222,40.188591,36.273263,39.951228,38.070091,40.058041,24.828921,37.427184
21.640000,0.020000,3.000000,4.000000,1.800000,13.500000,2.000000,0.000000,0.000000,0.059177,3.390617,0.195528,11.202903,-0.013156,-0.753788,-0.136350,-7.812286,-0.059177,0.136350,40.326158,40.191361,36.333152,39.954789,38.130001,40.061246,24.887240,37.438411
21.660000,0.020000,3.000000,4.000000,1.800000,13.500000,2.000000,0.000000,0.000000,0.058980,3.379310,0.194923,11.168292,-0.013119,-0.751643,-0.135943,-7.788982,-0.058980,0.135943,40.386095,40.194121,36.393042,39.958337,38.189912,40.064439,24.945568,37.449605
21.680000,0.020000,3.000000,4.000000,1.800000,13.500000,2.000000,0.000000,0.000000,0.058783,3.368036,0.194321,11.133784,-0.013081,-0.749502,-0.135538,-7.765748,-0.058783,0.135538,40.446032,40.196872,36.452932,39.961873,38.249823,40.067622,25.003907,37.460765
21.700000,0.020000,3.000000,4.000000,1.800000,13.500000,2.000000,0.000000,0.000000,0.058587,3.356794,0.193721,11.099378,-0.013044,-0.747365,-0.135134,-7.742584,-0.058587,0.135134,40.505969,40.199613,36.512824,39.965398,38.309735,40.070794,25.062256,37.471892
21.720000,0.020000,3.000000,4.000000,1.800000,13.500000,2.000000,0.000000,0.000000,0.058391,3.345584,0.193122,11.065074,-0.013007,-0.745234,-0.134731,-7.719491,-0.058391,0.134731,40.565907,40.202344,36.572716,39.968911,38.369648,40.073956,25.120615,37.482985
21.740000,0.020000,3.000000,4.000000,1.800000,13.500000,2.000000,0.000000,0.000000,0.058196,3.334406,0.192525,11.030872,-0.012970,-0.743107,-0.134329,-7.696467,-0.058196,0.134329,40.625845,40.205067,36.632608,39.972412,38.429561,40.077106,25.178984,37.494045
21.760000,0.020000,3.000000,4.000000,1.800000,13.500000,2.000000,0.000000,0.000000,0.058002,3.323259,0.191930,10.996771,-0.012933,-0.740984,-0.133928,-7.673512,-0.058002,0.133928,40.685784,40.207779,36.692502,39.975902,38.489475,40.080246,25.237363,37.505072
21.780000,0.020000,3.000000,4.000000,1.800000,13.500000,2.000000,0.000000,0.000000,0.057808,3.312145,0.191336,10.962772,-0.012896,-0.738867,-0.133529,-7.650627,-0.057808,0.133529,40.745723,40.210483,36.752396,39.979379,38.549389,40.083376,25.295751,37.516065
21.800000,0.020000,3.000000,4.000000,1.800000,13.500000,2.000000,0.000000,0.000000,0.057614,3.301062,0.190745,10.928873,-0.012859,-0.736754,-0.133130,-7.627810,-0.057614,0.133130,40.805662,40.213176,36.812291,39.982846,38.609304,40.086494,25.354149,37.527026
21.820000,0.020000,3.000000,4.000000,1.800000,13.500000,2.000000,0.000000,0.000000,0.057422,3.290011,0.190155,10.895074,-0.012822,-0.734645,-0.132733,-7.605063,-0.057422,0.132733,40.865602,40.215861,36.872186,39.986300,38.669219,40.089602,25.412557,37.537954
21.840000,0.020000,3.000000,4.000000,1.800000,13.500000,2.000000,0.000000,0.000000,0.057229,3.278992,0.189567,10.861376,-0.012785,-0.732542,-0.132338,-7.582384,-0.057229,0.132338,40.925543,40.218536,36.932082,39.989743,38.729135,40.092700,25.470975,37.548848
21.860000,0.020000,3.000000,4.000000,1.800000,13.500000,2.000000,0.000000,0.000000,0.057037,3.268004,0.188980,10.827777,-0.012749,-0.730443,-0.131943,-7.559773,-0.057037,0.131943,40.985483,40.221202,36.991979,39.993175,38.789052,40.095787,25.529402,37.559710
21.880000,0.020000,3.000000,4.000000,1.800000,13.500000,2.000000,0.000000,0.000000,0.056846,3.257048,0.188396,10.794279,-0.012712,-0.728349,-0.131549,-7.537231,-0.056846,0.131549,41.045425,40.223858,37.051877,39.996595,38.848969,40.098863,25.587839,37.570540
21.900000,0.020000,3.000000,4.000000,1.800000,13.500000,2.000000,0.000000,0.000000,0.056656,3.246123,0.187813,10.760879,-0.012676,-0.726259,-0.131157,-7.514756,-0.056656,0.131157,41.105366,40.226505,37.111775,40.000004,38.908887,40.101929,25.646285,37.581336
21.920000,0.020000,3.000000,4.000000,1.800000,13.500000,2.000000,0.000000,0.000000,0.056465,3.235229,0.187232,10.727578,-0.012639,-0.724174,-0.130766,-7.492349,-0.056465,0.130766,41.165308,40.229143,37.171674,40.003401,38.968805,40.104985,25.704740,37.592101
21.940000,0.020000,3.000000,4.000000,1.800000,13.500000,2.000000,0.000000,0.000000,0.056276,3.224367,0.186652,10.694377,-0.012603,-0.722094,-0.130376,-7.470010,-0.056276,0.130376,41.225251,40.231772,37.231573,40.006787,39.028724,40.108030,25.763205,37.602833
21.960000,0.020000,3.000000,4.000000,1.800000,13.500000,2.000000,0.000000,0.000000,0.056087,3.213536,0.186074,10.661273,-0.012567,-0.720019,-0.129988,-7.447737,-0.056087,0.129988,41.285193,40.234391,37.291474,40.010161,39.088643,40.111065,25.821679,37.613532
21.980000,0.020000,3.000000,4.000000,1.800000,13.500000,2.000000,0.000000,0.000000,0.055898,3.202736,0.185498,10.628268,-0.012531,-0.717948,-0.129600,-7.425532,-0.055898,0.129600,41.345137,40.237002,37.351375,40.013525,39.148563,40.114089,25.880163,37.624199
22.000000,0.020000,3.000000,4.000000,1.800000,13.500000,2.000000,0.000000,0.000000,0.055710,3.191967,0.184924,10.595360,-0.012495,-0.715882,-0.129214,-7.403393,-0.055710,0.129214,41.405080,40.239603,37.411276,40.016876,39.208484,40.117103,25.938655,37.634835
22.020000,0.020000,3.000000,4.000000,1.800000,13.500000,2.000000,0.000000,0.000000,0.055523,3.181229,0.184351,10.562551,-0.012459,-0.713821,-0.128828,-7.381321,-0.055523,0.128828,41.465024,40.242195,37.471178,40.020217,39.268405,40.120107,25.997157,37.645438
22.040000,0.020000,3.000000,4.000000,1.800000,13.500000,2.000000,0.000000,0.000000,0.055336,3.170522,0.183780,10.529838,-0.012423,-0.711765,-0.128444,-7.359316,-0.055336,0.128444,41.524968,40.244778,37.531081,40.023547,39.328326,40.123101,26.055668,37.656009
22.060000,0.020000,3.000000,4.000000,1.800000,13.500000,2.000000,0.000000,0.000000,0.055150,3.159846,0.183211,10.497222,-0.012387,-0.709713,-0.128061,-7.337376,-0.055150,0.128061,41.584913,40.247352,37.590985,40.026865,39.388248,40.126084,26.114188,37.666548
22.080000,0.020000,3.000000,4.000000,1.800000,13.500000,2.000000,0.000000,0.000000,0.054964,3.149201,0.182644,10.464703,-0.012351,-0.707666,-0.127680,-7.315503,-0.054964,0.127680,41.644858,40.249917,37.650889,40.030172,39.448171,40.129057,26.172716,37.677055
22.100000,0.020000,3.000000,4.000000,1.800000,13.500000,2.000000,0.000000,0.000000,0.054779,3.138586,0.182078,10.432281,-0.012315,-0.705624,-0.127299,-7.293695,-0.054779,0.127299,41.704804,40.252473,37.710794,40.033468,39.508094,40.132020,26.231254,37.687531
22.120000,0.020000,3.000000,4.000000,1.800000,13.500000,2.000000,0.000000,0.000000,0.054594,3.128002,0.181513,10.399954,-0.012280,-0.703587,-0.126920,-7.271952,-0.054594,0.126920,41.764750,40.255020,37.770709,40.036753,39.568028,40.134973,26.289811,37.697975
22.140000,0.020000,3.000000,4.000000,1.800000,13.500000,2.000000,0.000000,0.000000,0.054410,3.117448,0.180951,10.367724,-0.012244,-0.701554,-0.126541,-7.250275,-0.054410,0.126541,41.824696,40.257558,37.830615,40.040027,39.627952,40.137916,26.348366,37.708388
22.160000,0.020000,3.000000,4.000000,1.800000,13.500000,2.000000,0.000000,0.000000,0.054226,3.106925,0.180390,10.335588,-0.012209,-0.699527,-0.126164,-7.228663,-0.054226,0.126164,41.884643,40.260088,37.890522,40.043290,39.687876,40.140849,26.406930,37.718769
22.180000,0.020000,3.000000,4.000000,1.800000,13.500000,2.000000,0.000000,0.000000,0.054043,3.096433,0.179831,10.303549,-0.012174,-0.697504,-0.125788,-7.207116,-0.054043,0.125788,41.944590,40.262608,37.950429,40.046541,39.747802,40.143771,26.465503,37.729119
22.200000,0.020000,3.000000,4.000000,1.800000,13.500000,2.000000,0.000000,0.000000,0.053860,3.085970,0.179273,10.271604,-0.012139,-0.695485,-0.125413,-7.185634,-0.053860,0.125413,42.004537,40.265119,38.010337,40.049782,39.807727,40.146684,26.524085,37.739437
22.220000,0.020000,3.000000,4.000000,1.800000,13.500000,2.000000,0.000000,0.000000,0.053678,3.075538,0.178717,10.239754,-0.012103,-0.693472,-0.125039,-7.164215,-0.053678,0.125039,42.064485,40.267622,38.070246,40.053012,39.867653,40.149586,26.582675,37.749724
22.240000,0.020000,3.000000,4.000000,1.800000,13.500000,2.000000,0.000000,0.000000,0.053497,3.065136,0.178163,10.207998,-0.012068,-0.691463,-0.124666,-7.142861,-0.053497,0.124666,42.124433,40.270116,38.130155,40.056231,39.927580,40.152479,26.641273,37.759980
22.260000,0.020000,3.000000,4.000000,1.800000,13.500000,2.000000,0.000000,0.000000,0.053316,3.054765,0.177611,10.176336,-0.012033,-0.689460,-0.124295,-7.121572,-0.053316,0.124295,42.184382,40.272601,38.190065,40.059439,39.987507,40.155362,26.699880,37.770205
22.280000,0.020000,3.000000,4.000000,1.800000,13.500000,2.000000,0.000000,0.000000,0.053135,3.044423,0.177060,10.144769,-0.011998,-0.687461,-0.123924,-7.100346,-0.053135,0.123924,42.244331,40.275077,38.249975,40.062636,40.047435,40.158234,26.758496,37.780399
22.300000,0.020000,3.000000,4.000000,1.800000,13.500000,2.000000,0.000000,0.000000,0.052955,3.034111,0.176510,10.113295,-0.011964,-0.685467,-0.123555,-7.079183,-0.052955,0.123555,42.304280,40.277544,38.309886,40.065822,40.107363,40.161097,26.817120,37.790563
22.320000,0.020000,3.000000,4.000000,1.800000,13.500000,2.000000,0.000000,0.000000,0.052776,3.023830,0.175963,10.081914,-0.011929,-0.683477,-0.123187,-7.058084,-0.052776,0.123187,42.364229,40.280003,38.369798,40.068998,40.167292,40.163950,26.875752,37.800695
22.340000,0.020000,3.000000,4.000000,1.800000,13.500000,2.000000,0.000000,0.000000,0.052597,3.013578,0.175417,10.050626,-0.011894,-0.681493,-0.122820,-7.037048,-0.052597,0.122820,42.424179,40.282453,38.429710,40.072163,40.227221,40.166794,26.934393,37.810797
22.360000,0.020000,3.000000,4.000000,1.800000,13.500000,2.000000,0.000000,0.000000,0.052418,3.003356,0.174872,10.019431,-0.011860,-0.679513,-0.122454,-7.016075,-0.052418,0.122454,42.484130,40.284895,38.489623,40.075317,40.287151,40.169627,26.993042,37.820868
22.380000,0.020000,3.000000,4.000000,1.800000,13.500000,2.000000,0.000000,0.000000,0.052241,2.993163,0.174329,9.988328,-0.011825,-0.677539,-0.122089,-6.995165,-0.052241,0.122089,42.544080,40.287328,38.549536,40.078460,40.347081,40.172451,27.051699,37.830909
22.400000,0.020000,3.000000,4.000000,1.800000,13.500000,2.000000,0.000000,0.000000,0.052063,2.983000,0.173788,9.957318,-0.011791,-0.675569,-0.121725,-6.974318,-0.052063,0.121725,42.604031,40.289752,38.609450,40.081593,40.407011,40.175265,27.110364,37.840919
22.420000,0.020000,3.000000,4.000000,1.800000,13.500000,2.000000,0.000000,0.000000,0.051886,2.972867,0.173248,9.926400,-0.011757,-0.673604,-0.121362,-6.953533,-0.051886,0.121362,42.663983,40.292168,38.669365,40.084715,40.466942,40.178069,27.169037,37.850899
22.440000,0.020000,3.000000,4.000000,1.800000,13.500000,2.000000,0.000000,0.000000,0.051710,2.962763,0.172710,9.895573,-0.011722,-0.671643,-0.121000,-6.932810,-0.051710,0.121000,42.723934,40.294575,38.729280,40.087827,40.526874,40.180863,27.227719,37.860848
22.460000,0.020000,3.000000,4.000000,1.800000,13.500000,2.000000,0.000000,0.000000,0.051534,2.952689,0.172174,9.864838,-0.011688,-0.669688,-0.120640,-6.912149,-0.051534,0.120640,42.783886,40.296973,38.789196,40.090928,40.586806,40.183648,27.286408,37.870767
22.480000,0.020000,3.000000,4.000000,1.800000,13.500000,2.000000,0.000000,0.000000,0.051359,2.942644,0.171639,9.834194,-0.011654,-0.667738,-0.120280,-6.891550,-0.051359,0.120280,42.843839,40.299363,38.849112,40.094018,40.646739,40.186424,27.345106,37.880657
22.500000,0.020000,3.000000,4.000000,1.800000,13.500000,2.000000,0.000000,0.000000,0.051184,2.932628,0.171106,9.803641,-0.011620,-0.665792,-0.119922,-6.871013,-0.051184,0.119922,42.903792,40.301745,38.909029,40.097098,40.706671,40.189189,27.403811,37.890516
22.520000,0.020000,3.000000,4.000000,1.800000,13.500000,2.000000,0.000000,0.000000,0.051010,2.922641,0.170574,9.773178,-0.011586,-0.663851,-0.119564,-6.850537,-0.051010,0.119564,42.963745,40.304118,38.968946,40.100168,40.766605,40.191946,27.462524,37.900345
22.540000,0.020000,3.000000,4.000000,1.800000,13.500000,2.000000,0.000000,0.000000,0.050836,2.912684,0.170044,9.742806,-0.011553,-0.661916,-0.119208,-6.830122,-0.050836,0.119208,43.023698,40.306483,39.028864,40.103227,40.826539,40.194692,27.521245,37.910145
22.560000,0.020000,3.000000,4.000000,1.800000,13.500000,2.000000,0.000000,0.000000,0.050663,2.902755,0.169516,9.712523,-0.011519,-0.659985,-0.118853,-6.809768,-0.050663,0.118853,43.083652,40.308840,39.088783,40.106276,40.886473,40.197429,27.579974,37.919914
22.580000,0.020000,3.000000,4.000000,1.800000,13.500000,2.000000,0.000000,0.000000,0.050490,2.892856,0.168989,9.682331,-0.011485,-0.658059,-0.118499,-6.789475,-0.050490,0.118499,43.143606,40.311188,39.148702,40.109314,40.946408,40.200157,27.638710,37.929654
22.600000,0.020000,3.000000,4.000000,1.800000,13.500000,2.000000,0.000000,0.000000,0.050318,2.882985,0.168463,9.652228,-0.011452,-0.656137,-0.118146,-6.769243,-0.050318,0.118146,43.203560,40.313527,39.208621,40.112342,41.006343,40.202875,27.697454,37.939364
22.620000,0.020000,3.000000,4.000000,1.800000,13.500000,2.000000,0.000000,0.000000,0.050146,2.873143,0.167939,9.622215,-0.011418,-0.654221,-0.117794,-6.749071,-0.050146,0.117794,43.263515,40.315859,39.268541,40.115359,41.066279,40.205584,27.756206,37.949045
22.640000,0.020000,3.000000,4.000000,1.800000,13.500000,2.000000,0.000000,0.000000,0.049975,2.863330,0.167417,9.592290,-0.011385,-0.652310,-0.117443,-6.728960,-0.049975,0.117443,43.323470,40.318182,39.328462,40.118367,41.126215,40.208283,27.814965,37.958696
22.660000,0.020000,3.000000,4.000000,1.800000,13.500000,2.000000,0.000000,0.000000,0.049804,2.853546,0.166896,9.562454,-0.011352,-0.650403,-0.117093,-6.708909,-0.049804,0.117093,43.383425,40.320496,39.388383,40.121364,41.186151,40.210973,27.873732,37.968318
22.680000,0.020000,3.000000,4.000000,1.800000,13.500000,2.000000,0.000000,0.000000,0.049633,2.843790,0.166377,9.532707,-0.011318,-0.648502,-0.116744,-6.688917,-0.049633,0.116744,43.443381,40.322803,39.448305,40.124350,41.246088,40.213654,27.932507,37.977911
22.700000,0.020000,3.000000,4.000000,1.800000,13.500000,2.000000,0.000000,0.000000,0.049464,2.834062,0.165859,9.503048,-0.011285,-0.646605,-0.116396,-6.668985,-0.049464,0.116396,43.503337,40.325101,39.508227,40.127327,41.306026,40.216325,27.991289,37.987475
22.720000,0.020000,3.000000,4.000000,1.800000,13.500000,2.000000,0.000000,0.000000,0.049294,2.824364,0.165343,9.473476,-0.011252,-0.644713,-0.116049,-6.649113,-0.049294,0.116049,43.563293,40.327391,39.568150,40.130293,41.365963,40.218988,28.050078,37.997009
22.740000,0.020000,3.000000,4.000000,1.800000,13.500000,2.000000,0.000000,0.000000,0.049126,2.814693,0.164829,9.443993,-0.011219,-0.642826,-0.115703,-6.629300,-0.049126,0.115703,43.623250,40.329673,39.628073,40.133250,41.425902,40.221640,28.108874,38.006514
22.760000,0.020000,3.000000,4.000000,1.800000,13.500000,2.000000,0.000000,0.000000,0.048957,2.805051,0.164316,9.414597,-0.011187,-0.640944,-0.115358,-6.609546,-0.048957,0.115358,43.683206,40.331947,39.687997,40.136196,41.485840,40.224284,28.167678,38.015990
22.780000,0.020000,3.000000,4.000000,1.800000,13.500000,2.000000,0.000000,0.000000,0.048790,2.795437,0.163804,9.385288,-0.011154,-0.639067,-0.115015,-6.589851,-0.048790,0.115015,43.743164,40.334213,39.747922,40.139132,41.545780,40.226918,28.226490,38.025438
22.800000,0.020000,3.000000,4.000000,1.800000,13.500000,2.000000,0.000000,0.000000,0.048622,2.785851,0.163294,9.356066,-0.011121,-0.637195,-0.114672,-6.570215,-0.048622,0.114672,43.803121,40.336471,39.807846,40.142058,41.605719,40.229544,28.285308,38.034856
22.820000,0.020000,3.000000,4.000000,1.800000,13.500000,2.000000,0.000000,0.000000,0.048455,2.776293,0.162786,9.326931,-0.011089,-0.635328,-0.114330,-6.550638,-0.048455,0.114330,43.863079,40.338720,39.867772,40.144974,41.665659,40.232160,28.344134,38.044246
22.840000,0.020000,3.000000,4.000000,1.800000,13.500000,2.000000,0.000000,0.000000,0.048289,2.766764,0.162279,9.297882,-0.011056,-0.633465,-0.113990,-6.531119,-0.048289,0.113990,43.923037,40.340962,39.927698,40.147880,41.725599,40.234767,28.402967,38.053608
22.860000,0.020000,3.000000,4.000000,1.800000,13.500000,2.000000,0.000000,0.000000,0.048123,2.757262,0.161773,9.268920,-0.011024,-0.631608,-0.113650,-6.511658,-0.048123,0.113650,43.982996,40.343195,39.987624,40.150776,41.785540,40.237365,28.461807,38.062940
22.880000,0.020000,3.000000,4.000000,1.800000,13.500000,2.000000,0.000000,0.000000,0.047958,2.747788,0.161269,9.240043,-0.010991,-0.629755,-0.113311,-6.492255,-0.047958,0.113311,44.042954,40.345421,40.047551,40.153662,41.845481,40.239953,28.520654,38.072244
22.900000,0.020000,3.000000,4.000000,1.800000,13.500000,2.000000,0.000000,0.000000,0.047793,2.738342,0.160767,9.211252,-0.010959,-0.627907,-0.112974,-6.472910,-0.047793,0.112974,44.102913,40.347638,40.107478,40.156538,41.905423,40.242533,28.579508,38.081520
22.920000,0.020000,3.000000,4.000000,1.800000,13.500000,2.000000,0.000000,0.000000,0.047629,2.728923,0.160266,9.182546,-0.010927,-0.626065,-0.112637,-6.453623,-0.047629,0.112637,44.162873,40.349848,40.167406,40.159405,41.965365,40.245104,28.638369,38.090768
22.940000,0.020000,3.000000,4.000000,1.800000,13.500000,2.000000,0.000000,0.000000,0.047465,2.719533,0.159766,9.153926,-0.010895,-0.624227,-0.112301,-6.434393,-0.047465,0.112301,44.222832,40.352049,40.227335,40.162261,42.025307,40.247666,28.697236,38.099987
22.960000,0.020000,3.000000,4.000000,1.800000,13.500000,2.000000,0.000000,0.000000,0.047301,2.710169,0.159268,9.125390,-0.010863,-0.622394,-0.111967,-6.415221,-0.047301,0.111967,44.282792,40.354243,40.287264,40.165108,42.085250,40.250219,28.756111,38.109178
22.980000,0.020000,3.000000,4.000000,1.800000,13.500000,2.000000,0.000000,0.000000,0.047138,2.700834,0.158772,9.096940,-0.010831,-0.620566,-0.111633,-6.396106,-0.047138,0.111633,44.342752,40.356429,40.347193,40.167945,42.145193,40.252762,28.814993,38.118341
23.000000,0.020000,3.000000,4.000000,1.800000,13.500000,2.000000,0.000000,0.000000,0.046976,2.691525,0.158276,9.068573,-0.010799,-0.618742,-0.111300,-6.377048,-0.046976,0.111300,44.402713,40.358607,40.407123,40.170772,42.205137,40.255297,28.873881,38.127475
23.020000,0.020000,3.000000,4.000000,1.800000,13.500000,2.000000,0.000000,0.000000,0.046814,2.682244,0.157783,9.040291,-0.010767,-0.616924,-0.110969,-6.358046,-0.046814,0.110969,44.462673,40.360777,40.467053,40.173589,42.265081,40.257824,28.932777,38.136582
23.040000,0.020000,3.000000,4.000000,1.800000,13.500000,2.000000,0.000000,0.000000,0.046652,2.672991,0.157291,9.012092,-0.010736,-0.615111,-0.110638,-6.339102,-0.046652,0.110638,44.522634,40.362939,40.526984,40.176397,42.325025,40.260341,28.991679,38.145661
23.060000,0.020000,3.000000,4.000000,1.800000,13.500000,2.000000,0.000000,0.000000,0.046491,2.663764,0.156800,8.983978,-0.010704,-0.613302,-0.110309,-6.320213,-0.046491,0.110309,44.582596,40.365094,40.586915,40.179195,42.384970,40.262849,29.050587,38.154713
23.080000,0.020000,3.000000,4.000000,1.800000,13.500000,2.000000,0.000000,0.000000,0.046331,2.654565,0.156311,8.955946,-0.010673,-0.611499,-0.109980,-6.301381,-0.046331,0.109980,44.642557,40.367241,40.646847,40.181983,42.444915,40.265349,29.109503,38.163736
23.100000,0.020000,3.000000,4.000000,1.800000,13.500000,2.000000,0.000000,0.000000,0.046171,2.645393,0.155823,8.927998,-0.010641,-0.609700,-0.109652,-6.282606,-0.046171,0.109652,44.702519,40.369380,40.706779,40.184762,42.504861,40.267840,29.168425,38.172732
23.120000,0.020000,3.000000,4.000000,1.800000,13.500000,2.000000,0.000000,0.000000,0.046011,2.636247,0.155337,8.900133,-0.010610,-0.607906,-0.109325,-6.263886,-0.046011,0.109325,44.762481,40.371511,40.766712,40.187531,42.564807,40.270322,29.227353,38.181701
23.140000,0.020000,3.000000,4.000000,1.800000,13.500000,2.000000,0.000000,0.000000,0.045852,2.627129,0.154852,8.872351,-0.010579,-0.606117,-0.109000,-6.245222,-0.045852,0.109000,44.822444,40.373635,40.826645,40.190290,42.624753,40.272795,29.286288,38.190642
23.160000,0.020000,3.000000,4.000000,1.800000,13.500000,2.000000,0.000000,0.000000,0.045693,2.618037,0.154368,8.844651,-0.010548,-0.604333,-0.108675,-6.226613,-0.045693,0.108675,44.882406,40.375751,40.886578,40.193040,42.684700,40.275260,29.345230,38.199555
23.180000,0.020000,3.000000,4.000000,1.800000,13.500000,2.000000,0.000000,0.000000,0.045535,2.608973,0.153886,8.817033,-0.010517,-0.602553,-0.108351,-6.208060,-0.045535,0.108351,44.942369,40.377859,40.946512,40.195781,42.744647,40.277716,29.404178,38.208441
23.200000,0.020000,3.000000,4.000000,1.800000,13.500000,2.000000,0.000000,0.000000,0.045377,2.599934,0.153406,8.789497,-0.010486,-0.600779,-0.108028,-6.189562,-0.045377,0.108028,45.002333,40.379960,41.006447,40.198512,42.804594,40.280163,29.463133,38.217300
23.220000,0.020000,3.000000,4.000000,1.800000,13.500000,2.000000,0.000000,0.000000,0.045220,2.590923,0.152926,8.762043,-0.010455,-0.599009,-0.107706,-6.171120,-0.045220,0.107706,45.062296,40.382053,41.066382,40.201234,42.864542,40.282602,29.522093,38.226132
23.240000,0.020000,3.000000,4.000000,1.800000,13.500000,2.000000,0.000000,0.000000,0.045063,2.581938,0.152449,8.734670,-0.010424,-0.597245,-0.107385,-6.152732,-0.045063,0.107385,45.122260,40.384138,41.126317,40.203946,42.924490,40.285032,29.581061,38.234937
23.260000,0.020000,3.000000,4.000000,1.800000,13.500000,2.000000,0.000000,0.000000,0.044907,2.572979,0.151972,8.707379,-0.010393,-0.595485,-0.107065,-6.134399,-0.044907,0.107065,45.182224,40.386216,41.186253,40.206648,42.984438,40.287454,29.640034,38.243714
23.280000,0.020000,3.000000,4.000000,1.800000,13.500000,2.000000,0.000000,0.000000,0.044751,2.564047,0.151498,8.680168,-0.010363,-0.593730,-0.106746,-6.116121,-0.044751,0.106746,45.242188,40.388286,41.246189,40.209342,43.044387,40.289867,29.699014,38.252465
23.300000,0.020000,3.000000,4.000000,1.800000,13.500000,2.000000,0.000000,0.000000,0.044596,2.555142,0.151024,8.653038,-0.010332,-0.591979,-0.106428,-6.097897,-0.044596,0.106428,45.302153,40.390349,41.306126,40.212026,43.104336,40.292271,29.758000,38.261189
23.320000,0.020000,3.000000,4.000000,1.800000,13.500000,2.000000,0.000000,0.000000,0.044441,2.546262,0.150552,8.625989,-0.010302,-0.590234,-0.106111,-6.079727,-0.044441,0.106111,45.362117,40.392405,41.366063,40.214701,43.164286,40.294667,29.816992,38.269886
23.340000,0.020000,3.000000,4.000000,1.800000,13.500000,2.000000,0.000000,0.000000,0.044286,2.537409,0.150081,8.599020,-0.010271,-0.588493,-0.105795,-6.061612,-0.044286,0.105795,45.422082,40.394453,41.426001,40.217366,43.224236,40.297055,29.875990,38.278556
23.360000,0.020000,3.000000,4.000000,1.800000,13.500000,2.000000,0.000000,0.000000,0.044132,2.528581,0.149612,8.572131,-0.010241,-0.586758,-0.105480,-6.043550,-0.044132,0.105480,45.482048,40.396493,41.485939,40.220022,43.284186,40.299434,29.934995,38.287200
23.380000,0.020000,3.000000,4.000000,1.800000,13.500000,2.000000,0.000000,0.000000,0.043978,2.519780,0.149144,8.545322,-0.010211,-0.585027,-0.105166,-6.025542,-0.043978,0.105166,45.542013,40.398526,41.545877,40.222669,43.344137,40.301805,29.994005,38.295817
23.400000,0.020000,3.000000,4.000000,1.800000,13.500000,2.000000,0.000000,0.000000,0.043825,2.511005,0.148677,8.518593,-0.010181,-0.583301,-0.104852,-6.007588,-0.043825,0.104852,45.601979,40.400552,41.605816,40.225307,43.404088,40.304167,30.053022,38.304407
23.420000,0.020000,3.000000,4.000000,1.800000,13.500000,2.000000,0.000000,0.000000,0.043673,2.502256,0.148212,8.491943,-0.010150,-0.581579,-0.104540,-5.989687,-0.043673,0.104540,45.661945,40.402570,41.665755,40.227935,43.464039,40.306521,30.112044,38.312972
23.440000,0.020000,3.000000,4.000000,1.800000,13.500000,2.000000,0.000000,0.000000,0.043520,2.493532,0.147749,8.465372,-0.010121,-0.579863,-0.104228,-5.971840,-0.043520,0.104228,45.721911,40.404581,41.725695,40.230555,43.523991,40.308867,30.171073,38.321509
23.460000,0.020000,3.000000,4.000000,1.800000,13.500000,2.000000,0.000000,0.000000,0.043369,2.484834,0.147286,8.438880,-0.010091,-0.578151,-0.103918,-5.954045,-0.043369,0.103918,45.781878,40.406585,41.785635,40.233165,43.583943,40.311204,30.230108,38.330021
23.480000,0.020000,3.000000,4.000000,1.800000,13.500000,2.000000,0.000000,0.000000,0.043217,2.476162,0.146825,8.412466,-0.010061,-0.576444,-0.103608,-5.936304,-0.043217,0.103608,45.841845,40.408581,41.845576,40.235766,43.643895,40.313533,30.289148,38.338506
23.500000,0.020000,3.000000,4.000000,1.800000,13.500000,2.000000,0.000000,0.000000,0.043066,2.467516,0.146366,8.386131,-0.010031,-0.574742,-0.103299,-5.918615,-0.043066,0.103299,45.901812,40.410570,41.905517,40.238358,43.703848,40.315854,30.348194,38.346965
23.520000,0.020000,3.000000,4.000000,1.800000,13.500000,2.000000,0.000000,0.000000,0.042916,2.458895,0.145907,8.359874,-0.010002,-0.573044,-0.102992,-5.900980,-0.042916,0.102992,45.961779,40.412552,41.965458,40.240941,43.763801,40.318166,30.407246,38.355399
23.540000,0.020000,3.000000,4.000000,1.800000,13.500000,2.000000,0.000000,0.000000,0.042766,2.450299,0.145450,8.333695,-0.009972,-0.571352,-0.102685,-5.883396,-0.042766,0.102685,46.021746,40.414526,42.025400,40.243515,43.823754,40.320470,30.466304,38.363806
23.560000,0.020000,3.000000,4.000000,1.800000,13.500000,2.000000,0.000000,0.000000,0.042616,2.441729,0.144995,8.307594,-0.009943,-0.569664,-0.102379,-5.865865,-0.042616,0.102379,46.081714,40.416494,42.085342,40.246080,43.883708,40.322766,30.525368,38.372187
23.580000,0.020000,3.000000,4.000000,1.800000,13.500000,2.000000,0.000000,0.000000,0.042467,2.433184,0.144541,8.281571,-0.009913,-0.567981,-0.102074,-5.848386,-0.042467,0.102074,46.141682,40.418454,42.145285,40.248636,43.943662,40.325054,30.584437,38.380542
23.600000,0.020000,3.000000,4.000000,1.800000,13.500000,2.000000,0.000000,0.000000,0.042318,2.424665,0.144088,8.255624,-0.009884,-0.566302,-0.101769,-5.830959,-0.042318,0.101769,46.201650,40.420407,42.205227,40.251184,44.003616,40.327334,30.643512,38.388872
23.620000,0.020000,3.000000,4.000000,1.800000,13.500000,2.000000,0.000000,0.000000,0.042170,2.416170,0.143636,8.229755,-0.009855,-0.564629,-0.101466,-5.813584,-0.042170,0.101466,46.261619,40.422352,42.265171,40.253722,44.063571,40.329605,30.702593,38.397176
23.640000,0.020000,3.000000,4.000000,1.800000,13.500000,2.000000,0.000000,0.000000,0.042022,2.407701,0.143186,8.203962,-0.009826,-0.562960,-0.101164,-5.796261,-0.042022,0.101164,46.321588,40.424291,42.325115,40.256251,44.123526,40.331869,30.761680,38.405454
23.660000,0.020000,3.000000,4.000000,1.800000,13.500000,2.000000,0.000000,0.000000,0.041875,2.399257,0.142737,8.178246,-0.009796,-0.561295,-0.100862,-5.778989,-0.041875,0.100862,46.381556,40.426222,42.385059,40.258772,44.183481,40.334124,30.820772,38.413707
23.680000,0.020000,3.000000,4.000000,1.800000,13.500000,2.000000,0.000000,0.000000,0.041728,2.390838,0.142290,8.152607,-0.009767,-0.559636,-0.100562,-5.761769,-0.041728,0.100562,46.441526,40.428147,42.445003,40.261283,44.243436,40.336372,30.879869,38.421934
23.700000,0.020000,3.000000,4.000000,1.800000,13.500000,2.000000,0.000000,0.000000,0.041581,2.382443,0.141844,8.127043,-0.009739,-0.557981,-0.100262,-5.744600,-0.041581,0.100262,46.501495,40.430064,42.504948,40.263786,44.303392,40.338611,30.938972,38.430136
23.720000,0.020000,3.000000,4.000000,1.800000,13.500000,2.000000,0.000000,0.000000,0.041435,2.374074,0.141399,8.101555,-0.009710,-0.556331,-0.099963,-5.727482,-0.041435,0.099963,46.561464,40.431974,42.564893,40.266280,44.363348,40.340842,30.998081,38.438313
23.740000,0.020000,3.000000,4.000000,1.800000,13.500000,2.000000,0.000000,0.000000,0.041290,2.365729,0.140955,8.076144,-0.009681,-0.554686,-0.099666,-5.710415,-0.041290,0.099666,46.621434,40.433878,42.624839,40.268765,44.423305,40.343066,31.057195,38.446464
23.760000,0.020000,3.000000,4.000000,1.800000,13.500000,2.000000,0.000000,0.000000,0.041145,2.357409,0.140513,8.050807,-0.009652,-0.553045,-0.099369,-5.693398,-0.041145,0.099369,46.681404,40.435774,42.684785,40.271242,44.483262,40.345281,31.116314,38.454590
23.780000,0.020000,3.000000,4.000000,1.800000,13.500000,2.000000,0.000000,0.000000,0.041000,2.349113,0.140072,8.025546,-0.009624,-0.551409,-0.099072,-5.676433,-0.041000,0.099072,46.741375,40.437663,42.744732,40.273710,44.543219,40.347489,31.175439,38.462691
23.800000,0.020000,3.000000,4.000000,1.800000,13.500000,2.000000,0.000000,0.000000,0.040855,2.340842,0.139633,8.000360,-0.009595,-0.549777,-0.098777,-5.659518,-0.040855,0.098777,46.801345,40.439545,42.804678,40.276169,44.603176,40.349688,31.234569,38.470767
23.820000,0.020000,3.000000,4.000000,1.800000,13.500000,2.000000,0.000000,0.000000,0.040711,2.332596,0.139194,7.975248,-0.009567,-0.548150,-0.098483,-5.642653,-0.040711,0.098483,46.861316,40.441421,42.864626,40.278619,44.663134,40.351880,31.293705,38.478818
23.840000,0.020000,3.000000,4.000000,1.800000,13.500000,2.000000,0.000000,0.000000,0.040568,2.324373,0.138757,7.950212,-0.009539,-0.546528,-0.098189,-5.625838,-0.040568,0.098189,46.921287,40.443289,42.924573,40.281061,44.723092,40.354064,31.352846,38.486845
23.860000,0.020000,3.000000,4.000000,1.800000,13.500000,2.000000,0.000000,0.000000,0.040425,2.316176,0.138322,7.925249,-0.009510,-0.544911,-0.097897,-5.609074,-0.040425,0.097897,46.981258,40.445150,42.984521,40.283495,44.783050,40.356240,31.411992,38.494846
23.880000,0.020000,3.000000,4.000000,1.800000,13.500000,2.000000,0.000000,0.000000,0.040282,2.308002,0.137887,7.900361,-0.009482,-0.543298,-0.097605,-5.592359,-0.040282,0.097605,47.041229,40.447005,43.044469,40.285919,44.843009,40.358408,31.471143,38.502822
23.900000,0.020000,3.000000,4.000000,1.800000,13.500000,2.000000,0.000000,0.000000,0.040140,2.299853,0.137454,7.875547,-0.009454,-0.541690,-0.097314,-5.575694,-0.040140,0.097314,47.101201,40.448853,43.104418,40.288336,44.902968,40.360568,31.530300,38.510774
23.920000,0.020000,3.000000,4.000000,1.800000,13.500000,2.000000,0.000000,0.000000,0.039998,2.291728,0.137022,7.850806,-0.009426,-0.540086,-0.097024,-5.559078,-0.039998,0.097024,47.161172,40.450694,43.164367,40.290743,44.962927,40.362721,31.589461,38.518701
23.940000,0.020000,3.000000,4.000000,1.800000,13.500000,2.000000,0.000000,0.000000,0.039857,2.283626,0.136592,7.826139,-0.009398,-0.538487,-0.096735,-5.542512,-0.039857,0.096735,47.221144,40.452528,43.224316,40.293142,45.022887,40.364866,31.648628,38.526604
23.960000,0.020000,3.000000,4.000000,1.800000,13.500000,2.000000,0.000000,0.000000,0.039716,2.275549,0.136163,7.801545,-0.009371,-0.536892,-0.096447,-5.525996,-0.039716,0.096447,47.281117,40.454355,43.284266,40.295533,45.082847,40.367003,31.707800,38.534482
23.980000,0.020000,3.000000,4.000000,1.800000,13.500000,2.000000,0.000000,0.000000,0.039575,2.267496,0.135735,7.777024,-0.009343,-0.535302,-0.096159,-5.509528,-0.039575,0.096159,47.341089,40.456175,43.344216,40.297915,45.142807,40.369132,31.766977,38.542336
24.000000,0.020000,3.000000,4.000000,1.800000,13.500000,2.000000,0.000000,0.000000,0.039435,2.259467,0.135308,7.752576,-0.009315,-0.533717,-0.095873,-5.493109,-0.039435,0.095873,47.401061,40.457989,43.404166,40.300289,45.202767,40.371254,31.826159,38.550165
24.020000,0.020000,3.000000,4.000000,1.800000,13.500000,2.000000,0.000000,0.000000,0.039295,2.251461,0.134883,7.728201,-0.009288,-0.532136,-0.095587,-5.476740,-0.039295,0.095587,47.461034,40.459796,43.464117,40.302654,45.262728,40.373368,31.885346,38.557970
24.040000,0.020000,3.000000,4.000000,1.800000,13.500000,2.000000,0.000000,0.000000,0.039156,2.243479,0.134458,7.703898,-0.009260,-0.530560,-0.095302,-5.460419,-0.039156,0.095302,47.521007,40.461596,43.524068,40.305011,45.322689,40.375474,31.944538,38.565751
24.060000,0.020000,3.000000,4.000000,1.800000,13.500000,2.000000,0.000000,0.000000,0.039017,2.235521,0.134035,7.679667,-0.009233,-0.528988,-0.095018,-5.444146,-0.039017,0.095018,47.580980,40.463390,43.584020,40.307360,45.382650,40.377573,32.003736,38.573508
24.080000,0.020000,3.000000,4.000000,1.800000,13.500000,2.000000,0.000000,0.000000,0.038879,2.227586,0.133614,7.655508,-0.009205,-0.527421,-0.094735,-5.427922,-0.038879,0.094735,47.640954,40.465176,43.643971,40.309700,45.442611,40.379665,32.062937,38.581240
24.100000,0.020000,3.000000,4.000000,1.800000,13.500000,2.000000,0.000000,0.000000,0.038741,2.219675,0.133193,7.631421,-0.009178,-0.525858,-0.094453,-5.411746,-0.038741,0.094453,47.700927,40.466956,43.703924,40.312033,45.502573,40.381748,32.122144,38.588949
24.120000,0.020000,3.000000,4.000000,1.800000,13.500000,2.000000,0.000000,0.000000,0.038603,2.211787,0.132774,7.607406,-0.009151,-0.524300,-0.094171,-5.395619,-0.038603,0.094171,47.760901,40.468730,43.763876,40.314356,45.562535,40.383824,32.181356,38.596633
24.140000,0.020000,3.000000,4.000000,1.800000,13.500000,2.000000,0.000000,0.000000,0.038466,2.203923,0.132356,7.583462,-0.009124,-0.522746,-0.093891,-5.379539,-0.038466,0.093891,47.820875,40.470497,43.823829,40.316672,45.622497,40.385893,32.240573,38.604294
24.160000,0.020000,3.000000,4.000000,1.800000,13.500000,2.000000,0.000000,0.000000,0.038329,2.196082,0.131940,7.559589,-0.009097,-0.521197,-0.093611,-5.363507,-0.038329,0.093611,47.880849,40.472257,43.883782,40.318979,45.682460,40.387954,32.299794,38.611931
24.180000,0.020000,3.000000,4.000000,1.800000,13.500000,2.000000,0.000000,0.000000,0.038192,2.188264,0.131524,7.535787,-0.009070,-0.519653,-0.093332,-5.347523,-0.038192,0.093332,47.940824,40.474011,43.943735,40.321278,45.742423,40.390008,32.359020,38.619545
24.200000,0.020000,3.000000,4.000000,1.800000,13.500000,2.000000,0.000000,0.000000,0.038056,2.180469,0.131110,7.512055,-0.009043,-0.518112,-0.093054,-5.331586,-0.038056,0.093054,48.000798,40.475758,44.003689,40.323569,45.802386,40.392054,32.418251,38.627134
24.220000,0.020000,3.000000,4.000000,1.800000,13.500000,2.000000,0.000000,0.000000,0.037921,2.172698,0.130697,7.488395,-0.009016,-0.516577,-0.092776,-5.315697,-0.037921,0.092776,48.060773,40.477499,44.063643,40.325852,45.862349,40.394093,32.477487,38.634700
24.240000,0.020000,3.000000,4.000000,1.800000,13.500000,2.000000,0.000000,0.000000,0.037785,2.164949,0.130285,7.464804,-0.008989,-0.515045,-0.092500,-5.299855,-0.037785,0.092500,48.120748,40.479233,44.123598,40.328126,45.922313,40.396124,32.536727,38.642243
24.260000,0.020000,3.000000,4.000000,1.800000,13.500000,2.000000,0.000000,0.000000,0.037651,2.157224,0.129875,7.441284,-0.008963,-0.513518,-0.092224,-5.284060,-0.037651,0.092224,48.180723,40.480960,44.183552,40.330393,45.982277,40.398148,32.595972,38.649762
24.280000,0.020000,3.000000,4.000000,1.800000,13.500000,2.000000,0.000000,0.000000,0.037516,2.149521,0.129466,7.417833,-0.008936,-0.511996,-0.091949,-5.268312,-0.037516,0.091949,48.240698,40.482681,44.243508,40.332651,46.042241,40.400165,32.655222,38.657257
24.300000,0.020000,3.000000,4.000000,1.800000,13.500000,2.000000,0.000000,0.000000,0.037382,2.141841,0.129058,7.394452,-0.008910,-0.510478,-0.091675,-5.252611,-0.037382,0.091675,48.300674,40.484396,44.303463,40.334902,46.102205,40.402174,32.714476,38.664730
24.320000,0.020000,3.000000,4.000000,1.800000,13.500000,2.000000,0.000000,0.000000,0.037249,2.134184,0.128651,7.371141,-0.008883,-0.508964,-0.091402,-5.236957,-0.037249,0.091402,48.360650,40.486104,44.363419,40.337144,46.162170,40.404176,32.773735,38.672179
24.340000,0.020000,3.000000,4.000000,1.800000,13.500000,2.000000,0.000000,0.000000,0.037115,2.126550,0.128245,7.347899,-0.008857,-0.507455,-0.091130,-5.221350,-0.037115,0.091130,48.420625,40.487806,44.423375,40.339378,46.222135,40.406170,32.832999,38.679604
24.360000,0.020000,3.000000,4.000000,1.800000,13.500000,2.000000,0.000000,0.000000,0.036982,2.118938,0.127841,7.324726,-0.008830,-0.505950,-0.090858,-5.205788,-0.036982,0.090858,48.480601,40.489501,44.483331,40.341605,46.282100,40.408158,32.892267,38.687007
24.380000,0.020000,3.000000,4.000000,1.800000,13.500000,2.000000,0.000000,0.000000,0.036850,2.111349,0.127437,7.301622,-0.008804,-0.504449,-0.090587,-5.190273,-0.036850,0.090587,48.540578,40.491190,44.543288,40.343823,46.342066,40.410138,32.951539,38.694387
24.400000,0.020000,3.000000,4.000000,1.800000,13.500000,2.000000,0.000000,0.000000,0.036718,2.103782,0.127035,7.278587,-0.008778,-0.502953,-0.090317,-5.174804,-0.036718,0.090317,48.600554,40.492872,44.603245,40.346033,46.402031,40.412111,33.010816,38.701743
24.420000,0.020000,3.000000,4.000000,1.800000,13.500000,2.000000,0.000000,0.000000,0.036586,2.096238,0.126634,7.255620,-0.008752,-0.501462,-0.090048,-5.159382,-0.036586,0.090048,48.660531,40.494548,44.663202,40.348236,46.461997,40.414076,33.070098,38.709077
24.440000,0.020000,3.000000,4.000000,1.800000,13.500000,2.000000,0.000000,0.000000,0.036455,2.088716,0.126235,7.232721,-0.008726,-0.499974,-0.089780,-5.144005,-0.036455,0.089780,48.720507,40.496218,44.723159,40.350430,46.521963,40.416035,33.129383,38.716388
24.460000,0.020000,3.000000,4.000000,1.800000,13.500000,2.000000,0.000000,0.000000,0.036324,2.081217,0.125836,7.209890,-0.008700,-0.498491,-0.089512,-5.128674,-0.036324,0.089512,48.780484,40.497882,44.783117,40.352617,46.581930,40.417986,33.188674,38.723676
24.480000,0.020000,3.000000,4.000000,1.800000,13.500000,2.000000,0.000000,0.000000,0.036194,2.073739,0.125439,7.187127,-0.008674,-0.497012,-0.089245,-5.113388,-0.036194,0.089245,48.840461,40.499539,44.843075,40.354796,46.641897,40.419930,33.247968,38.730941
24.500000,0.020000,3.000000,4.000000,1.800000,13.500000,2.000000,0.000000,0.000000,0.036063,2.066284,0.125043,7.164432,-0.008649,-0.495538,-0.088979,-5.098148,-0.036063,0.088979,48.900439,40.501190,44.903034,40.356967,46.701863,40.421867,33.307267,38.738183
24.520000,0.020000,3.000000,4.000000,1.800000,13.500000,2.000000,0.000000,0.000000,0.035934,2.058851,0.124648,7.141805,-0.008623,-0.494068,-0.088714,-5.082953,-0.035934,0.088714,48.960416,40.502835,44.962993,40.359130,46.761831,40.423797,33.366570,38.745403
24.540000,0.020000,3.000000,4.000000,1.800000,13.500000,2.000000,0.000000,0.000000,0.035804,2.051440,0.124254,7.119244,-0.008598,-0.492602,-0.088450,-5.067804,-0.035804,0.088450,49.020394,40.504473,45.022952,40.361286,46.821798,40.425720,33.425878,38.752601
24.560000,0.020000,3.000000,4.000000,1.800000,13.500000,2.000000,0.000000,0.000000,0.035675,2.044051,0.123862,7.096751,-0.008572,-0.491140,-0.088186,-5.052699,-0.035675,0.088186,49.080372,40.506105,45.082911,40.363434,46.881766,40.427636,33.485190,38.759776
24.580000,0.020000,3.000000,4.000000,1.800000,13.500000,2.000000,0.000000,0.000000,0.035547,2.036684,0.123470,7.074324,-0.008547,-0.489683,-0.087923,-5.037640,-0.035547,0.087923,49.140350,40.507731,45.142871,40.365574,46.941733,40.429544,33.544506,38.766928
24.600000,0.020000,3.000000,4.000000,1.800000,13.500000,2.000000,0.000000,0.000000,0.035419,2.029339,0.123080,7.051964,-0.008521,-0.488230,-0.087661,-5.022625,-0.035419,0.087661,49.200328,40.509351,45.202830,40.367706,47.001702,40.431446,33.603826,38.774058
24.620000,0.020000,3.000000,4.000000,1.800000,13.500000,2.000000,0.000000,0.000000,0.035291,2.022016,0.122691,7.029671,-0.008496,-0.486781,-0.087400,-5.007655,-0.035291,0.087400,49.260306,40.510965,45.262791,40.369830,47.061670,40.433341,33.663151,38.781166
24.640000,0.020000,3.000000,4.000000,1.800000,13.500000,2.000000,0.000000,0.000000,0.035163,2.014714,0.122303,7.007444,-0.008471,-0.485336,-0.087140,-4.992730,-0.035163,0.087140,49.320285,40.512572,45.322751,40.371947,47.121638,40.435228,33.722479,38.788251
24.660000,0.020000,3.000000,4.000000,1.800000,13.500000,2.000000,0.000000,0.000000,0.035036,2.007434,0.121916,6.985283,-0.008446,-0.483896,-0.086880,-4.977848,-0.035036,0.086880,49.380263,40.514174,45.382712,40.374057,47.181607,40.437109,33.781812,38.795315
24.680000,0.020000,3.000000,4.000000,1.800000,13.500000,2.000000,0.000000,0.000000,0.034910,2.000176,0.121531,6.963188,-0.008421,-0.482460,-0.086621,-4.963012,-0.034910,0.086621,49.440242,40.515769,45.442673,40.376158,47.241576,40.438983,33.841149,38.802356
24.700000,0.020000,3.000000,4.000000,1.800000,13.500000,2.000000,0.000000,0.000000,0.034783,1.992939,0.121146,6.941158,-0.008396,-0.481028,-0.086363,-4.948219,-0.034783,0.086363,49.500221,40.517358,45.502634,40.378252,47.301545,40.440850,33.900490,38.809375
24.720000,0.020000,3.000000,4.000000,1.800000,13.500000,2.000000,0.000000,0.000000,0.034657,1.985724,0.120763,6.919194,-0.008371,-0.479600,-0.086105,-4.933470,-0.034657,0.086105,49.560200,40.518941,45.562596,40.380339,47.361515,40.442710,33.959835,38.816373
24.740000,0.020000,3.000000,4.000000,1.800000,13.500000,2.000000,0.000000,0.000000,0.034532,1.978530,0.120381,6.897296,-0.008346,-0.478176,-0.085849,-4.918766,-0.034532,0.085849,49.620179,40.520518,45.622558,40.382418,47.421485,40.444563,34.019184,38.823348
24.760000,0.020000,3.000000,4.000000,1.800000,13.500000,2.000000,0.000000,0.000000,0.034407,1.971358,0.119999,6.875462,-0.008321,-0.476757,-0.085593,-4.904105,-0.034407,0.085593,49.680159,40.522089,45.682520,40.384489,47.481455,40.446409,34.078537,38.830302
24.780000,0.020000,3.000000,4.000000,1.800000,13.500000,2.000000,0.000000,0.000000,0.034282,1.964206,0.119620,6.853693,-0.008296,-0.475341,-0.085338,-4.889487,-0.034282,0.085338,49.740138,40.523654,45.742482,40.386553,47.541425,40.448249,34.137894,38.837233
24.800000,0.020000,3.000000,4.000000,1.800000,13.500000,2.000000,0.000000,0.000000,0.034157,1.957076,0.119241,6.831990,-0.008272,-0.473930,-0.085083,-4.874913,-0.034157,0.085083,49.800118,40.525213,45.802445,40.388610,47.601395,40.450081,34.197255,38.844143
24.820000,0.020000,3.000000,4.000000,1.800000,13.500000,2.000000,0.000000,0.000000,0.034033,1.949967,0.118863,6.810350,-0.008247,-0.472523,-0.084830,-4.860383,-0.034033,0.084830,49.860098,40.526766,45.862408,40.390659,47.661366,40.451907,34.256620,38.851032
24.840000,0.020000,3.000000,4.000000,1.800000,13.500000,2.000000,0.000000,0.000000,0.033910,1.942880,0.118486,6.788775,-0.008223,-0.471120,-0.084577,-4.845895,-0.033910,0.084577,49.920078,40.528313,45.922371,40.392700,47.721336,40.453726,34.315989,38.857899
24.860000,0.020000,3.000000,4.000000,1.800000,13.500000,2.000000,0.000000,0.000000,0.033786,1.935813,0.118111,6.767264,-0.008198,-0.469722,-0.084325,-4.831451,-0.033786,0.084325,49.980058,40.529854,45.982335,40.394734,47.781307,40.455538,34.375362,38.864744
24.880000,0.020000,3.000000,4.000000,1.800000,13.500000,2.000000,0.000000,0.000000,0.033663,1.928767,0.117737,6.745817,-0.008174,-0.468327,-0.084073,-4.817050,-0.033663,0.084073,50.040039,40.531389,46.042298,40.396761,47.841279,40.457344,34.434739,38.871567
24.900000,0.020000,3.000000,4.000000,1.800000,13.500000,2.000000,0.000000,0.000000,0.033541,1.921742,0.117364,6.724434,-0.008150,-0.466936,-0.083823,-4.802692,-0.033541,0.083823,50.100019,40.532918,46.102262,40.398780,47.901250,40.459142,34.494119,38.878370
24.920000,0.020000,3.000000,4.000000,1.800000,13.500000,2.000000,0.000000,0.000000,0.033418,1.914738,0.116991,6.703114,-0.008125,-0.465550,-0.083573,-4.788376,-0.033418,0.083573,50.160000,40.534442,46.162227,40.400792,47.961222,40.460934,34.553503,38.885151
24.940000,0.020000,3.000000,4.000000,1.800000,13.500000,2.000000,0.000000,0.000000,0.033297,1.907755,0.116620,6.681858,-0.008101,-0.464167,-0.083324,-4.774103,-0.033297,0.083324,50.219981,40.535959,46.222191,40.402797,48.021193,40.462720,34.612892,38.891910
24.960000,0.020000,3.000000,4.000000,1.800000,13.500000,2.000000,0.000000,0.000000,0.033175,1.900793,0.116251,6.660665,-0.008077,-0.462789,-0.083075,-4.759872,-0.033175,0.083075,50.279961,40.537471,46.282156,40.404794,48.081165,40.464499,34.672284,38.898649
24.980000,0.020000,3.000000,4.000000,1.800000,13.500000,2.000000,0.000000,0.000000,0.033054,1.893851,0.115882,6.639535,-0.008053,-0.461415,-0.082828,-4.745684,-0.033054,0.082828,50.339943,40.538976,46.342121,40.406785,48.141138,40.466271,34.731679,38.905366
25.000000,0.020000,3.000000,4.000000,1.800000,13.500000,2.000000,0.000000,0.000000,0.032933,1.886930,0.115514,6.618468,-0.008029,-0.460044,-0.082581,-4.731538,-0.032933,0.082581,50.399924,40.540476,46.402086,40.408767,48.201110,40.468036,34.791079,38.912062
25.020000,0.020000,3.000000,4.000000,1.800000,13.500000,2.000000,0.000000,0.000000,0.032813,1.880029,0.115147,6.597464,-0.008005,-0.458678,-0.082335,-4.717434,-0.032813,0.082335,50.459905,40.541970,46.462052,40.410743,48.261083,40.469795,34.850482,38.918737
25.040000,0.020000,3.000000,4.000000,1.800000,13.500000,2.000000,0.000000,0.000000,0.032693,1.873149,0.114782,6.576522,-0.007982,-0.457316,-0.082089,-4.703372,-0.032693,0.082089,50.519887,40.543459,46.522018,40.412711,48.321056,40.471547,34.909889,38.925391
25.060000,0.020000,3.000000,4.000000,1.800000,13.500000,2.000000,0.000000,0.000000,0.032573,1.866290,0.114418,6.555642,-0.007958,-0.455958,-0.081845,-4.689352,-0.032573,0.081845,50.579868,40.544941,46.581984,40.414672,48.381029,40.473293,34.969299,38.932025
25.080000,0.020000,3.000000,4.000000,1.800000,13.500000,2.000000,0.000000,0.000000,0.032454,1.859450,0.114054,6.534824,-0.007934,-0.454603,-0.081601,-4.675374,-0.032454,0.081601,50.639850,40.546418,46.641950,40.416626,48.441002,40.475032,35.028713,38.938637
25.100000,0.020000,3.000000,4.000000,1.800000,13.500000,2.000000,0.000000,0.000000,0.032335,1.852631,0.113692,6.514069,-0.007911,-0.453253,-0.081357,-4.661437,-0.032335,0.081357,50.699832,40.547889,46.701916,40.418573,48.500975,40.476765,35.088131,38.945228
25.120000,0.020000,3.000000,4.000000,1.800000,13.500000,2.000000,0.000000,0.000000,0.032216,1.845833,0.113331,6.493375,-0.007887,-0.451907,-0.081115,-4.647542,-0.032216,0.081115,50.759814,40.549354,46.761883,40.420513,48.560949,40.478491,35.147552,38.951799
25.140000,0.020000,3.000000,4.000000,1.800000,13.500000,2.000000,0.000000,0.000000,0.032098,1.839054,0.112971,6.472742,-0.007864,-0.450565,-0.080873,-4.633688,-0.032098,0.080873,50.819797,40.550814,46.821850,40.422445,48.620923,40.480211,35.206977,38.958349
25.160000,0.020000,3.000000,4.000000,1.800000,13.500000,2.000000,0.000000,0.000000,0.031980,1.832296,0.112612,6.452171,-0.007840,-0.449226,-0.080632,-4.619875,-0.031980,0.080632,50.879779,40.552268,46.881817,40.424371,48.680897,40.481924,35.266406,38.964878
25.180000,0.020000,3.000000,4.000000,1.800000,13.500000,2.000000,0.000000,0.000000,0.031862,1.825557,0.112254,6.431661,-0.007817,-0.447892,-0.080392,-4.606104,-0.031862,0.080392,50.939761,40.553716,46.941785,40.426289,48.740871,40.483631,35.325838,38.971387
25.200000,0.020000,3.000000,4.000000,1.800000,13.500000,2.000000,0.000000,0.000000,0.031745,1.818839,0.111897,6.411212,-0.007794,-0.446561,-0.080152,-4.592373,-0.031745,0.080152,50.999744,40.555158,47.001753,40.428201,48.800846,40.485331,35.385273,38.977876
25.220000,0.020000,3.000000,4.000000,1.800000,13.500000,2.000000,0.000000,0.000000,0.031628,1.812141,0.111541,6.390824,-0.007771,-0.445235,-0.079913,-4.578683,-0.031628,0.079913,51.059727,40.556595,47.061720,40.430105,48.860820,40.487025,35.444713,38.984343
25.240000,0.020000,3.000000,4.000000,1.800000,13.500000,2.000000,0.000000,0.000000,0.031511,1.805462,0.111186,6.370497,-0.007748,-0.443912,-0.079675,-4.565034,-0.031511,0.079675,51.119710,40.558027,47.121689,40.432002,48.920795,40.488713,35.504155,38.990791
25.260000,0.020000,3.000000,4.000000,1.800000,13.500000,2.000000,0.000000,0.000000,0.031395,1.798804,0.110832,6.350230,-0.007725,-0.442593,-0.079437,-4.551426,-0.031395,0.079437,51.179693,40.559452,47.181657,40.433892,48.980770,40.490394,35.563601,38.997218
25.280000,0.020000,3.000000,4.000000,1.800000,13.500000,2.000000,0.000000,0.000000,0.031279,1.792165,0.110480,6.330023,-0.007702,-0.441278,-0.079201,-4.537858,-0.031279,0.079201,51.239676,40.560872,47.241626,40.435776,49.040745,40.492069,35.623050,39.003625
25.300000,0.020000,3.000000,4.000000,1.800000,13.500000,2.000000,0.000000,0.000000,0.031164,1.785546,0.110128,6.309877,-0.007679,-0.439967,-0.078964,-4.524331,-0.031164,0.078964,51.299659,40.562287,47.301595,40.437652,49.100721,40.493738,35.682503,39.010011
25.320000,0.020000,3.000000,4.000000,1.800000,13.500000,2.000000,0.000000,0.000000,0.031048,1.778946,0.109778,6.289790,-0.007656,-0.438660,-0.078729,-4.510844,-0.031048,0.078729,51.359643,40.563696,47.361564,40.439522,49.160696,40.495400,35.741959,39.016378
25.340000,0.020000,3.000000,4.000000,1.800000,13.500000,2.000000,0.000000,0.000000,0.030934,1.772367,0.109428,6.269763,-0.007633,-0.437356,-0.078494,-4.497396,-0.030934,0.078494,51.419626,40.565099,47.421533,40.441384,49.220672,40.497056,35.801419,39.022724
25.360000,0.020000,3.000000,4.000000,1.800000,13.500000,2.000000,0.000000,0.000000,0.030819,1.765806,0.109080,6.249796,-0.007611,-0.436057,-0.078260,-4.483989,-0.030819,0.078260,51.479610,40.566497,47.481503,40.443240,49.280648,40.498706,35.860882,39.029051
25.380000,0.020000,3.000000,4.000000,1.800000,13.500000,2.000000,0.000000,0.000000,0.030705,1.759266,0.108732,6.229888,-0.007588,-0.434761,-0.078027,-4.470622,-0.030705,0.078027,51.539594,40.567890,47.541472,40.445089,49.340624,40.500349,35.920348,39.035357
25.400000,0.020000,3.000000,4.000000,1.800000,13.500000,2.000000,0.000000,0.000000,0.030591,1.752744,0.108386,6.210039,-0.007565,-0.433469,-0.077794,-4.457295,-0.030591,0.077794,51.599578,40.569276,47.601442,40.446931,49.400600,40.501986,35.979818,39.041643
25.420000,0.020000,3.000000,4.000000,1.800000,13.500000,2.000000,0.000000,0.000000,0.030478,1.746242,0.108040,6.190249,-0.007543,-0.432181,-0.077563,-4.444007,-0.030478,0.077563,51.659562,40.570658,47.661413,40.448766,49.460577,40.503617,36.039291,39.047910
25.440000,0.020000,3.000000,4.000000,1.800000,13.500000,2.000000,0.000000,0.000000,0.030365,1.739760,0.107696,6.170519,-0.007521,-0.430897,-0.077331,-4.430759,-0.030365,0.077331,51.719546,40.572034,47.721383,40.450594,49.520553,40.505242,36.098767,39.054156
25.460000,0.020000,3.000000,4.000000,1.800000,13.500000,2.000000,0.000000,0.000000,0.030252,1.733296,0.107353,6.150847,-0.007498,-0.429617,-0.077101,-4.417550,-0.030252,0.077101,51.779531,40.573404,47.781354,40.452416,49.580530,40.506860,36.158246,39.060383
25.480000,0.020000,3.000000,4.000000,1.800000,13.500000,2.000000,0.000000,0.000000,0.030139,1.726852,0.107010,6.131233,-0.007476,-0.428340,-0.076871,-4.404381,-0.030139,0.076871,51.839515,40.574769,47.841324,40.454230,49.640507,40.508473,36.217729,39.066591
25.500000,0.020000,3.000000,4.000000,1.800000,13.500000,2.000000,0.000000,0.000000,0.030027,1.720427,0.106669,6.111678,-0.007454,-0.427067,-0.076642,-4.391251,-0.030027,0.076642,51.899500,40.576129,47.901296,40.456038,49.700484,40.510079,36.277215,39.072778
25.520000,0.020000,3.000000,4.000000,1.800000,13.500000,2.000000,0.000000,0.000000,0.029915,1.714021,0.106329,6.092181,-0.007432,-0.425798,-0.076413,-4.378160,-0.029915,0.076413,51.959484,40.577483,47.961267,40.457840,49.760461,40.511679,36.336704,39.078946
25.540000,0.020000,3.000000,4.000000,1.800000,13.500000,2.000000,0.000000,0.000000,0.029804,1.707634,0.105989,6.072742,-0.007409,-0.424532,-0.076186,-4.365108,-0.029804,0.076186,52.019469,40.578832,48.021238,40.459634,49.820439,40.513273,36.396196,39.085095
25.560000,0.020000,3.000000,4.000000,1.800000,13.500000,2.000000,0.000000,0.000000,0.029693,1.701266,0.105651,6.053361,-0.007387,-0.423271,-0.075958,-4.352094,-0.029693,0.075958,52.079454,40.580176,48.081210,40.461422,49.880417,40.514861,36.455691,39.091224
25.580000,0.020000,3.000000,4.000000,1.800000,13.500000,2.000000,0.000000,0.000000,0.029582,1.694917,0.105314,6.034037,-0.007366,-0.422013,-0.075732,-4.339120,-0.029582,0.075732,52.139439,40.581514,48.141182,40.463204,49.940394,40.516443,36.515190,39.097333
25.600000,0.020000,3.000000,4.000000,1.800000,13.500000,2.000000,0.000000,0.000000,0.029471,1.688587,0.104978,6.014771,-0.007344,-0.420758,-0.075506,-4.326184,-0.029471,0.075506,52.199424,40.582847,48.201154,40.464978,50.000372,40.518019,36.574691,39.103423
25.620000,0.020000,3.000000,4.000000,1.800000,13.500000,2.000000,0.000000,0.000000,0.029361,1.682276,0.104642,5.995562,-0.007322,-0.419508,-0.075281,-4.313287,-0.029361,0.075281,52.259410,40.584174,48.261126,40.466746,50.060351,40.519589,36.634196,39.109494
25.640000,0.020000,3.000000,4.000000,1.800000,13.500000,2.000000,0.000000,0.000000,0.029251,1.675983,0.104308,5.976411,-0.007300,-0.418261,-0.075057,-4.300428,-0.029251,0.075057,52.319395,40.585497,48.321099,40.468507,50.120329,40.521153,36.693703,39.115546
25.660000,0.020000,3.000000,4.000000,1.800000,13.500000,2.000000,0.000000,0.000000,0.029142,1.669709,0.103975,5.957316,-0.007278,-0.417018,-0.074833,-4.287607,-0.029142,0.074833,52.379381,40.586814,48.381072,40.470262,50.180307,40.522710,36.753214,39.121578
25.680000,0.020000,3.000000,4.000000,1.800000,13.500000,2.000000,0.000000,0.000000,0.029033,1.663454,0.103643,5.938279,-0.007257,-0.415778,-0.074610,-4.274824,-0.029033,0.074610,52.439366,40.588125,48.441045,40.472010,50.240286,40.524262,36.812728,39.127592
25.700000,0.020000,3.000000,4.000000,1.800000,13.500000,2.000000,0.000000,0.000000,0.028924,1.657218,0.103311,5.919298,-0.007235,-0.414542,-0.074387,-4.262080,-0.028924,0.074387,52.499352,40.589432,48.501018,40.473752,50.300265,40.525808,36.872245,39.133586
25.720000,0.020000,3.000000,4.000000,1.800000,13.500000,2.000000,0.000000,0.000000,0.028815,1.651000,0.102981,5.900373,-0.007214,-0.413310,-0.074166,-4.249373,-0.028815,0.074166,52.559338,40.590733,48.560991,40.475487,50.360244,40.527348,36.931765,39.139561
25.740000,0.020000,3.000000,4.000000,1.800000,13.500000,2.000000,0.000000,0.000000,0.028707,1.644800,0.102652,5.881505,-0.007192,-0.412081,-0.073944,-4.236705,-0.028707,0.073944,52.619324,40.592029,48.620965,40.477216,50.420223,40.528882,36.991288,39.145517
25.760000,0.020000,3.000000,4.000000,1.800000,13.500000,2.000000,0.000000,0.000000,0.028599,1.638619,0.102323,5.862693,-0.007171,-0.410856,-0.073724,-4.224074,-0.028599,0.073724,52.679310,40.593320,48.680938,40.478938,50.480202,40.530410,37.050813,39.151455
25.780000,0.020000,3.000000,4.000000,1.800000,13.500000,2.000000,0.000000,0.000000,0.028492,1.632456,0.101996,5.843936,-0.007149,-0.409635,-0.073504,-4.211480,-0.028492,0.073504,52.739296,40.594606,48.740912,40.480654,50.540182,40.531932,37.110342,39.157373
25.800000,0.020000,3.000000,4.000000,1.800000,13.500000,2.000000,0.000000,0.000000,0.028384,1.626312,0.101670,5.825236,-0.007128,-0.408417,-0.073285,-4.198924,-0.028384,0.073285,52.799283,40.595886,48.800886,40.482363,50.600161,40.533448,37.169874,39.163273
25.820000,0.020000,3.000000,4.000000,1.800000,13.500000,2.000000,0.000000,0.000000,0.028278,1.620185,0.101344,5.806591,-0.007107,-0.407203,-0.073067,-4.186406,-0.028278,0.073067,52.859269,40.597161,48.860861,40.484066,50.660141,40.534959,37.229409,39.169154
25.840000,0.020000,3.000000,4.000000,1.800000,13.500000,2.000000,0.000000,0.000000,0.028171,1.614077,0.101020,5.788002,-0.007086,-0.405993,-0.072849,-4.173925,-0.028171,0.072849,52.919256,40.598431,48.920835,40.485762,50.720121,40.536463,37.288946,39.175016
25.860000,0.020000,3.000000,4.000000,1.800000,13.500000,2.000000,0.000000,0.000000,0.028065,1.607988,0.100696,5.769468,-0.007065,-0.404786,-0.072632,-4.161481,-0.028065,0.072632,52.979242,40.599696,48.980810,40.487452,50.780101,40.537962,37.348486,39.180859
25.880000,0.020000,3.000000,4.000000,1.800000,13.500000,2.000000,0.000000,0.000000,0.027959,1.601916,0.100374,5.750989,-0.007044,-0.403582,-0.072415,-4.149074,-0.027959,0.072415,53.039229,40.600956,49.040785,40.489136,50.840081,40.539455,37.408030,39.186684
25.900000,0.020000,3.000000,4.000000,1.800000,13.500000,2.000000,0.000000,0.000000,0.027853,1.595862,0.100052,5.732566,-0.007023,-0.402382,-0.072199,-4.136704,-0.027853,0.072199,53.099216,40.602211,49.100760,40.490813,50.900062,40.540942,37.467576,39.192490
25.920000,0.020000,3.000000,4.000000,1.800000,13.500000,2.000000,0.000000,0.000000,0.027748,1.589827,0.099732,5.714197,-0.007002,-0.401186,-0.071984,-4.124370,-0.027748,0.071984,53.159203,40.603461,49.160735,40.492484,50.960042,40.542423,37.527125,39.198278
25.940000,0.020000,3.000000,4.000000,1.800000,13.500000,2.000000,0.000000,0.000000,0.027643,1.583809,0.099412,5.695883,-0.006981,-0.399993,-0.071769,-4.112074,-0.027643,0.071769,53.219190,40.604705,49.220710,40.494149,51.020023,40.543899,37.586676,39.204048
25.960000,0.020000,3.000000,4.000000,1.800000,13.500000,2.000000,0.000000,0.000000,0.027538,1.577809,0.099093,5.677623,-0.006960,-0.398804,-0.071555,-4.099814,-0.027538,0.071555,53.279177,40.605945,49.280686,40.495807,51.080004,40.545369,37.646231,39.209799
25.980000,0.020000,3.000000,4.000000,1.800000,13.500000,2.000000,0.000000,0.000000,0.027434,1.571827,0.098775,5.659417,-0.006940,-0.397618,-0.071342,-4.087590,-0.027434,0.071342,53.339165,40.607180,49.340662,40.497459,51.139985,40.546833,37.705788,39.215532
26.000000,0.020000,3.000000,4.000000,1.800000,13.500000,2.000000,0.000000,0.000000,0.027329,1.565863,0.098459,5.641266,-0.006919,-0.396436,-0.071129,-4.075403,-0.027329,0.071129,53.399152,40.608409,49.400638,40.499105,51.199966,40.548292,37.765348,39.221246
26.020000,0.020000,3.000000,4.000000,1.800000,13.500000,2.000000,0.000000,0.000000,0.027226,1.559916,0.098143,5.623169,-0.006899,-0.395257,-0.070917,-4.063253,-0.027226,0.070917,53.459140,40.609634,49.460614,40.500744,51.259947,40.549744,37.824911,39.226942
26.040000,0.020000,3.000000,4.000000,1.800000,13.500000,2.000000,0.000000,0.000000,0.027122,1.553987,0.097828,5.605126,-0.006878,-0.394082,-0.070706,-4.051138,-0.027122,0.070706,53.519127,40.610853,49.520590,40.502378,51.319928,40.551192,37.884476,39.232620
26.060000,0.020000,3.000000,4.000000,1.800000,13.500000,2.000000,0.000000,0.000000,0.027019,1.548076,0.097514,5.587136,-0.006858,-0.392910,-0.070495,-4.039060,-0.027019,0.070495,53.579115,40.612068,49.580567,40.504005,51.379910,40.552633,37.944045,39.238280
26.080000,0.020000,3.000000,4.000000,1.800000,13.500000,2.000000,0.000000,0.000000,0.026916,1.542183,0.097201,5.569200,-0.006837,-0.391742,-0.070285,-4.027017,-0.026916,0.070285,53.639103,40.613277,49.640544,40.505626,51.439892,40.554069,38.003615,39.243922
26.100000,0.020000,3.000000,4.000000,1.800000,13.500000,2.000000,0.000000,0.000000,0.026814,1.536307,0.096889,5.551317,-0.006817,-0.390577,-0.070075,-4.015011,-0.026814,0.070075,53.699091,40.614482,49.700520,40.507240,51.499873,40.555499,38.063189,39.249546
26.120000,0.020000,3.000000,4.000000,1.800000,13.500000,2.000000,0.000000,0.000000,0.026711,1.530448,0.096578,5.533488,-0.006797,-0.389415,-0.069866,-4.003040,-0.026711,0.069866,53.759079,40.615682,49.760497,40.508849,51.559855,40.556924,38.122765,39.255152
26.140000,0.020000,3.000000,4.000000,1.800000,13.500000,2.000000,0.000000,0.000000,0.026609,1.524607,0.096267,5.515711,-0.006776,-0.388257,-0.069658,-3.991105,-0.026609,0.069658,53.819067,40.616877,49.820475,40.510451,51.619837,40.558343,38.182344,39.260740
26.160000,0.020000,3.000000,4.000000,1.800000,13.500000,2.000000,0.000000,0.000000,0.026508,1.518783,0.095958,5.497988,-0.006756,-0.387103,-0.069450,-3.979205,-0.026508,0.069450,53.879055,40.618067,49.880452,40.512048,51.679820,40.559756,38.241926,39.266310
26.180000,0.020000,3.000000,4.000000,1.800000,13.500000,2.000000,0.000000,0.000000,0.026406,1.512977,0.095650,5.480317,-0.006736,-0.385952,-0.069243,-3.967341,-0.026406,0.069243,53.939043,40.619252,49.940430,40.513638,51.739802,40.561164,38.301510,39.271863
26.200000,0.020000,3.000000,4.000000,1.800000,13.500000,2.000000,0.000000,0.000000,0.026305,1.507187,0.095342,5.462699,-0.006716,-0.384804,-0.069037,-3.955512,-0.026305,0.069037,53.999032,40.620432,50.000407,40.515222,51.799785,40.562566,38.361096,39.277397
26.220000,0.020000,3.000000,4.000000,1.800000,13.500000,2.000000,0.000000,0.000000,0.026205,1.501415,0.095036,5.445133,-0.006696,-0.383659,-0.068831,-3.943718,-0.026205,0.068831,54.059020,40.621607,50.060385,40.516800,51.859767,40.563963,38.420686,39.282914
26.240000,0.020000,3.000000,4.000000,1.800000,13.500000,2.000000,0.000000,0.000000,0.026104,1.495661,0.094730,5.427620,-0.006676,-0.382518,-0.068626,-3.931960,-0.026104,0.068626,54.119009,40.622777,50.120363,40.518372,51.919750,40.565354,38.480278,39.288413
26.260000,0.020000,3.000000,4.000000,1.800000,13.500000,2.000000,0.000000,0.000000,0.026004,1.489923,0.094425,5.410159,-0.006656,-0.381381,-0.068421,-3.920236,-0.026004,0.068421,54.178997,40.623943,50.180342,40.519938,51.979733,40.566740,38.539872,39.293895
26.280000,0.020000,3.000000,4.000000,1.800000,13.500000,2.000000,0.000000,0.000000,0.025904,1.484202,0.094121,5.392749,-0.006637,-0.380247,-0.068217,-3.908547,-0.025904,0.068217,54.238986,40.625104,50.240320,40.521498,52.039716,40.568121,38.599469,39.299359
26.300000,0.020000,3.000000,4.000000,1.800000,13.500000,2.000000,0.000000,0.000000,0.025805,1.478498,0.093818,5.375392,-0.006617,-0.379116,-0.068014,-3.896894,-0.025805,0.068014,54.298975,40.626260,50.300298,40.523052,52.099699,40.569496,38.659068,39.304806
26.320000,0.020000,3.000000,4.000000,1.800000,13.500000,2.000000,0.000000,0.000000,0.025705,1.472812,0.093516,5.358086,-0.006597,-0.377988,-0.067811,-3.885274,-0.025705,0.067811,54.358964,40.627411,50.360277,40.524600,52.159683,40.570865,38.718670,39.310235
26.340000,0.020000,3.000000,4.000000,1.800000,13.500000,2.000000,0.000000,0.000000,0.025606,1.467142,0.093215,5.340832,-0.006578,-0.376864,-0.067609,-3.873690,-0.025606,0.067609,54.418953,40.628557,50.420256,40.526143,52.219666,40.572229,38.778275,39.315647
26.360000,0.020000,3.000000,4.000000,1.800000,13.500000,2.000000,0.000000,0.000000,0.025508,1.461489,0.092915,5.323629,-0.006558,-0.375743,-0.067407,-3.862140,-0.025508,0.067407,54.478942,40.629699,50.480235,40.527679,52.279650,40.573588,38.837882,39.321041
26.380000,0.020000,3.000000,4.000000,1.800000,13.500000,2.000000,0.000000,0.000000,0.025409,1.455853,0.092616,5.306477,-0.006538,-0.374625,-0.067206,-3.850624,-0.025409,0.067206,54.538931,40.630836,50.540214,40.529209,52.339633,40.574941,38.897491,39.326418
26.400000,0.020000,3.000000,4.000000,1.800000,13.500000,2.000000,0.000000,0.000000,0.025311,1.450234,0.092317,5.289377,-0.006519,-0.373511,-0.067006,-3.839143,-0.025311,0.067006,54.598921,40.631968,50.600194,40.530733,52.399617,40.576289,38.957103,39.331778
26.420000,0.020000,3.000000,4.000000,1.800000,13.500000,2.000000,0.000000,0.000000,0.025214,1.444631,0.092019,5.272327,-0.006500,-0.372400,-0.066806,-3.827696,-0.025214,0.066806,54.658910,40.633096,50.660173,40.532252,52.459601,40.577631,39.016717,39.337121
26.440000,0.020000,3.000000,4.000000,1.800000,13.500000,2.000000,0.000000,0.000000,0.025116,1.439045,0.091723,5.255328,-0.006480,-0.371293,-0.066607,-3.816283,-0.025116,0.066607,54.718900,40.634218,50.720153,40.533764,52.519585,40.578969,39.076333,39.342447
26.460000,0.020000,3.000000,4.000000,1.800000,13.500000,2.000000,0.000000,0.000000,0.025019,1.433476,0.091427,5.238380,-0.006461,-0.370188,-0.066408,-3.804904,-0.025019,0.066408,54.778889,40.635337,50.780133,40.535271,52.579569,40.580301,39.135953,39.347755
26.480000,0.020000,3.000000,4.000000,1.800000,13.500000,2.000000,0.000000,0.000000,0.024922,1.427923,0.091132,5.221482,-0.006442,-0.369087,-0.066210,-3.793559,-0.024922,0.066210,54.838879,40.636450,50.840113,40.536772,52.639554,40.581627,39.195574,39.353047
26.500000,0.020000,3.000000,4.000000,1.800000,13.500000,2.000000,0.000000,0.000000,0.024825,1.422387,0.090838,5.204634,-0.006423,-0.367989,-0.066013,-3.782247,-0.024825,0.066013,54.898869,40.637559,50.900093,40.538267,52.699538,40.582948,39.255198,39.358321
26.520000,0.020000,3.000000,4.000000,1.800000,13.500000,2.000000,0.000000,0.000000,0.024729,1.416867,0.090545,5.187837,-0.006404,-0.366894,-0.065816,-3.770970,-0.024729,0.065816,54.958858,40.638663,50.960073,40.539757,52.759523,40.584264,39.314824,39.363579
26.540000,0.020000,3.000000,4.000000,1.800000,13.500000,2.000000,0.000000,0.000000,0.024633,1.411364,0.090253,5.171089,-0.006384,-0.365803,-0.065620,-3.759726,-0.024633,0.065620,55.018848,40.639762,51.020053,40.541240,52.819507,40.585575,39.374452,39.368819
26.560000,0.020000,3.000000,4.000000,1.800000,13.500000,2.000000,0.000000,0.000000,0.024537,1.405877,0.089961,5.154392,-0.006365,-0.364715,-0.065424,-3.748515,-0.024537,0.065424,55.078838,40.640857,51.080034,40.542718,52.879492,40.586880,39.434083,39.374043
26.580000,0.020000,3.000000,4.000000,1.800000,13.500000,2.000000,0.000000,0.000000,0.024442,1.400406,0.089671,5.137744,-0.006347,-0.363630,-0.065229,-3.737338,-0.024442,0.065229,55.138828,40.641947,51.140015,40.544190,52.939477,40.588181,39.493716,39.379250
26.600000,0.020000,3.000000,4.000000,1.800000,13.500000,2.000000,0.000000,0.000000,0.024346,1.394952,0.089381,5.121146,-0.006328,-0.362548,-0.065034,-3.726194,-0.024346,0.065034,55.198819,40.643033,51.199996,40.545656,52.999462,40.589476,39.553352,39.384440
26.620000,0.020000,3.000000,4.000000,1.800000,13.500000,2.000000,0.000000,0.000000,0.024252,1.389513,0.089092,5.104597,-0.006309,-0.361470,-0.064840,-3.715084,-0.024252,0.064840,55.258809,40.644114,51.259977,40.547117,53.059447,40.590766,39.612989,39.389614
26.640000,0.020000,3.000000,4.000000,1.800000,13.500000,2.000000,0.000000,0.000000,0.024157,1.384091,0.088804,5.088097,-0.006290,-0.360394,-0.064647,-3.704006,-0.024157,0.064647,55.318799,40.645191,51.319958,40.548572,53.119433,40.592050,39.672629,39.394771
26.660000,0.020000,3.000000,4.000000,1.800000,13.500000,2.000000,0.000000,0.000000,0.024063,1.378685,0.088517,5.071647,-0.006271,-0.359322,-0.064454,-3.692961,-0.024063,0.064454,55.378790,40.646263,51.379939,40.550021,53.179418,40.593330,39.732271,39.399911
26.680000,0.020000,3.000000,4.000000,1.800000,13.500000,2.000000,0.000000,0.000000,0.023969,1.373296,0.088231,5.055245,-0.006253,-0.358253,-0.064262,-3.681950,-0.023969,0.064262,55.438780,40.647330,51.439921,40.551465,53.239403,40.594604,39.791916,39.405035
26.700000,0.020000,3.000000,4.000000,1.800000,13.500000,2.000000,0.000000,0.000000,0.023875,1.367922,0.087945,5.038893,-0.006234,-0.357187,-0.064071,-3.670971,-0.023875,0.064071,55.498771,40.648393,51.499902,40.552903,53.299389,40.595873,39.851562,39.410142
26.720000,0.020000,3.000000,4.000000,1.800000,13.500000,2.000000,0.000000,0.000000,0.023781,1.362564,0.087661,5.022589,-0.006216,-0.356125,-0.063879,-3.660025,-0.023781,0.063879,55.558761,40.649451,51.559884,40.554335,53.359375,40.597137,39.911211,39.415233
26.740000,0.020000,3.000000,4.000000,1.800000,13.500000,2.000000,0.000000,0.000000,0.023688,1.357222,0.087377,5.006333,-0.006197,-0.355065,-0.063689,-3.649111,-0.023688,0.063689,55.618752,40.650505,51.619866,40.555762,53.419361,40.598396,39.970862,39.420307
26.760000,0.020000,3.000000,4.000000,1.800000,13.500000,2.000000,0.000000,0.000000,0.023595,1.351896,0.087094,4.990126,-0.006179,-0.354009,-0.063499,-3.638230,-0.023595,0.063499,55.678743,40.651554,51.679848,40.557183,53.479347,40.599650,40.030516,39.425365
26.780000,0.020000,3.000000,4.000000,1.800000,13.500000,2.000000,0.000000,0.000000,0.023502,1.346586,0.086812,4.973968,-0.006160,-0.352956,-0.063310,-3.627381,-0.023502,0.063310,55.738734,40.652599,51.739830,40.558598,53.539333,40.600899,40.090171,39.430407
26.800000,0.020000,3.000000,4.000000,1.800000,13.500000,2.000000,0.000000,0.000000,0.023410,1.341292,0.086531,4.957857,-0.006142,-0.351905,-0.063121,-3.616565,-0.023410,0.063121,55.798725,40.653640,51.799812,40.560008,53.599319,40.602142,40.149829,39.435432
26.820000,0.020000,3.000000,4.000000,1.800000,13.500000,2.000000,0.000000,0.000000,0.023318,1.336014,0.086251,4.941794,-0.006124,-0.350858,-0.062933,-3.605781,-0.023318,0.062933,55.858716,40.654676,51.859795,40.561413,53.659305,40.603381,40.209489,39.440441
26.840000,0.020000,3.000000,4.000000,1.800000,13.500000,2.000000,0.000000,0.000000,0.023226,1.330751,0.085971,4.925780,-0.006105,-0.349814,-0.062745,-3.595029,-0.023226,0.062745,55.918707,40.655708,51.919777,40.562812,53.719292,40.604615,40.269150,39.445434
26.860000,0.020000,3.000000,4.000000,1.800000,13.500000,2.000000,0.000000,0.000000,0.023134,1.325504,0.085692,4.909813,-0.006087,-0.348774,-0.062558,-3.584309,-0.023134,0.062558,55.978698,40.656735,51.979760,40.564205,53.779278,40.605843,40.328814,39.450411
26.880000,0.020000,3.000000,4.000000,1.800000,13.500000,2.000000,0.000000,0.000000,0.023043,1.320272,0.085415,4.893893,-0.006069,-0.347736,-0.062371,-3.573621,-0.023043,0.062371,56.038689,40.657757,52.039743,40.565593,53.839265,40.607067,40.388480,39.455372
26.900000,0.020000,3.000000,4.000000,1.800000,13.500000,2.000000,0.000000,0.000000,0.022952,1.315056,0.085138,4.878021,-0.006051,-0.346701,-0.062185,-3.562965,-0.022952,0.062185,56.098681,40.658776,52.099726,40.566976,53.899252,40.608286,40.448149,39.460317
26.920000,0.020000,3.000000,4.000000,1.800000,13.500000,2.000000,0.000000,0.000000,0.022861,1.309855,0.084861,4.862196,-0.006033,-0.345669,-0.062000,-3.552340,-0.022861,0.062000,56.158672,40.659790,52.159709,40.568352,53.959238,40.609499,40.507819,39.465246
26.940000,0.020000,3.000000,4.000000,1.800000,13.500000,2.000000,0.000000,0.000000,0.022771,1.304670,0.084586,4.846418,-0.006015,-0.344641,-0.061815,-3.541748,-0.022771,0.061815,56.218664,40.660800,52.219692,40.569724,54.019225,40.610708,40.567491,39.470159
26.960000,0.020000,3.000000,4.000000,1.800000,13.500000,2.000000,0.000000,0.000000,0.022681,1.299501,0.084311,4.830687,-0.005997,-0.343615,-0.061631,-3.531186,-0.022681,0.061631,56.278655,40.661805,52.279675,40.571090,54.079212,40.611912,40.627166,39.475056
26.980000,0.020000,3.000000,4.000000,1.800000,13.500000,2.000000,0.000000,0.000000,0.022591,1.294347,0.084038,4.815003,-0.005979,-0.342593,-0.061447,-3.520657,-0.022591,0.061447,56.338647,40.662806,52.339659,40.572451,54.139200,40.613110,40.686842,39.479937
27.000000,0.020000,3.000000,4.000000,1.800000,13.500000,2.000000,0.000000,0.000000,0.022501,1.289208,0.083765,4.799366,-0.005962,-0.341573,-0.061264,-3.510158,-0.022501,0.061264,56.398639,40.663802,52.399642,40.573806,54.199187,40.614304,40.746521,39.484802
27.020000,0.020000,3.000000,4.000000,1.800000,13.500000,2.000000,0.000000,0.000000,0.022411,1.284084,0.083493,4.783776,-0.005944,-0.340557,-0.061081,-3.499691,-0.022411,0.061081,56.458631,40.664795,52.459626,40.575156,54.259174,40.615493,40.806201,39.489652
27.040000,0.020000,3.000000,4.000000,1.800000,13.500000,2.000000,0.000000,0.000000,0.022322,1.278976,0.083221,4.768231,-0.005926,-0.339544,-0.060899,-3.489255,-0.022322,0.060899,56.518622,40.665783,52.519610,40.576501,54.319162,40.616677,40.865884,39.494486
27.060000,0.020000,3.000000,4.000000,1.800000,13.500000,2.000000,0.000000,0.000000,0.022233,1.273883,0.082951,4.752733,-0.005909,-0.338533,-0.060717,-3.478851,-0.022233,0.060717,56.578614,40.666766,52.579594,40.577840,54.379149,40.617857,40.925568,39.499304
27.080000,0.020000,3.000000,4.000000,1.800000,13.500000,2.000000,0.000000,0.000000,0.022145,1.268805,0.082681,4.737282,-0.005891,-0.337526,-0.060536,-3.468477,-0.022145,0.060536,56.638606,40.667746,52.639578,40.579174,54.439137,40.619031,40.985255,39.504107
27.100000,0.020000,3.000000,4.000000,1.800000,13.500000,2.000000,0.000000,0.000000,0.022056,1.263742,0.082412,4.721876,-0.005873,-0.336521,-0.060356,-3.458134,-0.022056,0.060356,56.698598,40.668721,52.699562,40.580502,54.499125,40.620201,41.044943,39.508894
27.120000,0.020000,3.000000,4.000000,1.800000,13.500000,2.000000,0.000000,0.000000,0.021968,1.258694,0.082144,4.706516,-0.005856,-0.335520,-0.060176,-3.447822,-0.021968,0.060176,56.758591,40.669692,52.759547,40.581825,54.559112,40.621365,41.104634,39.513665
27.140000,0.020000,3.000000,4.000000,1.800000,13.500000,2.000000,0.000000,0.000000,0.021881,1.253662,0.081877,4.691202,-0.005838,-0.334521,-0.059996,-3.437540,-0.021881,0.059996,56.818583,40.670659,52.819531,40.583143,54.619100,40.622525,41.164326,39.518421
27.160000,0.020000,3.000000,4.000000,1.800000,13.500000,2.000000,0.000000,0.000000,0.021793,1.248644,0.081610,4.675933,-0.005821,-0.333526,-0.059817,-3.427290,-0.021793,0.059817,56.878575,40.671621,52.879516,40.584456,54.679089,40.623680,41.224020,39.523162
27.180000,0.020000,3.000000,4.000000,1.800000,13.500000,2.000000,0.000000,0.000000,0.021706,1.243641,0.081345,4.660710,-0.005804,-0.332533,-0.059639,-3.417069,-0.021706,0.059639,56.938567,40.672580,52.939501,40.585764,54.739077,40.624831,41.283717,39.527887
27.200000,0.020000,3.000000,4.000000,1.800000,13.500000,2.000000,0.000000,0.000000,0.021619,1.238653,0.081080,4.645533,-0.005787,-0.331544,-0.059461,-3.406880,-0.021619,0.059461,56.998560,40.673534,52.999486,40.587066,54.799065,40.625976,41.343415,39.532597
27.220000,0.020000,3.000000,4.000000,1.800000,13.500000,2.000000,0.000000,0.000000,0.021532,1.233680,0.080816,4.630400,-0.005769,-0.330557,-0.059284,-3.396720,-0.021532,0.059284,57.058552,40.674483,53.059470,40.588363,54.859053,40.627117,41.403115,39.537292
27.240000,0.020000,3.000000,4.000000,1.800000,13.500000,2.000000,0.000000,0.000000,0.021445,1.228722,0.080552,4.615313,-0.005752,-0.329573,-0.059107,-3.386591,-0.021445,0.059107,57.118545,40.675429,53.119456,40.589655,54.919042,40.628253,41.462817,39.541971
27.260000,0.020000,3.000000,4.000000,1.800000,13.500000,2.000000,0.000000,0.000000,0.021359,1.223778,0.080290,4.600270,-0.005735,-0.328592,-0.058931,-3.376492,-0.021359,0.058931,57.178537,40.676371,53.179441,40.590941,54.979030,40.629384,41.522520,39.546635
27.280000,0.020000,3.000000,4.000000,1.800000,13.500000,2.000000,0.000000,0.000000,0.021273,1.218849,0.080028,4.585272,-0.005718,-0.327614,-0.058755,-3.366423,-0.021273,0.058755,57.238530,40.677308,53.239426,40.592223,55.039019,40.630511,41.582226,39.551284
27.300000,0.020000,3.000000,4.000000,1.800000,13.500000,2.000000,0.000000,0.000000,0.021187,1.213935,0.079767,4.570319,-0.005701,-0.326639,-0.058580,-3.356384,-0.021187,0.058580,57.298523,40.678241,53.299412,40.593499,55.099008,40.631633,41.641934,39.555918
27.320000,0.020000,3.000000,4.000000,1.800000,13.500000,2.000000,0.000000,0.000000,0.021102,1.209035,0.079507,4.555411,-0.005684,-0.325667,-0.058405,-3.346376,-0.021102,0.058405,57.358516,40.679171,53.359397,40.594770,55.158996,40.632750,41.701643,39.560537
27.340000,0.020000,3.000000,4.000000,1.800000,13.500000,2.000000,0.000000,0.000000,0.021016,1.204150,0.079247,4.540547,-0.005667,-0.324698,-0.058231,-3.336396,-0.021016,0.058231,57.418509,40.680096,53.419383,40.596036,55.218985,40.633863,41.761354,39.565141
27.360000,0.020000,3.000000,4.000000,1.800000,13.500000,2.000000,0.000000,0.000000,0.020931,1.199280,0.078989,4.525727,-0.005650,-0.323731,-0.058057,-3.326447,-0.020931,0.058057,57.478501,40.681016,53.479369,40.597297,55.278974,40.634971,41.821067,39.569730
27.380000,0.020000,3.000000,4.000000,1.800000,13.500000,2.000000,0.000000,0.000000,0.020847,1.194424,0.078731,4.510951,-0.005633,-0.322768,-0.057884,-3.316527,-0.020847,0.057884,57.538494,40.681933,53.539354,40.598553,55.338963,40.636074,41.880782,39.574304
27.400000,0.020000,3.000000,4.000000,1.800000,13.500000,2.000000,0.000000,0.000000,0.020762,1.189583,0.078474,4.496220,-0.005617,-0.321807,-0.057712,-3.306637,-0.020762,0.057712,57.598488,40.682846,53.599341,40.599803,55.398953,40.637172,41.940499,39.578863
27.420000,0.020000,3.000000,4.000000,1.800000,13.500000,2.000000,0.000000,0.000000,0.020678,1.184756,0.078217,4.481532,-0.005600,-0.320849,-0.057540,-3.296776,-0.020678,0.057540,57.658481,40.683755,53.659327,40.601049,55.458942,40.638266,42.000217,39.583407
27.440000,0.020000,3.000000,4.000000,1.800000,13.500000,2.000000,0.000000,0.000000,0.020594,1.179943,0.077962,4.466888,-0.005583,-0.319894,-0.057368,-3.286945,-0.020594,0.057368,57.718474,40.684659,53.719313,40.602289,55.518931,40.639356,42.059937,39.587936
27.460000,0.020000,3.000000,4.000000,1.800000,13.500000,2.000000,0.000000,0.000000,0.020510,1.175144,0.077707,4.452288,-0.005567,-0.318942,-0.057197,-3.277143,-0.020510,0.057197,57.778467,40.685560,53.779299,40.603525,55.578921,40.640441,42.119659,39.592451
27.480000,0.020000,3.000000,4.000000,1.800000,13.500000,2.000000,0.000000,0.000000,0.020427,1.170360,0.077453,4.437731,-0.005550,-0.317992,-0.057026,-3.267370,-0.020427,0.057026,57.838460,40.686457,53.839286,40.604756,55.638910,40.641521,42.179383,39.596950
27.500000,0.020000,3.000000,4.000000,1.800000,13.500000,2.000000,0.000000,0.000000,0.020343,1.165591,0.077200,4.423217,-0.005533,-0.317046,-0.056856,-3.257627,-0.020343,0.056856,57.898454,40.687349,53.899272,40.605981,55.698900,40.642597,42.239108,39.601436
27.520000,0.020000,3.000000,4.000000,1.800000,13.500000,2.000000,0.000000,0.000000,0.020260,1.160835,0.076947,4.408747,-0.005517,-0.316102,-0.056687,-3.247912,-0.020260,0.056687,57.958447,40.688238,53.959259,40.607202,55.758889,40.643668,42.298836,39.605906
27.540000,0.020000,3.000000,4.000000,1.800000,13.500000,2.000000,0.000000,0.000000,0.020178,1.156093,0.076695,4.394320,-0.005501,-0.315161,-0.056518,-3.238226,-0.020178,0.056518,58.018441,40.689122,54.019246,40.608417,55.818879,40.644734,42.358564,39.610362
27.560000,0.020000,3.000000,4.000000,1.800000,13.500000,2.000000,0.000000,0.000000,0.020095,1.151366,0.076444,4.379935,-0.005484,-0.314223,-0.056349,-3.228569,-0.020095,0.056349,58.078434,40.690003,54.079233,40.609628,55.878869,40.645796,42.418295,39.614803
27.580000,0.020000,3.000000,4.000000,1.800000,13.500000,2.000000,0.000000,0.000000,0.020013,1.146653,0.076194,4.365594,-0.005468,-0.313288,-0.056181,-3.218941,-0.020013,0.056181,58.138428,40.690880,54.139220,40.610833,55.938859,40.646854,42.478027,39.619230
27.600000,0.020000,3.000000,4.000000,1.800000,13.500000,2.000000,0.000000,0.000000,0.019931,1.141953,0.075944,4.351295,-0.005452,-0.312355,-0.056014,-3.209342,-0.019931,0.056014,58.198421,40.691752,54.199207,40.612034,55.998849,40.647907,42.537761,39.623642
27.620000,0.020000,3.000000,4.000000,1.800000,13.500000,2.000000,0.000000,0.000000,0.019849,1.137268,0.075696,4.337039,-0.005435,-0.311425,-0.055847,-3.199771,-0.019849,0.055847,58.258415,40.692621,54.259194,40.613230,56.058839,40.648956,42.597497,39.628040
27.640000,0.020000,3.000000,4.000000,1.800000,13.500000,2.000000,0.000000,0.000000,0.019768,1.132597,0.075448,4.322826,-0.005419,-0.310498,-0.055680,-3.190229,-0.019768,0.055680,58.318409,40.693486,54.319181,40.614420,56.118829,40.650000,42.657234,39.632424
27.660000,0.020000,3.000000,4.000000,1.800000,13.500000,2.000000,0.000000,0.000000,0.019686,1.127939,0.075200,4.308654,-0.005403,-0.309574,-0.055514,-3.180715,-0.019686,0.055514,58.378403,40.694347,54.379168,40.615606,56.178820,40.651039,42.716973,39.636793
27.680000,0.020000,3.000000,4.000000,1.800000,13.500000,2.000000,0.000000,0.000000,0.019605,1.123296,0.074954,4.294525,-0.005387,-0.308652,-0.055348,-3.171230,-0.019605,0.055348,58.438397,40.695204,54.439156,40.616788,56.238810,40.652075,42.776714,39.641148
27.700000,0.020000,3.000000,4.000000,1.800000,13.500000,2.000000,0.000000,0.000000,0.019524,1.118666,0.074708,4.280439,-0.005371,-0.307733,-0.055183,-3.161772,-0.019524,0.055183,58.498391,40.696057,54.499144,40.617964,56.298801,40.653105,42.836456,39.645489
27.720000,0.020000,3.000000,4.000000,1.800000,13.500000,2.000000,0.000000,0.000000,0.019444,1.114050,0.074463,4.266394,-0.005355,-0.306817,-0.055019,-3.152343,-0.019444,0.055019,58.558385,40.696906,54.559131,40.619135,56.358791,40.654132,42.896200,39.649815
27.740000,0.020000,3.000000,4.000000,1.800000,13.500000,2.000000,0.000000,0.000000,0.019364,1.109448,0.074218,4.252390,-0.005339,-0.305904,-0.054855,-3.142943,-0.019364,0.054855,58.618379,40.697751,54.619119,40.620302,56.418782,40.655154,42.955946,39.654128
27.760000,0.020000,3.000000,4.000000,1.800000,13.500000,2.000000,0.000000,0.000000,0.019283,1.104859,0.073975,4.238429,-0.005323,-0.304993,-0.054691,-3.133570,-0.019283,0.054691,58.678373,40.698593,54.679107,40.621463,56.478772,40.656171,43.015693,39.658426
27.780000,0.020000,3.000000,4.000000,1.800000,13.500000,2.000000,0.000000,0.000000,0.019204,1.100284,0.073732,4.224509,-0.005307,-0.304085,-0.054528,-3.124225,-0.019204,0.054528,58.738367,40.699430,54.739095,40.622620,56.538763,40.657185,43.075442,39.662710
27.800000,0.020000,3.000000,4.000000,1.800000,13.500000,2.000000,0.000000,0.000000,0.019124,1.095723,0.073489,4.210631,-0.005291,-0.303180,-0.054365,-3.114908,-0.019124,0.054365,58.798361,40.700264,54.799083,40.623772,56.598754,40.658193,43.135192,39.666980
27.820000,0.020000,3.000000,4.000000,1.800000,13.500000,2.000000,0.000000,0.000000,0.019045,1.091176,0.073248,4.196794,-0.005276,-0.302277,-0.054203,-3.105618,-0.019045,0.054203,58.858355,40.701094,54.859071,40.624920,56.658745,40.659198,43.194944,39.671236
27.840000,0.020000,3.000000,4.000000,1.800000,13.500000,2.000000,0.000000,0.000000,0.018965,1.086641,0.073007,4.182998,-0.005260,-0.301377,-0.054042,-3.096357,-0.018965,0.054042,58.918350,40.701920,54.919060,40.626062,56.718736,40.660198,43.254698,39.675478
27.860000,0.020000,3.000000,4.000000,1.800000,13.500000,2.000000,0.000000,0.000000,0.018887,1.082121,0.072767,4.169243,-0.005244,-0.300480,-0.053880,-3.087122,-0.018887,0.053880,58.978344,40.702742,54.979048,40.627200,56.778727,40.661194,43.314453,39.679706
27.880000,0.020000,3.000000,4.000000,1.800000,13.500000,2.000000,0.000000,0.000000,0.018808,1.077614,0.072528,4.155530,-0.005229,-0.299585,-0.053720,-3.077916,-0.018808,0.053720,59.038338,40.703561,55.039036,40.628333,56.838718,40.662186,43.374209,39.683920
27.900000,0.020000,3.000000,4.000000,1.800000,13.500000,2.000000,0.000000,0.000000,0.018729,1.073120,0.072289,4.141857,-0.005213,-0.298693,-0.053560,-3.068737,-0.018729,0.053560,59.098333,40.704375,55.099025,40.629462,56.898709,40.663173,43.433967,39.688121
27.920000,0.020000,3.000000,4.000000,1.800000,13.500000,2.000000,0.000000,0.000000,0.018651,1.068640,0.072051,4.128225,-0.005198,-0.297804,-0.053400,-3.059585,-0.018651,0.053400,59.158327,40.705186,55.159014,40.630585,56.958701,40.664156,43.493727,39.692307
27.940000,0.020000,3.000000,4.000000,1.800000,13.500000,2.000000,0.000000,0.000000,0.018573,1.064173,0.071814,4.114633,-0.005182,-0.296917,-0.053241,-3.050461,-0.018573,0.053241,59.218322,40.705994,55.219002,40.631704,57.018692,40.665134,43.553488,39.696480
27.960000,0.020000,3.000000,4.000000,1.800000,13.500000,2.000000,0.000000,0.000000,0.018496,1.059719,0.071577,4.101082,-0.005167,-0.296033,-0.053082,-3.041363,-0.018496,0.053082,59.278317,40.706797,55.278991,40.632819,57.078683,40.666109,43.613251,39.700639
27.980000,0.020000,3.000000,4.000000,1.800000,13.500000,2.000000,0.000000,0.000000,0.018418,1.055278,0.071342,4.087571,-0.005151,-0.295151,-0.052923,-3.032293,-0.018418,0.052923,59.338311,40.707597,55.338980,40.633928,57.138675,40.667079,43.673015,39.704784
28.000000,0.020000,3.000000,4.000000,1.800000,13.500000,2.000000,0.000000,0.000000,0.018341,1.050851,0.071106,4.074101,-0.005136,-0.294273,-0.052766,-3.023250,-0.018341,0.052766,59.398306,40.708393,55.398969,40.635033,57.198666,40.668045,43.732781,39.708916
28.020000,0.020000,3.000000,4.000000,1.800000,13.500000,2.000000,0.000000,0.000000,0.018264,1.046437,0.070872,4.060671,-0.005121,-0.293396,-0.052608,-3.014234,-0.018264,0.052608,59.458301,40.709185,55.458958,40.636134,57.258658,40.669007,43.792548,39.713034
28.040000,0.020000,3.000000,4.000000,1.800000,13.500000,2.000000,0.000000,0.000000,0.018187,1.042036,0.070638,4.047281,-0.005105,-0.292523,-0.052451,-3.005245,-0.018187,0.052451,59.518296,40.709974,55.518948,40.637230,57.318650,40.669964,43.852317,39.717139
28.060000,0.020000,3.000000,4.000000,1.800000,13.500000,2.000000,0.000000,0.000000,0.018110,1.037648,0.070405,4.033930,-0.005090,-0.291652,-0.052295,-2.996282,-0.018110,0.052295,59.578290,40.710758,55.578937,40.638321,57.378642,40.670918,43.912087,39.721230
28.080000,0.020000,3.000000,4.000000,1.800000,13.500000,2.000000,0.000000,0.000000,0.018034,1.033274,0.070173,4.020620,-0.005075,-0.290783,-0.052139,-2.987346,-0.018034,0.052139,59.638285,40.711540,55.638926,40.639407,57.438633,40.671867,43.971859,39.725308
28.100000,0.020000,3.000000,4.000000,1.800000,13.500000,2.000000,0.000000,0.000000,0.017958,1.028912,0.069941,4.007349,-0.005060,-0.289917,-0.051984,-2.978437,-0.017958,0.051984,59.698280,40.712317,55.698916,40.640489,57.498625,40.672812,44.031632,39.729372
28.120000,0.020000,3.000000,4.000000,1.800000,13.500000,2.000000,0.000000,0.000000,0.017882,1.024563,0.069711,3.994117,-0.005045,-0.289054,-0.051829,-2.969554,-0.017882,0.051829,59.758275,40.713091,55.758905,40.641567,57.558617,40.673752,44.091406,39.733423
28.140000,0.020000,3.000000,4.000000,1.800000,13.500000,2.000000,0.000000,0.000000,0.017806,1.020227,0.069480,3.980926,-0.005030,-0.288193,-0.051674,-2.960698,-0.017806,0.051674,59.818270,40.713861,55.818895,40.642639,57.618610,40.674689,44.151182,39.737460
28.160000,0.020000,3.000000,4.000000,1.800000,13.500000,2.000000,0.000000,0.000000,0.017731,1.015904,0.069251,3.967773,-0.005015,-0.287335,-0.051520,-2.951868,-0.017731,0.051520,59.878265,40.714628,55.878885,40.643708,57.678602,40.675622,44.210959,39.741484
28.180000,0.020000,3.000000,4.000000,1.800000,13.500000,2.000000,0.000000,0.000000,0.017656,1.011594,0.069022,3.954659,-0.005000,-0.286480,-0.051366,-2.943065,-0.017656,0.051366,59.938261,40.715391,55.938874,40.644772,57.738594,40.676550,44.270738,39.745495
28.200000,0.020000,3.000000,4.000000,1.800000,13.500000,2.000000,0.000000,0.000000,0.017581,1.007297,0.068794,3.941585,-0.004985,-0.285626,-0.051213,-2.934288,-0.017581,0.051213,59.998256,40.716150,55.998864,40.645831,57.798586,40.677474,44.330518,39.749493
28.220000,0.020000,3.000000,4.000000,1.800000,13.500000,2.000000,0.000000,0.000000,0.017506,1.003013,0.068566,3.928550,-0.004970,-0.284776,-0.051060,-2.925537,-0.017506,0.051060,60.058251,40.716906,56.058854,40.646886,57.858578,40.678395,44.390300,39.753477
28.240000,0.020000,3.000000,4.000000,1.800000,13.500000,2.000000,0.000000,0.000000,0.017431,0.998741,0.068339,3.915553,-0.004955,-0.283928,-0.050908,-2.916812,-0.017431,0.050908,60.118246,40.717658,56.118844,40.647936,57.918571,40.679311,44.450083,39.757448
28.260000,0.020000,3.000000,4.000000,1.800000,13.500000,2.000000,0.000000,0.000000,0.017357,0.994482,0.068113,3.902595,-0.004941,-0.283082,-0.050756,-2.908113,-0.017357,0.050756,60.178242,40.718406,56.178834,40.648982,57.978563,40.680223,44.509867,39.761406
28.280000,0.020000,3.000000,4.000000,1.800000,13.500000,2.000000,0.000000,0.000000,0.017283,0.990236,0.067888,3.889676,-0.004926,-0.282239,-0.050605,-2.899440,-0.017283,0.050605,60.238237,40.719151,56.238825,40.650023,58.038556,40.681131,44.569653,39.765351
28.300000,0.020000,3.000000,4.000000,1.800000,13.500000,2.000000,0.000000,0.000000,0.017209,0.986003,0.067663,3.876795,-0.004911,-0.281399,-0.050454,-2.890793,-0.017209,0.050454,60.298232,40.719893,56.298815,40.651060,58.098549,40.682035,44.629440,39.769283
28.320000,0.020000,3.000000,4.000000,1.800000,13.500000,2.000000,0.000000,0.000000,0.017135,0.981782,0.067439,3.863953,-0.004897,-0.280561,-0.050303,-2.882171,-0.017135,0.050303,60.358228,40.720630,56.358805,40.652092,58.158541,40.682934,44.689228,39.773202
28.340000,0.020000,3.000000,4.000000,1.800000,13.500000,2.000000,0.000000,0.000000,0.017062,0.977573,0.067215,3.851149,-0.004882,-0.279725,-0.050153,-2.873576,-0.017062,0.050153,60.418223,40.721365,56.418796,40.653120,58.218534,40.683830,44.749018,39.777108
28.360000,0.020000,3.000000,4.000000,1.800000,13.500000,2.000000,0.000000,0.000000,0.016989,0.973377,0.066992,3.838383,-0.004868,-0.278892,-0.050004,-2.865006,-0.016989,0.050004,60.478219,40.722096,56.478786,40.654144,58.278527,40.684722,44.808809,39.781001
28.380000,0.020000,3.000000,4.000000,1.800000,13.500000,2.000000,0.000000,0.000000,0.016916,0.969194,0.066770,3.825655,-0.004853,-0.278062,-0.049855,-2.856461,-0.016916,0.049855,60.538215,40.722823,56.538777,40.655163,58.338520,40.685610,44.868602,39.784881
28.400000,0.020000,3.000000,4.000000,1.800000,13.500000,2.000000,0.000000,0.000000,0.016843,0.965023,0.066549,3.812965,-0.004839,-0.277233,-0.049706,-2.847942,-0.016843,0.049706,60.598210,40.723547,56.598768,40.656178,58.398512,40.686494,44.928395,39.788748
28.420000,0.020000,3.000000,4.000000,1.800000,13.500000,2.000000,0.000000,0.000000,0.016770,0.960865,0.066328,3.800313,-0.004824,-0.276408,-0.049558,-2.839448,-0.016770,0.049558,60.658206,40.724267,56.658759,40.657189,58.458505,40.687374,44.988191,39.792603
28.440000,0.020000,3.000000,4.000000,1.800000,13.500000,2.000000,0.000000,0.000000,0.016698,0.956719,0.066108,3.787699,-0.004810,-0.275585,-0.049410,-2.830980,-0.016698,0.049410,60.718202,40.724984,56.718749,40.658195,58.518499,40.688250,45.047987,39.796444
28.460000,0.020000,3.000000,4.000000,1.800000,13.500000,2.000000,0.000000,0.000000,0.016626,0.952585,0.065888,3.775122,-0.004796,-0.274764,-0.049263,-2.822537,-0.016626,0.049263,60.778197,40.725697,56.778740,40.659197,58.578492,40.689122,45.107785,39.800273
28.480000,0.020000,3.000000,4.000000,1.800000,13.500000,2.000000,0.000000,0.000000,0.016554,0.948463,0.065669,3.762582,-0.004781,-0.273946,-0.049116,-2.814119,-0.016554,0.049116,60.838193,40.726407,56.838731,40.660194,58.638485,40.689990,45.167584,39.804089
28.500000,0.020000,3.000000,4.000000,1.800000,13.500000,2.000000,0.000000,0.000000,0.016482,0.944354,0.065451,3.750080,-0.004767,-0.273130,-0.048969,-2.805726,-0.016482,0.048969,60.898189,40.727113,56.898723,40.661187,58.698478,40.690854,45.227384,39.807893
28.520000,0.020000,3.000000,4.000000,1.800000,13.500000,2.000000,0.000000,0.000000,0.016411,0.940257,0.065234,3.737616,-0.004753,-0.272316,-0.048823,-2.797358,-0.016411,0.048823,60.958185,40.727816,56.958714,40.662176,58.758471,40.691714,45.287185,39.811684
28.540000,0.020000,3.000000,4.000000,1.800000,13.500000,2.000000,0.000000,0.000000,0.016339,0.936173,0.065017,3.725188,-0.004739,-0.271505,-0.048677,-2.789015,-0.016339,0.048677,61.018181,40.728515,57.018705,40.663161,58.818465,40.692570,45.346988,39.815462
28.560000,0.020000,3.000000,4.000000,1.800000,13.500000,2.000000,0.000000,0.000000,0.016268,0.932100,0.064801,3.712797,-0.004725,-0.270696,-0.048532,-2.780697,-0.016268,0.048532,61.078177,40.729211,57.078696,40.664141,58.878458,40.693423,45.406792,39.819227
28.580000,0.020000,3.000000,4.000000,1.800000,13.500000,2.000000,0.000000,0.000000,0.016197,0.928040,0.064585,3.700444,-0.004710,-0.269890,-0.048388,-2.772404,-0.016197,0.048388,61.138173,40.729904,57.138688,40.665117,58.938452,40.694271,45.466597,39.822981
28.600000,0.020000,3.000000,4.000000,1.800000,13.500000,2.000000,0.000000,0.000000,0.016127,0.923991,0.064370,3.688127,-0.004696,-0.269086,-0.048243,-2.764135,-0.016127,0.048243,61.198169,40.730593,57.198679,40.666089,58.998445,40.695116,45.526404,39.826721
28.620000,0.020000,3.000000,4.000000,1.800000,13.500000,2.000000,0.000000,0.000000,0.016056,0.919955,0.064156,3.675847,-0.004682,-0.268285,-0.048099,-2.755892,-0.016056,0.048099,61.258165,40.731279,57.258671,40.667057,59.058439,40.695957,45.586212,39.830450
28.640000,0.020000,3.000000,4.000000,1.800000,13.500000,2.000000,0.000000,0.000000,0.015986,0.915931,0.063942,3.663603,-0.004669,-0.267486,-0.047956,-2.747672,-0.015986,0.047956,61.318161,40.731961,57.318662,40.668020,59.118432,40.696793,45.646021,39.834165
28.660000,0.020000,3.000000,4.000000,1.800000,13.500000,2.000000,0.000000,0.000000,0.015916,0.911919,0.063729,3.651396,-0.004655,-0.266689,-0.047813,-2.739478,-0.015916,0.047813,61.378157,40.732640,57.378654,40.668979,59.178426,40.697626,45.705831,39.837869
28.680000,0.020000,3.000000,4.000000,1.800000,13.500000,2.000000,0.000000,0.000000,0.015846,0.907918,0.063516,3.639225,-0.004641,-0.265895,-0.047670,-2.731307,-0.015846,0.047670,61.438153,40.733316,57.438646,40.669934,59.238420,40.698456,45.765642,39.841560
28.700000,0.020000,3.000000,4.000000,1.800000,13.500000,2.000000,0.000000,0.000000,0.015777,0.903930,0.063305,3.627091,-0.004627,-0.265103,-0.047528,-2.723161,-0.015777,0.047528,61.498150,40.733988,57.498637,40.670885,59.298413,40.699281,45.825455,39.845239
28.720000,0.020000,3.000000,4.000000,1.800000,13.500000,2.000000,0.000000,0.000000,0.015707,0.899953,0.063094,3.614993,-0.004613,-0.264313,-0.047386,-2.715039,-0.015707,0.047386,61.558146,40.734657,57.558629,40.671831,59.358407,40.700103,45.885269,39.848905
28.740000,0.020000,3.000000,4.000000,1.800000,13.500000,2.000000,0.000000,0.000000,0.015638,0.895989,0.062883,3.602931,-0.004599,-0.263526,-0.047245,-2.706942,-0.015638,0.047245,61.618142,40.735323,57.618621,40.672773,59.418401,40.700921,45.945084,39.852560
28.760000,0.020000,3.000000,4.000000,1.800000,13.500000,2.000000,0.000000,0.000000,0.015569,0.892036,0.062673,3.590904,-0.004586,-0.262741,-0.047104,-2.698869,-0.015569,0.047104,61.678138,40.735985,57.678613,40.673712,59.478395,40.701735,46.004900,39.856202
28.780000,0.020000,3.000000,4.000000,1.800000,13.500000,2.000000,0.000000,0.000000,0.015500,0.888095,0.062464,3.578914,-0.004572,-0.261958,-0.046964,-2.690819,-0.015500,0.046964,61.738135,40.736644,57.738605,40.674646,59.538389,40.702545,46.064717,39.859832
28.800000,0.020000,3.000000,4.000000,1.800000,13.500000,2.000000,0.000000,0.000000,0.015432,0.884165,0.062255,3.566959,-0.004558,-0.261178,-0.046824,-2.682794,-0.015432,0.046824,61.798131,40.737300,57.798598,40.675576,59.598383,40.703352,46.124536,39.863449
28.820000,0.020000,3.000000,4.000000,1.800000,13.500000,2.000000,0.000000,0.000000,0.015363,0.880248,0.062047,3.555040,-0.004545,-0.260400,-0.046684,-2.674793,-0.015363,0.046684,61.858128,40.737952,57.858590,40.676502,59.658377,40.704154,46.184356,39.867055
28.840000,0.020000,3.000000,4.000000,1.800000,13.500000,2.000000,0.000000,0.000000,0.015295,0.876342,0.061840,3.543157,-0.004531,-0.259624,-0.046545,-2.666815,-0.015295,0.046545,61.918124,40.738601,57.918582,40.677423,59.718372,40.704953,46.244176,39.870649
28.860000,0.020000,3.000000,4.000000,1.800000,13.500000,2.000000,0.000000,0.000000,0.015227,0.872447,0.061633,3.531309,-0.004518,-0.258851,-0.046406,-2.658861,-0.015227,0.046406,61.978121,40.739247,57.978575,40.678341,59.778366,40.705749,46.303998,39.874230
28.880000,0.020000,3.000000,4.000000,1.800000,13.500000,2.000000,0.000000,0.000000,0.015159,0.868565,0.061427,3.519496,-0.004504,-0.258080,-0.046267,-2.650931,-0.015159,0.046267,62.038117,40.739890,58.038567,40.679255,59.838360,40.706540,46.363822,39.877800
28.900000,0.020000,3.000000,4.000000,1.800000,13.500000,2.000000,0.000000,0.000000,0.015092,0.864694,0.061221,3.507718,-0.004491,-0.257311,-0.046129,-2.643025,-0.015092,0.046129,62.098114,40.740529,58.098559,40.680164,59.898354,40.707328,46.423646,39.881358
28.920000,0.020000,3.000000,4.000000,1.800000,13.500000,2.000000,0.000000,0.000000,0.015024,0.860834,0.061016,3.495976,-0.004478,-0.256544,-0.045992,-2.635142,-0.015024,0.045992,62.158111,40.741165,58.158552,40.681070,59.958349,40.708112,46.483471,39.884904
28.940000,0.020000,3.000000,4.000000,1.800000,13.500000,2.000000,0.000000,0.000000,0.014957,0.856986,0.060812,3.484268,-0.004464,-0.255780,-0.045855,-2.627283,-0.014957,0.045855,62.218107,40.741798,58.218545,40.681971,60.018343,40.708893,46.543298,39.888438
28.960000,0.020000,3.000000,4.000000,1.800000,13.500000,2.000000,0.000000,0.000000,0.014890,0.853149,0.060608,3.472596,-0.004451,-0.255018,-0.045718,-2.619447,-0.014890,0.045718,62.278104,40.742427,58.278537,40.682868,60.078338,40.709670,46.603125,39.891960
28.980000,0.020000,3.000000,4.000000,1.800000,13.500000,2.000000,0.000000,0.000000,0.014823,0.849324,0.060405,3.460958,-0.004438,-0.254259,-0.045582,-2.611634,-0.014823,0.045582,62.338101,40.743054,58.338540,40.683762,60.138342,40.710443,46.662964,39.895470
29.000000,0.020000,3.000000,4.000000,1.800000,13.500000,2.000000,0.000000,0.000000,0.014757,0.845510,0.060203,3.449355,-0.004424,-0.253501,-0.045446,-2.603845,-0.014757,0.045446,62.398097,40.743677,58.398533,40.684651,60.198337,40.711213,46.722794,39.898969
29.020000,0.020000,3.000000,4.000000,1.800000,13.500000,2.000000,0.000000,0.000000,0.014691,0.841707,0.060001,3.437786,-0.004411,-0.252746,-0.045310,-2.596079,-0.014691,0.045310,62.458094,40.744297,58.458526,40.685537,60.258332,40.711979,46.782625,39.902455
29.040000,0.020000,3.000000,4.000000,1.800000,13.500000,2.000000,0.000000,0.000000,0.014624,0.837916,0.059799,3.426252,-0.004398,-0.251993,-0.045175,-2.588336,-0.014624,0.045175,62.518091,40.744914,58.518519,40.686418,60.318326,40.712741,46.842457,39.905930
29.060000,0.020000,3.000000,4.000000,1.800000,13.500000,2.000000,0.000000,0.000000,0.014558,0.834136,0.059599,3.414752,-0.004385,-0.251242,-0.045040,-2.580616,-0.014558,0.045040,62.578088,40.745527,58.578512,40.687295,60.378321,40.713500,46.902290,39.909394
29.080000,0.020000,3.000000,4.000000,1.800000,13.500000,2.000000,0.000000,0.000000,0.014493,0.830368,0.059399,3.403287,-0.004372,-0.250494,-0.044906,-2.572919,-0.014493,0.044906,62.638085,40.746138,58.638505,40.688169,60.438316,40.714255,46.962124,39.912846
29.100000,0.020000,3.000000,4.000000,1.800000,13.500000,2.000000,0.000000,0.000000,0.014427,0.826610,0.059199,3.391856,-0.004359,-0.249748,-0.044772,-2.565245,-0.014427,0.044772,62.698082,40.746745,58.698498,40.689038,60.498311,40.715006,47.021959,39.916286
29.120000,0.020000,3.000000,4.000000,1.800000,13.500000,2.000000,0.000000,0.000000,0.014362,0.822864,0.059000,3.380459,-0.004346,-0.249004,-0.044638,-2.557594,-0.014362,0.044638,62.758079,40.747349,58.758491,40.689904,60.558305,40.715754,47.081796,39.919714
29.140000,0.020000,3.000000,4.000000,1.800000,13.500000,2.000000,0.000000,0.000000,0.014296,0.819129,0.058802,3.369095,-0.004333,-0.248262,-0.044505,-2.549966,-0.014296,0.044505,62.818076,40.747950,58.818484,40.690766,60.618300,40.716499,47.141633,39.923132
29.160000,0.020000,3.000000,4.000000,1.800000,13.500000,2.000000,0.000000,0.000000,0.014232,0.815405,0.058604,3.357766,-0.004320,-0.247522,-0.044373,-2.542361,-0.014232,0.044373,62.878073,40.748548,58.878478,40.691623,60.678295,40.717239,47.201471,39.926537
29.180000,0.020000,3.000000,4.000000,1.800000,13.500000,2.000000,0.000000,0.000000,0.014167,0.811692,0.058407,3.346471,-0.004307,-0.246785,-0.044240,-2.534778,-0.014167,0.044240,62.938070,40.749142,58.938471,40.692477,60.738290,40.717977,47.261311,39.929931
29.200000,0.020000,3.000000,4.000000,1.800000,13.500000,2.000000,0.000000,0.000000,0.014102,0.807991,0.058210,3.335209,-0.004294,-0.246049,-0.044108,-2.527218,-0.014102,0.044108,62.998067,40.749734,58.998464,40.693327,60.798285,40.718710,47.321151,39.933314
29.220000,0.020000,3.000000,4.000000,1.800000,13.500000,2.000000,0.000000,0.000000,0.014038,0.804300,0.058014,3.323980,-0.004282,-0.245316,-0.043977,-2.519680,-0.014038,0.043977,63.058064,40.750322,59.058458,40.694173,60.858281,40.719440,47.380992,39.936685
29.240000,0.020000,3.000000,4.000000,1.800000,13.500000,2.000000,0.000000,0.000000,0.013973,0.800620,0.057819,3.312785,-0.004269,-0.244586,-0.043846,-2.512165,-0.013973,0.043846,63.118061,40.750908,59.118451,40.695016,60.918276,40.720167,47.440835,39.940045
29.260000,0.020000,3.000000,4.000000,1.800000,13.500000,2.000000,0.000000,0.000000,0.013909,0.796951,0.057624,3.301624,-0.004256,-0.243857,-0.043715,-2.504673,-0.013909,0.043715,63.178058,40.751490,59.178445,40.695854,60.978271,40.720890,47.500678,39.943394
29.280000,0.020000,3.000000,4.000000,1.800000,13.500000,2.000000,0.000000,0.000000,0.013846,0.793294,0.057430,3.290496,-0.004243,-0.243130,-0.043584,-2.497202,-0.013846,0.043584,63.238055,40.752069,59.238439,40.696689,61.038266,40.721610,47.560523,39.946731
29.300000,0.020000,3.000000,4.000000,1.800000,13.500000,2.000000,0.000000,0.000000,0.013782,0.789647,0.057236,3.279401,-0.004231,-0.242406,-0.043454,-2.489754,-0.013782,0.043454,63.298053,40.752645,59.298432,40.697519,61.098261,40.722326,47.620368,39.950057
29.320000,0.020000,3.000000,4.000000,1.800000,13.500000,2.000000,0.000000,0.000000,0.013718,0.786010,0.057043,3.268339,-0.004218,-0.241684,-0.043325,-2.482328,-0.013718,0.043325,63.358050,40.753218,59.358426,40.698346,61.158257,40.723039,47.680215,39.953372
29.340000,0.020000,3.000000,4.000000,1.800000,13.500000,2.000000,0.000000,0.000000,0.013655,0.782385,0.056851,3.257310,-0.004206,-0.240964,-0.043196,-2.474924,-0.013655,0.043196,63.418047,40.753788,59.418420,40.699169,61.218252,40.723748,47.740062,39.956676
29.360000,0.020000,3.000000,4.000000,1.800000,13.500000,2.000000,0.000000,0.000000,0.013592,0.778771,0.056659,3.246313,-0.004193,-0.240246,-0.043067,-2.467543,-0.013592,0.043067,63.478045,40.754355,59.478414,40.699988,61.278248,40.724453,47.799911,39.959968
29.380000,0.020000,3.000000,4.000000,1.800000,13.500000,2.000000,0.000000,0.000000,0.013529,0.775167,0.056468,3.235350,-0.004181,-0.239530,-0.042938,-2.460183,-0.013529,0.042938,63.538042,40.754919,59.538408,40.700804,61.338243,40.725156,47.859760,39.963249
29.400000,0.020000,3.000000,4.000000,1.800000,13.500000,2.000000,0.000000,0.000000,0.013467,0.771574,0.056277,3.224419,-0.004168,-0.238816,-0.042810,-2.452845,-0.013467,0.042810,63.598039,40.755480,59.598402,40.701616,61.398239,40.725855,47.919611,39.966520
29.420000,0.020000,3.000000,4.000000,1.800000,13.500000,2.000000,0.000000,0.000000,0.013404,0.767992,0.056087,3.213521,-0.004156,-0.238105,-0.042683,-2.445529,-0.013404,0.042683,63.658037,40.756038,59.658396,40.702424,61.458234,40.726550,47.979462,39.969779
29.440000,0.020000,3.000000,4.000000,1.800000,13.500000,2.000000,0.000000,0.000000,0.013342,0.764420,0.055897,3.202656,-0.004143,-0.237395,-0.042555,-2.438235,-0.013342,0.042555,63.718034,40.756593,59.718390,40.703228,61.518230,40.727242,48.039314,39.973027
29.460000,0.020000,3.000000,4.000000,1.800000,13.500000,2.000000,0.000000,0.000000,0.013280,0.760859,0.055708,3.191822,-0.004131,-0.236688,-0.042428,-2.430963,-0.013280,0.042428,63.778032,40.757145,59.778384,40.704028,61.578225,40.727931,48.099168,39.976264
29.480000,0.020000,3.000000,4.000000,1.800000,13.500000,2.000000,0.000000,0.000000,0.013218,0.757309,0.055519,3.181021,-0.004119,-0.235983,-0.042302,-2.423712,-0.013218,0.042302,63.838029,40.757694,59.838378,40.704825,61.638221,40.728616,48.159022,39.979490
29.500000,0.020000,3.000000,4.000000,1.800000,13.500000,2.000000,0.000000,0.000000,0.013156,0.753769,0.055331,3.170253,-0.004106,-0.235280,-0.042176,-2.416483,-0.013156,0.042176,63.898027,40.758240,59.898373,40.705618,61.698217,40.729298,48.218877,39.982706
29.520000,0.020000,3.000000,4.000000,1.800000,13.500000,2.000000,0.000000,0.000000,0.013094,0.750240,0.055144,3.159516,-0.004094,-0.234579,-0.042050,-2.409276,-0.013094,0.042050,63.958024,40.758783,59.958367,40.706407,61.758213,40.729976,48.278733,39.985910
29.540000,0.020000,3.000000,4.000000,1.800000,13.500000,2.000000,0.000000,0.000000,0.013033,0.746722,0.054957,3.148811,-0.004082,-0.233880,-0.041924,-2.402090,-0.013033,0.041924,64.018022,40.759323,60.018361,40.707193,61.818208,40.730651,48.338590,39.989103
29.560000,0.020000,3.000000,4.000000,1.800000,13.500000,2.000000,0.000000,0.000000,0.012972,0.743213,0.054771,3.138139,-0.004070,-0.233183,-0.041799,-2.394925,-0.012972,0.041799,64.078019,40.759860,60.078356,40.707975,61.878204,40.731323,48.398448,39.992286
29.580000,0.020000,3.000000,4.000000,1.800000,13.500000,2.000000,0.000000,0.000000,0.012910,0.739716,0.054585,3.127498,-0.004058,-0.232488,-0.041675,-2.387782,-0.012910,0.041675,64.138017,40.760394,60.138350,40.708753,61.938200,40.731991,48.458307,39.995458
29.600000,0.020000,3.000000,4.000000,1.800000,13.500000,2.000000,0.000000,0.000000,0.012850,0.736228,0.054400,3.116889,-0.004046,-0.231795,-0.041550,-2.380660,-0.012850,0.041550,64.198015,40.760925,60.198345,40.709528,61.998196,40.732656,48.518167,39.998619
29.620000,0.020000,3.000000,4.000000,1.800000,13.500000,2.000000,0.000000,0.000000,0.012789,0.732751,0.054215,3.106311,-0.004034,-0.231104,-0.041426,-2.373560,-0.012789,0.041426,64.258012,40.761453,60.258339,40.710299,62.058192,40.733318,48.578027,40.001769
29.640000,0.020000,3.000000,4.000000,1.800000,13.500000,2.000000,0.000000,0.000000,0.012728,0.729285,0.054031,3.095765,-0.004022,-0.230416,-0.041303,-2.366480,-0.012728,0.041303,64.318010,40.761978,60.318334,40.711066,62.118188,40.733977,48.637889,40.004909
29.660000,0.020000,3.000000,4.000000,1.800000,13.500000,2.000000,0.000000,0.000000,0.012668,0.725829,0.053848,3.085250,-0.004010,-0.229729,-0.041180,-2.359422,-0.012668,0.041180,64.378008,40.762501,60.378328,40.711830,62.178184,40.734632,48.697751,40.008038
29.680000,0.020000,3.000000,4.000000,1.800000,13.500000,2.000000,0.000000,0.000000,0.012608,0.722383,0.053665,3.074767,-0.003998,-0.229045,-0.041057,-2.352384,-0.012608,0.041057,64.438005,40.763020,60.438323,40.712590,62.238180,40.735284,48.757615,40.011156
29.700000,0.020000,3.000000,4.000000,1.800000,13.500000,2.000000,0.000000,0.000000,0.012548,0.718947,0.053482,3.064315,-0.003986,-0.228362,-0.040934,-2.345368,-0.012548,0.040934,64.498003,40.763537,60.498318,40.713346,62.298176,40.735932,48.817479,40.014264
29.720000,0.020000,3.000000,4.000000,1.800000,13.500000,2.000000,0.000000,0.000000,0.012488,0.715522,0.053301,3.053894,-0.003974,-0.227682,-0.040812,-2.338372,-0.012488,0.040812,64.558001,40.764051,60.558313,40.714099,62.358172,40.736577,48.877344,40.017361
29.740000,0.020000,3.000000,4.000000,1.800000,13.500000,2.000000,0.000000,0.000000,0.012429,0.712106,0.053119,3.043504,-0.003962,-0.227003,-0.040691,-2.331398,-0.012429,0.040691,64.617999,40.764561,60.618307,40.714848,62.418168,40.737219,48.937210,40.020448
29.760000,0.020000,3.000000,4.000000,1.800000,13.500000,2.000000,0.000000,0.000000,0.012369,0.708701,0.052938,3.033146,-0.003950,-0.226327,-0.040569,-2.324444,-0.012369,0.040569,64.677997,40.765069,60.678302,40.715594,62.478165,40.737858,48.997077,40.023524
29.780000,0.020000,3.000000,4.000000,1.800000,13.500000,2.000000,0.000000,0.000000,0.012310,0.705307,0.052758,3.022818,-0.003938,-0.225652,-0.040448,-2.317511,-0.012310,0.040448,64.737995,40.765575,60.738297,40.716336,62.538161,40.738493,49.056945,40.026589
29.800000,0.020000,3.000000,4.000000,1.800000,13.500000,2.000000,0.000000,0.000000,0.012251,0.701922,0.052578,3.012520,-0.003927,-0.224980,-0.040328,-2.310599,-0.012251,0.040328,64.797992,40.766077,60.798292,40.717075,62.598157,40.739126,49.116813,40.029644
29.820000,0.020000,3.000000,4.000000,1.800000,13.500000,2.000000,0.000000,0.000000,0.012192,0.698547,0.052399,3.002254,-0.003915,-0.224310,-0.040207,-2.303707,-0.012192,0.040207,64.857990,40.766576,60.858287,40.717810,62.658154,40.739755,49.176683,40.032689
29.840000,0.020000,3.000000,4.000000,1.800000,13.500000,2.000000,0.000000,0.000000,0.012133,0.695182,0.052221,2.992018,-0.003903,-0.223641,-0.040087,-2.296836,-0.012133,0.040087,64.917988,40.767073,60.918282,40.718541,62.718150,40.740381,49.236553,40.035723
29.860000,0.020000,3.000000,4.000000,1.800000,13.500000,2.000000,0.000000,0.000000,0.012075,0.691828,0.052042,2.981813,-0.003892,-0.222975,-0.039968,-2.289985,-0.012075,0.039968,64.977986,40.767567,60.978278,40.719269,62.778146,40.741003,49.296424,40.038747
29.880000,0.020000,3.000000,4.000000,1.800000,13.500000,2.000000,0.000000,0.000000,0.012016,0.688483,0.051865,2.971638,-0.003880,-0.222310,-0.039849,-2.283155,-0.012016,0.039849,65.037984,40.768058,61.038273,40.719994,62.838143,40.741623,49.356296,40.041761
29.900000,0.020000,3.000000,4.000000,1.800000,13.500000,2.000000,0.000000,0.000000,0.011958,0.685149,0.051688,2.961493,-0.003868,-0.221648,-0.039730,-2.276345,-0.011958,0.039730,65.097982,40.768546,61.098268,40.720715,62.898139,40.742239,49.416169,40.044764
29.920000,0.020000,3.000000,4.000000,1.800000,13.500000,2.000000,0.000000,0.000000,0.011900,0.681824,0.051511,2.951379,-0.003857,-0.220987,-0.039611,-2.269555,-0.011900,0.039611,65.157980,40.769031,61.158263,40.721432,62.958136,40.742852,49.476042,40.047757
29.940000,0.020000,3.000000,4.000000,1.800000,13.500000,2.000000,0.000000,0.000000,0.011842,0.678509,0.051335,2.941295,-0.003845,-0.220329,-0.039493,-2.262786,-0.011842,0.039493,65.217978,40.769514,61.218258,40.722146,63.018132,40.743462,49.535917,40.050740
29.960000,0.020000,3.000000,4.000000,1.800000,13.500000,2.000000,0.000000,0.000000,0.011785,0.675204,0.051160,2.931241,-0.003834,-0.219672,-0.039375,-2.256036,-0.011785,0.039375,65.277976,40.769994,61.278254,40.722857,63.078129,40.744068,49.595792,40.053712
29.980000,0.020000,3.000000,4.000000,1.800000,13.500000,2.000000,0.000000,0.000000,0.011727,0.671909,0.050985,2.921216,-0.003823,-0.219017,-0.039258,-2.249307,-0.011727,0.039258,65.337975,40.770471,61.338249,40.723564,63.138125,40.744672,49.655668,40.056675
30.000000,0.020000,3.000000,4.000000,1.800000,13.500000,2.000000,0.000000,0.000000,0.011670,0.668624,0.050810,2.911222,-0.003811,-0.218365,-0.039141,-2.242598,-0.011670,0.039141,65.397973,40.770945,61.398245,40.724267,63.198122,40.745272,49.715545,40.059627
30.020000,0.020000,3.000000,4.000000,1.800000,13.500000,2.000000,0.000000,0.000000,0.011613,0.665348,0.050636,2.901258,-0.003800,-0.217714,-0.039024,-2.235909,-0.011613,0.039024,65.457971,40.771416,61.458240,40.724967,63.258119,40.745869,49.775422,40.062569
30.040000,0.020000,3.000000,4.000000,1.800000,13.500000,2.000000,0.000000,0.000000,0.011556,0.662083,0.050463,2.891323,-0.003789,-0.217065,-0.038908,-2.229240,-0.011556,0.038908,65.517969,40.771885,61.518236,40.725664,63.318115,40.746464,49.835301,40.065501
30.060000,0.020000,3.000000,4.000000,1.800000,13.500000,2.000000,0.000000,0.000000,0.011499,0.658827,0.050290,2.881418,-0.003777,-0.216418,-0.038792,-2.222591,-0.011499,0.038792,65.577967,40.772351,61.578231,40.726357,63.378112,40.747055,49.895180,40.068423
30.080000,0.020000,3.000000,4.000000,1.800000,13.500000,2.000000,0.000000,0.000000,0.011442,0.655580,0.050118,2.871542,-0.003766,-0.215773,-0.038676,-2.215962,-0.011442,0.038676,65.637965,40.772815,61.638227,40.727047,63.438109,40.747643,49.955060,40.071335
30.100000,0.020000,3.000000,4.000000,1.800000,13.500000,2.000000,0.000000,0.000000,0.011386,0.652344,0.049946,2.861696,-0.003755,-0.215130,-0.038560,-2.209352,-0.011386,0.038560,65.697964,40.773275,61.698222,40.727734,63.498106,40.748227,50.014941,40.074237
30.120000,0.020000,3.000000,4.000000,1.800000,13.500000,2.000000,0.000000,0.000000,0.011329,0.649117,0.049775,2.851879,-0.003744,-0.214489,-0.038445,-2.202762,-0.011329,0.038445,65.757962,40.773733,61.758218,40.728417,63.558103,40.748809,50.074822,40.077128
30.140000,0.020000,3.000000,4.000000,1.800000,13.500000,2.000000,0.000000,0.000000,0.011273,0.645900,0.049604,2.842091,-0.003732,-0.213850,-0.038331,-2.196192,-0.011273,0.038331,65.817960,40.774188,61.818214,40.729097,63.618100,40.749388,50.134705,40.080010
30.160000,0.020000,3.000000,4.000000,1.800000,13.500000,2.000000,0.000000,0.000000,0.011217,0.642692,0.049434,2.832333,-0.003721,-0.213213,-0.038216,-2.189641,-0.011217,0.038216,65.877958,40.774640,61.878210,40.729773,63.678096,40.749963,50.194588,40.082882
30.180000,0.020000,3.000000,4.000000,1.800000,13.500000,2.000000,0.000000,0.000000,0.011161,0.639494,0.049264,2.822604,-0.003710,-0.212577,-0.038102,-2.183110,-0.011161,0.038102,65.937957,40.775090,61.938205,40.730446,63.738093,40.750536,50.254472,40.085745
30.200000,0.020000,3.000000,4.000000,1.800000,13.500000,2.000000,0.000000,0.000000,0.011106,0.636305,0.049094,2.812903,-0.003699,-0.211944,-0.037989,-2.176598,-0.011106,0.037989,65.997955,40.775537,61.998201,40.731116,63.798090,40.751105,50.314356,40.088597
30.220000,0.020000,3.000000,4.000000,1.800000,13.500000,2.000000,0.000000,0.000000,0.011050,0.633126,0.048926,2.803232,-0.003688,-0.211312,-0.037875,-2.170106,-0.011050,0.037875,66.057953,40.775982,62.058197,40.731782,63.858087,40.751672,50.374242,40.091439
30.240000,0.020000,3.000000,4.000000,1.800000,13.500000,2.000000,0.000000,0.000000,0.010995,0.629956,0.048757,2.793590,-0.003677,-0.210682,-0.037763,-2.163633,-0.010995,0.037763,66.117952,40.776423,62.118193,40.732445,63.918084,40.752235,50.434128,40.094272
30.260000,0.020000,3.000000,4.000000,1.800000,13.500000,2.000000,0.000000,0.000000,0.010940,0.626796,0.048590,2.783976,-0.003666,-0.210054,-0.037650,-2.157180,-0.010940,0.037650,66.177950,40.776862,62.178189,40.733105,63.978081,40.752796,50.494015,40.097095
30.280000,0.020000,3.000000,4.000000,1.800000,13.500000,2.000000,0.000000,0.000000,0.010885,0.623645,0.048422,2.774391,-0.003655,-0.209428,-0.037538,-2.150745,-0.010885,0.037538,66.237949,40.777299,62.238185,40.733761,64.038078,40.753353,50.553902,40.099908
30.300000,0.020000,3.000000,4.000000,1.800000,13.500000,2.000000,0.000000,0.000000,0.010830,0.620504,0.048255,2.764834,-0.003644,-0.208804,-0.037426,-2.144330,-0.010830,0.037426,66.297947,40.777733,62.298181,40.734414,64.098076,40.753907,50.613791,40.102712
30.320000,0.020000,3.000000,4.000000,1.800000,13.500000,2.000000,0.000000,0.000000,0.010775,0.617372,0.048089,2.755306,-0.003633,-0.208182,-0.037314,-2.137934,-0.010775,0.037314,66.357946,40.778164,62.358177,40.735064,64.158073,40.754459,50.673680,40.105505
30.340000,0.020000,3.000000,4.000000,1.800000,13.500000,2.000000,0.000000,0.000000,0.010721,0.614249,0.047923,2.745806,-0.003623,-0.207561,-0.037203,-2.131557,-0.010721,0.037203,66.417944,40.778592,62.418173,40.735710,64.218070,40.755007,50.733569,40.108289
30.360000,0.020000,3.000000,4.000000,1.800000,13.500000,2.000000,0.000000,0.000000,0.010666,0.611136,0.047758,2.736335,-0.003612,-0.206943,-0.037092,-2.125199,-0.010666,0.037092,66.477942,40.779018,62.478170,40.736354,64.278067,40.755553,50.793460,40.111064
30.380000,0.020000,3.000000,4.000000,1.800000,13.500000,2.000000,0.000000,0.000000,0.010612,0.608031,0.047593,2.726892,-0.003601,-0.206326,-0.036981,-2.118860,-0.010612,0.036981,66.537941,40.779441,62.538166,40.736994,64.338064,40.756095,50.853351,40.113829
30.400000,0.020000,3.000000,4.000000,1.800000,13.500000,2.000000,0.000000,0.000000,0.010558,0.604937,0.047429,2.717477,-0.003590,-0.205711,-0.036871,-2.112540,-0.010558,0.036871,66.597940,40.779862,62.598162,40.737630,64.398062,40.756635,50.913243,40.116584
30.420000,0.020000,3.000000,4.000000,1.800000,13.500000,2.000000,0.000000,0.000000,0.010504,0.601851,0.047265,2.708090,-0.003580,-0.205098,-0.036761,-2.106239,-0.010504,0.036761,66.657938,40.780280,62.658158,40.738264,64.458059,40.757171,50.973136,40.119330
30.440000,0.020000,3.000000,4.000000,1.800000,13.500000,2.000000,0.000000,0.000000,0.010451,0.598774,0.047102,2.698731,-0.003569,-0.204486,-0.036651,-2.099957,-0.010451,0.036651,66.717937,40.780696,62.718155,40.738894,64.518056,40.757705,51.033029,40.122066
30.460000,0.020000,3.000000,4.000000,1.800000,13.500000,2.000000,0.000000,0.000000,0.010397,0.595707,0.046939,2.689400,-0.003558,-0.203877,-0.036542,-2.093693,-0.010397,0.036542,66.777935,40.781109,62.778151,40.739521,64.578054,40.758235,51.092923,40.124793
30.480000,0.020000,3.000000,4.000000,1.800000,13.500000,2.000000,0.000000,0.000000,0.010344,0.592649,0.046777,2.680097,-0.003548,-0.203269,-0.036433,-2.087448,-0.010344,0.036433,66.837934,40.781519,62.838147,40.740145,64.638051,40.758763,51.152818,40.127510
30.500000,0.020000,3.000000,4.000000,1.800000,13.500000,2.000000,0.000000,0.000000,0.010290,0.589600,0.046615,2.670822,-0.003537,-0.202663,-0.036324,-2.081222,-0.010290,0.036324,66.897932,40.781927,62.898144,40.740765,64.698048,40.759288,51.212713,40.130218
30.520000,0.020000,3.000000,4.000000,1.800000,13.500000,2.000000,0.000000,0.000000,0.010237,0.586560,0.046453,2.661574,-0.003527,-0.202059,-0.036216,-2.075014,-0.010237,0.036216,66.957931,40.782332,62.958140,40.741383,64.758046,40.759810,51.272609,40.132917
30.540000,0.020000,3.000000,4.000000,1.800000,13.500000,2.000000,0.000000,0.000000,0.010185,0.583529,0.046292,2.652354,-0.003516,-0.201457,-0.036108,-2.068824,-0.010185,0.036108,67.017930,40.782734,63.018137,40.741997,64.818043,40.760329,51.332506,40.135606
30.560000,0.020000,3.000000,4.000000,1.800000,13.500000,2.000000,0.000000,0.000000,0.010132,0.580507,0.046132,2.643161,-0.003506,-0.200857,-0.036000,-2.062654,-0.010132,0.036000,67.077928,40.783135,63.078133,40.742608,64.878041,40.760845,51.392403,40.138286
30.580000,0.020000,3.000000,4.000000,1.800000,13.500000,2.000000,0.000000,0.000000,0.010079,0.577494,0.045972,2.633995,-0.003495,-0.200258,-0.035893,-2.056501,-0.010079,0.035893,67.137927,40.783532,63.138130,40.743216,64.938038,40.761358,51.452301,40.140956
30.600000,0.020000,3.000000,4.000000,1.800000,13.500000,2.000000,0.000000,0.000000,0.010027,0.574491,0.045812,2.624858,-0.003485,-0.199661,-0.035786,-2.050367,-0.010027,0.035786,67.197926,40.783927,63.198126,40.743821,64.998036,40.761869,51.512200,40.143617
30.620000,0.020000,3.000000,4.000000,1.800000,13.500000,2.000000,0.000000,0.000000,0.009974,0.571496,0.045653,2.615747,-0.003474,-0.199066,-0.035679,-2.044251,-0.009974,0.035679,67.257924,40.784320,63.258123,40.744422,65.058033,40.762376,51.572099,40.146269
30.640000,0.020000,3.000000,4.000000,1.800000,13.500000,2.000000,0.000000,0.000000,0.009922,0.568510,0.045495,2.606663,-0.003464,-0.198473,-0.035572,-2.038154,-0.009922,0.035572,67.317923,40.784710,63.318120,40.745021,65.118031,40.762881,51.632000,40.148912
30.660000,0.020000,3.000000,4.000000,1.800000,13.500000,2.000000,0.000000,0.000000,0.009870,0.565533,0.045337,2.597607,-0.003454,-0.197881,-0.035466,-2.032074,-0.009870,0.035466,67.377922,40.785097,63.378116,40.745616,65.178029,40.763383,51.691900,40.151546
30.680000,0.020000,3.000000,4.000000,1.800000,13.500000,2.000000,0.000000,0.000000,0.009819,0.562564,0.045179,2.588577,-0.003443,-0.197291,-0.035361,-2.026013,-0.009819,0.035361,67.437921,40.785482,63.438113,40.746208,65.238026,40.763882,51.751802,40.154170
30.700000,0.020000,3.000000,4.000000,1.800000,13.500000,2.000000,0.000000,0.000000,0.009767,0.559605,0.045022,2.579575,-0.003433,-0.196703,-0.035255,-2.019970,-0.009767,0.035255,67.497919,40.785865,63.498110,40.746797,65.298024,40.764378,51.811704,40.156785
30.720000,0.020000,3.000000,4.000000,1.800000,13.500000,2.000000,0.000000,0.000000,0.009715,0.556654,0.044865,2.570599,-0.003423,-0.196117,-0.035150,-2.013944,-0.009715,0.035150,67.557918,40.786245,63.558106,40.747383,65.358022,40.764871,51.871606,40.159391
30.740000,0.020000,3.000000,4.000000,1.800000,13.500000,2.000000,0.000000,0.000000,0.009664,0.553713,0.044709,2.561650,-0.003413,-0.195532,-0.035045,-2.007937,-0.009664,0.035045,67.617917,40.786622,63.618103,40.747966,65.418019,40.765362,51.931510,40.161988
30.760000,0.020000,3.000000,4.000000,1.800000,13.500000,2.000000,0.000000,0.000000,0.009613,0.550780,0.044554,2.552728,-0.003403,-0.194950,-0.034941,-2.001948,-0.009613,0.034941,67.677916,40.786997,63.678100,40.748546,65.478017,40.765849,51.991414,40.164576
30.780000,0.020000,3.000000,4.000000,1.800000,13.500000,2.000000,0.000000,0.000000,0.009562,0.547855,0.044398,2.543832,-0.003392,-0.194368,-0.034836,-1.995976,-0.009562,0.034836,67.737915,40.787370,63.738097,40.749123,65.538015,40.766334,52.051318,40.167155
30.800000,0.020000,3.000000,4.000000,1.800000,13.500000,2.000000,0.000000,0.000000,0.009511,0.544940,0.044243,2.534963,-0.003382,-0.193789,-0.034732,-1.990023,-0.009511,0.034732,67.797914,40.787740,63.798094,40.749697,65.598013,40.766816,52.111223,40.169725
30.820000,0.020000,3.000000,4.000000,1.800000,13.500000,2.000000,0.000000,0.000000,0.009460,0.542033,0.044089,2.526120,-0.003372,-0.193211,-0.034629,-1.984087,-0.009460,0.034629,67.857913,40.788108,63.858091,40.750267,65.658010,40.767296,52.171129,40.172285
30.840000,0.020000,3.000000,4.000000,1.800000,13.500000,2.000000,0.000000,0.000000,0.009410,0.539135,0.043935,2.517304,-0.003362,-0.192635,-0.034526,-1.978169,-0.009410,0.034526,67.917911,40.788473,63.918088,40.750835,65.718008,40.767772,52.231036,40.174837
30.860000,0.020000,3.000000,4.000000,1.800000,13.500000,2.000000,0.000000,0.000000,0.009359,0.536245,0.043782,2.508514,-0.003352,-0.192061,-0.034423,-1.972268,-0.009359,0.034423,67.977910,40.788836,63.978085,40.751400,65.778006,40.768246,52.290943,40.177380
30.880000,0.020000,3.000000,4.000000,1.800000,13.500000,2.000000,0.000000,0.000000,0.009309,0.533365,0.043629,2.499750,-0.003342,-0.191489,-0.034320,-1.966385,-0.009309,0.034320,68.037909,40.789196,64.038082,40.751961,65.838004,40.768717,52.350850,40.179914
30.900000,0.020000,3.000000,4.000000,1.800000,13.500000,2.000000,0.000000,0.000000,0.009259,0.530492,0.043476,2.491012,-0.003332,-0.190918,-0.034218,-1.960520,-0.009259,0.034218,68.097908,40.789554,64.098079,40.752520,65.898002,40.769185,52.410759,40.182439
30.920000,0.020000,3.000000,4.000000,1.800000,13.500000,2.000000,0.000000,0.000000,0.009209,0.527628,0.043324,2.482300,-0.003322,-0.190349,-0.034115,-1.954672,-0.009209,0.034115,68.157907,40.789910,64.158076,40.753075,65.958000,40.769651,52.470667,40.184955
30.940000,0.020000,3.000000,4.000000,1.800000,13.500000,2.000000,0.000000,0.000000,0.009159,0.524773,0.043173,2.473615,-0.003312,-0.189781,-0.034014,-1.948842,-0.009159,0.034014,68.217906,40.790263,64.218073,40.753628,66.017998,40.770114,52.530577,40.187463
30.960000,0.020000,3.000000,4.000000,1.800000,13.500000,2.000000,0.000000,0.000000,0.009109,0.521926,0.043022,2.464955,-0.003302,-0.189216,-0.033912,-1.943028,-0.009109,0.033912,68.277905,40.790614,64.278070,40.754177,66.077996,40.770574,52.590487,40.189962
30.980000,0.020000,3.000000,4.000000,1.800000,13.500000,2.000000,0.000000,0.000000,0.009060,0.519088,0.042871,2.456321,-0.003293,-0.188652,-0.033811,-1.937233,-0.009060,0.033811,68.337904,40.790962,64.338068,40.754724,66.137994,40.771031,52.650398,40.192451
31.000000,0.020000,3.000000,4.000000,1.800000,13.500000,2.000000,0.000000,0.000000,0.009010,0.516258,0.042721,2.447713,-0.003283,-0.188089,-0.033710,-1.931454,-0.009010,0.033710,68.397903,40.791308,64.398065,40.755267,66.197992,40.771486,52.710309,40.194932
31.020000,0.020000,3.000000,4.000000,1.800000,13.500000,2.000000,0.000000,0.000000,0.008961,0.513437,0.042571,2.439130,-0.003273,-0.187529,-0.033610,-1.925693,-0.008961,0.033610,68.457902,40.791652,64.458062,40.755808,66.257990,40.771938,52.770221,40.197405
31.040000,0.020000,3.000000,4.000000,1.800000,13.500000,2.000000,0.000000,0.000000,0.008912,0.510624,0.042422,2.430573,-0.003263,-0.186970,-0.033509,-1.919949,-0.008912,0.033509,68.517901,40.791993,64.518059,40.756346,66.317988,40.772387,52.830133,40.199869
31.060000,0.020000,3.000000,4.000000,1.800000,13.500000,2.000000,0.000000,0.000000,0.008863,0.507820,0.042273,2.422042,-0.003254,-0.186412,-0.033409,-1.914222,-0.008863,0.033409,68.577900,40.792332,64.578057,40.756880,66.377986,40.772834,52.890046,40.202324
31.080000,0.020000,3.000000,4.000000,1.800000,13.500000,2.000000,0.000000,0.000000,0.008814,0.505024,0.042124,2.413536,-0.003244,-0.185857,-0.033310,-1.908512,-0.008814,0.033310,68.637899,40.792669,64.638054,40.757412,66.437984,40.773278,52.949960,40.204770
31.100000,0.020000,3.000000,4.000000,1.800000,13.500000,2.000000,0.000000,0.000000,0.008766,0.502236,0.041976,2.405055,-0.003234,-0.185303,-0.033210,-1.902819,-0.008766,0.033210,68.697898,40.793003,64.698051,40.757941,66.497982,40.773719,53.009874,40.207208
31.120000,0.020000,3.000000,4.000000,1.800000,13.500000,2.000000,0.000000,0.000000,0.008717,0.499456,0.041829,2.396600,-0.003224,-0.184750,-0.033111,-1.897144,-0.008717,0.033111,68.757897,40.793335,64.758049,40.758467,66.557980,40.774158,53.069788,40.209637
31.140000,0.020000,3.000000,4.000000,1.800000,13.500000,2.000000,0.000000,0.000000,0.008669,0.496685,0.041681,2.388169,-0.003215,-0.184199,-0.033013,-1.891485,-0.008669,0.033013,68.817896,40.793665,64.818046,40.758990,66.617978,40.774593,53.129704,40.212057
31.160000,0.020000,3.000000,4.000000,1.800000,13.500000,2.000000,0.000000,0.000000,0.008621,0.493922,0.041535,2.379764,-0.003205,-0.183650,-0.032914,-1.885843,-0.008621,0.032914,68.877896,40.793992,64.878043,40.759510,66.677977,40.775027,53.189620,40.214469
31.180000,0.020000,3.000000,4.000000,1.800000,13.500000,2.000000,0.000000,0.000000,0.008572,0.491167,0.041388,2.371384,-0.003196,-0.183103,-0.032816,-1.880217,-0.008572,0.032816,68.937895,40.794317,64.938041,40.760027,66.737975,40.775457,53.249536,40.216873
31.200000,0.020000,3.000000,4.000000,1.800000,13.500000,2.000000,0.000000,0.000000,0.008525,0.488421,0.041243,2.363029,-0.003186,-0.182557,-0.032718,-1.874609,-0.008525,0.032718,68.997894,40.794639,64.998038,40.760542,66.797973,40.775886,53.309453,40.219268
31.220000,0.020000,3.000000,4.000000,1.800000,13.500000,2.000000,0.000000,0.000000,0.008477,0.485682,0.041097,2.354699,-0.003177,-0.182013,-0.032621,-1.869017,-0.008477,0.032621,69.057893,40.794960,65.058036,40.761053,66.857971,40.776311,53.369370,40.221654
31.240000,0.020000,3.000000,4.000000,1.800000,13.500000,2.000000,0.000000,0.000000,0.008429,0.482952,0.040952,2.346394,-0.003167,-0.181470,-0.032523,-1.863442,-0.008429,0.032523,69.117892,40.795278,65.118033,40.761562,66.917969,40.776734,53.429288,40.224032
31.260000,0.020000,3.000000,4.000000,1.800000,13.500000,2.000000,0.000000,0.000000,0.008382,0.480230,0.040808,2.338114,-0.003158,-0.180929,-0.032426,-1.857884,-0.008382,0.032426,69.177891,40.795593,65.178031,40.762067,66.977968,40.777154,53.489207,40.226402
31.280000,0.020000,3.000000,4.000000,1.800000,13.500000,2.000000,0.000000,0.000000,0.008334,0.477516,0.040664,2.329858,-0.003148,-0.180390,-0.032329,-1.852342,-0.008334,0.032329,69.237890,40.795907,65.238029,40.762570,67.037966,40.777572,53.549126,40.228763
31.300000,0.020000,3.000000,4.000000,1.800000,13.500000,2.000000,0.000000,0.000000,0.008287,0.474810,0.040520,2.321627,-0.003139,-0.179852,-0.032233,-1.846817,-0.008287,0.032233,69.297890,40.796218,65.298026,40.763070,67.097964,40.777987,53.609046,40.231116
31.320000,0.020000,3.000000,4.000000,1.800000,13.500000,2.000000,0.000000,0.000000,0.008240,0.472112,0.040377,2.313420,-0.003130,-0.179316,-0.032137,-1.841308,-0.008240,0.032137,69.357889,40.796527,65.358024,40.763567,67.157963,40.778399,53.668966,40.233460
31.340000,0.020000,3.000000,4.000000,1.800000,13.500000,2.000000,0.000000,0.000000,0.008193,0.469423,0.040234,2.305238,-0.003120,-0.178781,-0.032041,-1.835815,-0.008193,0.032041,69.417888,40.796833,65.418022,40.764062,67.217961,40.778809,53.728886,40.235797
31.360000,0.020000,3.000000,4.000000,1.800000,13.500000,2.000000,0.000000,0.000000,0.008146,0.466741,0.040092,2.297080,-0.003111,-0.178248,-0.031945,-1.830339,-0.008146,0.031945,69.477887,40.797138,65.478019,40.764553,67.277960,40.779216,53.788808,40.238125
31.380000,0.020000,3.000000,4.000000,1.800000,13.500000,2.000000,0.000000,0.000000,0.008100,0.464067,0.039950,2.288947,-0.003102,-0.177717,-0.031850,-1.824880,-0.008100,0.031850,69.537887,40.797440,65.538017,40.765042,67.337958,40.779621,53.848729,40.240444
31.400000,0.020000,3.000000,4.000000,1.800000,13.500000,2.000000,0.000000,0.000000,0.008053,0.461402,0.039808,2.280838,-0.003093,-0.177187,-0.031755,-1.819436,-0.008053,0.031755,69.597886,40.797740,65.598015,40.765528,67.397956,40.780023,53.908652,40.242756
31.420000,0.020000,3.000000,4.000000,1.800000,13.500000,2.000000,0.000000,0.000000,0.008007,0.458744,0.039667,2.272753,-0.003083,-0.176659,-0.031660,-1.814009,-0.008007,0.031660,69.657885,40.798037,65.658012,40.766011,67.457955,40.780423,53.968574,40.245059
31.440000,0.020000,3.000000,4.000000,1.800000,13.500000,2.000000,0.000000,0.000000,0.007960,0.456094,0.039526,2.264692,-0.003074,-0.176132,-0.031566,-1.808598,-0.007960,0.031566,69.717884,40.798333,65.718010,40.766492,67.517953,40.780820,54.028498,40.247354
31.460000,0.020000,3.000000,4.000000,1.800000,13.500000,2.000000,0.000000,0.000000,0.007914,0.453452,0.039386,2.256655,-0.003065,-0.175607,-0.031472,-1.803203,-0.007914,0.031472,69.777884,40.798626,65.778008,40.766969,67.577952,40.781215,54.088421,40.249640
31.480000,0.020000,3.000000,4.000000,1.800000,13.500000,2.000000,0.000000,0.000000,0.007868,0.450818,0.039246,2.248642,-0.003056,-0.175084,-0.031378,-1.797824,-0.007868,0.031378,69.837883,40.798917,65.838006,40.767444,67.637950,40.781607,54.148346,40.251919
31.500000,0.020000,3.000000,4.000000,1.800000,13.500000,2.000000,0.000000,0.000000,0.007822,0.448192,0.039107,2.240653,-0.003047,-0.174562,-0.031284,-1.792462,-0.007822,0.031284,69.897882,40.799206,65.898004,40.767916,67.697949,40.781996,54.208270,40.254190
31.520000,0.020000,3.000000,4.000000,1.800000,13.500000,2.000000,0.000000,0.000000,0.007777,0.445573,0.038968,2.232688,-0.003038,-0.174041,-0.031191,-1.787115,-0.007777,0.031191,69.957881,40.799492,65.958002,40.768386,67.757947,40.782384,54.268196,40.256452
31.540000,0.020000,3.000000,4.000000,1.800000,13.500000,2.000000,0.000000,0.000000,0.007731,0.442962,0.038829,2.224747,-0.003029,-0.173523,-0.031098,-1.781784,-0.007731,0.031098,70.017881,40.799777,66.018000,40.768852,67.817946,40.782768,54.328121,40.258706
31.560000,0.020000,3.000000,4.000000,1.800000,13.500000,2.000000,0.000000,0.000000,0.007686,0.440360,0.038691,2.216829,-0.003020,-0.173005,-0.031005,-1.776469,-0.007686,0.031005,70.077880,40.800059,66.077997,40.769316,67.877944,40.783150,54.388048,40.260953
31.580000,0.020000,3.000000,4.000000,1.800000,13.500000,2.000000,0.000000,0.000000,0.007640,0.437765,0.038553,2.208935,-0.003011,-0.172489,-0.030913,-1.771170,-0.007640,0.030913,70.137879,40.800339,66.137995,40.769777,67.937943,40.783530,54.447975,40.263191
31.600000,0.020000,3.000000,4.000000,1.800000,13.500000,2.000000,0.000000,0.000000,0.007595,0.435177,0.038416,2.201064,-0.003002,-0.171975,-0.030821,-1.765887,-0.007595,0.030821,70.197879,40.800616,66.197993,40.770236,67.997942,40.783907,54.507902,40.265421
31.620000,0.020000,3.000000,4.000000,1.800000,13.500000,2.000000,0.000000,0.000000,0.007550,0.432598,0.038279,2.193217,-0.002993,-0.171463,-0.030729,-1.760619,-0.007550,0.030729,70.257878,40.800892,66.257991,40.770691,68.057940,40.784282,54.567829,40.267643
31.640000,0.020000,3.000000,4.000000,1.800000,13.500000,2.000000,0.000000,0.000000,0.007505,0.430026,0.038142,2.185393,-0.002984,-0.170951,-0.030637,-1.755368,-0.007505,0.030637,70.317878,40.801166,66.317989,40.771144,68.117939,40.784654,54.627758,40.269858
31.660000,0.020000,3.000000,4.000000,1.800000,13.500000,2.000000,0.000000,0.000000,0.007461,0.427461,0.038006,2.177593,-0.002975,-0.170442,-0.030546,-1.750132,-0.007461,0.030546,70.377877,40.801437,66.377987,40.771595,68.177937,40.785024,54.687686,40.272064
31.680000,0.020000,3.000000,4.000000,1.800000,13.500000,2.000000,0.000000,0.000000,0.007416,0.424905,0.037870,2.169816,-0.002966,-0.169934,-0.030454,-1.744911,-0.007416,0.030454,70.437876,40.801706,66.437986,40.772042,68.237936,40.785391,54.747616,40.274262
31.700000,0.020000,3.000000,4.000000,1.800000,13.500000,2.000000,0.000000,0.000000,0.007371,0.422356,0.037735,2.162062,-0.002957,-0.169427,-0.030364,-1.739706,-0.007371,0.030364,70.497876,40.801973,66.497984,40.772487,68.297935,40.785756,54.807545,40.276453
31.720000,0.020000,3.000000,4.000000,1.800000,13.500000,2.000000,0.000000,0.000000,0.007327,0.419814,0.037600,2.154331,-0.002948,-0.168922,-0.030273,-1.734517,-0.007327,0.030273,70.557875,40.802238,66.557982,40.772930,68.357933,40.786118,54.867475,40.278636
31.740000,0.020000,3.000000,4.000000,1.800000,13.500000,2.000000,0.000000,0.000000,0.007283,0.417281,0.037466,2.146623,-0.002939,-0.168418,-0.030183,-1.729343,-0.007283,0.030183,70.617875,40.802501,66.617980,40.773369,68.417932,40.786478,54.927406,40.280810
31.760000,0.020000,3.000000,4.000000,1.800000,13.500000,2.000000,0.000000,0.000000,0.007239,0.414754,0.037332,2.138939,-0.002931,-0.167916,-0.030093,-1.724184,-0.007239,0.030093,70.677874,40.802761,66.677978,40.773806,68.477931,40.786836,54.987337,40.282977
31.780000,0.020000,3.000000,4.000000,1.800000,13.500000,2.000000,0.000000,0.000000,0.007195,0.412236,0.037198,2.131277,-0.002922,-0.167415,-0.030003,-1.719041,-0.007195,0.030003,70.737874,40.803020,66.737976,40.774240,68.537930,40.787191,55.047268,40.285137
31.800000,0.020000,3.000000,4.000000,1.800000,13.500000,2.000000,0.000000,0.000000,0.007151,0.409724,0.037064,2.123638,-0.002913,-0.166916,-0.029913,-1.713913,-0.007151,0.029913,70.797873,40.803276,66.797974,40.774672,68.597928,40.787544,55.107200,40.287288
31.820000,0.020000,3.000000,4.000000,1.800000,13.500000,2.000000,0.000000,0.000000,0.007107,0.407221,0.036932,2.116022,-0.002905,-0.166419,-0.029824,-1.708801,-0.007107,0.029824,70.857872,40.803530,66.857973,40.775101,68.657927,40.787894,55.167133,40.289432
31.840000,0.020000,3.000000,4.000000,1.800000,13.500000,2.000000,0.000000,0.000000,0.007064,0.404724,0.036799,2.108428,-0.002896,-0.165922,-0.029735,-1.703704,-0.007064,0.029735,70.917872,40.803782,66.917971,40.775528,68.717926,40.788242,55.227066,40.291568
31.860000,0.020000,3.000000,4.000000,1.800000,13.500000,2.000000,0.000000,0.000000,0.007020,0.402235,0.036667,2.100857,-0.002887,-0.165428,-0.029647,-1.698622,-0.007020,0.029647,70.977871,40.804033,66.977969,40.775951,68.777925,40.788588,55.286999,40.293696
31.880000,0.020000,3.000000,4.000000,1.800000,13.500000,2.000000,0.000000,0.000000,0.006977,0.399754,0.036535,2.093309,-0.002879,-0.164935,-0.029558,-1.693555,-0.006977,0.029558,71.037871,40.804281,67.037967,40.776373,68.837924,40.788931,55.346933,40.295817
31.900000,0.020000,3.000000,4.000000,1.800000,13.500000,2.000000,0.000000,0.000000,0.006934,0.397280,0.036404,2.085783,-0.002870,-0.164443,-0.029470,-1.688503,-0.006934,0.029470,71.097870,40.804526,67.097966,40.776791,68.897922,40.789272,55.406867,40.297930
31.920000,0.020000,3.000000,4.000000,1.800000,13.500000,2.000000,0.000000,0.000000,0.006891,0.394813,0.036273,2.078280,-0.002862,-0.163953,-0.029382,-1.683466,-0.006891,0.029382,71.157870,40.804770,67.157964,40.777207,68.957921,40.789611,55.466801,40.300035
31.940000,0.020000,3.000000,4.000000,1.800000,13.500000,2.000000,0.000000,0.000000,0.006848,0.392354,0.036142,2.070799,-0.002853,-0.163464,-0.029294,-1.678445,-0.006848,0.029294,71.217869,40.805012,67.217962,40.777621,69.017920,40.789947,55.526736,40.302133
31.960000,0.020000,3.000000,4.000000,1.800000,13.500000,2.000000,0.000000,0.000000,0.006805,0.389902,0.036012,2.063340,-0.002844,-0.162976,-0.029207,-1.673438,-0.006805,0.029207,71.277869,40.805252,67.277961,40.778032,69.077919,40.790281,55.586672,40.304223
31.980000,0.020000,3.000000,4.000000,1.800000,13.500000,2.000000,0.000000,0.000000,0.006762,0.387458,0.035882,2.055904,-0.002836,-0.162490,-0.029120,-1.668446,-0.006762,0.029120,71.337868,40.805489,67.337959,40.778440,69.137918,40.790612,55.646608,40.306305
32.000000,0.020000,3.000000,4.000000,1.800000,13.500000,2.000000,0.000000,0.000000,0.006720,0.385020,0.035753,2.048489,-0.002828,-0.162006,-0.029033,-1.663469,-0.006720,0.029033,71.397868,40.805725,67.397957,40.778846,69.197917,40.790941,55.706544,40.308380
32.020000,0.020000,3.000000,4.000000,1.800000,13.500000,2.000000,0.000000,0.000000,0.006677,0.382590,0.035624,2.041097,-0.002819,-0.161523,-0.028946,-1.658507,-0.006677,0.028946,71.457868,40.805958,67.457956,40.779249,69.257916,40.791268,55.766481,40.310448
32.040000,0.020000,3.000000,4.000000,1.800000,13.500000,2.000000,0.000000,0.000000,0.006635,0.380167,0.035495,2.033727,-0.002811,-0.161041,-0.028860,-1.653560,-0.006635,0.028860,71.517867,40.806190,67.517954,40.779649,69.317915,40.791593,55.826418,40.312508
32.060000,0.020000,3.000000,4.000000,1.800000,13.500000,2.000000,0.000000,0.000000,0.006593,0.377752,0.035367,2.026379,-0.002802,-0.160561,-0.028774,-1.648628,-0.006593,0.028774,71.577867,40.806419,67.577953,40.780048,69.377914,40.791915,55.886356,40.314560
32.080000,0.020000,3.000000,4.000000,1.800000,13.500000,2.000000,0.000000,0.000000,0.006551,0.375343,0.035239,2.019053,-0.002794,-0.160083,-0.028688,-1.643710,-0.006551,0.028688,71.637866,40.806647,67.637951,40.780443,69.437912,40.792235,55.946294,40.316605
32.100000,0.020000,3.000000,4.000000,1.800000,13.500000,2.000000,0.000000,0.000000,0.006509,0.372942,0.035112,2.011749,-0.002786,-0.159605,-0.028603,-1.638807,-0.006509,0.028603,71.697866,40.806872,67.697950,40.780836,69.497911,40.792552,56.006232,40.318643
32.120000,0.020000,3.000000,4.000000,1.800000,13.500000,2.000000,0.000000,0.000000,0.006467,0.370548,0.034985,2.004466,-0.002777,-0.159129,-0.028517,-1.633918,-0.006467,0.028517,71.757865,40.807096,67.757948,40.781227,69.557910,40.792868,56.066171,40.320673
32.140000,0.020000,3.000000,4.000000,1.800000,13.500000,2.000000,0.000000,0.000000,0.006426,0.368161,0.034858,1.997205,-0.002769,-0.158655,-0.028432,-1.629044,-0.006426,0.028432,71.817865,40.807317,67.817947,40.781615,69.617909,40.793181,56.126110,40.322696
32.160000,0.020000,3.000000,4.000000,1.800000,13.500000,2.000000,0.000000,0.000000,0.006384,0.365781,0.034731,1.989966,-0.002761,-0.158182,-0.028347,-1.624185,-0.006384,0.028347,71.877865,40.807536,67.877945,40.782000,69.677908,40.793492,56.186050,40.324711
32.180000,0.020000,3.000000,4.000000,1.800000,13.500000,2.000000,0.000000,0.000000,0.006343,0.363408,0.034605,1.982748,-0.002753,-0.157710,-0.028263,-1.619340,-0.006343,0.028263,71.937864,40.807754,67.937944,40.782383,69.737907,40.793800,56.245990,40.326719
32.200000,0.020000,3.000000,4.000000,1.800000,13.500000,2.000000,0.000000,0.000000,0.006301,0.361043,0.034480,1.975552,-0.002744,-0.157240,-0.028179,-1.614510,-0.006301,0.028179,71.997864,40.807969,67.997942,40.782764,69.797907,40.794106,56.305931,40.328720
32.220000,0.020000,3.000000,4.000000,1.800000,13.500000,2.000000,0.000000,0.000000,0.006260,0.358684,0.034355,1.968378,-0.002736,-0.156771,-0.028094,-1.609694,-0.006260,0.028094,72.057863,40.808183,68.057941,40.783142,69.857906,40.794410,56.365871,40.330713
32.240000,0.020000,3.000000,4.000000,1.800000,13.500000,2.000000,0.000000,0.000000,0.006219,0.356333,0.034230,1.961224,-0.002728,-0.156304,-0.028011,-1.604892,-0.006219,0.028011,72.117863,40.808394,68.117939,40.783518,69.917905,40.794712,56.425813,40.332700
32.260000,0.020000,3.000000,4.000000,1.800000,13.500000,2.000000,0.000000,0.000000,0.006178,0.353988,0.034105,1.954093,-0.002720,-0.155838,-0.027927,-1.600105,-0.006178,0.027927,72.177863,40.808604,68.177938,40.783891,69.977904,40.795012,56.485754,40.334679
32.280000,0.020000,3.000000,4.000000,1.800000,13.500000,2.000000,0.000000,0.000000,0.006137,0.351651,0.033981,1.946982,-0.002712,-0.155373,-0.027844,-1.595331,-0.006137,0.027844,72.237862,40.808811,68.237937,40.784261,70.037903,40.795309,56.545696,40.336650
32.300000,0.020000,3.000000,4.000000,1.800000,13.500000,2.000000,0.000000,0.000000,0.006097,0.349320,0.033858,1.939893,-0.002704,-0.154910,-0.027761,-1.590573,-0.006097,0.027761,72.297862,40.809017,68.297935,40.784630,70.097902,40.795604,56.605639,40.338615
32.320000,0.020000,3.000000,4.000000,1.800000,13.500000,2.000000,0.000000,0.000000,0.006056,0.346996,0.033734,1.932824,-0.002696,-0.154448,-0.027678,-1.585828,-0.006056,0.027678,72.357862,40.809220,68.357934,40.784995,70.157901,40.795897,56.665582,40.340572
32.340000,0.020000,3.000000,4.000000,1.800000,13.500000,2.000000,0.000000,0.000000,0.006016,0.344680,0.033611,1.925777,-0.002688,-0.153987,-0.027595,-1.581098,-0.006016,0.027595,72.417861,40.809422,68.417933,40.785359,70.217900,40.796187,56.725525,40.342522
32.360000,0.020000,3.000000,4.000000,1.800000,13.500000,2.000000,0.000000,0.000000,0.005975,0.342370,0.033489,1.918751,-0.002680,-0.153528,-0.027513,-1.576381,-0.005975,0.027513,72.477861,40.809622,68.477931,40.785720,70.277899,40.796476,56.785469,40.344465
32.380000,0.020000,3.000000,4.000000,1.800000,13.500000,2.000000,0.000000,0.000000,0.005935,0.340067,0.033366,1.911746,-0.002672,-0.153070,-0.027431,-1.571679,-0.005935,0.027431,72.537861,40.809819,68.537930,40.786078,70.337898,40.796762,56.845413,40.346401
32.400000,0.020000,3.000000,4.000000,1.800000,13.500000,2.000000,0.000000,0.000000,0.005895,0.337771,0.033244,1.904761,-0.002664,-0.152614,-0.027349,-1.566991,-0.005895,0.027349,72.597860,40.810015,68.597929,40.786434,70.397898,40.797046,56.905357,40.348330
32.420000,0.020000,3.000000,4.000000,1.800000,13.500000,2.000000,0.000000,0.000000,0.005855,0.335482,0.033123,1.897798,-0.002656,-0.152159,-0.027268,-1.562316,-0.005855,0.027268,72.657860,40.810209,68.657928,40.786788,70.457897,40.797328,56.965302,40.350251
32.440000,0.020000,3.000000,4.000000,1.800000,13.500000,2.000000,0.000000,0.000000,0.005815,0.333199,0.033002,1.890855,-0.002648,-0.151705,-0.027186,-1.557656,-0.005815,0.027186,72.717860,40.810401,68.717926,40.787139,70.517896,40.797607,57.025247,40.352166
32.460000,0.020000,3.000000,4.000000,1.800000,13.500000,2.000000,0.000000,0.000000,0.005776,0.330924,0.032881,1.883933,-0.002640,-0.151253,-0.027105,-1.553009,-0.005776,0.027105,72.777859,40.810591,68.777925,40.787488,70.577895,40.797885,57.085192,40.354073
32.480000,0.020000,3.000000,4.000000,1.800000,13.500000,2.000000,0.000000,0.000000,0.005736,0.328655,0.032760,1.877032,-0.002632,-0.150802,-0.027024,-1.548377,-0.005736,0.027024,72.837859,40.810779,68.837924,40.787835,70.637894,40.798160,57.145138,40.355974
32.500000,0.020000,3.000000,4.000000,1.800000,13.500000,2.000000,0.000000,0.000000,0.005697,0.326393,0.032640,1.870151,-0.002624,-0.150352,-0.026944,-1.543758,-0.005697,0.026944,72.897859,40.810965,68.897923,40.788179,70.697893,40.798433,57.205084,40.357867
32.520000,0.020000,3.000000,4.000000,1.800000,13.500000,2.000000,0.000000,0.000000,0.005657,0.324138,0.032521,1.863291,-0.002616,-0.149904,-0.026863,-1.539153,-0.005657,0.026863,72.957858,40.811150,68.957922,40.788521,70.757893,40.798704,57.265031,40.359754
32.540000,0.020000,3.000000,4.000000,1.800000,13.500000,2.000000,0.000000,0.000000,0.005618,0.321889,0.032401,1.856451,-0.002609,-0.149457,-0.026783,-1.534562,-0.005618,0.026783,73.017858,40.811332,69.017920,40.788860,70.817892,40.798973,57.324978,40.361633
32.560000,0.020000,3.000000,4.000000,1.800000,13.500000,2.000000,0.000000,0.000000,0.005579,0.319647,0.032282,1.849631,-0.002601,-0.149011,-0.026703,-1.529984,-0.005579,0.026703,73.077858,40.811513,69.077919,40.789197,70.877891,40.799239,57.384925,40.363506
32.580000,0.020000,3.000000,4.000000,1.800000,13.500000,2.000000,0.000000,0.000000,0.005540,0.317412,0.032163,1.842832,-0.002593,-0.148567,-0.026624,-1.525420,-0.005540,0.026624,73.137858,40.811692,69.137918,40.789532,70.937890,40.799504,57.444873,40.365372
32.600000,0.020000,3.000000,4.000000,1.800000,13.500000,2.000000,0.000000,0.000000,0.005501,0.315183,0.032045,1.836053,-0.002585,-0.148124,-0.026544,-1.520870,-0.005501,0.026544,73.197857,40.811868,69.197917,40.789865,70.997890,40.799766,57.504821,40.367230
32.620000,0.020000,3.000000,4.000000,1.800000,13.500000,2.000000,0.000000,0.000000,0.005462,0.312962,0.031927,1.829295,-0.002578,-0.147682,-0.026465,-1.516333,-0.005462,0.026465,73.257857,40.812043,69.257916,40.790195,71.057889,40.800026,57.564769,40.369082
32.640000,0.020000,3.000000,4.000000,1.800000,13.500000,2.000000,0.000000,0.000000,0.005424,0.310746,0.031810,1.822556,-0.002570,-0.147242,-0.026386,-1.511810,-0.005424,0.026386,73.317857,40.812216,69.317915,40.790522,71.117888,40.800285,57.624718,40.370927
32.660000,0.020000,3.000000,4.000000,1.800000,13.500000,2.000000,0.000000,0.000000,0.005385,0.308538,0.031692,1.815838,-0.002562,-0.146803,-0.026307,-1.507300,-0.005385,0.026307,73.377857,40.812388,69.377914,40.790848,71.177888,40.800541,57.684667,40.372766
32.680000,0.020000,3.000000,4.000000,1.800000,13.500000,2.000000,0.000000,0.000000,0.005347,0.306336,0.031575,1.809140,-0.002555,-0.146365,-0.026229,-1.502804,-0.005347,0.026229,73.437856,40.812557,69.437913,40.791171,71.237887,40.800795,57.744616,40.374597
32.700000,0.020000,3.000000,4.000000,1.800000,13.500000,2.000000,0.000000,0.000000,0.005308,0.304140,0.031459,1.802461,-0.002547,-0.145929,-0.026151,-1.498321,-0.005308,0.026151,73.497856,40.812724,69.497912,40.791492,71.297886,40.801046,57.804566,40.376422
32.720000,0.020000,3.000000,4.000000,1.800000,13.500000,2.000000,0.000000,0.000000,0.005270,0.301951,0.031343,1.795803,-0.002539,-0.145494,-0.026073,-1.493852,-0.005270,0.026073,73.557856,40.812890,69.557910,40.791810,71.357885,40.801296,57.864516,40.378239
32.740000,0.020000,3.000000,4.000000,1.800000,13.500000,2.000000,0.000000,0.000000,0.005232,0.299769,0.031227,1.789164,-0.002532,-0.145060,-0.025995,-1.489395,-0.005232,0.025995,73.617856,40.813054,69.617909,40.792126,71.417885,40.801544,57.924466,40.380050
32.760000,0.020000,3.000000,4.000000,1.800000,13.500000,2.000000,0.000000,0.000000,0.005194,0.297593,0.031111,1.782546,-0.002524,-0.144627,-0.025917,-1.484953,-0.005194,0.025917,73.677856,40.813216,69.677908,40.792440,71.477884,40.801789,57.984417,40.381855
32.780000,0.020000,3.000000,4.000000,1.800000,13.500000,2.000000,0.000000,0.000000,0.005156,0.295424,0.030996,1.775946,-0.002517,-0.144196,-0.025840,-1.480523,-0.005156,0.025840,73.737855,40.813376,69.737907,40.792752,71.537884,40.802033,58.044368,40.383652
32.800000,0.020000,3.000000,4.000000,1.800000,13.500000,2.000000,0.000000,0.000000,0.005118,0.293261,0.030881,1.769367,-0.002509,-0.143766,-0.025763,-1.476107,-0.005118,0.025763,73.797855,40.813535,69.797906,40.793061,71.597883,40.802274,58.104320,40.385443
32.820000,0.020000,3.000000,4.000000,1.800000,13.500000,2.000000,0.000000,0.000000,0.005081,0.291104,0.030767,1.762807,-0.002502,-0.143337,-0.025686,-1.471703,-0.005081,0.025686,73.857855,40.813691,69.857905,40.793368,71.657882,40.802514,58.164271,40.387227
32.840000,0.020000,3.000000,4.000000,1.800000,13.500000,2.000000,0.000000,0.000000,0.005043,0.288954,0.030653,1.756267,-0.002494,-0.142910,-0.025609,-1.467313,-0.005043,0.025609,73.917855,40.813846,69.917905,40.793673,71.717882,40.802751,58.224223,40.389005
32.860000,0.020000,3.000000,4.000000,1.800000,13.500000,2.000000,0.000000,0.000000,0.005006,0.286810,0.030539,1.749747,-0.002487,-0.142484,-0.025533,-1.462936,-0.005006,0.025533,73.977854,40.813999,69.977904,40.793976,71.777881,40.802986,58.284176,40.390776
32.880000,0.020000,3.000000,4.000000,1.800000,13.500000,2.000000,0.000000,0.000000,0.004968,0.284673,0.030425,1.743245,-0.002479,-0.142059,-0.025457,-1.458572,-0.004968,0.025457,74.037854,40.814150,70.037903,40.794276,71.837880,40.803219,58.344128,40.392540
32.900000,0.020000,3.000000,4.000000,1.800000,13.500000,2.000000,0.000000,0.000000,0.004931,0.282542,0.030312,1.736764,-0.002472,-0.141635,-0.025381,-1.454221,-0.004931,0.025381,74.097854,40.814299,70.097902,40.794574,71.897880,40.803450,58.404081,40.394298
32.920000,0.020000,3.000000,4.000000,1.800000,13.500000,2.000000,0.000000,0.000000,0.004894,0.280418,0.030199,1.730301,-0.002465,-0.141213,-0.025305,-1.449883,-0.004894,0.025305,74.157854,40.814447,70.157901,40.794870,71.957879,40.803680,58.464035,40.396049
32.940000,0.020000,3.000000,4.000000,1.800000,13.500000,2.000000,0.000000,0.000000,0.004857,0.278300,0.030087,1.723858,-0.002457,-0.140792,-0.025230,-1.445558,-0.004857,0.025230,74.217854,40.814593,70.217900,40.795164,72.017879,40.803907,58.523988,40.397794
32.960000,0.020000,3.000000,4.000000,1.800000,13.500000,2.000000,0.000000,0.000000,0.004820,0.276188,0.029975,1.717434,-0.002450,-0.140372,-0.025154,-1.441246,-0.004820,0.025154,74.277854,40.814737,70.277899,40.795455,72.077878,40.804132,58.583942,40.399532
32.980000,0.020000,3.000000,4.000000,1.800000,13.500000,2.000000,0.000000,0.000000,0.004784,0.274082,0.029863,1.711029,-0.002443,-0.139953,-0.025079,-1.436947,-0.004784,0.025079,74.337853,40.814879,70.337898,40.795744,72.137878,40.804355,58.643897,40.401263
33.000000,0.020000,3.000000,4.000000,1.800000,13.500000,2.000000,0.000000,0.000000,0.004747,0.271983,0.029752,1.704643,-0.002435,-0.139536,-0.025005,-1.432660,-0.004747,0.025005,74.397853,40.815019,70.397897,40.796031,72.197877,40.804576,58.703851,40.402988
33.020000,0.020000,3.000000,4.000000,1.800000,13.500000,2.000000,0.000000,0.000000,0.004710,0.269890,0.029641,1.698277,-0.002428,-0.139120,-0.024930,-1.428387,-0.004710,0.024930,74.457853,40.815158,70.457896,40.796316,72.257876,40.804795,58.763806,40.404707
33.040000,0.020000,3.000000,4.000000,1.800000,13.500000,2.000000,0.000000,0.000000,0.004674,0.267803,0.029530,1.691929,-0.002421,-0.138705,-0.024856,-1.424126,-0.004674,0.024856,74.517853,40.815295,70.517896,40.796599,72.317876,40.805012,58.823762,40.406419
33.060000,0.020000,3.000000,4.000000,1.800000,13.500000,2.000000,0.000000,0.000000,0.004638,0.265722,0.029419,1.685600,-0.002414,-0.138292,-0.024782,-1.419878,-0.004638,0.024782,74.577853,40.815430,70.577895,40.796879,72.377875,40.805227,58.883717,40.408124
33.080000,0.020000,3.000000,4.000000,1.800000,13.500000,2.000000,0.000000,0.000000,0.004602,0.263648,0.029309,1.679290,-0.002406,-0.137879,-0.024708,-1.415642,-0.004602,0.024708,74.637853,40.815564,70.637894,40.797158,72.437875,40.805440,58.943673,40.409823
33.100000,0.020000,3.000000,4.000000,1.800000,13.500000,2.000000,0.000000,0.000000,0.004565,0.261580,0.029199,1.672999,-0.002399,-0.137468,-0.024634,-1.411419,-0.004565,0.024634,74.697852,40.815695,70.697893,40.797434,72.497874,40.805651,59.003629,40.411516
33.120000,0.020000,3.000000,4.000000,1.800000,13.500000,2.000000,0.000000,0.000000,0.004529,0.259518,0.029090,1.666727,-0.002392,-0.137058,-0.024560,-1.407209,-0.004529,0.024560,74.757852,40.815825,70.757892,40.797708,72.557874,40.805861,59.063585,40.413203
33.140000,0.020000,3.000000,4.000000,1.800000,13.500000,2.000000,0.000000,0.000000,0.004494,0.257462,0.028981,1.660473,-0.002385,-0.136649,-0.024487,-1.403011,-0.004494,0.024487,74.817852,40.815953,70.817892,40.797979,72.617873,40.806068,59.123542,40.414883
33.160000,0.020000,3.000000,4.000000,1.800000,13.500000,2.000000,0.000000,0.000000,0.004458,0.255412,0.028872,1.654238,-0.002378,-0.136242,-0.024414,-1.398826,-0.004458,0.024414,74.877852,40.816080,70.877891,40.798249,72.677873,40.806273,59.183499,40.416556
33.180000,0.020000,3.000000,4.000000,1.800000,13.500000,2.000000,0.000000,0.000000,0.004422,0.253369,0.028763,1.648022,-0.002371,-0.135836,-0.024341,-1.394653,-0.004422,0.024341,74.937852,40.816205,70.937890,40.798516,72.737872,40.806476,59.243457,40.418224
33.200000,0.020000,3.000000,4.000000,1.800000,13.500000,2.000000,0.000000,0.000000,0.004387,0.251331,0.028655,1.641824,-0.002364,-0.135431,-0.024269,-1.390493,-0.004387,0.024269,74.997852,40.816328,70.997889,40.798782,72.797872,40.806677,59.303414,40.419885
33.220000,0.020000,3.000000,4.000000,1.800000,13.500000,2.000000,0.000000,0.000000,0.004351,0.249300,0.028547,1.635645,-0.002357,-0.135027,-0.024196,-1.386345,-0.004351,0.024196,75.057852,40.816449,71.057888,40.799045,72.857871,40.806877,59.363372,40.421540
33.240000,0.020000,3.000000,4.000000,1.800000,13.500000,2.000000,0.000000,0.000000,0.004316,0.247274,0.028440,1.629484,-0.002350,-0.134624,-0.024124,-1.382209,-0.004316,0.024124,75.117852,40.816569,71.117888,40.799306,72.917871,40.807074,59.423330,40.423188
33.260000,0.020000,3.000000,4.000000,1.800000,13.500000,2.000000,0.000000,0.000000,0.004281,0.245255,0.028333,1.623341,-0.002343,-0.134223,-0.024052,-1.378086,-0.004281,0.024052,75.177851,40.816687,71.177887,40.799565,72.977871,40.807270,59.483289,40.424830
33.280000,0.020000,3.000000,4.000000,1.800000,13.500000,2.000000,0.000000,0.000000,0.004245,0.243242,0.028226,1.617217,-0.002336,-0.133822,-0.023980,-1.373975,-0.004245,0.023980,75.237851,40.816803,71.237886,40.799822,73.037870,40.807463,59.543247,40.426466
33.300000,0.020000,3.000000,4.000000,1.800000,13.500000,2.000000,0.000000,0.000000,0.004210,0.241234,0.028119,1.611111,-0.002329,-0.133423,-0.023909,-1.369877,-0.004210,0.023909,75.297851,40.816918,71.297886,40.800076,73.097870,40.807655,59.603206,40.428096
33.320000,0.020000,3.000000,4.000000,1.800000,13.500000,2.000000,0.000000,0.000000,0.004175,0.239233,0.028013,1.605023,-0.002322,-0.133025,-0.023838,-1.365790,-0.004175,0.023838,75.357851,40.817031,71.357885,40.800329,73.157869,40.807845,59.663166,40.429720
33.340000,0.020000,3.000000,4.000000,1.800000,13.500000,2.000000,0.000000,0.000000,0.004141,0.237237,0.027907,1.598954,-0.002315,-0.132629,-0.023766,-1.361716,-0.004141,0.023766,75.417851,40.817142,71.417884,40.800580,73.217869,40.808033,59.723125,40.431337
33.360000,0.020000,3.000000,4.000000,1.800000,13.500000,2.000000,0.000000,0.000000,0.004106,0.235248,0.027801,1.592902,-0.002308,-0.132233,-0.023696,-1.357654,-0.004106,0.023696,75.477851,40.817251,71.477884,40.800828,73.277868,40.808219,59.783085,40.432948
33.380000,0.020000,3.000000,4.000000,1.800000,13.500000,2.000000,0.000000,0.000000,0.004071,0.233265,0.027696,1.586869,-0.002301,-0.131839,-0.023625,-1.353604,-0.004071,0.023625,75.537851,40.817359,71.537883,40.801074,73.337868,40.808403,59.843045,40.434553
33.400000,0.020000,3.000000,4.000000,1.800000,13.500000,2.000000,0.000000,0.000000,0.004037,0.231287,0.027591,1.580853,-0.002294,-0.131446,-0.023554,-1.349566,-0.004037,0.023554,75.597851,40.817465,71.597882,40.801319,73.397868,40.808585,59.903006,40.436152
33.420000,0.020000,3.000000,4.000000,1.800000,13.500000,2.000000,0.000000,0.000000,0.004002,0.229315,0.027486,1.574856,-0.002287,-0.131054,-0.023484,-1.345541,-0.004002,0.023484,75.657851,40.817570,71.657882,40.801561,73.457867,40.808765,59.962966,40.437745
33.440000,0.020000,3.000000,4.000000,1.800000,13.500000,2.000000,0.000000,0.000000,0.003968,0.227350,0.027382,1.568876,-0.002280,-0.130663,-0.023414,-1.341527,-0.003968,0.023414,75.717851,40.817673,71.717881,40.801801,73.517867,40.808943,60.022927,40.439332
33.460000,0.020000,3.000000,4.000000,1.800000,13.500000,2.000000,0.000000,0.000000,0.003934,0.225390,0.027278,1.562914,-0.002274,-0.130273,-0.023344,-1.337525,-0.003934,0.023344,75.777850,40.817774,71.777880,40.802039,73.577866,40.809120,60.082889,40.440913
33.480000,0.020000,3.000000,4.000000,1.800000,13.500000,2.000000,0.000000,0.000000,0.003900,0.223435,0.027174,1.556970,-0.002267,-0.129885,-0.023275,-1.333535,-0.003900,0.023275,75.837850,40.817874,71.837880,40.802275,73.637866,40.809295,60.142850,40.442487
33.500000,0.020000,3.000000,4.000000,1.800000,13.500000,2.000000,0.000000,0.000000,0.003866,0.221487,0.027071,1.551044,-0.002260,-0.129497,-0.023205,-1.329557,-0.003866,0.023205,75.897850,40.817972,71.897879,40.802509,73.697866,40.809467,60.202812,40.444056
33.520000,0.020000,3.000000,4.000000,1.800000,13.500000,2.000000,0.000000,0.000000,0.003832,0.219545,0.026968,1.545136,-0.002253,-0.129111,-0.023136,-1.325591,-0.003832,0.023136,75.957850,40.818068,71.957878,40.802741,73.757865,40.809638,60.262774,40.445618
33.540000,0.020000,3.000000,4.000000,1.800000,13.500000,2.000000,0.000000,0.000000,0.003798,0.217608,0.026865,1.539245,-0.002247,-0.128726,-0.023067,-1.321637,-0.003798,0.023067,76.017850,40.818163,72.017878,40.802971,73.817865,40.809807,60.322736,40.447175
33.560000,0.020000,3.000000,4.000000,1.800000,13.500000,2.000000,0.000000,0.000000,0.003764,0.215677,0.026762,1.533371,-0.002240,-0.128342,-0.022998,-1.317694,-0.003764,0.022998,76.077850,40.818256,72.077877,40.803199,73.877865,40.809974,60.382699,40.448726
33.580000,0.020000,3.000000,4.000000,1.800000,13.500000,2.000000,0.000000,0.000000,0.003731,0.213752,0.026660,1.527515,-0.002233,-0.127960,-0.022929,-1.313763,-0.003731,0.022929,76.137850,40.818347,72.137877,40.803425,73.937864,40.810140,60.442662,40.450270
33.600000,0.020000,3.000000,4.000000,1.800000,13.500000,2.000000,0.000000,0.000000,0.003697,0.211833,0.026558,1.521677,-0.002227,-0.127578,-0.022861,-1.309844,-0.003697,0.022861,76.197850,40.818437,72.197876,40.803648,73.997864,40.810303,60.502625,40.451809
33.620000,0.020000,3.000000,4.000000,1.800000,13.500000,2.000000,0.000000,0.000000,0.003664,0.209919,0.026457,1.515856,-0.002220,-0.127198,-0.022793,-1.305937,-0.003664,0.022793,76.257850,40.818525,72.257876,40.803870,74.057864,40.810465,60.562588,40.453342
33.640000,0.020000,3.000000,4.000000,1.800000,13.500000,2.000000,0.000000,0.000000,0.003630,0.208011,0.026355,1.510052,-0.002213,-0.126818,-0.022725,-1.302041,-0.003630,0.022725,76.317850,40.818612,72.317875,40.804090,74.117863,40.810625,60.622552,40.454869
33.660000,0.020000,3.000000,4.000000,1.800000,13.500000,2.000000,0.000000,0.000000,0.003597,0.206109,0.026254,1.504266,-0.002207,-0.126440,-0.022657,-1.298157,-0.003597,0.022657,76.377850,40.818697,72.377875,40.804308,74.177863,40.810783,60.682515,40.456389
33.680000,0.020000,3.000000,4.000000,1.800000,13.500000,2.000000,0.000000,0.000000,0.003564,0.204212,0.026154,1.498497,-0.002200,-0.126063,-0.022590,-1.294285,-0.003564,0.022590,76.437850,40.818780,72.437874,40.804524,74.237863,40.810939,60.742479,40.457905
33.700000,0.020000,3.000000,4.000000,1.800000,13.500000,2.000000,0.000000,0.000000,0.003531,0.202321,0.026053,1.492745,-0.002194,-0.125687,-0.022522,-1.290424,-0.003531,0.022522,76.497850,40.818862,72.497873,40.804738,74.297862,40.811094,60.802444,40.459414
33.720000,0.020000,3.000000,4.000000,1.800000,13.500000,2.000000,0.000000,0.000000,0.003498,0.200436,0.025953,1.487010,-0.002187,-0.125312,-0.022455,-1.286574,-0.003498,0.022455,76.557850,40.818943,72.557873,40.804950,74.357862,40.811246,60.862408,40.460917
33.740000,0.020000,3.000000,4.000000,1.800000,13.500000,2.000000,0.000000,0.000000,0.003465,0.198556,0.025853,1.481293,-0.002181,-0.124938,-0.022388,-1.282736,-0.003465,0.022388,76.617850,40.819021,72.617872,40.805159,74.417862,40.811397,60.922373,40.462415
33.760000,0.020000,3.000000,4.000000,1.800000,13.500000,2.000000,0.000000,0.000000,0.003433,0.196682,0.025754,1.475592,-0.002174,-0.124566,-0.022321,-1.278910,-0.003433,0.022321,76.677849,40.819098,72.677872,40.805367,74.477861,40.811546,60.982338,40.463907
33.780000,0.020000,3.000000,4.000000,1.800000,13.500000,2.000000,0.000000,0.000000,0.003400,0.194814,0.025655,1.469908,-0.002168,-0.124194,-0.022255,-1.275095,-0.003400,0.022255,76.737849,40.819174,72.737871,40.805573,74.537861,40.811694,61.042303,40.465393
33.800000,0.020000,3.000000,4.000000,1.800000,13.500000,2.000000,0.000000,0.000000,0.003368,0.192951,0.025556,1.464242,-0.002161,-0.123824,-0.022188,-1.271291,-0.003368,0.022188,76.797849,40.819248,72.797871,40.805777,74.597861,40.811839,61.102269,40.466873
33.820000,0.020000,3.000000,4.000000,1.800000,13.500000,2.000000,0.000000,0.000000,0.003335,0.191093,0.025457,1.458592,-0.002155,-0.123455,-0.022122,-1.267499,-0.003335,0.022122,76.857849,40.819320,72.857870,40.805979,74.657860,40.811983,61.162235,40.468347
33.840000,0.020000,3.000000,4.000000,1.800000,13.500000,2.000000,0.000000,0.000000,0.003303,0.189242,0.025359,1.452959,-0.002148,-0.123087,-0.022056,-1.263718,-0.003303,0.022056,76.917849,40.819391,72.917870,40.806179,74.717860,40.812125,61.222201,40.469816
33.860000,0.020000,3.000000,4.000000,1.800000,13.500000,2.000000,0.000000,0.000000,0.003271,0.187395,0.025261,1.447343,-0.002142,-0.122719,-0.021990,-1.259948,-0.003271,0.021990,76.977849,40.819460,72.977870,40.806378,74.777860,40.812265,61.282167,40.471279
33.880000,0.020000,3.000000,4.000000,1.800000,13.500000,2.000000,0.000000,0.000000,0.003239,0.185554,0.025163,1.441744,-0.002135,-0.122354,-0.021925,-1.256189,-0.003239,0.021925,77.037849,40.819528,73.037869,40.806574,74.837860,40.812403,61.342133,40.472736
33.900000,0.020000,3.000000,4.000000,1.800000,13.500000,2.000000,0.000000,0.000000,0.003207,0.183719,0.025066,1.436161,-0.002129,-0.121989,-0.021859,-1.252442,-0.003207,0.021859,77.097849,40.819594,73.097869,40.806768,74.897859,40.812540,61.402100,40.474188
33.920000,0.020000,3.000000,4.000000,1.800000,13.500000,2.000000,0.000000,0.000000,0.003175,0.181889,0.024969,1.430595,-0.002123,-0.121625,-0.021794,-1.248706,-0.003175,0.021794,77.157849,40.819659,73.157868,40.806961,74.957859,40.812675,61.462067,40.475634
33.940000,0.020000,3.000000,4.000000,1.800000,13.500000,2.000000,0.000000,0.000000,0.003143,0.180065,0.024872,1.425046,-0.002116,-0.121262,-0.021729,-1.244981,-0.003143,0.021729,77.217849,40.819722,73.217868,40.807151,75.017859,40.812808,61.522034,40.477074
33.960000,0.020000,3.000000,4.000000,1.800000,13.500000,2.000000,0.000000,0.000000,0.003111,0.178246,0.024775,1.419513,-0.002110,-0.120900,-0.021664,-1.241267,-0.003111,0.021664,77.277849,40.819784,73.277867,40.807340,75.077859,40.812939,61.582002,40.478509
33.980000,0.020000,3.000000,4.000000,1.800000,13.500000,2.000000,0.000000,0.000000,0.003079,0.176433,0.024679,1.413997,-0.002104,-0.120540,-0.021600,-1.237564,-0.003079,0.021600,77.337849,40.819844,73.337867,40.807526,75.137858,40.813069,61.641969,40.479938
34.000000,0.020000,3.000000,4.000000,1.800000,13.500000,2.000000,0.000000,0.000000,0.003048,0.174624,0.024583,1.408497,-0.002098,-0.120180,-0.021535,-1.233873,-0.003048,0.021535,77.397849,40.819902,73.397866,40.807711,75.197858,40.813197,61.701937,40.481361
34.020000,0.020000,3.000000,4.000000,1.800000,13.500000,2.000000,0.000000,0.000000,0.003016,0.172822,0.024487,1.403014,-0.002091,-0.119822,-0.021471,-1.230192,-0.003016,0.021471,77.457849,40.819959,73.457866,40.807894,75.257858,40.813323,61.761905,40.482779
34.040000,0.020000,3.000000,4.000000,1.800000,13.500000,2.000000,0.000000,0.000000,0.002985,0.171024,0.024392,1.397547,-0.002085,-0.119465,-0.021407,-1.226522,-0.002985,0.021407,77.517849,40.820015,73.517866,40.808075,75.317858,40.813448,61.821873,40.484191
34.060000,0.020000,3.000000,4.000000,1.800000,13.500000,2.000000,0.000000,0.000000,0.002954,0.169232,0.024297,1.392096,-0.002079,-0.119108,-0.021343,-1.222863,-0.002954,0.021343,77.577849,40.820069,73.577865,40.808254,75.377857,40.813571,61.881842,40.485598
34.080000,0.020000,3.000000,4.000000,1.800000,13.500000,2.000000,0.000000,0.000000,0.002922,0.167446,0.024202,1.386661,-0.002073,-0.118753,-0.021279,-1.219215,-0.002922,0.021279,77.637849,40.820121,73.637865,40.808431,75.437857,40.813692,61.941811,40.486999
34.100000,0.020000,3.000000,4.000000,1.800000,13.500000,2.000000,0.000000,0.000000,0.002891,0.165665,0.024107,1.381243,-0.002066,-0.118399,-0.021216,-1.215578,-0.002891,0.021216,77.697849,40.820172,73.697864,40.808607,75.497857,40.813811,62.001780,40.488395
34.120000,0.020000,3.000000,4.000000,1.800000,13.500000,2.000000,0.000000,0.000000,0.002860,0.163889,0.024013,1.375841,-0.002060,-0.118046,-0.021153,-1.211952,-0.002860,0.021153,77.757849,40.820222,73.757864,40.808780,75.557857,40.813929,62.061749,40.489785
34.140000,0.020000,3.000000,4.000000,1.800000,13.500000,2.000000,0.000000,0.000000,0.002829,0.162118,0.023919,1.370455,-0.002054,-0.117694,-0.021089,-1.208337,-0.002829,0.021089,77.817849,40.820270,73.817864,40.808952,75.617857,40.814045,62.121718,40.491170
34.160000,0.020000,3.000000,4.000000,1.800000,13.500000,2.000000,0.000000,0.000000,0.002799,0.160352,0.023825,1.365085,-0.002048,-0.117343,-0.021027,-1.204732,-0.002799,0.021027,77.877849,40.820316,73.877863,40.809121,75.677856,40.814159,62.181688,40.492549
34.180000,0.020000,3.000000,4.000000,1.800000,13.500000,2.000000,0.000000,0.000000,0.002768,0.158592,0.023732,1.359731,-0.002042,-0.116993,-0.020964,-1.201139,-0.002768,0.020964,77.937849,40.820361,73.937863,40.809289,75.737856,40.814272,62.241658,40.493923
34.200000,0.020000,3.000000,4.000000,1.800000,13.500000,2.000000,0.000000,0.000000,0.002737,0.156837,0.023639,1.354393,-0.002036,-0.116644,-0.020901,-1.197555,-0.002737,0.020901,77.997849,40.820405,73.997863,40.809455,75.797856,40.814383,62.301628,40.495291
34.220000,0.020000,3.000000,4.000000,1.800000,13.500000,2.000000,0.000000,0.000000,0.002707,0.155088,0.023546,1.349071,-0.002030,-0.116296,-0.020839,-1.193983,-0.002707,0.020839,78.057849,40.820447,74.057862,40.809620,75.857856,40.814492,62.361598,40.496654
34.240000,0.020000,3.000000,4.000000,1.800000,13.500000,2.000000,0.000000,0.000000,0.002676,0.153343,0.023453,1.343765,-0.002024,-0.115949,-0.020777,-1.190421,-0.002676,0.020777,78.117849,40.820487,74.117862,40.809782,75.917855,40.814600,62.421568,40.498011
34.260000,0.020000,3.000000,4.000000,1.800000,13.500000,2.000000,0.000000,0.000000,0.002646,0.151604,0.023361,1.338474,-0.002018,-0.115603,-0.020715,-1.186870,-0.002646,0.020715,78.177849,40.820527,74.177862,40.809943,75.977855,40.814705,62.481539,40.499364
34.280000,0.020000,3.000000,4.000000,1.800000,13.500000,2.000000,0.000000,0.000000,0.002616,0.149870,0.023269,1.333200,-0.002012,-0.115259,-0.020653,-1.183330,-0.002616,0.020653,78.237849,40.820564,74.237861,40.810101,76.037855,40.814810,62.541510,40.500710
34.300000,0.020000,3.000000,4.000000,1.800000,13.500000,2.000000,0.000000,0.000000,0.002586,0.148141,0.023177,1.327941,-0.002006,-0.114915,-0.020591,-1.179800,-0.002586,0.020591,78.297849,40.820601,74.297861,40.810258,76.097855,40.814912,62.601481,40.502052
34.320000,0.020000,3.000000,4.000000,1.800000,13.500000,2.000000,0.000000,0.000000,0.002555,0.146417,0.023085,1.322698,-0.002000,-0.114572,-0.020530,-1.176280,-0.002555,0.020530,78.357849,40.820635,74.357861,40.810413,76.157855,40.815013,62.661452,40.503388
34.340000,0.020000,3.000000,4.000000,1.800000,13.500000,2.000000,0.000000,0.000000,0.002525,0.144699,0.022994,1.317470,-0.001994,-0.114231,-0.020469,-1.172771,-0.002525,0.020469,78.417849,40.820669,74.417860,40.810567,76.217855,40.815113,62.721423,40.504718
34.360000,0.020000,3.000000,4.000000,1.800000,13.500000,2.000000,0.000000,0.000000,0.002496,0.142985,0.022903,1.312258,-0.001988,-0.113890,-0.020408,-1.169273,-0.002496,0.020408,78.477849,40.820701,74.477860,40.810718,76.277854,40.815210,62.781395,40.506044
34.380000,0.020000,3.000000,4.000000,1.800000,13.500000,2.000000,0.000000,0.000000,0.002466,0.141277,0.022813,1.307062,-0.001982,-0.113550,-0.020347,-1.165785,-0.002466,0.020347,78.537849,40.820731,74.537860,40.810868,76.337854,40.815306,62.841367,40.507364
34.400000,0.020000,3.000000,4.000000,1.800000,13.500000,2.000000,0.000000,0.000000,0.002436,0.139574,0.022722,1.301881,-0.001976,-0.113212,-0.020286,-1.162307,-0.002436,0.020286,78.597849,40.820760,74.597859,40.811016,76.397854,40.815401,62.901339,40.508679
34.420000,0.020000,3.000000,4.000000,1.800000,13.500000,2.000000,0.000000,0.000000,0.002406,0.137876,0.022632,1.296715,-0.001970,-0.112874,-0.020226,-1.158840,-0.002406,0.020226,78.657849,40.820788,74.657859,40.811162,76.457854,40.815494,62.961311,40.509988
34.440000,0.020000,3.000000,4.000000,1.800000,13.500000,2.000000,0.000000,0.000000,0.002377,0.136183,0.022542,1.291565,-0.001964,-0.112537,-0.020165,-1.155383,-0.002377,0.020165,78.717849,40.820814,74.717859,40.811307,76.517854,40.815585,63.021284,40.511293
34.460000,0.020000,3.000000,4.000000,1.800000,13.500000,2.000000,0.000000,0.000000,0.002347,0.134494,0.022452,1.286431,-0.001958,-0.112202,-0.020105,-1.151936,-0.002347,0.020105,78.777849,40.820839,74.777859,40.811449,76.577854,40.815674,63.081256,40.512592
34.480000,0.020000,3.000000,4.000000,1.800000,13.500000,2.000000,0.000000,0.000000,0.002318,0.132811,0.022363,1.281311,-0.001952,-0.111867,-0.020045,-1.148500,-0.002318,0.020045,78.837849,40.820862,74.837858,40.811590,76.637853,40.815762,63.141229,40.513886
34.500000,0.020000,3.000000,4.000000,1.800000,13.500000,2.000000,0.000000,0.000000,0.002289,0.131133,0.022274,1.276207,-0.001947,-0.111533,-0.019985,-1.145074,-0.002289,0.019985,78.897849,40.820884,74.897858,40.811729,76.697853,40.815849,63.201202,40.515174
34.520000,0.020000,3.000000,4.000000,1.800000,13.500000,2.000000,0.000000,0.000000,0.002260,0.129460,0.022185,1.271118,-0.001941,-0.111201,-0.019926,-1.141658,-0.002260,0.019926,78.957849,40.820904,74.957858,40.811866,76.757853,40.815934,63.261175,40.516458
34.540000,0.020000,3.000000,4.000000,1.800000,13.500000,2.000000,0.000000,0.000000,0.002230,0.127792,0.022097,1.266045,-0.001935,-0.110869,-0.019866,-1.138252,-0.002230,0.019866,79.017849,40.820924,75.017857,40.812002,76.817853,40.816017,63.321149,40.517736
34.560000,0.020000,3.000000,4.000000,1.800000,13.500000,2.000000,0.000000,0.000000,0.002201,0.126129,0.022008,1.260986,-0.001929,-0.110538,-0.019807,-1.134857,-0.002201,0.019807,79.077849,40.820941,75.077857,40.812136,76.877853,40.816098,63.381122,40.519009
34.580000,0.020000,3.000000,4.000000,1.800000,13.500000,2.000000,0.000000,0.000000,0.002172,0.124471,0.021920,1.255943,-0.001924,-0.110209,-0.019748,-1.131471,-0.002172,0.019748,79.137849,40.820958,75.137857,40.812268,76.937853,40.816178,63.441096,40.520277
34.600000,0.020000,3.000000,4.000000,1.800000,13.500000,2.000000,0.000000,0.000000,0.002144,0.122818,0.021833,1.250914,-0.001918,-0.109880,-0.019689,-1.128096,-0.002144,0.019689,79.197849,40.820973,75.197857,40.812398,76.997853,40.816257,63.501070,40.521540
34.620000,0.020000,3.000000,4.000000,1.800000,13.500000,2.000000,0.000000,0.000000,0.002115,0.121170,0.021745,1.245901,-0.001912,-0.109552,-0.019630,-1.124731,-0.002115,0.019630,79.257849,40.820986,75.257856,40.812527,77.057852,40.816334,63.561044,40.522798
34.640000,0.020000,3.000000,4.000000,1.800000,13.500000,2.000000,0.000000,0.000000,0.002086,0.119527,0.021658,1.240902,-0.001906,-0.109226,-0.019572,-1.121376,-0.002086,0.019572,79.317849,40.820998,75.317856,40.812654,77.117852,40.816409,63.621018,40.524051
34.660000,0.020000,3.000000,4.000000,1.800000,13.500000,2.000000,0.000000,0.000000,0.002058,0.117888,0.021571,1.235919,-0.001901,-0.108900,-0.019513,-1.118030,-0.002058,0.019513,79.377849,40.821009,75.377856,40.812779,77.177852,40.816482,63.680993,40.525299
34.680000,0.020000,3.000000,4.000000,1.800000,13.500000,2.000000,0.000000,0.000000,0.002029,0.116255,0.021484,1.230950,-0.001895,-0.108575,-0.019455,-1.114695,-0.002029,0.019455,79.437849,40.821018,75.437856,40.812902,77.237852,40.816555,63.740967,40.526541
34.700000,0.020000,3.000000,4.000000,1.800000,13.500000,2.000000,0.000000,0.000000,0.002001,0.114626,0.021398,1.225996,-0.001889,-0.108251,-0.019397,-1.111370,-0.002001,0.019397,79.497849,40.821027,75.497855,40.813024,77.297852,40.816625,63.800942,40.527779
34.720000,0.020000,3.000000,4.000000,1.800000,13.500000,2.000000,0.000000,0.000000,0.001972,0.113002,0.021311,1.221057,-0.001884,-0.107928,-0.019339,-1.108055,-0.001972,0.019339,79.557849,40.821033,75.557855,40.813144,77.357852,40.816694,63.860917,40.529011
34.740000,0.020000,3.000000,4.000000,1.800000,13.500000,2.000000,0.000000,0.000000,0.001944,0.111384,0.021226,1.216133,-0.001878,-0.107607,-0.019282,-1.104749,-0.001944,0.019282,79.617849,40.821039,75.617855,40.813262,77.417852,40.816762,63.920893,40.530239
34.760000,0.020000,3.000000,4.000000,1.800000,13.500000,2.000000,0.000000,0.000000,0.001916,0.109769,0.021140,1.211223,-0.001872,-0.107286,-0.019224,-1.101454,-0.001916,0.019224,79.677849,40.821042,75.677855,40.813379,77.477851,40.816828,63.980868,40.531461
34.780000,0.020000,3.000000,4.000000,1.800000,13.500000,2.000000,0.000000,0.000000,0.001888,0.108160,0.021054,1.206328,-0.001867,-0.106966,-0.019167,-1.098168,-0.001888,0.019167,79.737849,40.821045,75.737855,40.813494,77.537851,40.816892,64.040843,40.532679
34.800000,0.020000,3.000000,4.000000,1.800000,13.500000,2.000000,0.000000,0.000000,0.001860,0.106556,0.020969,1.201448,-0.001861,-0.106647,-0.019109,-1.094892,-0.001860,0.019109,79.797849,40.821046,75.797854,40.813607,77.597851,40.816955,64.100819,40.533891
34.820000,0.020000,3.000000,4.000000,1.800000,13.500000,2.000000,0.000000,0.000000,0.001832,0.104956,0.020884,1.196582,-0.001856,-0.106329,-0.019052,-1.091626,-0.001832,0.019052,79.857849,40.821046,75.857854,40.813719,77.657851,40.817016,64.160795,40.535099
34.840000,0.020000,3.000000,4.000000,1.800000,13.500000,2.000000,0.000000,0.000000,0.001804,0.103361,0.020800,1.191730,-0.001850,-0.106011,-0.018996,-1.088369,-0.001804,0.018996,79.917849,40.821045,75.917854,40.813829,77.717851,40.817076,64.220771,40.536301
34.860000,0.020000,3.000000,4.000000,1.800000,13.500000,2.000000,0.000000,0.000000,0.001776,0.101771,0.020715,1.186893,-0.001845,-0.105695,-0.018939,-1.085123,-0.001776,0.018939,79.977849,40.821042,75.977854,40.813937,77.777851,40.817134,64.280747,40.537499
34.880000,0.020000,3.000000,4.000000,1.800000,13.500000,2.000000,0.000000,0.000000,0.001749,0.100185,0.020631,1.182071,-0.001839,-0.105380,-0.018882,-1.081885,-0.001749,0.018882,80.037849,40.821038,76.037854,40.814044,77.837851,40.817191,64.340724,40.538692
34.900000,0.020000,3.000000,4.000000,1.800000,13.500000,2.000000,0.000000,0.000000,0.001721,0.098605,0.020547,1.177263,-0.001834,-0.105066,-0.018826,-1.078658,-0.001721,0.018826,80.097849,40.821032,76.097853,40.814149,77.897851,40.817246,64.400700,40.539880
34.920000,0.020000,3.000000,4.000000,1.800000,13.500000,2.000000,0.000000,0.000000,0.001693,0.097029,0.020463,1.172469,-0.001828,-0.104752,-0.018770,-1.075440,-0.001693,0.018770,80.157849,40.821026,76.157853,40.814252,77.957851,40.817300,64.460677,40.541063
34.940000,0.020000,3.000000,4.000000,1.800000,13.500000,2.000000,0.000000,0.000000,0.001666,0.095457,0.020380,1.167690,-0.001823,-0.104440,-0.018714,-1.072232,-0.001666,0.018714,80.217849,40.821018,76.217853,40.814353,78.017850,40.817352,64.520654,40.542241
34.960000,0.020000,3.000000,4.000000,1.800000,13.500000,2.000000,0.000000,0.000000,0.001639,0.093891,0.020297,1.162924,-0.001817,-0.104128,-0.018658,-1.069034,-0.001639,0.018658,80.277849,40.821008,76.277853,40.814453,78.077850,40.817403,64.580631,40.543414
34.980000,0.020000,3.000000,4.000000,1.800000,13.500000,2.000000,0.000000,0.000000,0.001611,0.092329,0.020214,1.158173,-0.001812,-0.103818,-0.018602,-1.065845,-0.001611,0.018602,80.337849,40.820997,76.337853,40.814552,78.137850,40.817452,64.640608,40.544583
35.000000,0.020000,3.000000,4.000000,1.800000,13.500000,2.000000,0.000000,0.000000,0.001584,0.090772,0.020131,1.153437,-0.001812,-0.103818,-0.018547,-1.062665,-0.001611,0.018602,80.397849,40.820985,76.397852,40.814648,78.197850,40.817500,64.700586,40.545746