time_s,dt_s,v_input_mps,l_m,l_h_m,L_m,width_m,theta_ref_rad,theta_ref_deg,theta_rad,theta_deg,theta_t_rad,theta_t_deg,alpha_rad,alpha_deg,phi_rad,phi_deg,e_theta_rad,e_phi_rad,xA_m,yA_m,xB_m,yB_m,xH_m,yH_m,xT_m,yT_m
0.000000,0.020000,3.000000,4.000000,1.800000,13.500000,2.000000,1.570796,90.000000,1.570796,90.000000,1.570796,90.000000,0.000000,0.000000,0.000000,0.000000,0.000000,0.000000,0.000000,4.000000,0.000000,0.000000,0.000000,1.800000,-0.000000,-11.700000
0.020000,0.020000,3.000000,4.000000,1.800000,13.500000,2.000000,1.570796,90.000000,1.570796,90.000000,1.570796,90.000000,0.000000,0.000000,0.000000,0.000000,0.000000,0.000000,0.000000,4.060000,0.000000,0.060000,0.000000,1.860000,-0.000000,-11.640000
0.040000,0.020000,3.000000,4.000000,1.800000,13.500000,2.000000,1.570796,90.000000,1.570796,90.000000,1.570796,90.000000,0.000000,0.000000,0.000000,0.000000,0.000000,0.000000,0.000000,4.120000,0.000000,0.120000,0.000000,1.920000,-0.000000,-11.580000
0.060000,0.020000,3.000000,4.000000,1.800000,13.500000,2.000000,1.570796,90.000000,1.570796,90.000000,1.570796,90.000000,0.000000,0.000000,0.000000,0.000000,0.000000,0.000000,0.000000,4.180000,0.000000,0.180000,0.000000,1.980000,-0.000000,-11.520000
0.080000,0.020000,3.000000,4.000000,1.800000,13.500000,2.000000,1.570796,90.000000,1.570796,90.000000,1.570796,90.000000,0.000000,0.000000,0.000000,0.000000,0.000000,0.000000,0.000000,4.240000,0.000000,0.240000,0.000000,2.040000,-0.000000,-11.460000
0.100000,0.020000,3.000000,4.000000,1.800000,13.500000,2.000000,1.570796,90.000000,1.570796,90.000000,1.570796,90.000000,0.000000,0.000000,0.000000,0.000000,0.000000,0.000000,0.000000,4.300000,0.000000,0.300000,0.000000,2.100000,-0.000000,-11.400000
0.120000,0.020000,3.000000,4.000000,1.800000,13.500000,2.000000,1.570796,90.000000,1.570796,90.000000,1.570796,90.000000,0.000000,0.000000,0.000000,0.000000,0.000000,0.000000,0.000000,4.360000,0.000000,0.360000,0.000000,2.160000,-0.000000,-11.340000
0.140000,0.020000,3.000000,4.000000,1.800000,13.500000,2.000000,1.570796,90.000000,1.570796,90.000000,1.570796,90.000000,0.000000,0.000000,0.000000,0.000000,0.000000,0.000000,0.000000,4.420000,0.000000,0.420000,0.000000,2.220000,-0.000000,-11.280000
0.160000,0.020000,3.000000,4.000000,1.800000,13.500000,2.000000,1.570796,90.000000,1.570796,90.000000,1.570796,90.000000,0.000000,0.000000,0.000000,0.000000,0.000000,0.000000,0.000000,4.480000,0.000000,0.480000,0.000000,2.280000,-0.000000,-11.220000
0.180000,0.020000,3.000000,4.000000,1.800000,13.500000,2.000000,1.570796,90.000000,1.570796,90.000000,1.570796,90.000000,0.000000,0.000000,0.000000,0.000000,0.000000,0.000000,0.000000,4.540000,0.000000,0.540000,0.000000,2.340000,-0.000000,-11.160000
0.200000,0.020000,3.000000,4.000000,1.800000,13.500000,2.000000,1.570796,90.000000,1.570796,90.000000,1.570796,90.000000,0.000000,0.000000,0.000000,0.000000,0.000000,0.000000,0.000000,4.600000,0.000000,0.600000,0.000000,2.400000,-0.000000,-11.100000
0.220000,0.020000,3.000000,4.000000,1.800000,13.500000,2.000000,1.570796,90.000000,1.570796,90.000000,1.570796,90.000000,0.000000,0.000000,0.000000,0.000000,0.000000,0.000000,0.000000,4.660000,0.000000,0.660000,0.000000,2.460000,-0.000000,-11.040000
0.240000,0.020000,3.000000,4.000000,1.800000,13.500000,2.000000,1.570796,90.000000,1.570796,90.000000,1.570796,90.000000,0.000000,0.000000,0.000000,0.000000,0.000000,0.000000,0.000000,4.720000,0.000000,0.720000,0.000000,2.520000,-0.000000,-10.980000
0.260000,0.020000,3.000000,4.000000,1.800000,13.500000,2.000000,1.570796,90.000000,1.570796,90.000000,1.570796,90.000000,0.000000,0.000000,0.000000,0.000000,0.000000,0.000000,0.000000,4.780000,0.000000,0.780000,0.000000,2.580000,-0.000000,-10.920000
0.280000,0.020000,3.000000,4.000000,1.800000,13.500000,2.000000,1.570796,90.000000,1.570796,90.000000,1.570796,90.000000,0.000000,0.000000,0.000000,0.000000,0.000000,0.000000,0.000000,4.840000,0.000000,0.840000,0.000000,2.640000,-0.000000,-10.860000
0.300000,0.020000,3.000000,4.000000,1.800000,13.500000,2.000000,1.570796,90.000000,1.570796,90.000000,1.570796,90.000000,0.000000,0.000000,0.000000,0.000000,0.000000,0.000000,0.000000,4.900000,0.000000,0.900000,0.000000,2.700000,-0.000000,-10.800000
0.320000,0.020000,3.000000,4.000000,1.800000,13.500000,2.000000,1.570796,90.000000,1.570796,90.000000,1.570796,90.000000,0.000000,0.000000,0.000000,0.000000,0.000000,0.000000,0.000000,4.960000,0.000000,0.960000,0.000000,2.760000,-0.000000,-10.740000
0.340000,0.020000,3.000000,4.000000,1.800000,13.500000,2.000000,1.570796,90.000000,1.570796,90.000000,1.570796,90.000000,0.000000,0.000000,0.000000,0.000000,0.000000,0.000000,0.000000,5.020000,0.000000,1.020000,0.000000,2.820000,-0.000000,-10.680000
0.360000,0.020000,3.000000,4.000000,1.800000,13.500000,2.000000,1.570796,90.000000,1.570796,90.000000,1.570796,90.000000,0.000000,0.000000,0.000000,0.000000,0.000000,0.000000,0.000000,5.080000,0.000000,1.080000,0.000000,2.880000,-0.000000,-10.620000
0.380000,0.020000,3.000000,4.000000,1.800000,13.500000,2.000000,1.570796,90.000000,1.570796,90.000000,1.570796,90.000000,0.000000,0.000000,0.000000,0.000000,0.000000,0.000000,0.000000,5.140000,0.000000,1.140000,0.000000,2.940000,-0.000000,-10.560000
0.400000,0.020000,3.000000,4.000000,1.800000,13.500000,2.000000,1.570796,90.000000,1.570796,90.000000,1.570796,90.000000,0.000000,0.000000,0.000000,0.000000,0.000000,0.000000,0.000000,5.200000,0.000000,1.200000,0.000000,3.000000,-0.000000,-10.500000
0.420000,0.020000,3.000000,4.000000,1.800000,13.500000,2.000000,1.570796,90.000000,1.570796,90.000000,1.570796,90.000000,0.000000,0.000000,0.000000,0.000000,0.000000,0.000000,0.000000,5.260000,0.000000,1.260000,0.000000,3.060000,-0.000000,-10.440000
0.440000,0.020000,3.000000,4.000000,1.800000,13.500000,2.000000,1.570796,90.000000,1.570796,90.000000,1.570796,90.000000,0.000000,0.000000,0.000000,0.000000,0.000000,0.000000,0.000000,5.320000,0.000000,1.320000,0.000000,3.120000,-0.000000,-10.380000
0.460000,0.020000,3.000000,4.000000,1.800000,13.500000,2.000000,1.570796,90.000000,1.570796,90.000000,1.570796,90.000000,0.000000,0.000000,0.000000,0.000000,0.000000,0.000000,0.000000,5.380000,0.000000,1.380000,0.000000,3.180000,-0.000000,-10.320000
0.480000,0.020000,3.000000,4.000000,1.800000,13.500000,2.000000,1.570796,90.000000,1.570796,90.000000,1.570796,90.000000,0.000000,0.000000,0.000000,0.000000,0.000000,0.000000,0.000000,5.440000,0.000000,1.440000,0.000000,3.240000,-0.000000,-10.260000
0.500000,0.020000,3.000000,4.000000,1.800000,13.500000,2.000000,1.570796,90.000000,1.570796,90.000000,1.570796,90.000000,0.000000,0.000000,0.000000,0.000000,0.000000,0.000000,0.000000,5.500000,0.000000,1.500000,0.000000,3.300000,-0.000000,-10.200000
0.520000,0.020000,3.000000,4.000000,1.800000,13.500000,2.000000,1.570796,90.000000,1.570796,90.000000,1.570796,90.000000,0.000000,0.000000,0.000000,0.000000,0.000000,0.000000,0.000000,5.560000,0.000000,1.560000,0.000000,3.360000,-0.000000,-10.140000
0.540000,0.020000,3.000000,4.000000,1.800000,13.500000,2.000000,1.570796,90.000000,1.570796,90.000000,1.570796,90.000000,0.000000,0.000000,0.000000,0.000000,0.000000,0.000000,0.000000,5.620000,0.000000,1.620000,0.000000,3.420000,-0.000000,-10.080000
0.560000,0.020000,3.000000,4.000000,1.800000,13.500000,2.000000,1.570796,90.000000,1.570796,90.000000,1.570796,90.000000,0.000000,0.000000,0.000000,0.000000,0.000000,0.000000,0.000000,5.680000,0.000000,1.680000,0.000000,3.480000,-0.000000,-10.020000
0.580000,0.020000,3.000000,4.000000,1.800000,13.500000,2.000000,1.570796,90.000000,1.570796,90.000000,1.570796,90.000000,0.000000,0.000000,0.000000,0.000000,0.000000,0.000000,0.000000,5.740000,0.000000,1.740000,0.000000,3.540000,-0.000000,-9.960000
0.600000,0.020000,3.000000,4.000000,1.800000,13.500000,2.000000,1.570796,90.000000,1.570796,90.000000,1.570796,90.000000,0.000000,0.000000,0.000000,0.000000,0.000000,0.000000,0.000000,5.800000,0.000000,1.800000,0.000000,3.600000,-0.000000,-9.900000
0.620000,0.020000,3.000000,4.000000,1.800000,13.500000,2.000000,1.570796,90.000000,1.570796,90.000000,1.570796,90.000000,0.000000,0.000000,0.000000,0.000000,0.000000,0.000000,0.000000,5.860000,0.000000,1.860000,0.000000,3.660000,-0.000000,-9.840000
0.640000,0.020000,3.000000,4.000000,1.800000,13.500000,2.000000,1.570796,90.000000,1.570796,90.000000,1.570796,90.000000,0.000000,0.000000,0.000000,0.000000,0.000000,0.000000,0.000000,5.920000,0.000000,1.920000,0.000000,3.720000,-0.000000,-9.780000
0.660000,0.020000,3.000000,4.000000,1.800000,13.500000,2.000000,1.570796,90.000000,1.570796,90.000000,1.570796,90.000000,0.000000,0.000000,0.000000,0.000000,0.000000,0.000000,0.000000,5.980000,0.000000,1.980000,0.000000,3.780000,-0.000000,-9.720000
0.680000,0.020000,3.000000,4.000000,1.800000,13.500000,2.000000,1.570796,90.000000,1.570796,90.000000,1.570796,90.000000,0.000000,0.000000,0.000000,0.000000,0.000000,0.000000,0.000000,6.040000,0.000000,2.040000,0.000000,3.840000,-0.000000,-9.660000
0.700000,0.020000,3.000000,4.000000,1.800000,13.500000,2.000000,1.570796,90.000000,1.570796,90.000000,1.570796,90.000000,0.000000,0.000000,0.000000,0.000000,0.000000,0.000000,0.000000,6.100000,0.000000,2.100000,0.000000,3.900000,-0.000000,-9.600000
0.720000,0.020000,3.000000,4.000000,1.800000,13.500000,2.000000,1.570796,90.000000,1.570796,90.000000,1.570796,90.000000,0.000000,0.000000,0.000000,0.000000,0.000000,0.000000,0.000000,6.160000,0.000000,2.160000,0.000000,3.960000,-0.000000,-9.540000
0.740000,0.020000,3.000000,4.000000,1.800000,13.500000,2.000000,1.570796,90.000000,1.570796,90.000000,1.570796,90.000000,0.000000,0.000000,0.000000,0.000000,0.000000,0.000000,0.000000,6.220000,0.000000,2.220000,0.000000,4.020000,-0.000000,-9.480000
0.760000,0.020000,3.000000,4.000000,1.800000,13.500000,2.000000,1.570796,90.000000,1.570796,90.000000,1.570796,90.000000,0.000000,0.000000,0.000000,0.000000,0.000000,0.000000,0.000000,6.280000,0.000000,2.280000,0.000000,4.080000,-0.000000,-9.420000
0.780000,0.020000,3.000000,4.000000,1.800000,13.500000,2.000000,1.570796,90.000000,1.570796,90.000000,1.570796,90.000000,0.000000,0.000000,0.000000,0.000000,0.000000,0.000000,0.000000,6.340000,0.000000,2.340000,0.000000,4.140000,-0.000000,-9.360000
0.800000,0.020000,3.000000,4.000000,1.800000,13.500000,2.000000,1.570796,90.000000,1.570796,90.000000,1.570796,90.000000,0.000000,0.000000,0.000000,0.000000,0.000000,0.000000,0.000000,6.400000,0.000000,2.400000,0.000000,4.200000,-0.000000,-9.300000
0.820000,0.020000,3.000000,4.000000,1.800000,13.500000,2.000000,1.570796,90.000000,1.570796,90.000000,1.570796,90.000000,0.000000,0.000000,0.000000,0.000000,0.000000,0.000000,0.000000,6.460000,0.000000,2.460000,0.000000,4.260000,-0.000000,-9.240000
0.840000,0.020000,3.000000,4.000000,1.800000,13.500000,2.000000,1.570796,90.000000,1.570796,90.000000,1.570796,90.000000,0.000000,0.000000,0.000000,0.000000,0.000000,0.000000,0.000000,6.520000,0.000000,2.520000,0.000000,4.320000,-0.000000,-9.180000
0.860000,0.020000,3.000000,4.000000,1.800000,13.500000,2.000000,1.570796,90.000000,1.570796,90.000000,1.570796,90.000000,0.000000,0.000000,0.000000,0.000000,0.000000,0.000000,0.000000,6.580000,0.000000,2.580000,0.000000,4.380000,-0.000000,-9.120000
0.880000,0.020000,3.000000,4.000000,1.800000,13.500000,2.000000,1.570796,90.000000,1.570796,90.000000,1.570796,90.000000,0.000000,0.000000,0.000000,0.000000,0.000000,0.000000,0.000000,6.640000,0.000000,2.640000,0.000000,4.440000,-0.000000,-9.060000
0.900000,0.020000,3.000000,4.000000,1.800000,13.500000,2.000000,1.570796,90.000000,1.570796,90.000000,1.570796,90.000000,0.000000,0.000000,0.000000,0.000000,0.000000,0.000000,0.000000,6.700000,0.000000,2.700000,0.000000,4.500000,-0.000000,-9.000000
0.920000,0.020000,3.000000,4.000000,1.800000,13.500000,2.000000,1.570796,90.000000,1.570796,90.000000,1.570796,90.000000,0.000000,0.000000,0.000000,0.000000,0.000000,0.000000,0.000000,6.760000,0.000000,2.760000,0.000000,4.560000,-0.000000,-8.940000
0.940000,0.020000,3.000000,4.000000,1.800000,13.500000,2.000000,1.570796,90.000000,1.570796,90.000000,1.570796,90.000000,0.000000,0.000000,0.000000,0.000000,0.000000,0.000000,0.000000,6.820000,0.000000,2.820000,0.000000,4.620000,-0.000000,-8.880000
0.960000,0.020000,3.000000,4.000000,1.800000,13.500000,2.000000,1.570796,90.000000,1.570796,90.000000,1.570796,90.000000,0.000000,0.000000,0.000000,0.000000,0.000000,0.000000,0.000000,6.880000,0.000000,2.880000,0.000000,4.680000,-0.000000,-8.820000
0.980000,0.020000,3.000000,4.000000,1.800000,13.500000,2.000000,1.570796,90.000000,1.570796,90.000000,1.570796,90.000000,0.000000,0.000000,0.000000,0.000000,0.000000,0.000000,0.000000,6.940000,0.000000,2.940000,0.000000,4.740000,-0.000000,-8.760000
1.000000,0.020000,3.000000,4.000000,1.800000,13.500000,2.000000,1.570796,90.000000,1.570796,90.000000,1.570796,90.000000,0.000000,0.000000,0.000000,0.000000,0.000000,0.000000,0.000000,7.000000,0.000000,3.000000,0.000000,4.800000,-0.000000,-8.700000
1.020000,0.020000,3.000000,4.000000,1.800000,13.500000,2.000000,1.570796,90.000000,1.570796,90.000000,1.570796,90.000000,0.000000,0.000000,0.000000,0.000000,0.000000,0.000000,0.000000,7.060000,0.000000,3.060000,0.000000,4.860000,-0.000000,-8.640000
1.040000,0.020000,3.000000,4.000000,1.800000,13.500000,2.000000,1.570796,90.000000,1.570796,90.000000,1.570796,90.000000,0.000000,0.000000,0.000000,0.000000,0.000000,0.000000,0.000000,7.120000,0.000000,3.120000,0.000000,4.920000,-0.000000,-8.580000
1.060000,0.020000,3.000000,4.000000,1.800000,13.500000,2.000000,1.570796,90.000000,1.570796,90.000000,1.570796,90.000000,0.000000,0.000000,0.000000,0.000000,0.000000,0.000000,0.000000,7.180000,0.000000,3.180000,0.000000,4.980000,-0.000000,-8.520000
1.080000,0.020000,3.000000,4.000000,1.800000,13.500000,2.000000,1.570796,90.000000,1.570796,90.000000,1.570796,90.000000,0.000000,0.000000,0.000000,0.000000,0.000000,0.000000,0.000000,7.240000,0.000000,3.240000,0.000000,5.040000,-0.000000,-8.460000
1.100000,0.020000,3.000000,4.000000,1.800000,13.500000,2.000000,1.570796,90.000000,1.570796,90.000000,1.570796,90.000000,0.000000,0.000000,0.000000,0.000000,0.000000,0.000000,0.000000,7.300000,0.000000,3.300000,0.000000,5.100000,-0.000000,-8.400000
1.120000,0.020000,3.000000,4.000000,1.800000,13.500000,2.000000,1.570796,90.000000,1.570796,90.000000,1.570796,90.000000,0.000000,0.000000,0.000000,0.000000,0.000000,0.000000,0.000000,7.360000,0.000000,3.360000,0.000000,5.160000,-0.000000,-8.340000
1.140000,0.020000,3.000000,4.000000,1.800000,13.500000,2.000000,1.570796,90.000000,1.570796,90.000000,1.570796,90.000000,0.000000,0.000000,0.000000,0.000000,0.000000,0.000000,0.000000,7.420000,0.000000,3.420000,0.000000,5.220000,-0.000000,-8.280000
1.160000,0.020000,3.000000,4.000000,1.800000,13.500000,2.000000,1.570796,90.000000,1.570796,90.000000,1.570796,90.000000,0.000000,0.000000,0.000000,0.000000,0.000000,0.000000,0.000000,7.480000,0.000000,3.480000,0.000000,5.280000,-0.000000,-8.220000
1.180000,0.020000,3.000000,4.000000,1.800000,13.500000,2.000000,1.570796,90.000000,1.570796,90.000000,1.570796,90.000000,0.000000,0.000000,0.000000,0.000000,0.000000,0.000000,0.000000,7.540000,0.000000,3.540000,0.000000,5.340000,-0.000000,-8.160000
1.200000,0.020000,3.000000,4.000000,1.800000,13.500000,2.000000,1.570796,90.000000,1.570796,90.000000,1.570796,90.000000,0.000000,0.000000,0.000000,0.000000,0.000000,0.000000,0.000000,7.600000,0.000000,3.600000,0.000000,5.400000,-0.000000,-8.100000
1.220000,0.020000,3.000000,4.000000,1.800000,13.500000,2.000000,1.570796,90.000000,1.570796,90.000000,1.570796,90.000000,0.000000,0.000000,0.000000,0.000000,0.000000,0.000000,0.000000,7.660000,0.000000,3.660000,0.000000,5.460000,-0.000000,-8.040000
1.240000,0.020000,3.000000,4.000000,1.800000,13.500000,2.000000,1.570796,90.000000,1.570796,90.000000,1.570796,90.000000,0.000000,0.000000,0.000000,0.000000,0.000000,0.000000,0.000000,7.720000,0.000000,3.720000,0.000000,5.520000,-0.000000,-7.980000
1.260000,0.020000,3.000000,4.000000,1.800000,13.500000,2.000000,1.570796,90.000000,1.570796,90.000000,1.570796,90.000000,0.000000,0.000000,0.000000,0.000000,0.000000,0.000000,0.000000,7.780000,0.000000,3.780000,0.000000,5.580000,-0.000000,-7.920000
1.280000,0.020000,3.000000,4.000000,1.800000,13.500000,2.000000,1.570796,90.000000,1.570796,90.000000,1.570796,90.000000,0.000000,0.000000,0.000000,0.000000,0.000000,0.000000,0.000000,7.840000,0.000000,3.840000,0.000000,5.640000,-0.000000,-7.860000
1.300000,0.020000,3.000000,4.000000,1.800000,13.500000,2.000000,1.570796,90.000000,1.570796,90.000000,1.570796,90.000000,0.000000,0.000000,0.000000,0.000000,0.000000,0.000000,0.000000,7.900000,0.000000,3.900000,0.000000,5.700000,-0.000000,-7.800000
1.320000,0.020000,3.000000,4.000000,1.800000,13.500000,2.000000,1.570796,90.000000,1.570796,90.000000,1.570796,90.000000,0.000000,0.000000,0.000000,0.000000,0.000000,0.000000,0.000000,7.960000,0.000000,3.960000,0.000000,5.760000,-0.000000,-7.740000
1.340000,0.020000,3.000000,4.000000,1.800000,13.500000,2.000000,1.570796,90.000000,1.570796,90.000000,1.570796,90.000000,0.000000,0.000000,0.000000,0.000000,0.000000,0.000000,0.000000,8.020000,0.000000,4.020000,0.000000,5.820000,-0.000000,-7.680000
1.360000,0.020000,3.000000,4.000000,1.800000,13.500000,2.000000,1.570796,90.000000,1.570796,90.000000,1.570796,90.000000,0.000000,0.000000,0.000000,0.000000,0.000000,0.000000,0.000000,8.080000,0.000000,4.080000,0.000000,5.880000,-0.000000,-7.620000
1.380000,0.020000,3.000000,4.000000,1.800000,13.500000,2.000000,1.570796,90.000000,1.570796,90.000000,1.570796,90.000000,0.000000,0.000000,0.000000,0.000000,0.000000,0.000000,0.000000,8.140000,0.000000,4.140000,0.000000,5.940000,-0.000000,-7.560000
1.400000,0.020000,3.000000,4.000000,1.800000,13.500000,2.000000,1.570796,90.000000,1.570796,90.000000,1.570796,90.000000,0.000000,0.000000,0.000000,0.000000,0.000000,0.000000,0.000000,8.200000,0.000000,4.200000,0.000000,6.000000,-0.000000,-7.500000
1.420000,0.020000,3.000000,4.000000,1.800000,13.500000,2.000000,1.570796,90.000000,1.570796,90.000000,1.570796,90.000000,0.000000,0.000000,0.000000,0.000000,0.000000,0.000000,0.000000,8.260000,0.000000,4.260000,0.000000,6.060000,-0.000000,-7.440000
1.440000,0.020000,3.000000,4.000000,1.800000,13.500000,2.000000,1.570796,90.000000,1.570796,90.000000,1.570796,90.000000,0.000000,0.000000,0.000000,0.000000,0.000000,0.000000,0.000000,8.320000,0.000000,4.320000,0.000000,6.120000,-0.000000,-7.380000
1.460000,0.020000,3.000000,4.000000,1.800000,13.500000,2.000000,1.570796,90.000000,1.570796,90.000000,1.570796,90.000000,0.000000,0.000000,0.000000,0.000000,0.000000,0.000000,0.000000,8.380000,0.000000,4.380000,0.000000,6.180000,-0.000000,-7.320000
1.480000,0.020000,3.000000,4.000000,1.800000,13.500000,2.000000,1.570796,90.000000,1.570796,90.000000,1.570796,90.000000,0.000000,0.000000,0.000000,0.000000,0.000000,0.000000,0.000000,8.440000,0.000000,4.440000,0.000000,6.240000,-0.000000,-7.260000
1.500000,0.020000,3.000000,4.000000,1.800000,13.500000,2.000000,1.570796,90.000000,1.570796,90.000000,1.570796,90.000000,0.000000,0.000000,0.000000,0.000000,0.000000,0.000000,0.000000,8.500000,0.000000,4.500000,0.000000,6.300000,-0.000000,-7.200000
1.520000,0.020000,3.000000,4.000000,1.800000,13.500000,2.000000,1.570796,90.000000,1.570796,90.000000,1.570796,90.000000,0.000000,0.000000,0.000000,0.000000,0.000000,0.000000,0.000000,8.560000,0.000000,4.560000,0.000000,6.360000,-0.000000,-7.140000
1.540000,0.020000,3.000000,4.000000,1.800000,13.500000,2.000000,1.570796,90.000000,1.570796,90.000000,1.570796,90.000000,0.000000,0.000000,0.000000,0.000000,0.000000,0.000000,0.000000,8.620000,0.000000,4.620000,0.000000,6.420000,-0.000000,-7.080000
1.560000,0.020000,3.000000,4.000000,1.800000,13.500000,2.000000,1.570796,90.000000,1.570796,90.000000,1.570796,90.000000,0.000000,0.000000,0.000000,0.000000,0.000000,0.000000,0.000000,8.680000,0.000000,4.680000,0.000000,6.480000,-0.000000,-7.020000
1.580000,0.020000,3.000000,4.000000,1.800000,13.500000,2.000000,1.570796,90.000000,1.570796,90.000000,1.570796,90.000000,0.000000,0.000000,0.000000,0.000000,0.000000,0.000000,0.000000,8.740000,0.000000,4.740000,0.000000,6.540000,-0.000000,-6.960000
1.600000,0.020000,3.000000,4.000000,1.800000,13.500000,2.000000,1.570796,90.000000,1.570796,90.000000,1.570796,90.000000,0.000000,0.000000,0.000000,0.000000,0.000000,0.000000,0.000000,8.800000,0.000000,4.800000,0.000000,6.600000,-0.000000,-6.900000
1.620000,0.020000,3.000000,4.000000,1.800000,13.500000,2.000000,1.570796,90.000000,1.570796,90.000000,1.570796,90.000000,0.000000,0.000000,0.000000,0.000000,0.000000,0.000000,0.000000,8.860000,0.000000,4.860000,0.000000,6.660000,-0.000000,-6.840000
1.640000,0.020000,3.000000,4.000000,1.800000,13.500000,2.000000,1.570796,90.000000,1.570796,90.000000,1.570796,90.000000,0.000000,0.000000,0.000000,0.000000,0.000000,0.000000,0.000000,8.920000,0.000000,4.920000,0.000000,6.720000,-0.000000,-6.780000
1.660000,0.020000,3.000000,4.000000,1.800000,13.500000,2.000000,1.570796,90.000000,1.570796,90.000000,1.570796,90.000000,0.000000,0.000000,0.000000,0.000000,0.000000,0.000000,0.000000,8.980000,0.000000,4.980000,0.000000,6.780000,-0.000000,-6.720000
1.680000,0.020000,3.000000,4.000000,1.800000,13.500000,2.000000,1.570796,90.000000,1.570796,90.000000,1.570796,90.000000,0.000000,0.000000,0.000000,0.000000,0.000000,0.000000,0.000000,9.040000,0.000000,5.040000,0.000000,6.840000,-0.000000,-6.660000
1.700000,0.020000,3.000000,4.000000,1.800000,13.500000,2.000000,1.570796,90.000000,1.570796,90.000000,1.570796,90.000000,0.000000,0.000000,0.000000,0.000000,0.000000,0.000000,0.000000,9.100000,0.000000,5.100000,0.000000,6.900000,-0.000000,-6.600000
1.720000,0.020000,3.000000,4.000000,1.800000,13.500000,2.000000,1.570796,90.000000,1.570796,90.000000,1.570796,90.000000,0.000000,0.000000,0.000000,0.000000,0.000000,0.000000,0.000000,9.160000,0.000000,5.160000,0.000000,6.960000,-0.000000,-6.540000
1.740000,0.020000,3.000000,4.000000,1.800000,13.500000,2.000000,1.570796,90.000000,1.570796,90.000000,1.570796,90.000000,0.000000,0.000000,0.000000,0.000000,0.000000,0.000000,0.000000,9.220000,0.000000,5.220000,0.000000,7.020000,-0.000000,-6.480000
1.760000,0.020000,3.000000,4.000000,1.800000,13.500000,2.000000,1.570796,90.000000,1.570796,90.000000,1.570796,90.000000,0.000000,0.000000,0.000000,0.000000,0.000000,0.000000,0.000000,9.280000,0.000000,5.280000,0.000000,7.080000,-0.000000,-6.420000
1.780000,0.020000,3.000000,4.000000,1.800000,13.500000,2.000000,1.570796,90.000000,1.570796,90.000000,1.570796,90.000000,0.000000,0.000000,0.000000,0.000000,0.000000,0.000000,0.000000,9.340000,0.000000,5.340000,0.000000,7.140000,-0.000000,-6.360000
1.800000,0.020000,3.000000,4.000000,1.800000,13.500000,2.000000,1.570796,90.000000,1.570796,90.000000,1.570796,90.000000,0.000000,0.000000,0.000000,0.000000,0.000000,0.000000,0.000000,9.400000,0.000000,5.400000,0.000000,7.200000,-0.000000,-6.300000
1.820000,0.020000,3.000000,4.000000,1.800000,13.500000,2.000000,1.570796,90.000000,1.570796,90.000000,1.570796,90.000000,0.000000,0.000000,0.000000,0.000000,0.000000,0.000000,0.000000,9.460000,0.000000,5.460000,0.000000,7.260000,-0.000000,-6.240000
1.840000,0.020000,3.000000,4.000000,1.800000,13.500000,2.000000,1.570796,90.000000,1.570796,90.000000,1.570796,90.000000,0.000000,0.000000,0.000000,0.000000,0.000000,0.000000,0.000000,9.520000,0.000000,5.520000,0.000000,7.320000,-0.000000,-6.180000
1.860000,0.020000,3.000000,4.000000,1.800000,13.500000,2.000000,1.570796,90.000000,1.570796,90.000000,1.570796,90.000000,0.000000,0.000000,0.000000,0.000000,0.000000,0.000000,0.000000,9.580000,0.000000,5.580000,0.000000,7.380000,-0.000000,-6.120000
1.880000,0.020000,3.000000,4.000000,1.800000,13.500000,2.000000,1.570796,90.000000,1.570796,90.000000,1.570796,90.000000,0.000000,0.000000,0.000000,0.000000,0.000000,0.000000,0.000000,9.640000,0.000000,5.640000,0.000000,7.440000,-0.000000,-6.060000
1.900000,0.020000,3.000000,4.000000,1.800000,13.500000,2.000000,1.570796,90.000000,1.570796,90.000000,1.570796,90.000000,0.000000,0.000000,0.000000,0.000000,0.000000,0.000000,0.000000,9.700000,0.000000,5.700000,0.000000,7.500000,-0.000000,-6.000000
1.920000,0.020000,3.000000,4.000000,1.800000,13.500000,2.000000,1.570796,90.000000,1.570796,90.000000,1.570796,90.000000,0.000000,0.000000,0.000000,0.000000,0.000000,0.000000,0.000000,9.760000,0.000000,5.760000,0.000000,7.560000,-0.000000,-5.940000
1.940000,0.020000,3.000000,4.000000,1.800000,13.500000,2.000000,1.570796,90.000000,1.570796,90.000000,1.570796,90.000000,0.000000,0.000000,0.000000,0.000000,0.000000,0.000000,0.000000,9.820000,0.000000,5.820000,0.000000,7.620000,-0.000000,-5.880000
1.960000,0.020000,3.000000,4.000000,1.800000,13.500000,2.000000,1.570796,90.000000,1.570796,90.000000,1.570796,90.000000,0.000000,0.000000,0.000000,0.000000,0.000000,0.000000,0.000000,9.880000,0.000000,5.880000,0.000000,7.680000,-0.000000,-5.820000
1.980000,0.020000,3.000000,4.000000,1.800000,13.500000,2.000000,1.570796,90.000000,1.570796,90.000000,1.570796,90.000000,0.000000,0.000000,0.000000,0.000000,0.000000,0.000000,0.000000,9.940000,0.000000,5.940000,0.000000,7.740000,-0.000000,-5.760000
2.000000,0.020000,3.000000,4.000000,1.800000,13.500000,2.000000,1.570796,90.000000,1.570796,90.000000,1.570796,90.000000,0.000000,0.000000,0.000000,0.000000,0.000000,0.000000,0.000000,10.000000,0.000000,6.000000,0.000000,7.800000,-0.000000,-5.700000
2.020000,0.020000,3.000000,4.000000,1.800000,13.500000,2.000000,1.570796,90.000000,1.570796,90.000000,1.570796,90.000000,0.000000,0.000000,0.000000,0.000000,0.000000,0.000000,0.000000,10.060000,0.000000,6.060000,0.000000,7.860000,-0.000000,-5.640000
2.040000,0.020000,3.000000,4.000000,1.800000,13.500000,2.000000,1.570796,90.000000,1.570796,90.000000,1.570796,90.000000,0.000000,0.000000,0.000000,0.000000,0.000000,0.000000,0.000000,10.120000,0.000000,6.120000,0.000000,7.920000,-0.000000,-5.580000
2.060000,0.020000,3.000000,4.000000,1.800000,13.500000,2.000000,1.570796,90.000000,1.570796,90.000000,1.570796,90.000000,0.000000,0.000000,0.000000,0.000000,0.000000,0.000000,0.000000,10.180000,0.000000,6.180000,0.000000,7.980000,-0.000000,-5.520000
2.080000,0.020000,3.000000,4.000000,1.800000,13.500000,2.000000,1.570796,90.000000,1.570796,90.000000,1.570796,90.000000,0.000000,0.000000,0.000000,0.000000,0.000000,0.000000,0.000000,10.240000,0.000000,6.240000,0.000000,8.040000,-0.000000,-5.460000
2.100000,0.020000,3.000000,4.000000,1.800000,13.500000,2.000000,1.570796,90.000000,1.570796,90.000000,1.570796,90.000000,0.000000,0.000000,0.000000,0.000000,0.000000,0.000000,0.000000,10.300000,0.000000,6.300000,0.000000,8.100000,-0.000000,-5.400000
2.120000,0.020000,3.000000,4.000000,1.800000,13.500000,2.000000,1.570796,90.000000,1.570796,90.000000,1.570796,90.000000,0.000000,0.000000,0.000000,0.000000,0.000000,0.000000,0.000000,10.360000,0.000000,6.360000,0.000000,8.160000,-0.000000,-5.340000
2.140000,0.020000,3.000000,4.000000,1.800000,13.500000,2.000000,1.570796,90.000000,1.570796,90.000000,1.570796,90.000000,0.000000,0.000000,0.000000,0.000000,0.000000,0.000000,0.000000,10.420000,0.000000,6.420000,0.000000,8.220000,-0.000000,-5.280000
2.160000,0.020000,3.000000,4.000000,1.800000,13.500000,2.000000,1.570796,90.000000,1.570796,90.000000,1.570796,90.000000,0.000000,0.000000,0.000000,0.000000,0.000000,0.000000,0.000000,10.480000,0.000000,6.480000,0.000000,8.280000,-0.000000,-5.220000
2.180000,0.020000,3.000000,4.000000,1.800000,13.500000,2.000000,1.570796,90.000000,1.570796,90.000000,1.570796,90.000000,0.000000,0.000000,0.000000,0.000000,0.000000,0.000000,0.000000,10.540000,0.000000,6.540000,0.000000,8.340000,-0.000000,-5.160000
2.200000,0.020000,3.000000,4.000000,1.800000,13.500000,2.000000,1.570796,90.000000,1.570796,90.000000,1.570796,90.000000,0.000000,0.000000,0.000000,0.000000,0.000000,0.000000,0.000000,10.600000,0.000000,6.600000,0.000000,8.400000,-0.000000,-5.100000
2.220000,0.020000,3.000000,4.000000,1.800000,13.500000,2.000000,1.570796,90.000000,1.570796,90.000000,1.570796,90.000000,0.000000,0.000000,0.000000,0.000000,0.000000,0.000000,0.000000,10.660000,0.000000,6.660000,0.000000,8.460000,-0.000000,-5.040000
2.240000,0.020000,3.000000,4.000000,1.800000,13.500000,2.000000,1.570796,90.000000,1.570796,90.000000,1.570796,90.000000,0.000000,0.000000,0.000000,0.000000,0.000000,0.000000,0.000000,10.720000,0.000000,6.720000,0.000000,8.520000,-0.000000,-4.980000
2.260000,0.020000,3.000000,4.000000,1.800000,13.500000,2.000000,1.570796,90.000000,1.570796,90.000000,1.570796,90.000000,0.000000,0.000000,0.000000,0.000000,0.000000,0.000000,0.000000,10.780000,0.000000,6.780000,0.000000,8.580000,-0.000000,-4.920000
2.280000,0.020000,3.000000,4.000000,1.800000,13.500000,2.000000,1.570796,90.000000,1.570796,90.000000,1.570796,90.000000,0.000000,0.000000,0.000000,0.000000,0.000000,0.000000,0.000000,10.840000,0.000000,6.840000,0.000000,8.640000,-0.000000,-4.860000
2.300000,0.020000,3.000000,4.000000,1.800000,13.500000,2.000000,1.570796,90.000000,1.570796,90.000000,1.570796,90.000000,0.000000,0.000000,0.000000,0.000000,0.000000,0.000000,0.000000,10.900000,0.000000,6.900000,0.000000,8.700000,-0.000000,-4.800000
2.320000,0.020000,3.000000,4.000000,1.800000,13.500000,2.000000,1.570796,90.000000,1.570796,90.000000,1.570796,90.000000,0.000000,0.000000,0.000000,0.000000,0.000000,0.000000,0.000000,10.960000,0.000000,6.960000,0.000000,8.760000,-0.000000,-4.740000
2.340000,0.020000,3.000000,4.000000,1.800000,13.500000,2.000000,1.570796,90.000000,1.570796,90.000000,1.570796,90.000000,0.000000,0.000000,0.000000,0.000000,0.000000,0.000000,0.000000,11.020000,0.000000,7.020000,0.000000,8.820000,-0.000000,-4.680000
2.360000,0.020000,3.000000,4.000000,1.800000,13.500000,2.000000,1.570796,90.000000,1.570796,90.000000,1.570796,90.000000,0.000000,0.000000,0.000000,0.000000,0.000000,0.000000,0.000000,11.080000,0.000000,7.080000,0.000000,8.880000,-0.000000,-4.620000
2.380000,0.020000,3.000000,4.000000,1.800000,13.500000,2.000000,1.570796,90.000000,1.570796,90.000000,1.570796,90.000000,0.000000,0.000000,0.000000,0.000000,0.000000,0.000000,0.000000,11.140000,0.000000,7.140000,0.000000,8.940000,-0.000000,-4.560000
2.400000,0.020000,3.000000,4.000000,1.800000,13.500000,2.000000,1.570796,90.000000,1.570796,90.000000,1.570796,90.000000,0.000000,0.000000,0.000000,0.000000,0.000000,0.000000,0.000000,11.200000,0.000000,7.200000,0.000000,9.000000,-0.000000,-4.500000
2.420000,0.020000,3.000000,4.000000,1.800000,13.500000,2.000000,1.570796,90.000000,1.570796,90.000000,1.570796,90.000000,0.000000,0.000000,0.000000,0.000000,0.000000,0.000000,0.000000,11.260000,0.000000,7.260000,0.000000,9.060000,-0.000000,-4.440000
2.440000,0.020000,3.000000,4.000000,1.800000,13.500000,2.000000,1.570796,90.000000,1.570796,90.000000,1.570796,90.000000,0.000000,0.000000,0.000000,0.000000,0.000000,0.000000,0.000000,11.320000,0.000000,7.320000,0.000000,9.120000,-0.000000,-4.380000
2.460000,0.020000,3.000000,4.000000,1.800000,13.500000,2.000000,1.570796,90.000000,1.570796,90.000000,1.570796,90.000000,0.000000,0.000000,0.000000,0.000000,0.000000,0.000000,0.000000,11.380000,0.000000,7.380000,0.000000,9.180000,-0.000000,-4.320000
2.480000,0.020000,3.000000,4.000000,1.800000,13.500000,2.000000,1.570796,90.000000,1.570796,90.000000,1.570796,90.000000,0.000000,0.000000,0.000000,0.000000,0.000000,0.000000,0.000000,11.440000,0.000000,7.440000,0.000000,9.240000,-0.000000,-4.260000
2.500000,0.020000,3.000000,4.000000,1.800000,13.500000,2.000000,1.570796,90.000000,1.570796,90.000000,1.570796,90.000000,0.000000,0.000000,0.000000,0.000000,0.000000,0.000000,0.000000,11.500000,0.000000,7.500000,0.000000,9.300000,-0.000000,-4.200000
2.520000,0.020000,3.000000,4.000000,1.800000,13.500000,2.000000,1.570796,90.000000,1.570796,90.000000,1.570796,90.000000,0.000000,0.000000,0.000000,0.000000,0.000000,0.000000,0.000000,11.560000,0.000000,7.560000,0.000000,9.360000,-0.000000,-4.140000
2.540000,0.020000,3.000000,4.000000,1.800000,13.500000,2.000000,1.570796,90.000000,1.570796,90.000000,1.570796,90.000000,0.000000,0.000000,0.000000,0.000000,0.000000,0.000000,0.000000,11.620000,0.000000,7.620000,0.000000,9.420000,-0.000000,-4.080000
2.560000,0.020000,3.000000,4.000000,1.800000,13.500000,2.000000,1.570796,90.000000,1.570796,90.000000,1.570796,90.000000,0.000000,0.000000,0.000000,0.000000,0.000000,0.000000,0.000000,11.680000,0.000000,7.680000,0.000000,9.480000,-0.000000,-4.020000
2.580000,0.020000,3.000000,4.000000,1.800000,13.500000,2.000000,1.570796,90.000000,1.570796,90.000000,1.570796,90.000000,0.000000,0.000000,0.000000,0.000000,0.000000,0.000000,0.000000,11.740000,0.000000,7.740000,0.000000,9.540000,-0.000000,-3.960000
2.600000,0.020000,3.000000,4.000000,1.800000,13.500000,2.000000,1.570796,90.000000,1.570796,90.000000,1.570796,90.000000,0.000000,0.000000,0.000000,0.000000,0.000000,0.000000,0.000000,11.800000,0.000000,7.800000,0.000000,9.600000,-0.000000,-3.900000
2.620000,0.020000,3.000000,4.000000,1.800000,13.500000,2.000000,1.570796,90.000000,1.570796,90.000000,1.570796,90.000000,0.000000,0.000000,0.000000,0.000000,0.000000,0.000000,0.000000,11.860000,0.000000,7.860000,0.000000,9.660000,-0.000000,-3.840000
2.640000,0.020000,3.000000,4.000000,1.800000,13.500000,2.000000,1.570796,90.000000,1.570796,90.000000,1.570796,90.000000,0.000000,0.000000,0.000000,0.000000,0.000000,0.000000,0.000000,11.920000,0.000000,7.920000,0.000000,9.720000,-0.000000,-3.780000
2.660000,0.020000,3.000000,4.000000,1.800000,13.500000,2.000000,1.570796,90.000000,1.570796,90.000000,1.570796,90.000000,0.000000,0.000000,0.000000,0.000000,0.000000,0.000000,0.000000,11.980000,0.000000,7.980000,0.000000,9.780000,-0.000000,-3.720000
2.680000,0.020000,3.000000,4.000000,1.800000,13.500000,2.000000,1.570796,90.000000,1.570796,90.000000,1.570796,90.000000,0.000000,0.000000,0.000000,0.000000,0.000000,0.000000,0.000000,12.040000,0.000000,8.040000,0.000000,9.840000,-0.000000,-3.660000
2.700000,0.020000,3.000000,4.000000,1.800000,13.500000,2.000000,1.570796,90.000000,1.570796,90.000000,1.570796,90.000000,0.000000,0.000000,0.000000,0.000000,0.000000,0.000000,0.000000,12.100000,0.000000,8.100000,0.000000,9.900000,-0.000000,-3.600000
2.720000,0.020000,3.000000,4.000000,1.800000,13.500000,2.000000,1.570796,90.000000,1.570796,90.000000,1.570796,90.000000,0.000000,0.000000,0.000000,0.000000,0.000000,0.000000,0.000000,12.160000,0.000000,8.160000,0.000000,9.960000,-0.000000,-3.540000
2.740000,0.020000,3.000000,4.000000,1.800000,13.500000,2.000000,1.570796,90.000000,1.570796,90.000000,1.570796,90.000000,0.000000,0.000000,0.000000,0.000000,0.000000,0.000000,0.000000,12.220000,0.000000,8.220000,0.000000,10.020000,-0.000000,-3.480000
2.760000,0.020000,3.000000,4.000000,1.800000,13.500000,2.000000,1.570796,90.000000,1.570796,90.000000,1.570796,90.000000,0.000000,0.000000,0.000000,0.000000,0.000000,0.000000,0.000000,12.280000,0.000000,8.280000,0.000000,10.080000,-0.000000,-3.420000
2.780000,0.020000,3.000000,4.000000,1.800000,13.500000,2.000000,1.570796,90.000000,1.570796,90.000000,1.570796,90.000000,0.000000,0.000000,0.000000,0.000000,0.000000,0.000000,0.000000,12.340000,0.000000,8.340000,0.000000,10.140000,-0.000000,-3.360000
2.800000,0.020000,3.000000,4.000000,1.800000,13.500000,2.000000,1.570796,90.000000,1.570796,90.000000,1.570796,90.000000,0.000000,0.000000,0.000000,0.000000,0.000000,0.000000,0.000000,12.400000,0.000000,8.400000,0.000000,10.200000,-0.000000,-3.300000
2.820000,0.020000,3.000000,4.000000,1.800000,13.500000,2.000000,1.570796,90.000000,1.570796,90.000000,1.570796,90.000000,0.000000,0.000000,0.000000,0.000000,0.000000,0.000000,0.000000,12.460000,0.000000,8.460000,0.000000,10.260000,-0.000000,-3.240000
2.840000,0.020000,3.000000,4.000000,1.800000,13.500000,2.000000,1.570796,90.000000,1.570796,90.000000,1.570796,90.000000,0.000000,0.000000,0.000000,0.000000,0.000000,0.000000,0.000000,12.520000,0.000000,8.520000,0.000000,10.320000,-0.000000,-3.180000
2.860000,0.020000,3.000000,4.000000,1.800000,13.500000,2.000000,1.570796,90.000000,1.570796,90.000000,1.570796,90.000000,0.000000,0.000000,0.000000,0.000000,0.000000,0.000000,0.000000,12.580000,0.000000,8.580000,0.000000,10.380000,-0.000000,-3.120000
2.880000,0.020000,3.000000,4.000000,1.800000,13.500000,2.000000,1.570796,90.000000,1.570796,90.000000,1.570796,90.000000,0.000000,0.000000,0.000000,0.000000,0.000000,0.000000,0.000000,12.640000,0.000000,8.640000,0.000000,10.440000,-0.000000,-3.060000
2.900000,0.020000,3.000000,4.000000,1.800000,13.500000,2.000000,1.570796,90.000000,1.570796,90.000000,1.570796,90.000000,0.000000,0.000000,0.000000,0.000000,0.000000,0.000000,0.000000,12.700000,0.000000,8.700000,0.000000,10.500000,-0.000000,-3.000000
2.920000,0.020000,3.000000,4.000000,1.800000,13.500000,2.000000,1.570796,90.000000,1.570796,90.000000,1.570796,90.000000,0.000000,0.000000,0.000000,0.000000,0.000000,0.000000,0.000000,12.760000,0.000000,8.760000,0.000000,10.560000,-0.000000,-2.940000
2.940000,0.020000,3.000000,4.000000,1.800000,13.500000,2.000000,1.570796,90.000000,1.570796,90.000000,1.570796,90.000000,0.000000,0.000000,0.000000,0.000000,0.000000,0.000000,0.000000,12.820000,0.000000,8.820000,0.000000,10.620000,-0.000000,-2.880000
2.960000,0.020000,3.000000,4.000000,1.800000,13.500000,2.000000,1.570796,90.000000,1.570796,90.000000,1.570796,90.000000,0.000000,0.000000,0.000000,0.000000,0.000000,0.000000,0.000000,12.880000,0.000000,8.880000,0.000000,10.680000,-0.000000,-2.820000
2.980000,0.020000,3.000000,4.000000,1.800000,13.500000,2.000000,1.570796,90.000000,1.570796,90.000000,1.570796,90.000000,0.000000,0.000000,0.000000,0.000000,0.000000,0.000000,0.000000,12.940000,0.000000,8.940000,0.000000,10.740000,-0.000000,-2.760000
3.000000,0.020000,3.000000,4.000000,1.800000,13.500000,2.000000,1.570796,90.000000,1.570796,90.000000,1.570796,90.000000,0.000000,0.000000,0.000000,0.000000,0.000000,0.000000,0.000000,13.000000,0.000000,9.000000,0.000000,10.800000,-0.000000,-2.700000
3.020000,0.020000,3.000000,4.000000,1.800000,13.500000,2.000000,1.568178,89.850000,1.570796,90.000000,1.570796,90.000000,-0.000236,-0.013503,0.000000,0.000000,-0.002618,0.000000,0.000000,13.060000,0.000000,9.060000,0.000000,10.860000,-0.000000,-2.640000
3.040000,0.020000,3.000000,4.000000,1.800000,13.500000,2.000000,1.565560,89.700000,1.570793,89.999797,1.570796,89.999973,-0.000564,-0.032312,-0.000003,-0.000176,-0.005232,0.000003,0.000014,13.120000,0.000000,9.120000,0.000006,10.920000,0.000000,-2.580000
3.060000,0.020000,3.000000,4.000000,1.800000,13.500000,2.000000,1.562942,89.550000,1.570784,89.999313,1.570795,89.999908,-0.000980,-0.056143,-0.000010,-0.000595,-0.007842,0.000010,0.000048,13.180000,0.000000,9.180000,0.000022,10.980000,0.000000,-2.520000
3.080000,0.020000,3.000000,4.000000,1.800000,13.500000,2.000000,1.560324,89.400000,1.570770,89.998471,1.570793,89.999793,-0.001479,-0.084724,-0.000023,-0.001322,-0.010445,0.000023,0.000108,13.240000,0.000001,9.240000,0.000049,11.040000,0.000000,-2.460000
3.100000,0.020000,3.000000,4.000000,1.800000,13.500000,2.000000,1.557706,89.250000,1.570747,89.997200,1.570790,89.999617,-0.002056,-0.117794,-0.000042,-0.002418,-0.013041,0.000042,0.000198,13.300000,0.000003,9.300000,0.000091,11.100000,0.000000,-2.400000
3.120000,0.020000,3.000000,4.000000,1.800000,13.500000,2.000000,1.555088,89.100000,1.570717,89.995433,1.570785,89.999371,-0.002707,-0.155099,-0.000069,-0.003938,-0.015628,0.000069,0.000324,13.360000,0.000005,9.360000,0.000149,11.160000,0.000001,-2.340000
3.140000,0.020000,3.000000,4.000000,1.800000,13.500000,2.000000,1.552470,88.950000,1.570676,89.993106,1.570780,89.999043,-0.003428,-0.196396,-0.000104,-0.005937,-0.018206,0.000104,0.000492,13.420000,0.000010,9.420000,0.000227,11.220000,0.000001,-2.280000
3.160000,0.020000,3.000000,4.000000,1.800000,13.500000,2.000000,1.549852,88.800000,1.570625,89.990160,1.570772,89.998624,-0.004214,-0.241453,-0.000148,-0.008464,-0.020772,0.000148,0.000704,13.479999,0.000017,9.479999,0.000327,11.279999,0.000002,-2.220001
3.180000,0.020000,3.000000,4.000000,1.800000,13.500000,2.000000,1.547234,88.650000,1.570561,89.986539,1.570763,89.998104,-0.005062,-0.290043,-0.000202,-0.011565,-0.023327,0.000202,0.000968,13.539999,0.000028,9.539999,0.000451,11.339999,0.000004,-2.160001
3.200000,0.020000,3.000000,4.000000,1.800000,13.500000,2.000000,1.544616,88.500000,1.570485,89.982188,1.570752,89.997472,-0.005968,-0.341952,-0.000267,-0.015284,-0.025869,0.000267,0.001285,13.599998,0.000042,9.599998,0.000601,11.399998,0.000006,-2.100002
3.220000,0.020000,3.000000,4.000000,1.800000,13.500000,2.000000,1.541998,88.350000,1.570396,89.977059,1.570739,89.996720,-0.006928,-0.396972,-0.000343,-0.019662,-0.028398,0.000343,0.001662,13.659997,0.000061,9.659997,0.000781,11.459997,0.000008,-2.040003
3.240000,0.020000,3.000000,4.000000,1.800000,13.500000,2.000000,1.539380,88.200000,1.570292,89.971104,1.570724,89.995839,-0.007940,-0.454903,-0.000432,-0.024735,-0.030912,0.000432,0.002102,13.719995,0.000085,9.719995,0.000992,11.519995,0.000012,-1.980005
3.260000,0.020000,3.000000,4.000000,1.800000,13.500000,2.000000,1.536762,88.050000,1.570173,89.964281,1.570706,89.994819,-0.008998,-0.515553,-0.000533,-0.030538,-0.033411,0.000533,0.002608,13.779993,0.000115,9.779993,0.001237,11.579993,0.000016,-1.920007
3.280000,0.020000,3.000000,4.000000,1.800000,13.500000,2.000000,1.534144,87.900000,1.570038,89.956548,1.570686,89.993652,-0.010101,-0.578740,-0.000648,-0.037105,-0.035894,0.000648,0.003186,13.839990,0.000152,9.839991,0.001517,11.639991,0.000022,-1.860009
3.300000,0.020000,3.000000,4.000000,1.800000,13.500000,2.000000,1.531526,87.750000,1.569886,89.947867,1.570662,89.992330,-0.011245,-0.644286,-0.000776,-0.044463,-0.038360,0.000776,0.003837,13.899986,0.000198,9.899988,0.001836,11.699987,0.000028,-1.800013
3.320000,0.020000,3.000000,4.000000,1.800000,13.500000,2.000000,1.528908,87.600000,1.569718,89.938203,1.570637,89.990844,-0.012427,-0.712022,-0.000919,-0.052641,-0.040809,0.000919,0.004567,13.959982,0.000252,9.959984,0.002194,11.759983,0.000036,-1.740017
3.340000,0.020000,3.000000,4.000000,1.800000,13.500000,2.000000,1.526290,87.450000,1.569531,89.927523,1.570608,89.989186,-0.013645,-0.781785,-0.001076,-0.061663,-0.043241,0.001076,0.005377,14.019977,0.000317,10.019979,0.002594,11.819978,0.000046,-1.680022
3.360000,0.020000,3.000000,4.000000,1.800000,13.500000,2.000000,1.523672,87.300000,1.569327,89.915796,1.570576,89.987348,-0.014895,-0.853421,-0.001249,-0.071552,-0.045654,0.001249,0.006271,14.079970,0.000393,10.079974,0.003038,11.879972,0.000057,-1.620028
3.380000,0.020000,3.000000,4.000000,1.800000,13.500000,2.000000,1.521054,87.150000,1.569103,89.902995,1.570540,89.985324,-0.016175,-0.926779,-0.001437,-0.082328,-0.048049,0.001437,0.007253,14.139962,0.000481,10.139967,0.003529,11.939965,0.000071,-1.560035
3.400000,0.020000,3.000000,4.000000,1.800000,13.500000,2.000000,1.518436,87.000000,1.568861,89.889094,1.570501,89.983104,-0.017483,-1.001718,-0.001641,-0.094010,-0.050424,0.001641,0.008325,14.199952,0.000583,10.199959,0.004067,11.999956,0.000086,-1.500044
3.420000,0.020000,3.000000,4.000000,1.800000,13.500000,2.000000,1.515818,86.850000,1.568598,89.874069,1.570459,89.980683,-0.018816,-1.078100,-0.001861,-0.106614,-0.052780,0.001861,0.009490,14.259941,0.000699,10.259950,0.004655,12.059946,0.000104,-1.440054
3.440000,0.020000,3.000000,4.000000,1.800000,13.500000,2.000000,1.513200,86.700000,1.568316,89.857899,1.570413,89.978053,-0.020172,-1.155793,-0.002097,-0.120155,-0.055116,0.002097,0.010751,14.319928,0.000831,10.319939,0.005295,12.119934,0.000124,-1.380065
3.460000,0.020000,3.000000,4.000000,1.800000,13.500000,2.000000,1.510582,86.550000,1.568014,89.840563,1.570364,89.975208,-0.021549,-1.234674,-0.002350,-0.134645,-0.057431,0.002350,0.012110,14.379912,0.000979,10.379927,0.005988,12.179920,0.000147,-1.320079
3.480000,0.020000,3.000000,4.000000,1.800000,13.500000,2.000000,1.507964,86.400000,1.567690,89.822044,1.570310,89.972141,-0.022944,-1.314623,-0.002620,-0.150096,-0.059726,0.002620,0.013570,14.439895,0.001146,10.439913,0.006737,12.239904,0.000173,-1.260095
3.500000,0.020000,3.000000,4.000000,1.800000,13.500000,2.000000,1.505346,86.250000,1.567346,89.802327,1.570253,89.968845,-0.024356,-1.395523,-0.002906,-0.166518,-0.062000,0.002906,0.015133,14.499874,0.001333,10.499896,0.007543,12.299886,0.000202,-1.200112
3.520000,0.020000,3.000000,4.000000,1.800000,13.500000,2.000000,1.502728,86.100000,1.566981,89.781396,1.570191,89.965314,-0.025783,-1.477268,-0.003210,-0.183918,-0.064252,0.003210,0.016801,14.559851,0.001540,10.559878,0.008407,12.359865,0.000235,-1.140132
3.540000,0.020000,3.000000,4.000000,1.800000,13.500000,2.000000,1.500110,85.950000,1.566594,89.759239,1.570125,89.961543,-0.027223,-1.559751,-0.003531,-0.202303,-0.066484,0.003531,0.018577,14.619825,0.001768,10.619858,0.009332,12.419842,0.000271,-1.080155
3.560000,0.020000,3.000000,4.000000,1.800000,13.500000,2.000000,1.497492,85.800000,1.566186,89.735846,1.570055,89.957525,-0.028674,-1.642874,-0.003869,-0.221679,-0.068693,0.003869,0.020462,14.679795,0.002020,10.679835,0.010319,12.479816,0.000311,-1.020180
3.580000,0.020000,3.000000,4.000000,1.800000,13.500000,2.000000,1.494875,85.650000,1.565756,89.711206,1.569980,89.953255,-0.030134,-1.726541,-0.004225,-0.242049,-0.070881,0.004225,0.022458,14.739762,0.002297,10.739810,0.011370,12.539787,0.000356,-0.960208
3.600000,0.020000,3.000000,4.000000,1.800000,13.500000,2.000000,1.492257,85.500000,1.565304,89.685312,1.569901,89.948727,-0.031602,-1.810661,-0.004597,-0.263415,-0.073047,0.004597,0.024568,14.799725,0.002599,10.799782,0.012485,12.599755,0.000404,-0.900240
3.620000,0.020000,3.000000,4.000000,1.800000,13.500000,2.000000,1.489639,85.350000,1.564830,89.658157,1.569818,89.943936,-0.033077,-1.895150,-0.004988,-0.285780,-0.075192,0.004988,0.026794,14.859684,0.002929,10.859751,0.013668,12.659719,0.000458,-0.840275
3.640000,0.020000,3.000000,4.000000,1.800000,13.500000,2.000000,1.487021,85.200000,1.564334,89.629735,1.569730,89.938877,-0.034556,-1.979924,-0.005396,-0.309143,-0.077313,0.005396,0.029136,14.919638,0.003286,10.919717,0.014919,12.719680,0.000517,-0.780313
3.660000,0.020000,3.000000,4.000000,1.800000,13.500000,2.000000,1.484403,85.050000,1.563816,89.600042,1.569636,89.933545,-0.036039,-2.064905,-0.005821,-0.333503,-0.079413,0.005821,0.031596,14.979587,0.003674,10.979680,0.016239,12.779636,0.000581,-0.720355
3.680000,0.020000,3.000000,4.000000,1.800000,13.500000,2.000000,1.481785,84.900000,1.563275,89.569075,1.569539,89.927935,-0.037525,-2.150019,-0.006263,-0.358860,-0.081491,0.006263,0.034176,15.039532,0.004092,11.039640,0.017630,12.839589,0.000650,-0.660401
3.700000,0.020000,3.000000,4.000000,1.800000,13.500000,2.000000,1.479167,84.750000,1.562713,89.536832,1.569436,89.922042,-0.039012,-2.235196,-0.006723,-0.385210,-0.083546,0.006723,0.036878,15.099471,0.004543,11.099596,0.019094,12.899537,0.000726,-0.600451
3.720000,0.020000,3.000000,4.000000,1.800000,13.500000,2.000000,1.476549,84.600000,1.562128,89.503313,1.569328,89.915863,-0.040498,-2.320369,-0.007200,-0.412550,-0.085579,0.007200,0.039703,15.159404,0.005028,11.159548,0.020632,12.959480,0.000807,-0.540505
3.740000,0.020000,3.000000,4.000000,1.800000,13.500000,2.000000,1.473931,84.450000,1.561520,89.468517,1.569215,89.909391,-0.041983,-2.405473,-0.007695,-0.440874,-0.087590,0.007695,0.042652,15.219332,0.005548,11.219497,0.022245,13.019419,0.000895,-0.480564
3.760000,0.020000,3.000000,4.000000,1.800000,13.500000,2.000000,1.471313,84.300000,1.560891,89.432446,1.569097,89.902624,-0.043467,-2.490450,-0.008206,-0.470179,-0.089578,0.008206,0.045726,15.279253,0.006104,11.279441,0.023934,13.079353,0.000990,-0.420628
3.780000,0.020000,3.000000,4.000000,1.800000,13.500000,2.000000,1.468695,84.150000,1.560239,89.395101,1.568973,89.895557,-0.044946,-2.575242,-0.008735,-0.500457,-0.091544,0.008735,0.048927,15.339168,0.006698,11.339382,0.025701,13.139281,0.001092,-0.360696
3.800000,0.020000,3.000000,4.000000,1.800000,13.500000,2.000000,1.466077,84.000000,1.559565,89.356485,1.568845,89.888187,-0.046422,-2.659795,-0.009280,-0.531702,-0.093488,0.009280,0.052255,15.399075,0.007330,11.399318,0.027547,13.199204,0.001201,-0.300770
3.820000,0.020000,3.000000,4.000000,1.800000,13.500000,2.000000,1.463459,83.850000,1.558869,89.316603,1.568711,89.880509,-0.047893,-2.744058,-0.009842,-0.563907,-0.095410,0.009842,0.055713,15.458976,0.008004,11.459260,0.029473,13.259132,0.001318,-0.240839
3.840000,0.020000,3.000000,4.000000,1.800000,13.500000,2.000000,1.460841,83.700000,1.558151,89.275457,1.568571,89.872520,-0.049358,-2.827984,-0.010421,-0.597063,-0.097310,0.010421,0.059300,15.518868,0.008718,11.519187,0.031480,13.319043,0.001443,-0.180923
3.860000,0.020000,3.000000,4.000000,1.800000,13.500000,2.000000,1.458223,83.550000,1.557411,89.233055,1.568426,89.864216,-0.050816,-2.911527,-0.011016,-0.631161,-0.099188,0.011016,0.063018,15.578753,0.009476,11.579109,0.033570,13.378948,0.001577,-0.121014
3.880000,0.020000,3.000000,4.000000,1.800000,13.500000,2.000000,1.455605,83.400000,1.556649,89.189401,1.568276,89.855595,-0.052266,-2.994644,-0.011627,-0.666194,-0.101044,0.011627,0.066867,15.638629,0.010278,11.639026,0.035743,13.438846,0.001719,-0.061111
3.900000,0.020000,3.000000,4.000000,1.800000,13.500000,2.000000,1.452987,83.250000,1.555865,89.144502,1.568120,89.846652,-0.053709,-3.077295,-0.012255,-0.702150,-0.102878,0.012255,0.070849,15.698497,0.011126,11.698938,0.038001,13.498738,0.001870,-0.001214
3.920000,0.020000,3.000000,4.000000,1.800000,13.500000,2.000000,1.450369,83.100000,1.555060,89.098365,1.567958,89.837385,-0.055143,-3.159444,-0.012898,-0.739020,-0.104691,0.012898,0.074964,15.758356,0.012021,11.758845,0.040345,13.558622,0.002030,0.058677
3.940000,0.020000,3.000000,4.000000,1.800000,13.500000,2.000000,1.447751,82.950000,1.554233,89.050997,1.567791,89.827790,-0.056567,-3.241053,-0.013558,-0.776793,-0.106482,0.013558,0.079213,15.818205,0.012963,11.818747,0.042776,13.618500,0.002200,0.118561
3.960000,0.020000,3.000000,4.000000,1.800000,13.500000,2.000000,1.445133,82.800000,1.553385,89.002407,1.567617,89.817865,-0.057981,-3.322091,-0.014232,-0.815458,-0.108252,0.014232,0.083597,15.878045,0.013955,11.878642,0.045294,13.678370,0.002380,0.178438
3.980000,0.020000,3.000000,4.000000,1.800000,13.500000,2.000000,1.442515,82.650000,1.552516,88.952604,1.567438,89.807608,-0.059385,-3.402527,-0.014923,-0.855004,-0.110001,0.014923,0.088116,15.937874,0.014998,11.938543,0.047902,13.738242,0.002570,0.238318
4.000000,0.020000,3.000000,4.000000,1.800000,13.500000,2.000000,1.439897,82.500000,1.551626,88.901596,1.567254,89.797014,-0.060778,-3.482332,-0.015628,-0.895418,-0.111729,0.015628,0.092772,15.997693,0.016093,11.998427,0.050599,13.798096,0.002771,0.298181
4.020000,0.020000,3.000000,4.000000,1.800000,13.500000,2.000000,1.437279,82.350000,1.550714,88.849393,1.567063,89.786083,-0.062160,-3.561478,-0.016348,-0.936689,-0.113436,0.016348,0.097564,16.057502,0.017241,12.058305,0.053386,13.857942,0.002983,0.358036
4.040000,0.020000,3.000000,4.000000,1.800000,13.500000,2.000000,1.434661,82.200000,1.549783,88.796005,1.566866,89.774810,-0.063529,-3.639942,-0.017083,-0.978805,-0.115122,0.017083,0.102492,16.117299,0.018444,12.118177,0.056266,13.917780,0.003207,0.417884
4.060000,0.020000,3.000000,4.000000,1.800000,13.500000,2.000000,1.432043,82.050000,1.548830,88.741443,1.566663,89.763195,-0.064886,-3.717700,-0.017833,-1.021752,-0.116788,0.017833,0.107559,16.177085,0.019702,12.178043,0.059238,13.977609,0.003442,0.477724
4.080000,0.020000,3.000000,4.000000,1.800000,13.500000,2.000000,1.429425,81.900000,1.547858,88.685717,1.566455,89.751235,-0.066231,-3.794731,-0.018597,-1.065518,-0.118433,0.018597,0.112764,16.236859,0.021017,12.237902,0.062303,14.037429,0.003689,0.537556
4.100000,0.020000,3.000000,4.000000,1.800000,13.500000,2.000000,1.426807,81.750000,1.546865,88.628838,1.566240,89.738928,-0.067562,-3.871015,-0.019375,-1.110090,-0.120058,0.019375,0.118107,16.296620,0.022391,12.297766,0.065463,14.097250,0.003949,0.597390
4.120000,0.020000,3.000000,4.000000,1.800000,13.500000,2.000000,1.424189,81.600000,1.545852,88.570817,1.566019,89.726271,-0.068880,-3.946535,-0.020166,-1.155454,-0.121664,0.020166,0.123589,16.356369,0.023823,12.357611,0.068718,14.157052,0.004222,0.657206
4.140000,0.020000,3.000000,4.000000,1.800000,13.500000,2.000000,1.421571,81.450000,1.544820,88.511665,1.565792,89.713263,-0.070184,-4.021274,-0.020972,-1.201597,-0.123249,0.020972,0.129210,16.416105,0.025316,12.417451,0.072068,14.216843,0.004508,0.717012
4.160000,0.020000,3.000000,4.000000,1.800000,13.500000,2.000000,1.418953,81.300000,1.543768,88.451396,1.565559,89.699902,-0.071475,-4.095217,-0.021791,-1.248506,-0.124815,0.021791,0.134971,16.475828,0.026871,12.477283,0.075515,14.276625,0.004807,0.776810
4.180000,0.020000,3.000000,4.000000,1.800000,13.500000,2.000000,1.416335,81.150000,1.542697,88.390020,1.565319,89.686186,-0.072751,-4.168350,-0.022622,-1.296166,-0.126362,0.022622,0.140871,16.535537,0.028488,12.537108,0.079060,14.336397,0.005120,0.836600
4.200000,0.020000,3.000000,4.000000,1.800000,13.500000,2.000000,1.413717,81.000000,1.541607,88.327550,1.565074,89.672114,-0.074014,-4.240662,-0.023467,-1.344564,-0.127890,0.023467,0.146912,16.595232,0.030170,12.596936,0.082704,14.396170,0.005448,0.896391
4.220000,0.020000,3.000000,4.000000,1.800000,13.500000,2.000000,1.411099,80.850000,1.540497,88.263998,1.564822,89.657684,-0.075261,-4.312142,-0.024324,-1.393686,-0.129399,0.024324,0.153093,16.654913,0.031916,12.656747,0.086446,14.455920,0.005790,0.956161
4.240000,0.020000,3.000000,4.000000,1.800000,13.500000,2.000000,1.408481,80.700000,1.539370,88.199377,1.564564,89.642894,-0.076494,-4.382780,-0.025194,-1.443517,-0.130889,0.025194,0.159415,16.714579,0.033728,12.716549,0.090287,14.515660,0.006147,1.015923
4.260000,0.020000,3.000000,4.000000,1.800000,13.500000,2.000000,1.405863,80.550000,1.538223,88.133700,1.564299,89.627744,-0.077712,-4.452567,-0.026076,-1.494044,-0.132361,0.026076,0.165878,16.774230,0.035608,12.776344,0.094229,14.575389,0.006519,1.075674
4.280000,0.020000,3.000000,4.000000,1.800000,13.500000,2.000000,1.403245,80.400000,1.537059,88.066979,1.564028,89.612232,-0.078915,-4.521497,-0.026970,-1.545253,-0.133814,0.026970,0.172481,16.833866,0.037557,12.836142,0.098273,14.635118,0.006908,1.135427
4.300000,0.020000,3.000000,4.000000,1.800000,13.500000,2.000000,1.400627,80.250000,1.535876,87.999227,1.563751,89.596356,-0.080103,-4.589563,-0.027875,-1.597129,-0.135250,0.027875,0.179226,16.893485,0.039574,12.895921,0.102418,14.694824,0.007312,1.195159
4.320000,0.020000,3.000000,4.000000,1.800000,13.500000,2.000000,1.398009,80.100000,1.534676,87.930457,1.563468,89.580115,-0.081276,-4.656759,-0.028792,-1.649659,-0.136667,0.028792,0.186112,16.953089,0.041662,12.955692,0.106665,14.754518,0.007733,1.254881
4.340000,0.020000,3.000000,4.000000,1.800000,13.500000,2.000000,1.395391,79.950000,1.533458,87.860682,1.563178,89.563510,-0.082433,-4.723083,-0.029720,-1.702827,-0.138067,0.029720,0.193140,17.012676,0.043822,13.015455,0.111015,14.814201,0.008170,1.314592
4.360000,0.020000,3.000000,4.000000,1.800000,13.500000,2.000000,1.392773,79.800000,1.532223,87.789917,1.562882,89.546537,-0.083576,-4.788529,-0.030659,-1.756621,-0.139450,0.030659,0.200309,17.072246,0.046054,13.075221,0.115469,14.873882,0.008626,1.374305
4.380000,0.020000,3.000000,4.000000,1.800000,13.500000,2.000000,1.390155,79.650000,1.530971,87.718172,1.562579,89.529197,-0.084703,-4.853097,-0.031608,-1.811025,-0.140816,0.031608,0.207620,17.131799,0.048360,13.134968,0.120027,14.933540,0.009098,1.433996
4.400000,0.020000,3.000000,4.000000,1.800000,13.500000,2.000000,1.387537,79.500000,1.529702,87.645463,1.562270,89.511489,-0.085814,-4.916784,-0.032568,-1.866026,-0.142165,0.032568,0.215072,17.191334,0.050741,13.194705,0.124690,14.993185,0.009588,1.493676
4.420000,0.020000,3.000000,4.000000,1.800000,13.500000,2.000000,1.384919,79.350000,1.528416,87.571802,1.561955,89.493411,-0.086910,-4.979589,-0.033538,-1.921609,-0.143498,0.033538,0.222666,17.250852,0.053196,13.254434,0.129458,15.052818,0.010097,1.553345
4.440000,0.020000,3.000000,4.000000,1.800000,13.500000,2.000000,1.382301,79.200000,1.527114,87.497202,1.561633,89.474963,-0.087991,-5.041513,-0.034518,-1.977761,-0.144813,0.034518,0.230402,17.310351,0.055729,13.314167,0.134332,15.112450,0.010625,1.613016
4.460000,0.020000,3.000000,4.000000,1.800000,13.500000,2.000000,1.379683,79.050000,1.525796,87.421677,1.561304,89.456145,-0.089056,-5.102556,-0.035508,-2.034468,-0.146113,0.035508,0.238280,17.369832,0.058339,13.373878,0.139312,15.172055,0.011172,1.672663
4.480000,0.020000,3.000000,4.000000,1.800000,13.500000,2.000000,1.377065,78.900000,1.524462,87.345240,1.560969,89.436956,-0.090106,-5.162720,-0.036507,-2.091716,-0.147397,0.036507,0.246299,17.429293,0.061028,13.433579,0.144400,15.231647,0.011738,1.732299
4.500000,0.020000,3.000000,4.000000,1.800000,13.500000,2.000000,1.374447,78.750000,1.523112,87.267904,1.560628,89.417395,-0.091141,-5.222006,-0.037516,-2.149490,-0.148665,0.037516,0.254460,17.488736,0.063796,13.493282,0.149595,15.291236,0.012324,1.791934
4.520000,0.020000,3.000000,4.000000,1.800000,13.500000,2.000000,1.371829,78.600000,1.521747,87.189682,1.560280,89.397461,-0.092161,-5.280417,-0.038533,-2.207778,-0.149918,0.038533,0.262763,17.548158,0.066644,13.552965,0.154898,15.350801,0.012930,1.851547
4.540000,0.020000,3.000000,4.000000,1.800000,13.500000,2.000000,1.369211,78.450000,1.520367,87.110588,1.559926,89.377155,-0.093165,-5.337956,-0.039559,-2.266566,-0.151156,0.039559,0.271207,17.607561,0.069574,13.612639,0.160309,15.410351,0.013557,1.911148
4.560000,0.020000,3.000000,4.000000,1.800000,13.500000,2.000000,1.366593,78.300000,1.518971,87.030635,1.559565,89.356475,-0.094154,-5.394628,-0.040594,-2.325840,-0.152378,0.040594,0.279793,17.666944,0.072585,13.672314,0.165829,15.469897,0.014205,1.970749
4.580000,0.020000,3.000000,4.000000,1.800000,13.500000,2.000000,1.363975,78.150000,1.517561,86.949835,1.559197,89.335423,-0.095128,-5.450436,-0.041636,-2.385587,-0.153586,0.041636,0.288521,17.726306,0.075680,13.731968,0.171458,15.529418,0.014875,2.030326
4.600000,0.020000,3.000000,4.000000,1.800000,13.500000,2.000000,1.361357,78.000000,1.516136,86.868202,1.558823,89.313996,-0.096087,-5.505384,-0.042687,-2.445794,-0.154779,0.042687,0.297390,17.785646,0.078858,13.791612,0.177197,15.588924,0.015565,2.089892
4.620000,0.020000,3.000000,4.000000,1.800000,13.500000,2.000000,1.358739,77.850000,1.514697,86.785749,1.558443,89.292196,-0.097031,-5.559479,-0.043746,-2.506447,-0.155958,0.043746,0.306401,17.844966,0.082122,13.851259,0.183047,15.648427,0.016279,2.149457
4.640000,0.020000,3.000000,4.000000,1.800000,13.500000,2.000000,1.356121,77.700000,1.513244,86.702487,1.558056,89.270021,-0.097961,-5.612725,-0.044812,-2.567534,-0.157123,0.044812,0.315553,17.904264,0.085470,13.910882,0.189007,15.707902,0.017015,2.208998
4.660000,0.020000,3.000000,4.000000,1.800000,13.500000,2.000000,1.353503,77.550000,1.511777,86.618431,1.557662,89.247472,-0.098875,-5.665129,-0.045885,-2.629041,-0.158274,0.045885,0.324846,17.963540,0.088905,13.970496,0.195078,15.767362,0.017773,2.268526
4.680000,0.020000,3.000000,4.000000,1.800000,13.500000,2.000000,1.350885,77.400000,1.510296,86.533593,1.557262,89.224549,-0.099775,-5.716697,-0.046966,-2.690956,-0.159411,0.046966,0.334281,18.022793,0.092427,14.030112,0.201261,15.826818,0.018555,2.328055
4.700000,0.020000,3.000000,4.000000,1.800000,13.500000,2.000000,1.348267,77.250000,1.508802,86.447985,1.556856,89.201251,-0.100661,-5.767436,-0.048054,-2.753267,-0.160535,0.048054,0.343856,18.082024,0.096037,14.089704,0.207555,15.886246,0.019361,2.387558
4.720000,0.020000,3.000000,4.000000,1.800000,13.500000,2.000000,1.345649,77.100000,1.507295,86.361619,1.556442,89.177579,-0.101532,-5.817352,-0.049148,-2.815960,-0.161646,0.049148,0.353572,18.141232,0.099735,14.149286,0.213962,15.945658,0.020190,2.447048
4.740000,0.020000,3.000000,4.000000,1.800000,13.500000,2.000000,1.343031,76.950000,1.505774,86.274509,1.556023,89.153533,-0.102389,-5.866454,-0.050248,-2.879024,-0.162743,0.050248,0.363429,18.200417,0.103524,14.208870,0.220482,16.005066,0.021045,2.506539
4.760000,0.020000,3.000000,4.000000,1.800000,13.500000,2.000000,1.340413,76.800000,1.504241,86.186666,1.555596,89.129112,-0.103232,-5.914748,-0.051355,-2.942446,-0.163828,0.051355,0.373427,18.259578,0.107402,14.268430,0.227113,16.064444,0.021923,2.566004
4.780000,0.020000,3.000000,4.000000,1.800000,13.500000,2.000000,1.337795,76.650000,1.502695,86.098102,1.555164,89.104317,-0.104061,-5.962242,-0.052468,-3.006215,-0.164900,0.052468,0.383566,18.318716,0.111372,14.327978,0.233859,16.123806,0.022827,2.625455
4.800000,0.020000,3.000000,4.000000,1.800000,13.500000,2.000000,1.335177,76.500000,1.501137,86.008830,1.554724,89.079148,-0.104876,-6.008945,-0.053587,-3.070318,-0.165960,0.053587,0.393844,18.377829,0.115433,14.387529,0.240718,16.183164,0.023757,2.684908
4.820000,0.020000,3.000000,4.000000,1.800000,13.500000,2.000000,1.332559,76.350000,1.499567,85.918861,1.554279,89.053605,-0.105677,-6.054865,-0.054712,-3.134744,-0.167008,0.054712,0.404263,18.436917,0.119587,14.447055,0.247691,16.242491,0.024712,2.744332
4.840000,0.020000,3.000000,4.000000,1.800000,13.500000,2.000000,1.329941,76.200000,1.497985,85.828208,1.553826,89.027689,-0.106465,-6.100010,-0.055841,-3.199481,-0.168044,0.055841,0.414822,18.495981,0.123833,14.506569,0.254778,16.301800,0.025693,2.803744
4.860000,0.020000,3.000000,4.000000,1.800000,13.500000,2.000000,1.327323,76.050000,1.496391,85.736881,1.553367,89.001399,-0.107240,-6.144389,-0.056977,-3.264519,-0.169068,0.056977,0.425522,18.555019,0.128174,14.566086,0.261980,16.361106,0.026703,2.863156
4.880000,0.020000,3.000000,4.000000,1.800000,13.500000,2.000000,1.324705,75.900000,1.494785,85.644891,1.552902,88.974736,-0.108001,-6.188011,-0.058117,-3.329845,-0.170080,0.058117,0.436360,18.614032,0.132609,14.625577,0.269297,16.420379,0.027738,2.922540
4.900000,0.020000,3.000000,4.000000,1.800000,13.500000,2.000000,1.322087,75.750000,1.493168,85.552252,1.552430,88.947700,-0.108749,-6.230885,-0.059262,-3.395449,-0.171082,0.059262,0.447339,18.673019,0.137139,14.685065,0.276729,16.479644,0.028801,2.981921
4.920000,0.020000,3.000000,4.000000,1.800000,13.500000,2.000000,1.319469,75.600000,1.491540,85.458973,1.551952,88.920292,-0.109485,-6.273020,-0.060411,-3.461319,-0.172072,0.060411,0.458457,18.731980,0.141765,14.744531,0.284276,16.538881,0.029891,3.041278
4.940000,0.020000,3.000000,4.000000,1.800000,13.500000,2.000000,1.316851,75.450000,1.489901,85.365065,1.551467,88.892512,-0.110208,-6.314425,-0.061566,-3.527446,-0.173051,0.061566,0.469714,18.790914,0.146488,14.803995,0.291940,16.598109,0.031010,3.100631
4.960000,0.020000,3.000000,4.000000,1.800000,13.500000,2.000000,1.314233,75.300000,1.488252,85.270541,1.550976,88.864360,-0.110918,-6.355110,-0.062724,-3.593819,-0.174019,0.062724,0.481111,18.849822,0.151307,14.863436,0.299718,16.657307,0.032157,3.159959
4.980000,0.020000,3.000000,4.000000,1.800000,13.500000,2.000000,1.311615,75.150000,1.486591,85.175410,1.550478,88.835837,-0.111615,-6.395084,-0.063887,-3.660427,-0.174976,0.063887,0.492646,18.908703,0.156224,14.922875,0.307614,16.716498,0.033333,3.219284
5.000000,0.020000,3.000000,4.000000,1.800000,13.500000,2.000000,1.308997,75.000000,1.484921,85.079683,1.549974,88.806943,-0.112301,-6.434356,-0.065053,-3.727261,-0.175924,0.065053,0.504320,18.967556,0.161239,14.982291,0.315625,16.775658,0.034538,3.278584
5.020000,0.020000,3.000000,4.000000,1.800000,13.500000,2.000000,1.306379,74.850000,1.483240,84.983370,1.549463,88.777679,-0.112974,-6.472937,-0.066223,-3.794309,-0.176861,0.066223,0.516133,19.026382,0.166354,15.041704,0.323755,16.834809,0.035774,3.337881
5.040000,0.020000,3.000000,4.000000,1.800000,13.500000,2.000000,1.303761,74.700000,1.481549,84.886483,1.548946,88.748045,-0.113636,-6.510836,-0.067397,-3.861563,-0.177788,0.067397,0.528085,19.085179,0.171567,15.101093,0.332000,16.893930,0.037038,3.397152
5.060000,0.020000,3.000000,4.000000,1.800000,13.500000,2.000000,1.301143,74.550000,1.479848,84.789030,1.548422,88.718043,-0.114285,-6.548062,-0.068574,-3.929012,-0.178705,0.068574,0.540174,19.143949,0.176881,15.160481,0.340363,16.953041,0.038334,3.456420
5.080000,0.020000,3.000000,4.000000,1.800000,13.500000,2.000000,1.298525,74.400000,1.478137,84.691023,1.547892,88.687671,-0.114923,-6.584625,-0.069755,-3.996648,-0.179612,0.069755,0.552402,19.202690,0.182295,15.219843,0.348843,17.012121,0.039660,3.515662
5.100000,0.020000,3.000000,4.000000,1.800000,13.500000,2.000000,1.295907,74.250000,1.476417,84.592471,1.547355,88.656931,-0.115550,-6.620536,-0.070938,-4.064460,-0.180510,0.070938,0.564768,19.261401,0.187811,15.279203,0.357442,17.071192,0.041018,3.574901
5.120000,0.020000,3.000000,4.000000,1.800000,13.500000,2.000000,1.293289,74.100000,1.474688,84.493384,1.546812,88.625824,-0.116166,-6.655804,-0.072125,-4.132440,-0.181399,0.072125,0.577271,19.320084,0.193428,15.338538,0.366157,17.130231,0.042406,3.634114
5.140000,0.020000,3.000000,4.000000,1.800000,13.500000,2.000000,1.290671,73.950000,1.472949,84.393772,1.546263,88.594351,-0.116770,-6.690438,-0.073314,-4.200579,-0.182278,0.073314,0.589912,19.378737,0.199148,15.397870,0.374992,17.189261,0.043827,3.693323
5.160000,0.020000,3.000000,4.000000,1.800000,13.500000,2.000000,1.288053,73.800000,1.471202,84.293643,1.545707,88.562511,-0.117364,-6.724448,-0.074506,-4.268867,-0.183149,0.074506,0.602691,19.437361,0.204970,15.457177,0.383944,17.248257,0.045279,3.752505
5.180000,0.020000,3.000000,4.000000,1.800000,13.500000,2.000000,1.285435,73.650000,1.469445,84.193008,1.545145,88.530305,-0.117947,-6.757845,-0.075700,-4.337297,-0.184010,0.075700,0.615606,19.495954,0.210896,15.516481,0.393015,17.307244,0.046765,3.811685
5.200000,0.020000,3.000000,4.000000,1.800000,13.500000,2.000000,1.282817,73.500000,1.467680,84.091875,1.544577,88.497735,-0.118519,-6.790638,-0.076897,-4.405860,-0.184863,0.076897,0.628659,19.554517,0.216924,15.575758,0.402204,17.366197,0.048282,3.870837
5.220000,0.020000,3.000000,4.000000,1.800000,13.500000,2.000000,1.280199,73.350000,1.465906,83.990254,1.544002,88.464801,-0.119081,-6.822837,-0.078096,-4.474546,-0.185707,0.078096,0.641849,19.613050,0.223058,15.635033,0.411514,17.425141,0.049834,3.929986
5.240000,0.020000,3.000000,4.000000,1.800000,13.500000,2.000000,1.277581,73.200000,1.464124,83.888154,1.543421,88.431503,-0.119633,-6.854451,-0.079296,-4.543349,-0.186543,0.079296,0.655175,19.671551,0.229295,15.694281,0.420941,17.484050,0.051419,3.989108
5.260000,0.020000,3.000000,4.000000,1.800000,13.500000,2.000000,1.274963,73.050000,1.462334,83.785582,1.542833,88.397843,-0.120174,-6.885490,-0.080499,-4.612260,-0.187371,0.080499,0.668637,19.730021,0.235639,15.753526,0.430488,17.542949,0.053038,4.048227
5.280000,0.020000,3.000000,4.000000,1.800000,13.500000,2.000000,1.272345,72.900000,1.460536,83.682548,1.542240,88.363820,-0.120706,-6.915964,-0.081704,-4.681272,-0.188191,0.081704,0.682236,19.788460,0.242087,15.812743,0.440154,17.601813,0.054691,4.107317
5.300000,0.020000,3.000000,4.000000,1.800000,13.500000,2.000000,1.269727,72.750000,1.458730,83.579061,1.541639,88.329437,-0.121229,-6.945882,-0.082910,-4.750376,-0.189003,0.082910,0.695971,19.846867,0.248643,15.871958,0.449941,17.660667,0.056379,4.166405
5.320000,0.020000,3.000000,4.000000,1.800000,13.500000,2.000000,1.267109,72.600000,1.456916,83.475128,1.541033,88.294693,-0.121741,-6.975254,-0.084117,-4.819565,-0.189807,0.084117,0.709843,19.905241,0.255304,15.931144,0.459846,17.719485,0.058102,4.225464
5.340000,0.020000,3.000000,4.000000,1.800000,13.500000,2.000000,1.264491,72.450000,1.455094,83.370758,1.540420,88.259590,-0.122244,-7.004090,-0.085326,-4.888832,-0.190603,0.085326,0.723849,19.963583,0.262073,15.990327,0.469872,17.778293,0.059861,4.284520
5.360000,0.020000,3.000000,4.000000,1.800000,13.500000,2.000000,1.261873,72.300000,1.453265,83.265958,1.539802,88.224127,-0.122738,-7.032398,-0.086536,-4.958170,-0.191392,0.086536,0.737992,20.021893,0.268948,16.049481,0.480017,17.837064,0.061654,4.343548
5.380000,0.020000,3.000000,4.000000,1.800000,13.500000,2.000000,1.259255,72.150000,1.451429,83.160737,1.539176,88.188308,-0.123224,-7.060188,-0.087748,-5.027571,-0.192174,0.087748,0.752270,20.080169,0.275932,16.108633,0.490284,17.895824,0.063485,4.402572
5.400000,0.020000,3.000000,4.000000,1.800000,13.500000,2.000000,1.256637,72.000000,1.449585,83.055102,1.538545,88.152130,-0.123700,-7.087469,-0.088960,-5.097028,-0.192948,0.088960,0.766683,20.138412,0.283023,16.167754,0.500670,17.954547,0.065351,4.461568
5.420000,0.020000,3.000000,4.000000,1.800000,13.500000,2.000000,1.254019,71.850000,1.447734,82.949061,1.537907,88.115597,-0.124167,-7.114251,-0.090173,-5.166536,-0.193715,0.090173,0.781231,20.196622,0.290224,16.226872,0.511177,18.013260,0.067255,4.520560
5.440000,0.020000,3.000000,4.000000,1.800000,13.500000,2.000000,1.251401,71.700000,1.445877,82.842621,1.537263,88.078708,-0.124626,-7.140542,-0.091387,-5.236087,-0.194475,0.091387,0.795914,20.254797,0.297533,16.285960,0.521804,18.071934,0.069195,4.579523
5.460000,0.020000,3.000000,4.000000,1.800000,13.500000,2.000000,1.248783,71.550000,1.444012,82.735791,1.536613,88.041465,-0.125076,-7.166352,-0.092601,-5.305674,-0.195229,0.092601,0.810732,20.312939,0.304952,16.345044,0.532553,18.130597,0.071174,4.638483
5.480000,0.020000,3.000000,4.000000,1.800000,13.500000,2.000000,1.246165,71.400000,1.442141,82.628576,1.535957,88.003868,-0.125519,-7.191690,-0.093817,-5.375292,-0.195976,0.093817,0.825684,20.371046,0.312479,16.404098,0.543421,18.189221,0.073189,4.697414
5.500000,0.020000,3.000000,4.000000,1.800000,13.500000,2.000000,1.243547,71.250000,1.440263,82.520984,1.535295,87.965918,-0.125953,-7.216563,-0.095032,-5.444934,-0.196716,0.095032,0.840771,20.429118,0.320119,16.463148,0.554412,18.247835,0.075244,4.756341
5.520000,0.020000,3.000000,4.000000,1.800000,13.500000,2.000000,1.240929,71.100000,1.438379,82.413021,1.534626,87.927616,-0.126379,-7.240982,-0.096248,-5.514595,-0.197449,0.096248,0.855992,20.487156,0.327867,16.522166,0.565523,18.306408,0.077335,4.815238
5.540000,0.020000,3.000000,4.000000,1.800000,13.500000,2.000000,1.238311,70.950000,1.436488,82.304696,1.533952,87.888963,-0.126797,-7.264955,-0.097464,-5.584268,-0.198177,0.097464,0.871347,20.545157,0.335727,16.581181,0.576756,18.364970,0.079468,4.874132
5.560000,0.020000,3.000000,4.000000,1.800000,13.500000,2.000000,1.235693,70.800000,1.434591,82.196013,1.533271,87.849961,-0.127208,-7.288489,-0.098680,-5.653947,-0.198898,0.098680,0.886836,20.603124,0.343697,16.640163,0.588109,18.423492,0.081637,4.932996
5.580000,0.020000,3.000000,4.000000,1.800000,13.500000,2.000000,1.233075,70.650000,1.432688,82.086981,1.532584,87.810609,-0.127611,-7.311595,-0.099896,-5.723628,-0.199613,0.099896,0.902459,20.661054,0.351780,16.699141,0.599586,18.482002,0.083848,4.991857
5.600000,0.020000,3.000000,4.000000,1.800000,13.500000,2.000000,1.230457,70.500000,1.430779,81.977605,1.531891,87.770909,-0.128007,-7.334279,-0.101112,-5.793304,-0.200322,0.101112,0.918215,20.718948,0.359973,16.758087,0.611182,18.540471,0.086097,5.050687
5.620000,0.020000,3.000000,4.000000,1.800000,13.500000,2.000000,1.227839,70.350000,1.428864,81.867891,1.531192,87.730861,-0.128396,-7.356551,-0.102328,-5.862970,-0.201025,0.102328,0.934105,20.776806,0.368281,16.817028,0.622901,18.598928,0.088388,5.109514
5.640000,0.020000,3.000000,4.000000,1.800000,13.500000,2.000000,1.225221,70.200000,1.426944,81.757846,1.530487,87.690467,-0.128778,-7.378419,-0.103544,-5.932622,-0.201722,0.103544,0.950128,20.834627,0.376698,16.875936,0.634741,18.657344,0.090717,5.168310
5.660000,0.020000,3.000000,4.000000,1.800000,13.500000,2.000000,1.222603,70.050000,1.425017,81.647475,1.529776,87.649728,-0.129152,-7.399890,-0.104759,-6.002253,-0.202414,0.104759,0.966283,20.892411,0.385230,16.934839,0.646704,18.715746,0.093090,5.227103
5.680000,0.020000,3.000000,4.000000,1.800000,13.500000,2.000000,1.219985,69.900000,1.423085,81.536786,1.529059,87.608644,-0.129520,-7.420972,-0.105974,-6.071859,-0.203100,0.105974,0.982572,20.950158,0.393874,16.993708,0.658788,18.774107,0.095501,5.285864
5.700000,0.020000,3.000000,4.000000,1.800000,13.500000,2.000000,1.217367,69.750000,1.421148,81.425782,1.528336,87.567217,-0.129882,-7.441673,-0.107188,-6.141435,-0.203781,0.107188,0.998994,21.007867,0.402632,17.052572,0.670995,18.832455,0.097956,5.344622
5.720000,0.020000,3.000000,4.000000,1.800000,13.500000,2.000000,1.214749,69.600000,1.419205,81.314471,1.527607,87.525448,-0.130237,-7.462002,-0.108402,-6.210977,-0.204456,0.108402,1.015548,21.065538,0.411502,17.111402,0.683322,18.890760,0.100451,5.403349
5.740000,0.020000,3.000000,4.000000,1.800000,13.500000,2.000000,1.212131,69.450000,1.417257,81.202857,1.526872,87.483336,-0.130585,-7.481965,-0.109615,-6.280479,-0.205126,0.109615,1.032235,21.123171,0.420489,17.170227,0.695774,18.949052,0.102990,5.462072
5.760000,0.020000,3.000000,4.000000,1.800000,13.500000,2.000000,1.209513,69.300000,1.415304,81.090947,1.526131,87.440885,-0.130927,-7.501570,-0.110827,-6.349938,-0.205791,0.110827,1.049054,21.180765,0.429587,17.229016,0.708346,19.007300,0.105569,5.520764
5.780000,0.020000,3.000000,4.000000,1.800000,13.500000,2.000000,1.206895,69.150000,1.413346,80.978745,1.525384,87.398093,-0.131263,-7.520825,-0.112039,-6.419348,-0.206451,0.112039,1.066005,21.238321,0.438802,17.287800,0.721043,19.065534,0.108194,5.579452
5.800000,0.020000,3.000000,4.000000,1.800000,13.500000,2.000000,1.204277,69.000000,1.411382,80.866256,1.524632,87.354963,-0.131593,-7.539737,-0.113249,-6.488707,-0.207105,0.113249,1.083088,21.295838,0.448129,17.346548,0.733860,19.123725,0.110859,5.638108
5.820000,0.020000,3.000000,4.000000,1.800000,13.500000,2.000000,1.201659,68.850000,1.409414,80.753487,1.523873,87.311495,-0.131917,-7.558312,-0.114459,-6.558009,-0.207755,0.114459,1.100303,21.353315,0.457573,17.405290,0.746802,19.181901,0.113570,5.696761
5.840000,0.020000,3.000000,4.000000,1.800000,13.500000,2.000000,1.199041,68.700000,1.407441,80.640441,1.523109,87.267691,-0.132236,-7.576559,-0.115667,-6.627250,-0.208400,0.115667,1.117650,21.410753,0.467130,17.463996,0.759864,19.240033,0.116322,5.755381
5.860000,0.020000,3.000000,4.000000,1.800000,13.500000,2.000000,1.196423,68.550000,1.405463,80.527124,1.522338,87.223551,-0.132549,-7.594483,-0.116875,-6.696428,-0.209040,0.116875,1.135128,21.468150,0.476806,17.522696,0.773051,19.298150,0.119121,5.813998
5.880000,0.020000,3.000000,4.000000,1.800000,13.500000,2.000000,1.193805,68.400000,1.403481,80.413540,1.521562,87.179076,-0.132856,-7.612093,-0.118081,-6.765537,-0.209676,0.118081,1.152738,21.525508,0.486594,17.581359,0.786358,19.356222,0.121962,5.872581
5.900000,0.020000,3.000000,4.000000,1.800000,13.500000,2.000000,1.191187,68.250000,1.401494,80.299694,1.520780,87.134268,-0.133158,-7.629393,-0.119286,-6.834574,-0.210307,0.119286,1.170479,21.582825,0.496501,17.640015,0.799791,19.414280,0.124850,5.931162
5.920000,0.020000,3.000000,4.000000,1.800000,13.500000,2.000000,1.188569,68.100000,1.399503,80.185591,1.519992,87.089127,-0.133455,-7.646392,-0.120489,-6.903536,-0.210933,0.120489,1.188351,21.640102,0.506521,17.698634,0.813344,19.472291,0.127781,5.989709
5.940000,0.020000,3.000000,4.000000,1.800000,13.500000,2.000000,1.185951,67.950000,1.397507,80.071236,1.519198,87.043654,-0.133746,-7.663096,-0.121692,-6.972418,-0.211555,0.121692,1.206354,21.697337,0.516660,17.757245,0.827022,19.530287,0.130759,6.048253
5.960000,0.020000,3.000000,4.000000,1.800000,13.500000,2.000000,1.183333,67.800000,1.395506,79.956632,1.518399,86.997851,-0.134033,-7.679510,-0.122892,-7.041219,-0.212173,0.122892,1.224489,21.754531,0.526913,17.815819,0.840821,19.588236,0.133780,6.106764
5.980000,0.020000,3.000000,4.000000,1.800000,13.500000,2.000000,1.180715,67.650000,1.393502,79.841785,1.517594,86.951718,-0.134313,-7.695594,-0.124092,-7.109934,-0.212787,0.124092,1.242753,21.811683,0.537286,17.874385,0.854746,19.646169,0.136850,6.165271
6.000000,0.020000,3.000000,4.000000,1.800000,13.500000,2.000000,1.178097,67.500000,1.391493,79.726698,1.516783,86.905257,-0.134585,-7.711159,-0.125289,-7.178559,-0.213396,0.125289,1.261149,21.868794,0.547772,17.932913,0.868791,19.704056,0.139964,6.223744
6.020000,0.020000,3.000000,4.000000,1.800000,13.500000,2.000000,1.175479,67.350000,1.389481,79.611379,1.515966,86.858468,-0.134848,-7.726224,-0.126486,-7.247089,-0.214001,0.126486,1.279674,21.925862,0.558379,17.991433,0.882962,19.761926,0.143127,6.282214
6.040000,0.020000,3.000000,4.000000,1.800000,13.500000,2.000000,1.172861,67.200000,1.387464,79.495837,1.515144,86.811354,-0.135103,-7.740805,-0.127680,-7.315517,-0.214603,0.127680,1.298330,21.982888,0.569100,18.049914,0.897253,19.819749,0.146334,6.340649
6.060000,0.020000,3.000000,4.000000,1.800000,13.500000,2.000000,1.170243,67.050000,1.385444,79.380078,1.514316,86.763916,-0.135349,-7.754920,-0.128872,-7.383837,-0.215200,0.128872,1.317114,22.039872,0.579942,18.108387,0.911670,19.877555,0.149591,6.399082
6.080000,0.020000,3.000000,4.000000,1.800000,13.500000,2.000000,1.167625,66.900000,1.383420,79.264110,1.513482,86.716155,-0.135587,-7.768586,-0.130063,-7.452045,-0.215794,0.130063,1.336028,22.096813,0.590898,18.166820,0.926206,19.935313,0.152892,6.457480
6.100000,0.020000,3.000000,4.000000,1.800000,13.500000,2.000000,1.165007,66.750000,1.381392,79.147938,1.512643,86.668072,-0.135818,-7.781817,-0.131251,-7.520135,-0.216385,0.131251,1.355071,22.153711,0.601976,18.225244,0.940869,19.993054,0.156244,6.515875
6.120000,0.020000,3.000000,4.000000,1.800000,13.500000,2.000000,1.162389,66.600000,1.379361,79.031569,1.511798,86.619670,-0.136042,-7.794630,-0.132437,-7.588101,-0.216972,0.132437,1.374242,22.210566,0.613168,18.283629,0.955651,20.050747,0.159641,6.574235
6.140000,0.020000,3.000000,4.000000,1.800000,13.500000,2.000000,1.159771,66.450000,1.377327,78.915011,1.510948,86.570950,-0.136259,-7.807040,-0.133621,-7.655939,-0.217555,0.133621,1.393542,22.267377,0.624482,18.342005,0.970559,20.108422,0.163090,6.632592
6.160000,0.020000,3.000000,4.000000,1.800000,13.500000,2.000000,1.157153,66.300000,1.375289,78.798267,1.510092,86.521912,-0.136468,-7.819060,-0.134803,-7.723645,-0.218136,0.134803,1.412969,22.324145,0.635911,18.400340,0.985586,20.166048,0.166584,6.690914
6.180000,0.020000,3.000000,4.000000,1.800000,13.500000,2.000000,1.154535,66.150000,1.373249,78.681345,1.509231,86.472559,-0.136672,-7.830706,-0.135982,-7.791214,-0.218713,0.135982,1.432523,22.380869,0.647462,18.458666,1.000740,20.223657,0.170131,6.749234
6.200000,0.020000,3.000000,4.000000,1.800000,13.500000,2.000000,1.151917,66.000000,1.371205,78.564250,1.508364,86.422891,-0.136869,-7.841991,-0.137159,-7.858641,-0.219288,0.137159,1.452205,22.437549,0.659128,18.516950,1.016012,20.281216,0.173723,6.807517
6.220000,0.020000,3.000000,4.000000,1.800000,13.500000,2.000000,1.149299,65.850000,1.369158,78.446988,1.507492,86.372911,-0.137059,-7.852927,-0.138333,-7.925924,-0.219859,0.138333,1.472014,22.494185,0.670916,18.575225,1.031410,20.338757,0.177368,6.865798
6.240000,0.020000,3.000000,4.000000,1.800000,13.500000,2.000000,1.146681,65.700000,1.367109,78.329562,1.506614,86.322620,-0.137244,-7.863529,-0.139505,-7.993057,-0.220427,0.139505,1.491950,22.550776,0.682820,18.633458,1.046928,20.396248,0.181060,6.924044
6.260000,0.020000,3.000000,4.000000,1.800000,13.500000,2.000000,1.144063,65.550000,1.365057,78.211980,1.505731,86.272018,-0.137424,-7.873808,-0.140674,-8.060038,-0.220993,0.140674,1.512012,22.607322,0.694846,18.691682,1.062571,20.453720,0.184805,6.982286
6.280000,0.020000,3.000000,4.000000,1.800000,13.500000,2.000000,1.141445,65.400000,1.363002,78.094244,1.504842,86.221107,-0.137598,-7.883775,-0.141841,-8.126863,-0.221556,0.141841,1.532200,22.663824,0.706988,18.749863,1.078333,20.511142,0.188597,7.040493
6.300000,0.020000,3.000000,4.000000,1.800000,13.500000,2.000000,1.138827,65.250000,1.360944,77.976361,1.503948,86.169890,-0.137767,-7.893444,-0.143004,-8.193529,-0.222117,0.143004,1.552514,22.720281,0.719253,18.808034,1.094220,20.568545,0.192444,7.098697
6.320000,0.020000,3.000000,4.000000,1.800000,13.500000,2.000000,1.136209,65.100000,1.358884,77.858334,1.503049,86.118366,-0.137930,-7.902825,-0.144165,-8.260032,-0.222675,0.144165,1.572953,22.776692,0.731633,18.866161,1.110226,20.625896,0.196337,7.156865
6.340000,0.020000,3.000000,4.000000,1.800000,13.500000,2.000000,1.133591,64.950000,1.356822,77.740167,1.502144,86.066537,-0.138089,-7.911930,-0.145323,-8.326370,-0.223231,0.145323,1.593518,22.833058,0.744137,18.924279,1.126358,20.683229,0.200286,7.215030
6.360000,0.020000,3.000000,4.000000,1.800000,13.500000,2.000000,1.130973,64.800000,1.354757,77.621865,1.501235,86.014405,-0.138243,-7.920767,-0.146477,-8.392540,-0.223784,0.146477,1.614208,22.889377,0.756756,18.982352,1.142609,20.740510,0.204282,7.273159
6.380000,0.020000,3.000000,4.000000,1.800000,13.500000,2.000000,1.128355,64.650000,1.352690,77.503432,1.500319,85.961971,-0.138393,-7.929349,-0.147629,-8.458539,-0.224335,0.147629,1.635023,22.945651,0.769499,19.040415,1.158985,20.797771,0.208334,7.331285
6.400000,0.020000,3.000000,4.000000,1.800000,13.500000,2.000000,1.125737,64.500000,1.350621,77.384871,1.499399,85.909236,-0.138539,-7.937685,-0.148778,-8.524365,-0.224883,0.148778,1.655963,23.001879,0.782358,19.098434,1.175479,20.854980,0.212434,7.389374
6.420000,0.020000,3.000000,4.000000,1.800000,13.500000,2.000000,1.123119,64.350000,1.348549,77.266187,1.498473,85.856202,-0.138680,-7.945784,-0.149924,-8.590015,-0.225430,0.149924,1.677027,23.058059,0.795340,19.156441,1.192099,20.912169,0.216591,7.447460
6.440000,0.020000,3.000000,4.000000,1.800000,13.500000,2.000000,1.120501,64.200000,1.346476,77.147382,1.497543,85.802869,-0.138818,-7.953669,-0.151067,-8.655487,-0.225974,0.151067,1.698216,23.114194,0.808438,19.214403,1.208837,20.969305,0.220796,7.505510
6.460000,0.020000,3.000000,4.000000,1.800000,13.500000,2.000000,1.117883,64.050000,1.344400,77.028460,1.496607,85.749240,-0.138953,-7.961423,-0.152206,-8.720780,-0.226517,0.152206,1.719529,23.170281,0.821660,19.272354,1.225701,21.026421,0.225058,7.563557
6.480000,0.020000,3.000000,4.000000,1.800000,13.500000,2.000000,1.115265,63.900000,1.342323,76.909423,1.495665,85.695315,-0.139086,-7.969049,-0.153343,-8.785891,-0.227057,0.153343,1.740965,23.226321,0.834999,19.330259,1.242683,21.083483,0.229369,7.621567
6.500000,0.020000,3.000000,4.000000,1.800000,13.500000,2.000000,1.112647,63.750000,1.340243,76.790273,1.494719,85.641095,-0.139217,-7.976553,-0.154476,-8.850822,-0.227596,0.154476,1.762525,23.282313,0.848461,19.388153,1.259790,21.140525,0.233737,7.679573
6.520000,0.020000,3.000000,4.000000,1.800000,13.500000,2.000000,1.110029,63.600000,1.338162,76.671011,1.493768,85.586581,-0.139346,-7.983939,-0.155606,-8.915570,-0.228132,0.155606,1.784209,23.338258,0.862039,19.446000,1.277015,21.197512,0.238156,7.737543
6.540000,0.020000,3.000000,4.000000,1.800000,13.500000,2.000000,1.107411,63.450000,1.336078,76.551639,1.492811,85.531775,-0.139473,-7.991212,-0.156733,-8.980136,-0.228667,0.156733,1.806017,23.394154,0.875742,19.503835,1.294366,21.254479,0.242632,7.795509
6.560000,0.020000,3.000000,4.000000,1.800000,13.500000,2.000000,1.104793,63.300000,1.333993,76.432160,1.491849,85.476677,-0.139598,-7.998375,-0.157857,-9.044518,-0.229199,0.157857,1.827948,23.450003,0.889560,19.561623,1.311834,21.311390,0.247158,7.853438
6.580000,0.020000,3.000000,4.000000,1.800000,13.500000,2.000000,1.102175,63.150000,1.331906,76.312574,1.490883,85.421289,-0.139721,-8.005433,-0.158977,-9.108716,-0.229730,0.158977,1.850003,23.505802,0.903503,19.619398,1.329428,21.368280,0.251743,7.911364
6.600000,0.020000,3.000000,4.000000,1.800000,13.500000,2.000000,1.099557,63.000000,1.329817,76.192883,1.489911,85.365612,-0.139843,-8.012390,-0.160094,-9.172729,-0.230259,0.160094,1.872181,23.561553,0.917562,19.677126,1.347140,21.425114,0.256378,7.969252
6.620000,0.020000,3.000000,4.000000,1.800000,13.500000,2.000000,1.096939,62.850000,1.327726,76.073089,1.488934,85.309647,-0.139962,-8.019249,-0.161208,-9.236558,-0.230786,0.161208,1.894482,23.617254,0.931746,19.734840,1.364977,21.481927,0.261073,8.027136
6.640000,0.020000,3.000000,4.000000,1.800000,13.500000,2.000000,1.094321,62.700000,1.325633,75.953192,1.487952,85.253394,-0.140080,-8.026014,-0.162319,-9.300201,-0.231312,0.162319,1.916906,23.672907,0.946046,19.792507,1.382932,21.538683,0.265818,8.084983
6.660000,0.020000,3.000000,4.000000,1.800000,13.500000,2.000000,1.091703,62.550000,1.323539,75.833196,1.486966,85.196855,-0.140197,-8.032689,-0.163427,-9.363659,-0.231836,0.163427,1.939453,23.728509,0.960470,19.850160,1.401013,21.595417,0.270623,8.142825
6.680000,0.020000,3.000000,4.000000,1.800000,13.500000,2.000000,1.089085,62.400000,1.321443,75.713100,1.485974,85.140031,-0.140312,-8.039276,-0.164531,-9.426931,-0.232357,0.164531,1.962123,23.784061,0.975011,19.907764,1.419210,21.652094,0.275480,8.200630
6.700000,0.020000,3.000000,4.000000,1.800000,13.500000,2.000000,1.086467,62.250000,1.319345,75.592907,1.484977,85.082923,-0.140425,-8.045780,-0.165632,-9.490016,-0.232878,0.165632,1.984916,23.839564,0.989677,19.965354,1.437534,21.708748,0.280397,8.258431
6.720000,0.020000,3.000000,4.000000,1.800000,13.500000,2.000000,1.083849,62.100000,1.317246,75.472616,1.483975,85.025532,-0.140537,-8.052204,-0.166730,-9.552916,-0.233396,0.166730,2.007831,23.895015,1.004458,20.022895,1.455975,21.765345,0.285366,8.316194
6.740000,0.020000,3.000000,4.000000,1.800000,13.500000,2.000000,1.081231,61.950000,1.315145,75.352231,1.482969,84.967859,-0.140648,-8.058550,-0.167824,-9.615628,-0.233913,0.167824,2.030869,23.950416,1.019365,20.080421,1.474542,21.821919,0.290395,8.373953
6.760000,0.020000,3.000000,4.000000,1.800000,13.500000,2.000000,1.078613,61.800000,1.313042,75.231751,1.481957,84.909906,-0.140758,-8.064822,-0.168916,-9.678154,-0.234428,0.168916,2.054030,24.005766,1.034388,20.137898,1.493225,21.878435,0.295477,8.431673
6.780000,0.020000,3.000000,4.000000,1.800000,13.500000,2.000000,1.075995,61.650000,1.310937,75.111178,1.480941,84.851672,-0.140866,-8.071022,-0.170004,-9.740494,-0.234942,0.170004,2.077312,24.061064,1.049535,20.195359,1.512035,21.934926,0.300621,8.489389
6.800000,0.020000,3.000000,4.000000,1.800000,13.500000,2.000000,1.073377,61.500000,1.308831,74.990513,1.479920,84.793159,-0.140973,-8.077154,-0.171088,-9.802646,-0.235454,0.171088,2.100718,24.116311,1.064799,20.252770,1.530962,21.991360,0.305817,8.547067
6.820000,0.020000,3.000000,4.000000,1.800000,13.500000,2.000000,1.070759,61.350000,1.306724,74.869757,1.478894,84.734369,-0.141079,-8.083219,-0.172170,-9.864612,-0.235964,0.172170,2.124245,24.171506,1.080189,20.310166,1.550014,22.047769,0.311075,8.604740
6.840000,0.020000,3.000000,4.000000,1.800000,13.500000,2.000000,1.068142,61.200000,1.304615,74.748911,1.477863,84.675301,-0.141184,-8.089221,-0.173248,-9.926391,-0.236473,0.173248,2.147894,24.226648,1.095694,20.367510,1.569183,22.104119,0.316386,8.662374
6.860000,0.020000,3.000000,4.000000,1.800000,13.500000,2.000000,1.065524,61.050000,1.302504,74.627976,1.476827,84.615958,-0.141287,-8.095161,-0.174323,-9.987983,-0.236980,0.174323,2.171666,24.281738,1.111325,20.424838,1.588478,22.160443,0.321759,8.720004
6.880000,0.020000,3.000000,4.000000,1.800000,13.500000,2.000000,1.062906,60.900000,1.300392,74.506952,1.475787,84.556340,-0.141390,-8.101043,-0.175395,-10.049388,-0.237486,0.175395,2.195559,24.336776,1.127071,20.482116,1.607890,22.216709,0.327186,8.777594
6.900000,0.020000,3.000000,4.000000,1.800000,13.500000,2.000000,1.060288,60.750000,1.298278,74.385841,1.474741,84.496448,-0.141492,-8.106868,-0.176463,-10.110607,-0.237990,0.176463,2.219575,24.391760,1.142943,20.539376,1.627427,22.272948,0.332677,8.835180
6.920000,0.020000,3.000000,4.000000,1.800000,13.500000,2.000000,1.057670,60.600000,1.296163,74.264644,1.473691,84.436283,-0.141592,-8.112639,-0.177529,-10.171639,-0.238493,0.177529,2.243712,24.446691,1.158931,20.596584,1.647081,22.329128,0.338221,8.892727
6.940000,0.020000,3.000000,4.000000,1.800000,13.500000,2.000000,1.055052,60.450000,1.294046,74.143361,1.472636,84.375847,-0.141692,-8.118357,-0.178591,-10.232486,-0.238994,0.178591,2.267970,24.501568,1.175045,20.653775,1.666861,22.385282,0.343829,8.950268
6.960000,0.020000,3.000000,4.000000,1.800000,13.500000,2.000000,1.052434,60.300000,1.291927,74.021993,1.471577,84.315139,-0.141791,-8.124026,-0.179649,-10.293146,-0.239494,0.179649,2.292351,24.556391,1.191275,20.710913,1.686758,22.441374,0.349491,9.007770
6.980000,0.020000,3.000000,4.000000,1.800000,13.500000,2.000000,1.049816,60.150000,1.289808,73.900541,1.470513,84.254161,-0.141889,-8.129646,-0.180705,-10.353620,-0.239992,0.180705,2.316852,24.611161,1.207630,20.768033,1.706780,22.497441,0.355217,9.065267
7.000000,0.020000,3.000000,4.000000,1.800000,13.500000,2.000000,1.047198,60.000000,1.287687,73.779005,1.469444,84.192914,-0.141986,-8.135220,-0.181757,-10.413909,-0.240489,0.181757,2.341476,24.665875,1.224101,20.825101,1.726919,22.553446,0.360998,9.122725
7.020000,0.020000,3.000000,4.000000,1.800000,13.500000,2.000000,1.044580,59.850000,1.285564,73.657387,1.468370,84.131400,-0.142083,-8.140750,-0.182806,-10.474013,-0.240984,0.182806,2.366220,24.720535,1.240698,20.882150,1.747183,22.609423,0.366843,9.180177
7.040000,0.020000,3.000000,4.000000,1.800000,13.500000,2.000000,1.041962,59.700000,1.283440,73.535686,1.467292,84.069618,-0.142179,-8.146236,-0.183852,-10.533931,-0.241478,0.183852,2.391086,24.775140,1.257411,20.939146,1.767563,22.665339,0.372744,9.237589
7.060000,0.020000,3.000000,4.000000,1.800000,13.500000,2.000000,1.039344,59.550000,1.281314,73.413904,1.466209,84.007570,-0.142274,-8.151682,-0.184894,-10.593665,-0.241971,0.184894,2.416073,24.829690,1.274249,20.996122,1.788070,22.721228,0.378709,9.294996
7.080000,0.020000,3.000000,4.000000,1.800000,13.500000,2.000000,1.036726,59.400000,1.279187,73.292041,1.465121,83.945256,-0.142368,-8.157088,-0.185934,-10.653215,-0.242462,0.185934,2.441181,24.884184,1.291204,21.053045,1.808692,22.777053,0.384731,9.352362
7.100000,0.020000,3.000000,4.000000,1.800000,13.500000,2.000000,1.034108,59.250000,1.277059,73.170098,1.464029,83.882679,-0.142462,-8.162456,-0.186970,-10.712580,-0.242952,0.186970,2.466410,24.938622,1.308284,21.109948,1.829441,22.832851,0.390818,9.409723
7.120000,0.020000,3.000000,4.000000,1.800000,13.500000,2.000000,1.031490,59.100000,1.274929,73.048076,1.462932,83.819838,-0.142555,-8.167788,-0.188003,-10.771762,-0.243440,0.188003,2.491759,24.993004,1.325480,21.166796,1.850305,22.888585,0.396960,9.467043
7.140000,0.020000,3.000000,4.000000,1.800000,13.500000,2.000000,1.028872,58.950000,1.272798,72.925974,1.461831,83.756734,-0.142647,-8.173085,-0.189032,-10.830761,-0.243927,0.189032,2.517230,25.047329,1.342802,21.223624,1.871295,22.944291,0.403169,9.524358
7.160000,0.020000,3.000000,4.000000,1.800000,13.500000,2.000000,1.026254,58.800000,1.270666,72.803793,1.460725,83.693370,-0.142739,-8.178348,-0.190059,-10.889577,-0.244412,0.190059,2.542821,25.101598,1.360240,21.280397,1.892400,22.999933,0.409434,9.581632
7.180000,0.020000,3.000000,4.000000,1.800000,13.500000,2.000000,1.023636,58.650000,1.268532,72.681534,1.459614,83.629744,-0.142830,-8.183579,-0.191082,-10.948210,-0.244896,0.191082,2.568534,25.155809,1.377803,21.337149,1.913632,23.055546,0.415766,9.638900
7.200000,0.020000,3.000000,4.000000,1.800000,13.500000,2.000000,1.021018,58.500000,1.266397,72.559198,1.458499,83.565859,-0.142921,-8.188779,-0.192102,-11.006661,-0.245379,0.192102,2.594366,25.209963,1.395482,21.393846,1.934979,23.111095,0.422154,9.696127
7.220000,0.020000,3.000000,4.000000,1.800000,13.500000,2.000000,1.018400,58.350000,1.264260,72.436784,1.457380,83.501716,-0.143011,-8.193948,-0.193119,-11.064931,-0.245861,0.193119,2.620319,25.264060,1.413288,21.450521,1.956452,23.166614,0.428610,9.753348
7.240000,0.020000,3.000000,4.000000,1.800000,13.500000,2.000000,1.015782,58.200000,1.262123,72.314294,1.456256,83.437314,-0.143101,-8.199089,-0.194133,-11.123020,-0.246341,0.194133,2.646393,25.318098,1.431208,21.507141,1.978040,23.222068,0.435122,9.810528
7.260000,0.020000,3.000000,4.000000,1.800000,13.500000,2.000000,1.013164,58.050000,1.259983,72.191727,1.455127,83.372655,-0.143190,-8.204203,-0.195144,-11.180928,-0.246820,0.195144,2.672586,25.372079,1.449255,21.563738,1.999754,23.277491,0.441703,9.867701
7.280000,0.020000,3.000000,4.000000,1.800000,13.500000,2.000000,1.010546,57.900000,1.257843,72.069085,1.453994,83.307741,-0.143279,-8.209290,-0.196152,-11.238656,-0.247297,0.196152,2.698900,25.426001,1.467418,21.620278,2.021584,23.332850,0.448340,9.924833
7.300000,0.020000,3.000000,4.000000,1.800000,13.500000,2.000000,1.007928,57.750000,1.255701,71.946367,1.452857,83.242571,-0.143367,-8.214351,-0.197156,-11.296205,-0.247773,0.197156,2.725335,25.479864,1.485706,21.676797,2.043539,23.388177,0.455046,9.981959
7.320000,0.020000,3.000000,4.000000,1.800000,13.500000,2.000000,1.005310,57.600000,1.253558,71.823573,1.451715,83.177147,-0.143455,-8.219387,-0.198157,-11.353574,-0.248248,0.198157,2.751889,25.533668,1.504110,21.733257,2.065609,23.443438,0.461809,10.039042
7.340000,0.020000,3.000000,4.000000,1.800000,13.500000,2.000000,1.002692,57.450000,1.251413,71.700705,1.450569,83.111470,-0.143543,-8.224400,-0.199155,-11.410765,-0.248722,0.199155,2.778563,25.587413,1.522640,21.789695,2.087805,23.498668,0.468641,10.096119
7.360000,0.020000,3.000000,4.000000,1.800000,13.500000,2.000000,1.000074,57.300000,1.249268,71.577763,1.449418,83.045540,-0.143630,-8.229391,-0.200150,-11.467777,-0.249194,0.200150,2.805357,25.641098,1.541285,21.846075,2.110116,23.553831,0.475531,10.153155
7.380000,0.020000,3.000000,4.000000,1.800000,13.500000,2.000000,0.997456,57.150000,1.247121,71.454746,1.448263,82.979359,-0.143717,-8.234359,-0.201142,-11.524612,-0.249665,0.201142,2.832271,25.694723,1.560057,21.902432,2.132553,23.608963,0.482490,10.210183
7.400000,0.020000,3.000000,4.000000,1.800000,13.500000,2.000000,0.994838,57.000000,1.244972,71.331656,1.447104,82.912926,-0.143803,-8.239306,-0.202131,-11.581270,-0.250135,0.202131,2.859305,25.748287,1.578943,21.958730,2.155104,23.664027,0.489507,10.267169
7.420000,0.020000,3.000000,4.000000,1.800000,13.500000,2.000000,0.992220,56.850000,1.242823,71.208492,1.445940,82.846244,-0.143889,-8.244232,-0.203117,-11.637752,-0.250603,0.203117,2.886458,25.801792,1.597956,22.015004,2.177782,23.719058,0.496594,10.324148
7.440000,0.020000,3.000000,4.000000,1.800000,13.500000,2.000000,0.989602,56.700000,1.240672,71.085255,1.444772,82.779313,-0.143975,-8.249139,-0.204100,-11.694058,-0.251070,0.204100,2.913731,25.855235,1.617084,22.071218,2.200574,23.774022,0.503739,10.381085
7.460000,0.020000,3.000000,4.000000,1.800000,13.500000,2.000000,0.986984,56.550000,1.238520,70.961946,1.443599,82.712134,-0.144060,-8.254027,-0.205079,-11.750188,-0.251536,0.205079,2.941123,25.908617,1.636338,22.127409,2.223491,23.828953,0.510955,10.438015
7.480000,0.020000,3.000000,4.000000,1.800000,13.500000,2.000000,0.984366,56.400000,1.236366,70.838563,1.442422,82.644707,-0.144145,-8.258897,-0.206056,-11.806144,-0.252000,0.206056,2.968634,25.961938,1.655708,22.183539,2.246523,23.883815,0.518229,10.494901
7.500000,0.020000,3.000000,4.000000,1.800000,13.500000,2.000000,0.981748,56.250000,1.234211,70.715109,1.441241,82.577035,-0.144230,-8.263749,-0.207030,-11.861926,-0.252464,0.207030,2.996265,26.015197,1.675203,22.239645,2.269681,23.938643,0.525575,10.551781
7.520000,0.020000,3.000000,4.000000,1.800000,13.500000,2.000000,0.979130,56.100000,1.232056,70.591582,1.440056,82.509116,-0.144314,-8.268584,-0.208000,-11.917534,-0.252926,0.208000,3.024015,26.068394,1.694813,22.295690,2.292953,23.993403,0.532979,10.608617
7.540000,0.020000,3.000000,4.000000,1.800000,13.500000,2.000000,0.976512,55.950000,1.229898,70.467984,1.438866,82.440953,-0.144398,-8.273403,-0.208968,-11.972969,-0.253387,0.208968,3.051885,26.121529,1.714550,22.351710,2.316351,24.048129,0.540454,10.665446
7.560000,0.020000,3.000000,4.000000,1.800000,13.500000,2.000000,0.973894,55.800000,1.227740,70.344314,1.437672,82.372545,-0.144482,-8.278205,-0.209932,-12.028231,-0.253846,0.209932,3.079873,26.174601,1.734402,22.407669,2.339862,24.102784,0.547989,10.722232
7.580000,0.020000,3.000000,4.000000,1.800000,13.500000,2.000000,0.971276,55.650000,1.225580,70.220573,1.436474,82.303895,-0.144565,-8.282993,-0.210894,-12.083322,-0.254304,0.210894,3.107980,26.227611,1.754380,22.463601,2.363500,24.157405,0.555596,10.779009
7.600000,0.020000,3.000000,4.000000,1.800000,13.500000,2.000000,0.968658,55.500000,1.223419,70.096760,1.435272,82.235002,-0.144649,-8.287765,-0.211852,-12.138242,-0.254762,0.211852,3.136206,26.280557,1.774472,22.519472,2.387251,24.211956,0.563262,10.835744
7.620000,0.020000,3.000000,4.000000,1.800000,13.500000,2.000000,0.966040,55.350000,1.221257,69.972877,1.434065,82.165868,-0.144732,-8.292523,-0.212808,-12.192991,-0.255217,0.212808,3.164551,26.333439,1.794691,22.575317,2.411128,24.266472,0.571000,10.892470
7.640000,0.020000,3.000000,4.000000,1.800000,13.500000,2.000000,0.963422,55.200000,1.219094,69.848924,1.432854,82.096493,-0.144815,-8.297267,-0.213760,-12.247570,-0.255672,0.213760,3.193014,26.386258,1.815024,22.631099,2.435118,24.320917,0.578798,10.949153
7.660000,0.020000,3.000000,4.000000,1.800000,13.500000,2.000000,0.960804,55.050000,1.216929,69.724900,1.431639,82.026879,-0.144897,-8.301997,-0.214710,-12.301979,-0.256125,0.214710,3.221596,26.439013,1.835484,22.686855,2.459234,24.375326,0.586669,11.005827
7.680000,0.020000,3.000000,4.000000,1.800000,13.500000,2.000000,0.958186,54.900000,1.214763,69.600805,1.430420,81.957025,-0.144980,-8.306714,-0.215657,-12.356220,-0.256577,0.215657,3.250296,26.491704,1.856058,22.742547,2.483464,24.429664,0.594600,11.062458
7.700000,0.020000,3.000000,4.000000,1.800000,13.500000,2.000000,0.955568,54.750000,1.212596,69.476641,1.429197,81.886934,-0.145062,-8.311418,-0.216600,-12.410293,-0.257028,0.216600,3.279115,26.544329,1.876758,22.798212,2.507819,24.483965,0.602605,11.119080
7.720000,0.020000,3.000000,4.000000,1.800000,13.500000,2.000000,0.952950,54.600000,1.210428,69.352407,1.427969,81.816605,-0.145143,-8.316110,-0.217541,-12.464198,-0.257478,0.217541,3.308052,26.596890,1.897573,22.853814,2.532287,24.538194,0.610669,11.175658
7.740000,0.020000,3.000000,4.000000,1.800000,13.500000,2.000000,0.950332,54.450000,1.208258,69.228103,1.426738,81.746039,-0.145225,-8.320790,-0.218479,-12.517936,-0.257927,0.218479,3.337108,26.649386,1.918514,22.909387,2.556881,24.592386,0.618807,11.232227
7.760000,0.020000,3.000000,4.000000,1.800000,13.500000,2.000000,0.947714,54.300000,1.206088,69.103730,1.425502,81.675238,-0.145307,-8.325457,-0.219414,-12.571508,-0.258374,0.219414,3.366281,26.701816,1.939569,22.964896,2.581588,24.646506,0.627006,11.288751
7.780000,0.020000,3.000000,4.000000,1.800000,13.500000,2.000000,0.945096,54.150000,1.203916,68.979287,1.424262,81.604202,-0.145388,-8.330114,-0.220346,-12.624915,-0.258820,0.220346,3.395573,26.754180,1.960751,23.020377,2.606421,24.700588,0.635279,11.345267
7.800000,0.020000,3.000000,4.000000,1.800000,13.500000,2.000000,0.942478,54.000000,1.201743,68.854776,1.423018,81.532931,-0.145469,-8.334759,-0.221276,-12.678156,-0.259265,0.221276,3.424982,26.806478,1.982046,23.075793,2.631366,24.754597,0.643613,11.401739
7.820000,0.020000,3.000000,4.000000,1.800000,13.500000,2.000000,0.939860,53.850000,1.199568,68.730195,1.421770,81.461428,-0.145550,-8.339393,-0.222202,-12.731232,-0.259708,0.222202,3.454509,26.858710,2.003468,23.131180,2.656437,24.808568,0.652022,11.458201
7.840000,0.020000,3.000000,4.000000,1.800000,13.500000,2.000000,0.937242,53.700000,1.197393,68.605546,1.420518,81.389691,-0.145631,-8.344016,-0.223125,-12.784145,-0.260151,0.223125,3.484154,26.910875,2.025004,23.186501,2.681620,24.862466,0.660491,11.514618
7.860000,0.020000,3.000000,4.000000,1.800000,13.500000,2.000000,0.934624,53.550000,1.195216,68.480828,1.419262,81.317723,-0.145711,-8.348629,-0.224046,-12.836895,-0.260592,0.224046,3.513917,26.962973,2.046666,23.241793,2.706929,24.916324,0.669036,11.571026
7.880000,0.020000,3.000000,4.000000,1.800000,13.500000,2.000000,0.932006,53.400000,1.193038,68.356041,1.418002,81.245524,-0.145791,-8.353232,-0.224964,-12.889482,-0.261032,0.224964,3.543797,27.015003,2.068442,23.297019,2.732350,24.970108,0.677642,11.627388
7.900000,0.020000,3.000000,4.000000,1.800000,13.500000,2.000000,0.929388,53.250000,1.190859,68.231187,1.416738,81.173094,-0.145872,-8.357825,-0.225879,-12.941908,-0.261471,0.225879,3.573794,27.066966,2.090344,23.352215,2.757897,25.023853,0.686323,11.683741
7.920000,0.020000,3.000000,4.000000,1.800000,13.500000,2.000000,0.926770,53.100000,1.188679,68.106264,1.415470,81.100435,-0.145952,-8.362407,-0.226791,-12.994171,-0.261909,0.226791,3.603909,27.118861,2.112360,23.407344,2.783555,25.077523,0.695066,11.740049
7.940000,0.020000,3.000000,4.000000,1.800000,13.500000,2.000000,0.924152,52.950000,1.186497,67.981273,1.414197,81.027548,-0.146031,-8.366980,-0.227700,-13.046275,-0.262345,0.227700,3.634141,27.170688,2.134502,23.462443,2.809340,25.131153,0.703885,11.796347
7.960000,0.020000,3.000000,4.000000,1.800000,13.500000,2.000000,0.921534,52.800000,1.184314,67.856214,1.412921,80.954432,-0.146111,-8.371544,-0.228607,-13.098218,-0.262781,0.228607,3.664490,27.222447,2.156757,23.517474,2.835235,25.184708,0.712766,11.852599
7.980000,0.020000,3.000000,4.000000,1.800000,13.500000,2.000000,0.918916,52.650000,1.182130,67.731088,1.411641,80.881089,-0.146190,-8.376098,-0.229511,-13.150001,-0.263215,0.229511,3.694956,27.274136,2.179140,23.572474,2.861257,25.238222,0.721724,11.908841
8.000000,0.020000,3.000000,4.000000,1.800000,13.500000,2.000000,0.916298,52.500000,1.179945,67.605893,1.410357,80.807520,-0.146270,-8.380643,-0.230412,-13.201626,-0.263648,0.230412,3.725539,27.325757,2.201634,23.627407,2.887390,25.291660,0.730743,11.965038
8.020000,0.020000,3.000000,4.000000,1.800000,13.500000,2.000000,0.913680,52.350000,1.177759,67.480632,1.409069,80.733725,-0.146349,-8.385179,-0.231310,-13.253093,-0.264079,0.231310,3.756239,27.377308,2.224256,23.682307,2.913648,25.345058,0.739839,12.021224
8.040000,0.020000,3.000000,4.000000,1.800000,13.500000,2.000000,0.911062,52.200000,1.175572,67.355303,1.407777,80.659705,-0.146428,-8.389705,-0.232206,-13.304402,-0.264510,0.232206,3.787056,27.428789,2.246990,23.737140,2.940018,25.398378,0.748997,12.077364
8.060000,0.020000,3.000000,4.000000,1.800000,13.500000,2.000000,0.908444,52.050000,1.173383,67.229907,1.406482,80.585461,-0.146507,-8.394223,-0.233098,-13.355554,-0.264939,0.233098,3.817989,27.480201,2.269851,23.791940,2.966513,25.451657,0.758233,12.133493
8.080000,0.020000,3.000000,4.000000,1.800000,13.500000,2.000000,0.905826,51.900000,1.171193,67.104444,1.405182,80.510993,-0.146586,-8.398732,-0.233988,-13.406549,-0.265368,0.233988,3.849038,27.531542,2.292825,23.846671,2.993119,25.504859,0.767531,12.189576
8.100000,0.020000,3.000000,4.000000,1.800000,13.500000,2.000000,0.903208,51.750000,1.169003,66.978914,1.403878,80.436303,-0.146664,-8.403233,-0.234876,-13.457389,-0.265795,0.234876,3.880204,27.582813,2.315925,23.901369,3.019851,25.558019,0.776907,12.245648
8.120000,0.020000,3.000000,4.000000,1.800000,13.500000,2.000000,0.900590,51.600000,1.166811,66.853317,1.402571,80.361391,-0.146742,-8.407724,-0.235760,-13.508074,-0.266221,0.235760,3.911487,27.634012,2.339137,23.955998,3.046693,25.611100,0.786346,12.301674
8.140000,0.020000,3.000000,4.000000,1.800000,13.500000,2.000000,0.897972,51.450000,1.164617,66.727654,1.401260,80.286258,-0.146821,-8.412208,-0.236642,-13.558604,-0.266645,0.236642,3.942885,27.685141,2.362477,24.010592,3.073660,25.664139,0.795862,12.357688
8.160000,0.020000,3.000000,4.000000,1.800000,13.500000,2.000000,0.895354,51.300000,1.162423,66.601924,1.399944,80.210904,-0.146899,-8.416682,-0.237522,-13.608980,-0.267069,0.237522,3.974400,27.736198,2.385928,24.065118,3.100738,25.717100,0.805442,12.413656
8.180000,0.020000,3.000000,4.000000,1.800000,13.500000,2.000000,0.892736,51.150000,1.160227,66.476128,1.398625,80.135331,-0.146977,-8.421149,-0.238398,-13.659203,-0.267491,0.238398,4.006030,27.787184,2.409506,24.119608,3.127942,25.770017,0.815100,12.469613
8.200000,0.020000,3.000000,4.000000,1.800000,13.500000,2.000000,0.890118,51.000000,1.158031,66.350265,1.397303,80.059538,-0.147055,-8.425607,-0.239272,-13.709273,-0.267913,0.239272,4.037776,27.838097,2.433195,24.174029,3.155255,25.822855,0.824821,12.525522
8.220000,0.020000,3.000000,4.000000,1.800000,13.500000,2.000000,0.887500,50.850000,1.155833,66.224337,1.395976,79.983527,-0.147132,-8.430056,-0.240143,-13.759191,-0.268333,0.240143,4.069639,27.888938,2.457012,24.228414,3.182694,25.875650,0.834621,12.581420
8.240000,0.020000,3.000000,4.000000,1.800000,13.500000,2.000000,0.884882,50.700000,1.153634,66.098342,1.394645,79.907299,-0.147210,-8.434498,-0.241012,-13.808957,-0.268752,0.241012,4.101616,27.939706,2.480940,24.282729,3.210243,25.928365,0.844485,12.637270
8.260000,0.020000,3.000000,4.000000,1.800000,13.500000,2.000000,0.882264,50.550000,1.151434,65.972281,1.393311,79.830853,-0.147287,-8.438931,-0.241878,-13.858572,-0.269170,0.241878,4.133709,27.990402,2.504995,24.337008,3.237916,25.981035,0.854428,12.693109
8.280000,0.020000,3.000000,4.000000,1.800000,13.500000,2.000000,0.879646,50.400000,1.149232,65.846155,1.391973,79.754192,-0.147364,-8.443355,-0.242741,-13.908037,-0.269586,0.242741,4.165918,28.041024,2.529161,24.391215,3.265700,26.033625,0.864434,12.748900
8.300000,0.020000,3.000000,4.000000,1.800000,13.500000,2.000000,0.877028,50.250000,1.147030,65.719963,1.390631,79.677315,-0.147441,-8.447772,-0.243602,-13.957352,-0.270002,0.243602,4.198242,28.091573,2.553454,24.445387,3.293609,26.086170,0.874520,12.804679
8.320000,0.020000,3.000000,4.000000,1.800000,13.500000,2.000000,0.874410,50.100000,1.144826,65.593705,1.389286,79.600223,-0.147518,-8.452181,-0.244460,-14.006519,-0.270416,0.244460,4.230681,28.142048,2.577859,24.499486,3.321627,26.138635,0.884670,12.860410
8.340000,0.020000,3.000000,4.000000,1.800000,13.500000,2.000000,0.871792,49.950000,1.142621,65.467382,1.387937,79.522918,-0.147595,-8.456581,-0.245315,-14.055536,-0.270829,0.245315,4.263234,28.192449,2.602390,24.553548,3.349770,26.191054,0.894900,12.916129
8.360000,0.020000,3.000000,4.000000,1.800000,13.500000,2.000000,0.869174,49.800000,1.140415,65.340994,1.386584,79.445399,-0.147672,-8.460973,-0.246168,-14.104405,-0.271242,0.246168,4.295903,28.242775,2.627031,24.607538,3.378022,26.243391,0.905194,12.971800
8.380000,0.020000,3.000000,4.000000,1.800000,13.500000,2.000000,0.866556,49.650000,1.138208,65.214540,1.385227,79.367668,-0.147748,-8.465357,-0.247019,-14.153127,-0.271652,0.247019,4.328687,28.293027,2.651800,24.661491,3.406399,26.295682,0.915568,13.027458
8.400000,0.020000,3.000000,4.000000,1.800000,13.500000,2.000000,0.863938,49.500000,1.136000,65.088022,1.383867,79.289724,-0.147825,-8.469733,-0.247866,-14.201702,-0.272062,0.247866,4.361585,28.343203,2.676679,24.715371,3.434885,26.347891,0.926007,13.083068
8.420000,0.020000,3.000000,4.000000,1.800000,13.500000,2.000000,0.861320,49.350000,1.133791,64.961438,1.382503,79.211569,-0.147901,-8.474101,-0.248712,-14.250131,-0.272471,0.248712,4.394598,28.393305,2.701686,24.769212,3.463496,26.400054,0.936526,13.138665
8.440000,0.020000,3.000000,4.000000,1.800000,13.500000,2.000000,0.858702,49.200000,1.131581,64.834790,1.381135,79.133204,-0.147977,-8.478461,-0.249554,-14.298414,-0.272879,0.249554,4.427725,28.443331,2.726802,24.822980,3.492216,26.452134,0.947110,13.194214
8.460000,0.020000,3.000000,4.000000,1.800000,13.500000,2.000000,0.856084,49.050000,1.129369,64.708077,1.379764,79.054629,-0.148053,-8.482812,-0.250395,-14.346552,-0.273285,0.250395,4.460967,28.493281,2.752045,24.876709,3.521060,26.504166,0.957775,13.249749
8.480000,0.020000,3.000000,4.000000,1.800000,13.500000,2.000000,0.853466,48.900000,1.127156,64.581300,1.378389,78.975845,-0.148129,-8.487155,-0.251232,-14.394545,-0.273690,0.251232,4.494323,28.543154,2.777399,24.930365,3.550013,26.556116,0.968505,13.305236
8.500000,0.020000,3.000000,4.000000,1.800000,13.500000,2.000000,0.850848,48.750000,1.124943,64.454458,1.377010,78.896852,-0.148204,-8.491490,-0.252067,-14.442395,-0.274094,0.252067,4.527793,28.592952,2.802879,24.983980,3.579090,26.608018,0.979316,13.360709
8.520000,0.020000,3.000000,4.000000,1.800000,13.500000,2.000000,0.848230,48.600000,1.122728,64.327551,1.375628,78.817652,-0.148280,-8.495817,-0.252900,-14.490101,-0.274498,0.252900,4.561376,28.642672,2.828469,25.037522,3.608275,26.659835,0.990192,13.416134
8.540000,0.020000,3.000000,4.000000,1.800000,13.500000,2.000000,0.845612,48.450000,1.120512,64.200581,1.374242,78.738245,-0.148355,-8.500136,-0.253730,-14.537663,-0.274899,0.253730,4.595074,28.692316,2.854186,25.091023,3.637585,26.711605,1.001150,13.471544
8.560000,0.020000,3.000000,4.000000,1.800000,13.500000,2.000000,0.842994,48.300000,1.118294,64.073546,1.372852,78.658630,-0.148431,-8.504446,-0.254558,-14.585084,-0.275300,0.254558,4.628885,28.741882,2.880012,25.144449,3.667003,26.763290,1.012172,13.526905
8.580000,0.020000,3.000000,4.000000,1.800000,13.500000,2.000000,0.840376,48.150000,1.116076,63.946448,1.371459,78.578811,-0.148506,-8.508748,-0.255383,-14.632363,-0.275700,0.255383,4.662810,28.791370,2.905966,25.197835,3.696545,26.814926,1.023277,13.582253
8.600000,0.020000,3.000000,4.000000,1.800000,13.500000,2.000000,0.837758,48.000000,1.113857,63.819286,1.370062,78.498786,-0.148581,-8.513042,-0.256206,-14.679500,-0.276099,0.256206,4.696848,28.840781,2.932028,25.251144,3.726195,26.866477,1.034448,13.637550
8.620000,0.020000,3.000000,4.000000,1.800000,13.500000,2.000000,0.835140,47.850000,1.111636,63.692060,1.368662,78.418557,-0.148655,-8.517327,-0.257026,-14.726497,-0.276496,0.257026,4.730999,28.890113,2.958217,25.304413,3.755969,26.917978,1.045700,13.692834
8.640000,0.020000,3.000000,4.000000,1.800000,13.500000,2.000000,0.832522,47.700000,1.109415,63.564770,1.367258,78.338124,-0.148730,-8.521604,-0.257844,-14.773353,-0.276892,0.257844,4.765264,28.939367,2.984516,25.357606,3.785850,26.969394,1.057019,13.748068
8.660000,0.020000,3.000000,4.000000,1.800000,13.500000,2.000000,0.829904,47.550000,1.107192,63.437418,1.365851,78.257488,-0.148805,-8.525873,-0.258659,-14.820070,-0.277288,0.258659,4.799641,28.988542,3.010941,25.410756,3.815856,27.020760,1.068420,13.803287
8.680000,0.020000,3.000000,4.000000,1.800000,13.500000,2.000000,0.827286,47.400000,1.104968,63.310001,1.364440,78.176649,-0.148879,-8.530133,-0.259472,-14.866648,-0.277682,0.259472,4.834132,29.037638,3.037475,25.463830,3.845969,27.072040,1.079886,13.858456
8.700000,0.020000,3.000000,4.000000,1.800000,13.500000,2.000000,0.824668,47.250000,1.102743,63.182522,1.363026,78.095609,-0.148953,-8.534385,-0.260282,-14.913087,-0.278075,0.260282,4.868735,29.086655,3.064136,25.516862,3.876205,27.123269,1.091436,13.913611
8.720000,0.020000,3.000000,4.000000,1.800000,13.500000,2.000000,0.822050,47.100000,1.100517,63.054979,1.361608,78.014367,-0.149027,-8.538628,-0.261091,-14.959388,-0.278467,0.261091,4.903451,29.135592,3.090905,25.569816,3.906548,27.174411,1.103052,13.968715
8.740000,0.020000,3.000000,4.000000,1.800000,13.500000,2.000000,0.819432,46.950000,1.098290,62.927374,1.360089,77.927374,-0.149105,-8.543084,-0.261799,-15.000000,-0.278858,0.261799,4.938279,29.184448,3.117801,25.622727,3.937016,27.225502,1.113472,14.024078
8.760000,0.020000,3.000000,4.000000,1.800000,13.500000,2.000000,0.816814,46.800000,1.096062,62.799702,1.357861,77.799702,-0.149212,-8.549223,-0.261799,-15.000000,-0.279247,0.261799,4.973220,29.233225,3.144805,25.675560,3.967589,27.276505,1.114636,14.081406
8.780000,0.020000,3.000000,4.000000,1.800000,13.500000,2.000000,0.814196,46.650000,1.093832,62.671940,1.355631,77.671940,-0.149329,-8.555941,-0.261799,-15.000000,-0.279636,0.261799,5.008274,29.281920,3.171935,25.728350,3.998288,27.327456,1.115918,14.138751
8.800000,0.020000,3.000000,4.000000,1.800000,13.500000,2.000000,0.811578,46.500000,1.091600,62.544077,1.353399,77.544077,-0.149456,-8.563202,-0.261799,-15.000000,-0.280022,0.261799,5.043443,29.330532,3.199174,25.781060,4.029093,27.378318,1.117298,14.196078
8.820000,0.020000,3.000000,4.000000,1.800000,13.500000,2.000000,0.808960,46.350000,1.089367,62.416107,1.351166,77.416107,-0.149592,-8.570977,-0.261799,-15.000000,-0.280406,0.261799,5.078726,29.379061,3.226539,25.833726,4.060023,27.429127,1.118793,14.253423
8.840000,0.020000,3.000000,4.000000,1.800000,13.500000,2.000000,0.806342,46.200000,1.087131,62.288022,1.348930,77.288022,-0.149736,-8.579233,-0.261799,-15.000000,-0.280789,0.261799,5.114124,29.427507,3.254011,25.886312,4.091060,27.479846,1.120383,14.310750
8.860000,0.020000,3.000000,4.000000,1.800000,13.500000,2.000000,0.803724,46.050000,1.084893,62.159814,1.346693,77.159814,-0.149888,-8.587942,-0.261799,-15.000000,-0.281169,0.261799,5.149638,29.475868,3.281610,25.938853,4.122223,27.530510,1.122085,14.368095
8.880000,0.020000,3.000000,4.000000,1.800000,13.500000,2.000000,0.801106,45.900000,1.082654,62.031477,1.344453,77.031477,-0.150047,-8.597076,-0.261799,-15.000000,-0.281547,0.261799,5.185267,29.524144,3.309321,25.991323,4.153497,27.581092,1.123884,14.425430
8.900000,0.020000,3.000000,4.000000,1.800000,13.500000,2.000000,0.798488,45.750000,1.080411,61.903004,1.342211,76.903004,-0.150214,-8.606608,-0.261799,-15.000000,-0.281923,0.261799,5.221011,29.572335,3.337149,26.043728,4.184887,27.631601,1.125784,14.482765
8.920000,0.020000,3.000000,4.000000,1.800000,13.500000,2.000000,0.795870,45.600000,1.078167,61.774391,1.339966,76.774391,-0.150386,-8.616511,-0.261799,-15.000000,-0.282296,0.261799,5.256872,29.620439,3.365093,26.096070,4.216394,27.682036,1.127782,14.540100
8.940000,0.020000,3.000000,4.000000,1.800000,13.500000,2.000000,0.793252,45.450000,1.075919,61.645630,1.337719,76.645630,-0.150565,-8.626761,-0.261799,-15.000000,-0.282667,0.261799,5.292848,29.668456,3.393154,26.148348,4.248017,27.732397,1.129880,14.597435
8.960000,0.020000,3.000000,4.000000,1.800000,13.500000,2.000000,0.790634,45.300000,1.073669,61.516717,1.335469,76.516717,-0.150750,-8.637335,-0.261799,-15.000000,-0.283035,0.261799,5.328942,29.716386,3.421332,26.200561,4.279756,27.782682,1.132074,14.654770
8.980000,0.020000,3.000000,4.000000,1.800000,13.500000,2.000000,0.788016,45.150000,1.071417,61.387647,1.333216,76.387647,-0.150940,-8.648209,-0.261799,-15.000000,-0.283400,0.261799,5.365151,29.764228,3.449627,26.252709,4.311613,27.832893,1.134365,14.712104
9.000000,0.020000,3.000000,4.000000,1.800000,13.500000,2.000000,0.785398,45.000000,1.069161,61.258416,1.330960,76.258416,-0.151134,-8.659363,-0.261799,-15.000000,-0.283763,0.261799,5.401478,29.811982,3.478038,26.304792,4.343586,27.883027,1.136753,14.769438
9.020000,0.020000,3.000000,4.000000,1.800000,13.500000,2.000000,0.782780,44.850000,1.066903,61.129020,1.328702,76.129020,-0.151334,-8.670774,-0.261799,-15.000000,-0.284122,0.261799,5.437921,29.859646,3.506565,26.356809,4.375676,27.933086,1.139235,14.826772
9.040000,0.020000,3.000000,4.000000,1.800000,13.500000,2.000000,0.780162,44.700000,1.064641,60.999454,1.326441,75.999454,-0.151537,-8.682424,-0.261799,-15.000000,-0.284479,0.261799,5.474481,29.907221,3.535210,26.408760,4.407882,27.983067,1.141812,14.884106
9.060000,0.020000,3.000000,4.000000,1.800000,13.500000,2.000000,0.777544,44.550000,1.062377,60.869716,1.324176,75.869716,-0.151744,-8.694294,-0.261799,-15.000000,-0.284833,0.261799,5.511159,29.954705,3.563970,26.460645,4.440205,28.032972,1.144483,14.941440
9.080000,0.020000,3.000000,4.000000,1.800000,13.500000,2.000000,0.774926,44.400000,1.060110,60.739802,1.321909,75.739802,-0.151955,-8.706364,-0.261799,-15.000000,-0.285183,0.261799,5.547954,30.002098,3.592848,26.512462,4.472645,28.082799,1.147247,14.998773
9.100000,0.020000,3.000000,4.000000,1.800000,13.500000,2.000000,0.772308,44.250000,1.057839,60.609709,1.319638,75.609709,-0.152169,-8.718618,-0.261799,-15.000000,-0.285531,0.261799,5.584866,30.049401,3.621841,26.564213,4.505202,28.132547,1.150105,15.056106
9.120000,0.020000,3.000000,4.000000,1.800000,13.500000,2.000000,0.769690,44.100000,1.055565,60.479434,1.317365,75.479434,-0.152385,-8.731040,-0.261799,-15.000000,-0.285875,0.261799,5.621895,30.096611,3.650952,26.615895,4.537876,28.182217,1.153055,15.113438
9.140000,0.020000,3.000000,4.000000,1.800000,13.500000,2.000000,0.767072,43.950000,1.053288,60.348975,1.315088,75.348975,-0.152605,-8.743612,-0.261799,-15.000000,-0.286216,0.261799,5.659042,30.143729,3.680178,26.667510,4.570667,28.231809,1.156098,15.170770
9.160000,0.020000,3.000000,4.000000,1.800000,13.500000,2.000000,0.764454,43.800000,1.051008,60.218329,1.312808,75.218329,-0.152827,-8.756321,-0.261799,-15.000000,-0.286554,0.261799,5.696307,30.190754,3.709521,26.719056,4.603575,28.281320,1.159233,15.228102
9.180000,0.020000,3.000000,4.000000,1.800000,13.500000,2.000000,0.761836,43.650000,1.048725,60.087495,1.310524,75.087495,-0.153051,-8.769152,-0.261799,-15.000000,-0.286888,0.261799,5.733689,30.237686,3.738981,26.770534,4.636599,28.330752,1.162460,15.285433
9.200000,0.020000,3.000000,4.000000,1.800000,13.500000,2.000000,0.759218,43.500000,1.046438,59.956471,1.308237,74.956471,-0.153276,-8.782091,-0.261799,-15.000000,-0.287220,0.261799,5.771188,30.284524,3.768557,26.821942,4.669741,28.380104,1.165778,15.342764
9.220000,0.020000,3.000000,4.000000,1.800000,13.500000,2.000000,0.756600,43.350000,1.044148,59.825255,1.305947,74.825255,-0.153504,-8.795125,-0.261799,-15.000000,-0.287547,0.261799,5.808805,30.331267,3.798250,26.873281,4.703000,28.429375,1.169189,15.400093
9.240000,0.020000,3.000000,4.000000,1.800000,13.500000,2.000000,0.753982,43.200000,1.041854,59.693846,1.303654,74.693846,-0.153733,-8.808240,-0.261799,-15.000000,-0.287872,0.261799,5.846540,30.377916,3.828059,26.924550,4.736375,28.478565,1.172691,15.457422
9.260000,0.020000,3.000000,4.000000,1.800000,13.500000,2.000000,0.751364,43.050000,1.039557,59.562243,1.301357,74.562243,-0.153963,-8.821427,-0.261799,-15.000000,-0.288193,0.261799,5.884392,30.424469,3.857984,26.975749,4.769868,28.527673,1.176284,15.514750
9.280000,0.020000,3.000000,4.000000,1.800000,13.500000,2.000000,0.748746,42.900000,1.037257,59.430444,1.299056,74.430444,-0.154194,-8.834672,-0.261799,-15.000000,-0.288511,0.261799,5.922362,30.470926,3.888026,27.026877,4.803477,28.576699,1.179969,15.572077
9.300000,0.020000,3.000000,4.000000,1.800000,13.500000,2.000000,0.746128,42.750000,1.034953,59.298448,1.296753,74.298448,-0.154426,-8.847965,-0.261799,-15.000000,-0.288825,0.261799,5.960449,30.517288,3.918185,27.077934,4.837204,28.625643,1.183746,15.629403
9.320000,0.020000,3.000000,4.000000,1.800000,13.500000,2.000000,0.743510,42.600000,1.032646,59.166256,1.294445,74.166256,-0.154659,-8.861296,-0.261799,-15.000000,-0.289136,0.261799,5.998654,30.563552,3.948459,27.128919,4.871047,28.674504,1.187614,15.686728
9.340000,0.020000,3.000000,4.000000,1.800000,13.500000,2.000000,0.740892,42.450000,1.030335,59.033866,1.292135,74.033866,-0.154892,-8.874655,-0.261799,-15.000000,-0.289443,0.261799,6.036976,30.609719,3.978851,27.179833,4.905007,28.723282,1.191574,15.744052
9.360000,0.020000,3.000000,4.000000,1.800000,13.500000,2.000000,0.738274,42.300000,1.028021,58.901278,1.289821,73.901278,-0.155125,-8.888033,-0.261799,-15.000000,-0.289747,0.261799,6.075416,30.655789,4.009359,27.230675,4.939084,28.771976,1.195626,15.801374
9.380000,0.020000,3.000000,4.000000,1.800000,13.500000,2.000000,0.735656,42.150000,1.025704,58.768492,1.287503,73.768492,-0.155359,-8.901420,-0.261799,-15.000000,-0.290047,0.261799,6.113972,30.701761,4.039983,27.281444,4.973278,28.820586,1.199770,15.858695
9.400000,0.020000,3.000000,4.000000,1.800000,13.500000,2.000000,0.733038,42.000000,1.023383,58.635507,1.285182,73.635507,-0.155593,-8.914809,-0.261799,-15.000000,-0.290344,0.261799,6.152646,30.747634,4.070724,27.332140,5.007589,28.869112,1.204006,15.916014
9.420000,0.020000,3.000000,4.000000,1.800000,13.500000,2.000000,0.730420,41.850000,1.021058,58.502324,1.282858,73.502324,-0.155826,-8.928191,-0.261799,-15.000000,-0.290638,0.261799,6.191437,30.793408,4.101581,27.382762,5.042016,28.917553,1.208334,15.973331
9.440000,0.020000,3.000000,4.000000,1.800000,13.500000,2.000000,0.727802,41.700000,1.018730,58.368943,1.280530,73.368943,-0.156060,-8.941559,-0.261799,-15.000000,-0.290928,0.261799,6.230345,30.839083,4.132555,27.433311,5.076560,28.965908,1.212755,16.030646
9.460000,0.020000,3.000000,4.000000,1.800000,13.500000,2.000000,0.725184,41.550000,1.016399,58.235363,1.278198,73.235363,-0.156293,-8.954905,-0.261799,-15.000000,-0.291215,0.261799,6.269369,30.884657,4.163645,27.483786,5.111221,29.014178,1.217269,16.087959
9.480000,0.020000,3.000000,4.000000,1.800000,13.500000,2.000000,0.722566,41.400000,1.014064,58.101586,1.275863,73.101586,-0.156525,-8.968224,-0.261799,-15.000000,-0.291498,0.261799,6.308511,30.930132,4.194851,27.534187,5.145998,29.062362,1.221876,16.145270
9.500000,0.020000,3.000000,4.000000,1.800000,13.500000,2.000000,0.719948,41.250000,1.011726,57.967612,1.273525,72.967612,-0.156757,-8.981507,-0.261799,-15.000000,-0.291777,0.261799,6.347769,30.975506,4.226175,27.584513,5.180892,29.110460,1.226577,16.202579
9.520000,0.020000,3.000000,4.000000,1.800000,13.500000,2.000000,0.717330,41.100000,1.009384,57.833441,1.271183,72.833441,-0.156988,-8.994749,-0.261799,-15.000000,-0.292054,0.261799,6.387143,31.020779,4.257614,27.634763,5.215902,29.158470,1.231371,16.259885
9.540000,0.020000,3.000000,4.000000,1.800000,13.500000,2.000000,0.714712,40.950000,1.007039,57.699073,1.268838,72.699073,-0.157218,-9.007945,-0.261799,-15.000000,-0.292326,0.261799,6.426634,31.065951,4.289170,27.684938,5.251029,29.206394,1.236260,16.317188
9.560000,0.020000,3.000000,4.000000,1.800000,13.500000,2.000000,0.712094,40.800000,1.004690,57.564510,1.266490,72.564510,-0.157448,-9.021089,-0.261799,-15.000000,-0.292596,0.261799,6.466241,31.111021,4.320843,27.735037,5.286272,29.254230,1.241243,16.374488
9.580000,0.020000,3.000000,4.000000,1.800000,13.500000,2.000000,0.709476,40.650000,1.002338,57.429752,1.264138,72.429752,-0.157676,-9.034175,-0.261799,-15.000000,-0.292862,0.261799,6.505964,31.155988,4.352631,27.785060,5.321631,29.301977,1.246320,16.431786
9.600000,0.020000,3.000000,4.000000,1.800000,13.500000,2.000000,0.706858,40.500000,0.999983,57.294801,1.261782,72.294801,-0.157903,-9.047200,-0.261799,-15.000000,-0.293125,0.261799,6.545803,31.200853,4.384537,27.835006,5.357107,29.349637,1.251493,16.489079
9.620000,0.020000,3.000000,4.000000,1.800000,13.500000,2.000000,0.704240,40.350000,0.997624,57.159656,1.259424,72.159656,-0.158130,-9.060158,-0.261799,-15.000000,-0.293384,0.261799,6.585758,31.245615,4.416558,27.884875,5.392698,29.397208,1.256762,16.546370
9.640000,0.020000,3.000000,4.000000,1.800000,13.500000,2.000000,0.701622,40.200000,0.995262,57.024320,1.257062,72.024320,-0.158354,-9.073044,-0.261799,-15.000000,-0.293640,0.261799,6.625829,31.290273,4.448697,27.934666,5.428406,29.444689,1.262127,16.603657
9.660000,0.020000,3.000000,4.000000,1.800000,13.500000,2.000000,0.699004,40.050000,0.992897,56.888793,1.254696,71.888793,-0.158578,-9.085856,-0.261799,-15.000000,-0.293892,0.261799,6.666014,31.334827,4.480951,27.984380,5.464229,29.492081,1.267588,16.660940
9.680000,0.020000,3.000000,4.000000,1.800000,13.500000,2.000000,0.696386,39.900000,0.990528,56.753075,1.252327,71.753075,-0.158800,-9.098589,-0.261799,-15.000000,-0.294142,0.261799,6.706315,31.379278,4.513322,28.034015,5.500169,29.539384,1.273146,16.718218
9.700000,0.020000,3.000000,4.000000,1.800000,13.500000,2.000000,0.693768,39.750000,0.988156,56.617170,1.249955,71.617170,-0.159021,-9.111240,-0.261799,-15.000000,-0.294388,0.261799,6.746731,31.423624,4.545809,28.083572,5.536224,29.586595,1.278801,16.775493
9.720000,0.020000,3.000000,4.000000,1.800000,13.500000,2.000000,0.691150,39.600000,0.985781,56.481077,1.247580,71.481077,-0.159240,-9.123805,-0.261799,-15.000000,-0.294630,0.261799,6.787262,31.467864,4.578413,28.133050,5.572395,29.633717,1.284554,16.832763
9.740000,0.020000,3.000000,4.000000,1.800000,13.500000,2.000000,0.688532,39.450000,0.983402,56.344798,1.245202,71.344798,-0.159458,-9.136282,-0.261799,-15.000000,-0.294870,0.261799,6.827908,31.512000,4.611132,28.182449,5.608681,29.680747,1.290405,16.890028
9.760000,0.020000,3.000000,4.000000,1.800000,13.500000,2.000000,0.685914,39.300000,0.981020,56.208334,1.242820,71.208334,-0.159674,-9.148666,-0.261799,-15.000000,-0.295106,0.261799,6.868667,31.556030,4.643968,28.231768,5.645083,29.727686,1.296355,16.947288
9.780000,0.020000,3.000000,4.000000,1.800000,13.500000,2.000000,0.683296,39.150000,0.978636,56.071686,1.240435,71.071686,-0.159889,-9.160957,-0.261799,-15.000000,-0.295339,0.261799,6.909542,31.599954,4.676921,28.281007,5.681600,29.774533,1.302404,17.004543
9.800000,0.020000,3.000000,4.000000,1.800000,13.500000,2.000000,0.680678,39.000000,0.976247,55.934857,1.238047,70.934857,-0.160102,-9.173151,-0.261799,-15.000000,-0.295569,0.261799,6.950530,31.643771,4.709989,28.330166,5.718233,29.821288,1.308553,17.061793
9.820000,0.020000,3.000000,4.000000,1.800000,13.500000,2.000000,0.678060,38.850000,0.973856,55.797847,1.235656,70.797847,-0.160313,-9.185245,-0.261799,-15.000000,-0.295796,0.261799,6.991632,31.687482,4.743174,28.379244,5.754980,29.867951,1.314801,17.119037
9.840000,0.020000,3.000000,4.000000,1.800000,13.500000,2.000000,0.675442,38.700000,0.971462,55.660658,1.233261,70.660658,-0.160522,-9.197239,-0.261799,-15.000000,-0.296019,0.261799,7.032848,31.731085,4.776475,28.428241,5.791843,29.914521,1.321151,17.176275
9.860000,0.020000,3.000000,4.000000,1.800000,13.500000,2.000000,0.672824,38.550000,0.969064,55.523291,1.230864,70.523291,-0.160730,-9.209129,-0.261799,-15.000000,-0.296240,0.261799,7.074177,31.774581,4.809892,28.477156,5.828820,29.960997,1.327601,17.233506
9.880000,0.020000,3.000000,4.000000,1.800000,13.500000,2.000000,0.670206,38.400000,0.966664,55.385749,1.228463,70.385749,-0.160935,-9.220914,-0.261799,-15.000000,-0.296457,0.261799,7.115619,31.817970,4.843425,28.525989,5.865912,30.007380,1.334153,17.290732
9.900000,0.020000,3.000000,4.000000,1.800000,13.500000,2.000000,0.667588,38.250000,0.964260,55.248032,1.226059,70.248032,-0.161139,-9.232592,-0.261799,-15.000000,-0.296672,0.261799,7.157174,31.861250,4.877074,28.574740,5.903119,30.053670,1.340807,17.347950
9.920000,0.020000,3.000000,4.000000,1.800000,13.500000,2.000000,0.664970,38.100000,0.961853,55.110141,1.223653,70.110141,-0.161341,-9.244163,-0.261799,-15.000000,-0.296883,0.261799,7.198842,31.904421,4.910839,28.623409,5.940440,30.099864,1.347563,17.405162
9.940000,0.020000,3.000000,4.000000,1.800000,13.500000,2.000000,0.662352,37.950000,0.959444,54.972080,1.221243,69.972080,-0.161541,-9.255623,-0.261799,-15.000000,-0.297091,0.261799,7.240622,31.947484,4.944720,28.671994,5.977876,30.145965,1.354423,17.462366
9.960000,0.020000,3.000000,4.000000,1.800000,13.500000,2.000000,0.659734,37.800000,0.957031,54.833849,1.218831,69.833849,-0.161739,-9.266973,-0.261799,-15.000000,-0.297297,0.261799,7.282515,31.990438,4.978717,28.720497,6.015426,30.191970,1.361386,17.519563
9.980000,0.020000,3.000000,4.000000,1.800000,13.500000,2.000000,0.657116,37.650000,0.954616,54.695450,1.216415,69.695450,-0.161935,-9.278211,-0.261799,-15.000000,-0.297499,0.261799,7.324519,32.033282,5.012830,28.768915,6.053090,30.237880,1.368453,17.576751
10.000000,0.020000,3.000000,4.000000,1.800000,13.500000,2.000000,0.654498,37.500000,0.952197,54.556885,1.213997,69.556885,-0.162130,-9.289337,-0.261799,-15.000000,-0.297699,0.261799,7.366636,32.076016,5.047058,28.817249,6.090868,30.283694,1.375625,17.633932
10.020000,0.020000,3.000000,4.000000,1.800000,13.500000,2.000000,0.651880,37.350000,0.949776,54.418154,1.211575,69.418154,-0.162322,-9.300348,-0.261799,-15.000000,-0.297895,0.261799,7.408864,32.118640,5.081402,28.865499,6.128760,30.329413,1.382902,17.691105
10.040000,0.020000,3.000000,4.000000,1.800000,13.500000,2.000000,0.649262,37.200000,0.947352,54.279261,1.209151,69.279261,-0.162512,-9.311245,-0.261799,-15.000000,-0.298089,0.261799,7.451203,32.161154,5.115862,28.913665,6.166765,30.375035,1.390284,17.748268
10.060000,0.020000,3.000000,4.000000,1.800000,13.500000,2.000000,0.646644,37.050000,0.944925,54.140207,1.206724,69.140207,-0.162700,-9.322027,-0.261799,-15.000000,-0.298280,0.261799,7.493653,32.203556,5.150438,28.961745,6.204884,30.420560,1.397773,17.805423
10.080000,0.020000,3.000000,4.000000,1.800000,13.500000,2.000000,0.644026,36.900000,0.942495,54.000993,1.204295,69.000993,-0.162886,-9.332694,-0.261799,-15.000000,-0.298469,0.261799,7.536214,32.245848,5.185129,29.009739,6.243117,30.465988,1.405368,17.862569
10.100000,0.020000,3.000000,4.000000,1.800000,13.500000,2.000000,0.641409,36.750000,0.940063,53.861621,1.201862,68.861621,-0.163070,-9.343244,-0.261799,-15.000000,-0.298654,0.261799,7.578885,32.288028,5.219935,29.057648,6.281462,30.511319,1.413070,17.919704
10.120000,0.020000,3.000000,4.000000,1.800000,13.500000,2.000000,0.638791,36.600000,0.937627,53.722093,1.199427,68.722093,-0.163252,-9.353678,-0.261799,-15.000000,-0.298837,0.261799,7.621666,32.330096,5.254857,29.105470,6.319921,30.556552,1.420880,17.976830
10.140000,0.020000,3.000000,4.000000,1.800000,13.500000,2.000000,0.636173,36.450000,0.935189,53.582410,1.196989,68.582410,-0.163433,-9.363995,-0.261799,-15.000000,-0.299017,0.261799,7.664558,32.372052,5.289894,29.153206,6.358493,30.601687,1.428798,18.033946
10.160000,0.020000,3.000000,4.000000,1.800000,13.500000,2.000000,0.633555,36.300000,0.932749,53.442575,1.194548,68.442575,-0.163611,-9.374195,-0.261799,-15.000000,-0.299194,0.261799,7.707559,32.413896,5.325046,29.200855,6.397177,30.646724,1.436824,18.091052
10.180000,0.020000,3.000000,4.000000,1.800000,13.500000,2.000000,0.630937,36.150000,0.930306,53.302589,1.192105,68.302589,-0.163787,-9.384278,-0.261799,-15.000000,-0.299369,0.261799,7.750670,32.455627,5.360314,29.248417,6.435974,30.691661,1.444960,18.148146
10.200000,0.020000,3.000000,4.000000,1.800000,13.500000,2.000000,0.628319,36.000000,0.927860,53.162454,1.189659,68.162454,-0.163960,-9.394245,-0.261799,-15.000000,-0.299541,0.261799,7.793889,32.497245,5.395697,29.295890,6.474883,30.736500,1.453205,18.205229
10.220000,0.020000,3.000000,4.000000,1.800000,13.500000,2.000000,0.625701,35.850000,0.925411,53.022171,1.187211,68.022171,-0.164132,-9.404094,-0.261799,-15.000000,-0.299711,0.261799,7.837218,32.538750,5.431194,29.343276,6.513905,30.781239,1.461560,18.262301
10.240000,0.020000,3.000000,4.000000,1.800000,13.500000,2.000000,0.623083,35.700000,0.922961,52.881742,1.184760,67.881742,-0.164302,-9.413826,-0.261799,-15.000000,-0.299878,0.261799,7.880655,32.580140,5.466807,29.390574,6.553039,30.825879,1.470026,18.319361
10.260000,0.020000,3.000000,4.000000,1.800000,13.500000,2.000000,0.620465,35.550000,0.920507,52.741169,1.182306,67.741169,-0.164470,-9.423442,-0.261799,-15.000000,-0.300043,0.261799,7.924201,32.621417,5.502534,29.437783,6.592284,30.870418,1.478602,18.376409
10.280000,0.020000,3.000000,4.000000,1.800000,13.500000,2.000000,0.617847,35.400000,0.918051,52.600454,1.179851,67.600454,-0.164636,-9.432941,-0.261799,-15.000000,-0.300205,0.261799,7.967855,32.662580,5.538376,29.484902,6.631642,30.914857,1.487291,18.433445
10.300000,0.020000,3.000000,4.000000,1.800000,13.500000,2.000000,0.615229,35.250000,0.915593,52.459599,1.177392,67.459599,-0.164800,-9.442324,-0.261799,-15.000000,-0.300364,0.261799,8.011616,32.703628,5.574333,29.531932,6.671110,30.959195,1.496091,18.490468
10.320000,0.020000,3.000000,4.000000,1.800000,13.500000,2.000000,0.612611,35.100000,0.913132,52.318605,1.174931,67.318605,-0.164961,-9.451591,-0.261799,-15.000000,-0.300521,0.261799,8.055485,32.744561,5.610405,29.578873,6.710691,31.003433,1.505003,18.547477
10.340000,0.020000,3.000000,4.000000,1.800000,13.500000,2.000000,0.609993,34.950000,0.910669,52.177473,1.172468,67.177473,-0.165121,-9.460742,-0.261799,-15.000000,-0.300676,0.261799,8.099461,32.785379,5.646590,29.625723,6.750382,31.047568,1.514029,18.604474
10.360000,0.020000,3.000000,4.000000,1.800000,13.500000,2.000000,0.607375,34.800000,0.908203,52.036206,1.170003,67.036206,-0.165279,-9.469779,-0.261799,-15.000000,-0.300829,0.261799,8.143544,32.826082,5.682890,29.672483,6.790184,31.091602,1.523168,18.661456
10.380000,0.020000,3.000000,4.000000,1.800000,13.500000,2.000000,0.604757,34.650000,0.905735,51.894806,1.167535,66.894806,-0.165435,-9.478701,-0.261799,-15.000000,-0.300979,0.261799,8.187734,32.866668,5.719305,29.719152,6.830098,31.135534,1.532421,18.718424
10.400000,0.020000,3.000000,4.000000,1.800000,13.500000,2.000000,0.602139,34.500000,0.903265,51.753273,1.165064,66.753273,-0.165588,-9.487509,-0.261799,-15.000000,-0.301126,0.261799,8.232029,32.907139,5.755833,29.765730,6.870122,31.179364,1.541788,18.775378
10.420000,0.020000,3.000000,4.000000,1.800000,13.500000,2.000000,0.599521,34.350000,0.900793,51.611610,1.162592,66.611610,-0.165740,-9.496203,-0.261799,-15.000000,-0.301272,0.261799,8.276431,32.947493,5.792476,29.812216,6.910256,31.223091,1.551270,18.832317
10.440000,0.020000,3.000000,4.000000,1.800000,13.500000,2.000000,0.596903,34.200000,0.898318,51.469819,1.160117,66.469819,-0.165890,-9.504785,-0.261799,-15.000000,-0.301415,0.261799,8.320939,32.987731,5.829232,29.858610,6.950500,31.266714,1.560867,18.889241
10.460000,0.020000,3.000000,4.000000,1.800000,13.500000,2.000000,0.594285,34.050000,0.895841,51.327900,1.157640,66.327900,-0.166038,-9.513255,-0.261799,-15.000000,-0.301556,0.261799,8.365552,33.027851,5.866102,29.904912,6.990855,31.310235,1.570580,18.946149
10.480000,0.020000,3.000000,4.000000,1.800000,13.500000,2.000000,0.591667,33.900000,0.893362,51.185857,1.155161,66.185857,-0.166183,-9.521613,-0.261799,-15.000000,-0.301695,0.261799,8.410271,33.067855,5.903086,29.951122,7.031319,31.353651,1.580409,19.003041
10.500000,0.020000,3.000000,4.000000,1.800000,13.500000,2.000000,0.589049,33.750000,0.890880,51.043689,1.152680,66.043689,-0.166327,-9.529860,-0.261799,-15.000000,-0.301832,0.261799,8.455094,33.107740,5.940183,29.997238,7.071893,31.396964,1.590354,19.059917
10.520000,0.020000,3.000000,4.000000,1.800000,13.500000,2.000000,0.586431,33.600000,0.888397,50.901400,1.150196,65.901400,-0.166469,-9.537997,-0.261799,-15.000000,-0.301966,0.261799,8.500022,33.147509,5.977394,30.043261,7.112577,31.440173,1.600416,19.116776
10.540000,0.020000,3.000000,4.000000,1.800000,13.500000,2.000000,0.583813,33.450000,0.885912,50.758990,1.147711,65.758990,-0.166610,-9.546025,-0.261799,-15.000000,-0.302099,0.261799,8.545054,33.187158,6.014718,30.089191,7.153369,31.483276,1.610596,19.173619
10.560000,0.020000,3.000000,4.000000,1.800000,13.500000,2.000000,0.581195,33.300000,0.883424,50.616461,1.145223,65.616461,-0.166748,-9.553945,-0.261799,-15.000000,-0.302229,0.261799,8.590190,33.226690,6.052156,30.135026,7.194271,31.526275,1.620894,19.230444
10.580000,0.020000,3.000000,4.000000,1.800000,13.500000,2.000000,0.578577,33.150000,0.880934,50.473816,1.142734,65.473816,-0.166884,-9.561757,-0.261799,-15.000000,-0.302358,0.261799,8.635429,33.266103,6.089706,30.180768,7.235281,31.569169,1.631309,19.287251
10.600000,0.020000,3.000000,4.000000,1.800000,13.500000,2.000000,0.575959,33.000000,0.878443,50.331055,1.140242,65.331055,-0.167019,-9.569462,-0.261799,-15.000000,-0.302484,0.261799,8.680772,33.305397,6.127369,30.226414,7.276401,31.611957,1.641844,19.344040
10.620000,0.020000,3.000000,4.000000,1.800000,13.500000,2.000000,0.573341,32.850000,0.875949,50.188179,1.137748,65.188179,-0.167151,-9.577061,-0.261799,-15.000000,-0.302608,0.261799,8.726218,33.344572,6.165145,30.271966,7.317628,31.654639,1.652497,19.400811
10.640000,0.020000,3.000000,4.000000,1.800000,13.500000,2.000000,0.570723,32.700000,0.873453,50.045192,1.135253,65.045192,-0.167282,-9.584555,-0.261799,-15.000000,-0.302731,0.261799,8.771767,33.383627,6.203034,30.317422,7.358964,31.697214,1.663269,19.457563
10.660000,0.020000,3.000000,4.000000,1.800000,13.500000,2.000000,0.568105,32.550000,0.870956,49.902093,1.132755,64.902093,-0.167411,-9.591944,-0.261799,-15.000000,-0.302851,0.261799,8.817418,33.422563,6.241035,30.362783,7.400407,31.739684,1.674162,19.514296
10.680000,0.020000,3.000000,4.000000,1.800000,13.500000,2.000000,0.565487,32.400000,0.868456,49.758886,1.130256,64.758886,-0.167538,-9.599231,-0.261799,-15.000000,-0.302970,0.261799,8.863171,33.461378,6.279149,30.408047,7.441959,31.782046,1.685174,19.571009
10.700000,0.020000,3.000000,4.000000,1.800000,13.500000,2.000000,0.562869,32.250000,0.865955,49.615570,1.127754,64.615570,-0.167664,-9.606415,-0.261799,-15.000000,-0.303086,0.261799,8.909026,33.500073,6.317374,30.453216,7.483618,31.824302,1.696308,19.627702
10.720000,0.020000,3.000000,4.000000,1.800000,13.500000,2.000000,0.560251,32.100000,0.863452,49.472148,1.125251,64.472148,-0.167787,-9.613498,-0.261799,-15.000000,-0.303201,0.261799,8.954983,33.538648,6.355712,30.498287,7.525384,31.866449,1.707562,19.684375
10.740000,0.020000,3.000000,4.000000,1.800000,13.500000,2.000000,0.557633,31.950000,0.860947,49.328622,1.122746,64.328622,-0.167909,-9.620480,-0.261799,-15.000000,-0.303314,0.261799,9.001040,33.577102,6.394162,30.543262,7.567257,31.908490,1.718937,19.741027
10.760000,0.020000,3.000000,4.000000,1.800000,13.500000,2.000000,0.555015,31.800000,0.858440,49.184992,1.120239,64.184992,-0.168029,-9.627363,-0.261799,-15.000000,-0.303425,0.261799,9.047199,33.615434,6.432723,30.588139,7.609237,31.950422,1.730434,19.797658
10.780000,0.020000,3.000000,4.000000,1.800000,13.500000,2.000000,0.552397,31.650000,0.855931,49.041260,1.117731,64.041260,-0.168148,-9.634148,-0.261799,-15.000000,-0.303535,0.261799,9.093458,33.653645,6.471396,30.632918,7.651324,31.992245,1.742053,19.854267
10.800000,0.020000,3.000000,4.000000,1.800000,13.500000,2.000000,0.549779,31.500000,0.853421,48.897429,1.115221,63.897429,-0.168264,-9.640835,-0.261799,-15.000000,-0.303642,0.261799,9.139817,33.691735,6.510181,30.677599,7.693517,32.033960,1.753794,19.910855
10.820000,0.020000,3.000000,4.000000,1.800000,13.500000,2.000000,0.547161,31.350000,0.850909,48.753498,1.112708,63.753498,-0.168379,-9.647425,-0.261799,-15.000000,-0.303748,0.261799,9.186276,33.729703,6.549077,30.722182,7.735817,32.075567,1.765658,19.967420
10.840000,0.020000,3.000000,4.000000,1.800000,13.500000,2.000000,0.544543,31.200000,0.848395,48.609470,1.110195,63.609470,-0.168493,-9.653920,-0.261799,-15.000000,-0.303853,0.261799,9.232835,33.767548,6.588084,30.766667,7.778222,32.117063,1.777646,20.023963
10.860000,0.020000,3.000000,4.000000,1.800000,13.500000,2.000000,0.541925,31.050000,0.845880,48.465345,1.107679,63.465345,-0.168604,-9.660320,-0.261799,-15.000000,-0.303955,0.261799,9.279493,33.805271,6.627202,30.811052,7.820733,32.158451,1.789756,20.080482
10.880000,0.020000,3.000000,4.000000,1.800000,13.500000,2.000000,0.539307,30.900000,0.843363,48.321126,1.105162,63.321126,-0.168714,-9.666627,-0.261799,-15.000000,-0.304056,0.261799,9.326250,33.842872,6.666430,30.855338,7.863349,32.199728,1.801990,20.136979
10.900000,0.020000,3.000000,4.000000,1.800000,13.500000,2.000000,0.536689,30.750000,0.840844,48.176814,1.102643,63.176814,-0.168823,-9.672841,-0.261799,-15.000000,-0.304155,0.261799,9.373106,33.880349,6.705769,30.899524,7.906071,32.240895,1.814348,20.193451
10.920000,0.020000,3.000000,4.000000,1.800000,13.500000,2.000000,0.534071,30.600000,0.838324,48.032410,1.100123,63.032410,-0.168930,-9.678964,-0.261799,-15.000000,-0.304253,0.261799,9.420060,33.917703,6.745219,30.943610,7.948897,32.281952,1.826831,20.249899
10.940000,0.020000,3.000000,4.000000,1.800000,13.500000,2.000000,0.531453,30.450000,0.835802,47.887915,1.097601,62.887915,-0.169035,-9.684997,-0.261799,-15.000000,-0.304349,0.261799,9.467112,33.954934,6.784779,30.987596,7.991829,32.322898,1.839438,20.306322
10.960000,0.020000,3.000000,4.000000,1.800000,13.500000,2.000000,0.528835,30.300000,0.833278,47.743332,1.095078,62.743332,-0.169139,-9.690940,-0.261799,-15.000000,-0.304444,0.261799,9.514261,33.992041,6.824449,31.031481,8.034865,32.363733,1.852170,20.362721
10.980000,0.020000,3.000000,4.000000,1.800000,13.500000,2.000000,0.526217,30.150000,0.830753,47.598660,1.092553,62.598660,-0.169241,-9.696794,-0.261799,-15.000000,-0.304537,0.261799,9.561508,34.029024,6.864229,31.075265,8.078005,32.404456,1.865027,20.419094
11.000000,0.020000,3.000000,4.000000,1.800000,13.500000,2.000000,0.523599,30.000000,0.828227,47.453902,1.090026,62.453902,-0.169342,-9.702561,-0.261799,-15.000000,-0.304628,0.261799,9.608852,34.065882,6.904119,31.118948,8.121249,32.445068,1.878010,20.475441
11.020000,0.020000,3.000000,4.000000,1.800000,13.500000,2.000000,0.520981,29.850000,0.825699,47.309058,1.087498,62.309058,-0.169441,-9.708242,-0.261799,-15.000000,-0.304718,0.261799,9.656292,34.102616,6.944118,31.162529,8.164597,32.485568,1.891119,20.531762
11.040000,0.020000,3.000000,4.000000,1.800000,13.500000,2.000000,0.518363,29.700000,0.823169,47.164131,1.084969,62.164131,-0.169538,-9.713838,-0.261799,-15.000000,-0.304807,0.261799,9.703829,34.139226,6.984227,31.206008,8.208048,32.525956,1.904354,20.588057
11.060000,0.020000,3.000000,4.000000,1.800000,13.500000,2.000000,0.515745,29.550000,0.820638,47.019120,1.082438,62.019120,-0.169635,-9.719349,-0.261799,-15.000000,-0.304894,0.261799,9.751462,34.175710,7.024445,31.249385,8.251603,32.566231,1.917715,20.644324
11.080000,0.020000,3.000000,4.000000,1.800000,13.500000,2.000000,0.513127,29.400000,0.818106,46.874029,1.079906,61.874029,-0.169729,-9.724777,-0.261799,-15.000000,-0.304979,0.261799,9.799191,34.212069,7.064772,31.292659,8.295260,32.606394,1.931203,20.700565
11.100000,0.020000,3.000000,4.000000,1.800000,13.500000,2.000000,0.510509,29.250000,0.815572,46.728857,1.077372,61.728857,-0.169823,-9.730122,-0.261799,-15.000000,-0.305064,0.261799,9.847015,34.248303,7.105208,31.335831,8.339021,32.646443,1.944817,20.756777
11.120000,0.020000,3.000000,4.000000,1.800000,13.500000,2.000000,0.507891,29.100000,0.813037,46.583606,1.074837,61.583606,-0.169915,-9.735387,-0.261799,-15.000000,-0.305146,0.261799,9.894933,34.284411,7.145752,31.378898,8.382884,32.686379,1.958559,20.812961
11.140000,0.020000,3.000000,4.000000,1.800000,13.500000,2.000000,0.505273,28.950000,0.810501,46.438277,1.072300,61.438277,-0.170005,-9.740571,-0.261799,-15.000000,-0.305228,0.261799,9.942947,34.320392,7.186405,31.421863,8.426849,32.726201,1.972428,20.869116
11.160000,0.020000,3.000000,4.000000,1.800000,13.500000,2.000000,0.502655,28.800000,0.807963,46.292871,1.069762,61.292871,-0.170094,-9.745675,-0.261799,-15.000000,-0.305308,0.261799,9.991055,34.356248,7.227166,31.464723,8.470916,32.765909,1.986425,20.925243
11.180000,0.020000,3.000000,4.000000,1.800000,13.500000,2.000000,0.500037,28.650000,0.805424,46.147391,1.067223,61.147391,-0.170182,-9.750702,-0.261799,-15.000000,-0.305387,0.261799,10.039257,34.391977,7.268035,31.507480,8.515085,32.805503,2.000550,20.981340
11.200000,0.020000,3.000000,4.000000,1.800000,13.500000,2.000000,0.497419,28.500000,0.802883,46.001835,1.064683,61.001835,-0.170268,-9.755651,-0.261799,-15.000000,-0.305465,0.261799,10.087553,34.427579,7.309011,31.550131,8.559355,32.844983,2.014803,21.037407
11.220000,0.020000,3.000000,4.000000,1.800000,13.500000,2.000000,0.494801,28.350000,0.800342,45.856207,1.062141,60.856207,-0.170353,-9.760524,-0.261799,-15.000000,-0.305541,0.261799,10.135942,34.463055,7.350096,31.592678,8.603727,32.884348,2.029185,21.093444
11.240000,0.020000,3.000000,4.000000,1.800000,13.500000,2.000000,0.492183,28.200000,0.797799,45.710506,1.059598,60.710506,-0.170437,-9.765322,-0.261799,-15.000000,-0.305616,0.261799,10.184424,34.498403,7.391288,31.635120,8.648199,32.923597,2.043695,21.149451
11.260000,0.020000,3.000000,4.000000,1.800000,13.500000,2.000000,0.489565,28.050000,0.795255,45.564735,1.057054,60.564735,-0.170519,-9.770045,-0.261799,-15.000000,-0.305690,0.261799,10.232999,34.533624,7.432587,31.677456,8.692772,32.962731,2.058334,21.205426
11.280000,0.020000,3.000000,4.000000,1.800000,13.500000,2.000000,0.486947,27.900000,0.792709,45.418894,1.054509,60.418894,-0.170601,-9.774696,-0.261799,-15.000000,-0.305762,0.261799,10.281666,34.568717,7.473993,31.719686,8.737446,33.001750,2.073102,21.261370
11.300000,0.020000,3.000000,4.000000,1.800000,13.500000,2.000000,0.484329,27.750000,0.790163,45.272984,1.051962,60.272984,-0.170681,-9.779273,-0.261799,-15.000000,-0.305834,0.261799,10.330425,34.603682,7.515506,31.761811,8.782219,33.040653,2.087999,21.317282
11.320000,0.020000,3.000000,4.000000,1.800000,13.500000,2.000000,0.481711,27.600000,0.787615,45.127006,1.049414,60.127006,-0.170759,-9.783780,-0.261799,-15.000000,-0.305904,0.261799,10.379275,34.638518,7.557125,31.803829,8.827093,33.079439,2.103025,21.373162
11.340000,0.020000,3.000000,4.000000,1.800000,13.500000,2.000000,0.479093,27.450000,0.785066,44.980962,1.046865,59.980962,-0.170837,-9.788216,-0.261799,-15.000000,-0.305973,0.261799,10.428218,34.673227,7.598851,31.845740,8.872066,33.118109,2.118181,21.429009
11.360000,0.020000,3.000000,4.000000,1.800000,13.500000,2.000000,0.476475,27.300000,0.782516,44.834852,1.044315,59.834852,-0.170913,-9.792582,-0.261799,-15.000000,-0.306041,0.261799,10.477251,34.707807,7.640683,31.887544,8.917138,33.156662,2.133468,21.484824
11.380000,0.020000,3.000000,4.000000,1.800000,13.500000,2.000000,0.473857,27.150000,0.779965,44.688678,1.041764,59.688678,-0.170988,-9.796880,-0.261799,-15.000000,-0.306108,0.261799,10.526374,34.742257,7.682621,31.929240,8.962310,33.195098,2.148884,21.540604
11.400000,0.020000,3.000000,4.000000,1.800000,13.500000,2.000000,0.471239,27.000000,0.777412,44.542440,1.039212,59.542440,-0.171062,-9.801111,-0.261799,-15.000000,-0.306173,0.261799,10.575588,34.776579,7.724664,31.970830,9.007580,33.233417,2.164430,21.596351
11.420000,0.020000,3.000000,4.000000,1.800000,13.500000,2.000000,0.468621,26.850000,0.774859,44.396140,1.036658,59.396140,-0.171134,-9.805275,-0.261799,-15.000000,-0.306238,0.261799,10.624892,34.810771,7.766813,32.012311,9.052949,33.271618,2.180107,21.652064
11.440000,0.020000,3.000000,4.000000,1.800000,13.500000,2.000000,0.466003,26.700000,0.772304,44.249778,1.034104,59.249778,-0.171206,-9.809373,-0.261799,-15.000000,-0.306301,0.261799,10.674286,34.844834,7.809067,32.053683,9.098416,33.309701,2.195914,21.707741
11.460000,0.020000,3.000000,4.000000,1.800000,13.500000,2.000000,0.463385,26.550000,0.769749,44.103355,1.031548,59.103355,-0.171276,-9.813406,-0.261799,-15.000000,-0.306364,0.261799,10.723769,34.878767,7.851427,32.094948,9.143981,33.347666,2.211852,21.763384
11.480000,0.020000,3.000000,4.000000,1.800000,13.500000,2.000000,0.460767,26.400000,0.767192,43.956873,1.028992,58.956873,-0.171346,-9.817375,-0.261799,-15.000000,-0.306425,0.261799,10.773341,34.912570,7.893891,32.136103,9.189643,33.385513,2.227921,21.818991
11.500000,0.020000,3.000000,4.000000,1.800000,13.500000,2.000000,0.458149,26.250000,0.764635,43.810332,1.026434,58.810332,-0.171414,-9.821281,-0.261799,-15.000000,-0.306486,0.261799,10.823001,34.946243,7.936460,32.177149,9.235403,33.423241,2.244121,21.874563
11.520000,0.020000,3.000000,4.000000,1.800000,13.500000,2.000000,0.455531,26.100000,0.762076,43.663734,1.023875,58.663734,-0.171481,-9.825125,-0.261799,-15.000000,-0.306545,0.261799,10.872750,34.979785,7.979133,32.218086,9.281260,33.460850,2.260452,21.930098
11.540000,0.020000,3.000000,4.000000,1.800000,13.500000,2.000000,0.452913,25.950000,0.759516,43.517079,1.021316,58.517079,-0.171547,-9.828908,-0.261799,-15.000000,-0.306603,0.261799,10.922586,35.013196,8.021910,32.258913,9.327214,33.498340,2.276915,21.985596
11.560000,0.020000,3.000000,4.000000,1.800000,13.500000,2.000000,0.450295,25.800000,0.756956,43.370367,1.018755,58.370367,-0.171612,-9.832631,-0.261799,-15.000000,-0.306661,0.261799,10.972510,35.046476,8.064791,32.299630,9.373265,33.535711,2.293509,22.041057
11.580000,0.020000,3.000000,4.000000,1.800000,13.500000,2.000000,0.447677,25.650000,0.754394,43.223601,1.016194,58.223601,-0.171676,-9.836294,-0.261799,-15.000000,-0.306717,0.261799,11.022522,35.079625,8.107775,32.340236,9.419411,33.572961,2.310235,22.096481
11.600000,0.020000,3.000000,4.000000,1.800000,13.500000,2.000000,0.445059,25.500000,0.751832,43.076781,1.013631,58.076781,-0.171739,-9.839898,-0.261799,-15.000000,-0.306773,0.261799,11.072620,35.112643,8.150864,32.380732,9.465654,33.610092,2.327092,22.151866
11.620000,0.020000,3.000000,4.000000,1.800000,13.500000,2.000000,0.442441,25.350000,0.749268,42.929907,1.011068,57.929907,-0.171801,-9.843444,-0.261799,-15.000000,-0.306827,0.261799,11.122805,35.145529,8.194055,32.421117,9.511992,33.647102,2.344082,22.207213
11.640000,0.020000,3.000000,4.000000,1.800000,13.500000,2.000000,0.439823,25.200000,0.746704,42.782981,1.008503,57.782981,-0.171861,-9.846934,-0.261799,-15.000000,-0.306881,0.261799,11.173076,35.178284,8.237349,32.461390,9.558426,33.683992,2.361203,22.262522
11.660000,0.020000,3.000000,4.000000,1.800000,13.500000,2.000000,0.437205,25.050000,0.744139,42.636003,1.005938,57.636003,-0.171921,-9.850367,-0.261799,-15.000000,-0.306934,0.261799,11.223432,35.210906,8.280746,32.501552,9.604955,33.720761,2.378457,22.317791
11.680000,0.020000,3.000000,4.000000,1.800000,13.500000,2.000000,0.434587,24.900000,0.741573,42.488975,1.003372,57.488975,-0.171980,-9.853745,-0.261799,-15.000000,-0.306986,0.261799,11.273874,35.243396,8.324245,32.541602,9.651578,33.757409,2.395843,22.373021
11.700000,0.020000,3.000000,4.000000,1.800000,13.500000,2.000000,0.431969,24.750000,0.739006,42.341897,1.000805,57.341897,-0.172038,-9.857068,-0.261799,-15.000000,-0.307037,0.261799,11.324402,35.275753,8.367847,32.581540,9.698296,33.793936,2.413361,22.428210
11.720000,0.020000,3.000000,4.000000,1.800000,13.500000,2.000000,0.429351,24.600000,0.736438,42.194769,0.998237,57.194769,-0.172095,-9.860338,-0.261799,-15.000000,-0.307087,0.261799,11.375014,35.307977,8.411550,32.621366,9.745109,33.830341,2.431012,22.483360
11.740000,0.020000,3.000000,4.000000,1.800000,13.500000,2.000000,0.426733,24.450000,0.733869,42.047593,0.995668,57.047593,-0.172152,-9.863555,-0.261799,-15.000000,-0.307136,0.261799,11.425710,35.340069,8.455355,32.661078,9.792015,33.866624,2.448795,22.538468
11.760000,0.020000,3.000000,4.000000,1.800000,13.500000,2.000000,0.424115,24.300000,0.731299,41.900370,0.993099,56.900370,-0.172207,-9.866720,-0.261799,-15.000000,-0.307184,0.261799,11.476491,35.372027,8.499262,32.700678,9.839015,33.902785,2.466711,22.593535
11.780000,0.020000,3.000000,4.000000,1.800000,13.500000,2.000000,0.421497,24.150000,0.728729,41.753100,0.990528,56.753100,-0.172261,-9.869833,-0.261799,-15.000000,-0.307232,0.261799,11.527355,35.403853,8.543269,32.740164,9.886108,33.938824,2.484760,22.648560
11.800000,0.020000,3.000000,4.000000,1.800000,13.500000,2.000000,0.418879,24.000000,0.726158,41.605784,0.987957,56.605784,-0.172315,-9.872895,-0.261799,-15.000000,-0.307279,0.261799,11.578302,35.435544,8.587378,32.779537,9.933294,33.974740,2.502942,22.703544
11.820000,0.020000,3.000000,4.000000,1.800000,13.500000,2.000000,0.416261,23.850000,0.723586,41.458423,0.985385,56.458423,-0.172367,-9.875908,-0.261799,-15.000000,-0.307325,0.261799,11.629333,35.467102,8.631587,32.818796,9.980573,34.010533,2.521256,22.758485
11.840000,0.020000,3.000000,4.000000,1.800000,13.500000,2.000000,0.413643,23.700000,0.721013,41.311017,0.982813,56.311017,-0.172419,-9.878872,-0.261799,-15.000000,-0.307370,0.261799,11.680446,35.498525,8.675897,32.857941,10.027944,34.046204,2.539704,22.813383
11.860000,0.020000,3.000000,4.000000,1.800000,13.500000,2.000000,0.411025,23.550000,0.718440,41.163567,0.980239,56.163567,-0.172470,-9.881787,-0.261799,-15.000000,-0.307415,0.261799,11.731642,35.529814,8.720307,32.896971,10.075408,34.081750,2.558285,22.868238
11.880000,0.020000,3.000000,4.000000,1.800000,13.500000,2.000000,0.408407,23.400000,0.715866,41.016074,0.977665,56.016074,-0.172520,-9.884655,-0.261799,-15.000000,-0.307458,0.261799,11.782919,35.560969,8.764817,32.935886,10.122963,34.117174,2.576999,22.923049
11.900000,0.020000,3.000000,4.000000,1.800000,13.500000,2.000000,0.405789,23.250000,0.713291,40.868539,0.975090,55.868539,-0.172569,-9.887476,-0.261799,-15.000000,-0.307502,0.261799,11.834278,35.591989,8.809427,32.974687,10.170610,34.152473,2.595846,22.977816
11.920000,0.020000,3.000000,4.000000,1.800000,13.500000,2.000000,0.403171,23.100000,0.710715,40.720963,0.972514,55.720963,-0.172617,-9.890250,-0.261799,-15.000000,-0.307544,0.261799,11.885718,35.622875,8.854136,33.013372,10.218348,34.187648,2.614827,23.032538
11.940000,0.020000,3.000000,4.000000,1.800000,13.500000,2.000000,0.400553,22.950000,0.708138,40.573345,0.969938,55.573345,-0.172665,-9.892980,-0.261799,-15.000000,-0.307585,0.261799,11.937239,35.653625,8.898944,33.051941,10.266177,34.222699,2.633941,23.087216
11.960000,0.020000,3.000000,4.000000,1.800000,13.500000,2.000000,0.397935,22.800000,0.705561,40.425687,0.967361,55.425687,-0.172712,-9.895664,-0.261799,-15.000000,-0.307626,0.261799,11.988841,35.684240,8.943850,33.090395,10.314096,34.257625,2.653188,23.141848
11.980000,0.020000,3.000000,4.000000,1.800000,13.500000,2.000000,0.395317,22.650000,0.702984,40.277989,0.964783,55.277989,-0.172758,-9.898304,-0.261799,-15.000000,-0.307666,0.261799,12.040523,35.714719,8.988856,33.128732,10.362106,34.292426,2.672569,23.196435
12.000000,0.020000,3.000000,4.000000,1.800000,13.500000,2.000000,0.392699,22.500000,0.700405,40.130252,0.962204,55.130252,-0.172803,-9.900901,-0.261799,-15.000000,-0.307706,0.261799,12.092284,35.745063,9.033960,33.166953,10.410206,34.327103,2.692084,23.250976
12.020000,0.020000,3.000000,4.000000,1.800000,13.500000,2.000000,0.390081,22.350000,0.697826,39.982477,0.959625,54.982477,-0.172848,-9.903455,-0.261799,-15.000000,-0.307745,0.261799,12.144125,35.775271,9.079161,33.205057,10.458395,34.361653,2.711732,23.305469
12.040000,0.020000,3.000000,4.000000,1.800000,13.500000,2.000000,0.387463,22.200000,0.695246,39.834664,0.957045,54.834664,-0.172892,-9.905967,-0.261799,-15.000000,-0.307783,0.261799,12.196046,35.805342,9.124461,33.243045,10.506674,34.396079,2.731513,23.359916
12.060000,0.020000,3.000000,4.000000,1.800000,13.500000,2.000000,0.384845,22.050000,0.692666,39.686814,0.954465,54.686814,-0.172935,-9.908437,-0.261799,-15.000000,-0.307820,0.261799,12.248044,35.835278,9.169858,33.280915,10.555042,34.430378,2.751429,23.414316
12.080000,0.020000,3.000000,4.000000,1.800000,13.500000,2.000000,0.382227,21.900000,0.690084,39.538927,0.951884,54.538927,-0.172977,-9.910867,-0.261799,-15.000000,-0.307857,0.261799,12.300122,35.865076,9.215353,33.318667,10.603499,34.464551,2.771478,23.468668
12.100000,0.020000,3.000000,4.000000,1.800000,13.500000,2.000000,0.379609,21.750000,0.687503,39.391005,0.949302,54.391005,-0.173019,-9.913256,-0.261799,-15.000000,-0.307894,0.261799,12.352277,35.894738,9.260944,33.356302,10.652044,34.498598,2.791660,23.522972
12.120000,0.020000,3.000000,4.000000,1.800000,13.500000,2.000000,0.376991,21.600000,0.684920,39.243047,0.946720,54.243047,-0.173060,-9.915606,-0.261799,-15.000000,-0.307929,0.261799,12.404510,35.924264,9.306632,33.393818,10.700677,34.532519,2.811977,23.577227
12.140000,0.020000,3.000000,4.000000,1.800000,13.500000,2.000000,0.374373,21.450000,0.682337,39.095055,0.944137,54.095055,-0.173100,-9.917917,-0.261799,-15.000000,-0.307964,0.261799,12.456820,35.953652,9.352416,33.431216,10.749398,34.566312,2.832427,23.631433
12.160000,0.020000,3.000000,4.000000,1.800000,13.500000,2.000000,0.371755,21.300000,0.679754,38.947028,0.941553,53.947028,-0.173140,-9.920190,-0.261799,-15.000000,-0.307999,0.261799,12.509207,35.982902,9.398297,33.468496,10.798206,34.599979,2.853011,23.685590
12.180000,0.020000,3.000000,4.000000,1.800000,13.500000,2.000000,0.369137,21.150000,0.677170,38.798968,0.938969,53.798968,-0.173179,-9.922425,-0.261799,-15.000000,-0.308033,0.261799,12.561670,36.012015,9.444273,33.505656,10.847102,34.633518,2.873729,23.739697
12.200000,0.020000,3.000000,4.000000,1.800000,13.500000,2.000000,0.366519,21.000000,0.674585,38.650875,0.936384,53.650875,-0.173217,-9.924623,-0.261799,-15.000000,-0.308066,0.261799,12.614210,36.040991,9.490345,33.542698,10.896084,34.666930,2.894581,23.793754
12.220000,0.020000,3.000000,4.000000,1.800000,13.500000,2.000000,0.363901,20.850000,0.672000,38.502749,0.933799,53.502749,-0.173255,-9.926784,-0.261799,-15.000000,-0.308099,0.261799,12.666825,36.069828,9.536512,33.579620,10.945153,34.700214,2.915566,23.847761
12.240000,0.020000,3.000000,4.000000,1.800000,13.500000,2.000000,0.361283,20.700000,0.669414,38.354592,0.931213,53.354592,-0.173292,-9.928909,-0.261799,-15.000000,-0.308131,0.261799,12.719517,36.098528,9.582775,33.616422,10.994308,34.733369,2.936686,23.901716
12.260000,0.020000,3.000000,4.000000,1.800000,13.500000,2.000000,0.358665,20.550000,0.666828,38.206403,0.928627,53.206403,-0.173329,-9.930999,-0.261799,-15.000000,-0.308162,0.261799,12.772283,36.127089,9.629131,33.653104,11.043550,34.766397,2.957939,23.955620
12.280000,0.020000,3.000000,4.000000,1.800000,13.500000,2.000000,0.356047,20.400000,0.664241,38.058183,0.926040,53.058183,-0.173365,-9.933054,-0.261799,-15.000000,-0.308193,0.261799,12.825123,36.155511,9.675583,33.689666,11.092876,34.799296,2.979326,24.009472
12.300000,0.020000,3.000000,4.000000,1.800000,13.500000,2.000000,0.353429,20.250000,0.661653,37.909932,0.923453,52.909932,-0.173400,-9.935075,-0.261799,-15.000000,-0.308224,0.261799,12.878039,36.183795,9.722128,33.726107,11.142288,34.832067,3.000847,24.063272
12.320000,0.020000,3.000000,4.000000,1.800000,13.500000,2.000000,0.350811,20.100000,0.659065,37.761652,0.920865,52.761652,-0.173434,-9.937062,-0.261799,-15.000000,-0.308254,0.261799,12.931028,36.211940,9.768768,33.762428,11.191785,34.864709,3.022502,24.117020
12.340000,0.020000,3.000000,4.000000,1.800000,13.500000,2.000000,0.348193,19.950000,0.656477,37.613343,0.918276,52.613343,-0.173469,-9.939016,-0.261799,-15.000000,-0.308283,0.261799,12.984091,36.239946,9.815501,33.798628,11.241366,34.897221,3.044290,24.170715
12.360000,0.020000,3.000000,4.000000,1.800000,13.500000,2.000000,0.345575,19.800000,0.653888,37.465005,0.915687,52.465005,-0.173502,-9.940937,-0.261799,-15.000000,-0.308312,0.261799,13.037227,36.267813,9.862327,33.834706,11.291032,34.929604,3.066212,24.224356
12.380000,0.020000,3.000000,4.000000,1.800000,13.500000,2.000000,0.342957,19.650000,0.651298,37.316638,0.913098,52.316638,-0.173535,-9.942826,-0.261799,-15.000000,-0.308341,0.261799,13.090436,36.295540,9.909246,33.870663,11.340781,34.961858,3.088268,24.277943
12.400000,0.020000,3.000000,4.000000,1.800000,13.500000,2.000000,0.340339,19.500000,0.648708,37.168243,0.910508,52.168243,-0.173567,-9.944684,-0.261799,-15.000000,-0.308369,0.261799,13.143717,36.323128,9.956258,33.906498,11.390615,34.993981,3.110458,24.331476
12.420000,0.020000,3.000000,4.000000,1.800000,13.500000,2.000000,0.337721,19.350000,0.646118,37.019821,0.907917,52.019821,-0.173599,-9.946510,-0.261799,-15.000000,-0.308397,0.261799,13.197071,36.350576,10.003362,33.942211,11.440531,35.025975,3.132782,24.384955
12.440000,0.020000,3.000000,4.000000,1.800000,13.500000,2.000000,0.335103,19.200000,0.643527,36.871372,0.905326,51.871372,-0.173631,-9.948306,-0.261799,-15.000000,-0.308424,0.261799,13.250497,36.377884,10.050558,33.977801,11.490531,35.057838,3.155239,24.438379
12.460000,0.020000,3.000000,4.000000,1.800000,13.500000,2.000000,0.332485,19.050000,0.640935,36.722896,0.902735,51.722896,-0.173662,-9.950071,-0.261799,-15.000000,-0.308450,0.261799,13.303994,36.405051,10.097846,34.013269,11.540613,35.089571,3.177830,24.491747
12.480000,0.020000,3.000000,4.000000,1.800000,13.500000,2.000000,0.329867,18.900000,0.638344,36.574395,0.900143,51.574395,-0.173692,-9.951807,-0.261799,-15.000000,-0.308476,0.261799,13.357561,36.432079,10.145226,34.048614,11.590777,35.121173,3.200555,24.545060
12.500000,0.020000,3.000000,4.000000,1.800000,13.500000,2.000000,0.327249,18.750000,0.635751,36.425867,0.897551,51.425867,-0.173722,-9.953514,-0.261799,-15.000000,-0.308502,0.261799,13.411200,36.458965,10.192697,34.083836,11.641023,35.152644,3.223413,24.598317
12.520000,0.020000,3.000000,4.000000,1.800000,13.500000,2.000000,0.324631,18.600000,0.633159,36.277315,0.894958,51.277315,-0.173751,-9.955192,-0.261799,-15.000000,-0.308527,0.261799,13.464909,36.485711,10.240259,34.118935,11.691351,35.183984,3.246405,24.651517
12.540000,0.020000,3.000000,4.000000,1.800000,13.500000,2.000000,0.322013,18.450000,0.630565,36.128738,0.892365,51.128738,-0.173780,-9.956842,-0.261799,-15.000000,-0.308552,0.261799,13.518688,36.512316,10.287911,34.153910,11.741761,35.215193,3.269530,24.704660
12.560000,0.020000,3.000000,4.000000,1.800000,13.500000,2.000000,0.319395,18.300000,0.627972,35.980136,0.889771,50.980136,-0.173808,-9.958464,-0.261799,-15.000000,-0.308577,0.261799,13.572537,36.538780,10.335654,34.188761,11.792251,35.246270,3.292789,24.757745
12.580000,0.020000,3.000000,4.000000,1.800000,13.500000,2.000000,0.316777,18.150000,0.625378,35.831510,0.887177,50.831510,-0.173836,-9.960058,-0.261799,-15.000000,-0.308601,0.261799,13.626454,36.565103,10.383486,34.223488,11.842822,35.277215,3.316181,24.810773
12.600000,0.020000,3.000000,4.000000,1.800000,13.500000,2.000000,0.314159,18.000000,0.622783,35.682861,0.884583,50.682861,-0.173863,-9.961626,-0.261799,-15.000000,-0.308624,0.261799,13.680441,36.591284,10.431409,34.258091,11.893473,35.308028,3.339707,24.863743
12.620000,0.020000,3.000000,4.000000,1.800000,13.500000,2.000000,0.311541,17.850000,0.620189,35.534189,0.881988,50.534189,-0.173890,-9.963167,-0.261799,-15.000000,-0.308647,0.261799,13.734496,36.617324,10.479420,34.292569,11.944204,35.338709,3.363366,24.916655
12.640000,0.020000,3.000000,4.000000,1.800000,13.500000,2.000000,0.308923,17.700000,0.617593,35.385494,0.879393,50.385494,-0.173917,-9.964683,-0.261799,-15.000000,-0.308670,0.261799,13.788619,36.643221,10.527521,34.326922,11.995015,35.369257,3.387158,24.969507
12.660000,0.020000,3.000000,4.000000,1.800000,13.500000,2.000000,0.306305,17.550000,0.614998,35.236776,0.876797,50.236776,-0.173943,-9.966173,-0.261799,-15.000000,-0.308692,0.261799,13.842810,36.668977,10.575711,34.361150,12.045905,35.399672,3.411083,25.022300
12.680000,0.020000,3.000000,4.000000,1.800000,13.500000,2.000000,0.303687,17.400000,0.612402,35.088036,0.874201,50.088036,-0.173968,-9.967637,-0.261799,-15.000000,-0.308714,0.261799,13.897068,36.694591,10.623989,34.395253,12.096874,35.429955,3.435142,25.075034
12.700000,0.020000,3.000000,4.000000,1.800000,13.500000,2.000000,0.301069,17.250000,0.609805,34.939275,0.871605,49.939275,-0.173993,-9.969077,-0.261799,-15.000000,-0.308736,0.261799,13.951393,36.720062,10.672355,34.429230,12.147922,35.460105,3.459333,25.127707
12.720000,0.020000,3.000000,4.000000,1.800000,13.500000,2.000000,0.298451,17.100000,0.607209,34.790493,0.869008,49.790493,-0.174018,-9.970492,-0.261799,-15.000000,-0.308757,0.261799,14.005784,36.745391,10.720809,34.463082,12.199048,35.490121,3.483658,25.180320
12.740000,0.020000,3.000000,4.000000,1.800000,13.500000,2.000000,0.295833,16.950000,0.604612,34.641689,0.866411,49.641689,-0.174042,-9.971884,-0.261799,-15.000000,-0.308778,0.261799,14.060242,36.770577,10.769350,34.496807,12.250252,35.520004,3.508116,25.232873
12.760000,0.020000,3.000000,4.000000,1.800000,13.500000,2.000000,0.293215,16.800000,0.602014,34.492865,0.863813,49.492865,-0.174066,-9.973252,-0.261799,-15.000000,-0.308799,0.261799,14.114766,36.795620,10.817979,34.530406,12.301533,35.549752,3.532706,25.285364
12.780000,0.020000,3.000000,4.000000,1.800000,13.500000,2.000000,0.290597,16.650000,0.599416,34.344021,0.861216,49.344021,-0.174090,-9.974597,-0.261799,-15.000000,-0.308819,0.261799,14.169355,36.820521,10.866695,34.563878,12.352892,35.579367,3.557430,25.337793
12.800000,0.020000,3.000000,4.000000,1.800000,13.500000,2.000000,0.287979,16.500000,0.596818,34.195157,0.858617,49.195157,-0.174113,-9.975919,-0.261799,-15.000000,-0.308839,0.261799,14.224009,36.845278,10.915497,34.597224,12.404328,35.608848,3.582286,25.390160
12.820000,0.020000,3.000000,4.000000,1.800000,13.500000,2.000000,0.285361,16.350000,0.594220,34.046274,0.856019,49.046274,-0.174135,-9.977218,-0.261799,-15.000000,-0.308858,0.261799,14.278728,36.869891,10.964386,34.630442,12.455840,35.638194,3.607274,25.442465
12.840000,0.020000,3.000000,4.000000,1.800000,13.500000,2.000000,0.282743,16.200000,0.591621,33.897371,0.853420,48.897371,-0.174158,-9.978496,-0.261799,-15.000000,-0.308877,0.261799,14.333512,36.894362,11.013360,34.663534,12.507428,35.667406,3.632396,25.494708
12.860000,0.020000,3.000000,4.000000,1.800000,13.500000,2.000000,0.280125,16.050000,0.589022,33.748449,0.850821,48.748449,-0.174180,-9.979752,-0.261799,-15.000000,-0.308896,0.261799,14.388359,36.918688,11.062420,34.696497,12.559093,35.696483,3.657649,25.546887
12.880000,0.020000,3.000000,4.000000,1.800000,13.500000,2.000000,0.277507,15.900000,0.586422,33.599509,0.848221,48.599509,-0.174201,-9.980986,-0.261799,-15.000000,-0.308915,0.261799,14.443270,36.942871,11.111566,34.729333,12.610832,35.725425,3.683035,25.599002
12.900000,0.020000,3.000000,4.000000,1.800000,13.500000,2.000000,0.274889,15.750000,0.583822,33.450551,0.845622,48.450551,-0.174222,-9.982200,-0.261799,-15.000000,-0.308933,0.261799,14.498244,36.966910,11.160796,34.762041,12.662647,35.754232,3.708554,25.651054
12.920000,0.020000,3.000000,4.000000,1.800000,13.500000,2.000000,0.272271,15.600000,0.581222,33.301575,0.843022,48.301575,-0.174243,-9.983393,-0.261799,-15.000000,-0.308951,0.261799,14.553280,36.990804,11.210111,34.794621,12.714537,35.782904,3.734205,25.703041
12.940000,0.020000,3.000000,4.000000,1.800000,13.500000,2.000000,0.269653,15.450000,0.578622,33.152581,0.840421,48.152581,-0.174264,-9.984565,-0.261799,-15.000000,-0.308968,0.261799,14.608380,37.014555,11.259511,34.827072,12.766502,35.811439,3.759987,25.754964
12.960000,0.020000,3.000000,4.000000,1.800000,13.500000,2.000000,0.267035,15.300000,0.576021,33.003569,0.837820,48.003569,-0.174284,-9.985718,-0.261799,-15.000000,-0.308986,0.261799,14.663541,37.038160,11.308994,34.859395,12.818540,35.839839,3.785902,25.806822
12.980000,0.020000,3.000000,4.000000,1.800000,13.500000,2.000000,0.264417,15.150000,0.573420,32.854541,0.835219,47.854541,-0.174303,-9.986851,-0.261799,-15.000000,-0.309003,0.261799,14.718764,37.061621,11.358562,34.891589,12.870653,35.868103,3.811949,25.858614
13.000000,0.020000,3.000000,4.000000,1.800000,13.500000,2.000000,0.261799,15.000000,0.570819,32.705496,0.832618,47.705496,-0.174323,-9.987965,-0.261799,-15.000000,-0.309019,0.261799,14.774048,37.084938,11.408212,34.923653,12.922838,35.896231,3.838127,25.910340
13.020000,0.020000,3.000000,4.000000,1.800000,13.500000,2.000000,0.259181,14.850000,0.568217,32.556435,0.830016,47.556435,-0.174342,-9.989060,-0.261799,-15.000000,-0.309036,0.261799,14.829393,37.108109,11.457946,34.955589,12.975097,35.924223,3.864438,25.962000
13.040000,0.020000,3.000000,4.000000,1.800000,13.500000,2.000000,0.256563,14.700000,0.565615,32.407357,0.827414,47.407357,-0.174361,-9.990136,-0.261799,-15.000000,-0.309052,0.261799,14.884799,37.131135,11.507763,34.987394,13.027429,35.952078,3.890879,26.013594
13.060000,0.020000,3.000000,4.000000,1.800000,13.500000,2.000000,0.253945,14.550000,0.563013,32.258263,0.824812,47.258263,-0.174379,-9.991193,-0.261799,-15.000000,-0.309067,0.261799,14.940265,37.154016,11.557662,35.019070,13.079833,35.979796,3.917453,26.065120
13.080000,0.020000,3.000000,4.000000,1.800000,13.500000,2.000000,0.251327,14.400000,0.560410,32.109154,0.822210,47.109154,-0.174397,-9.992233,-0.261799,-15.000000,-0.309083,0.261799,14.995791,37.176751,11.607643,35.050616,13.132309,36.007377,3.944158,26.116580
13.100000,0.020000,3.000000,4.000000,1.800000,13.500000,2.000000,0.248709,14.250000,0.557808,31.960030,0.819607,46.960030,-0.174415,-9.993255,-0.261799,-15.000000,-0.309098,0.261799,15.051376,37.199341,11.657705,35.082031,13.184857,36.034821,3.970994,26.167971
13.120000,0.020000,3.000000,4.000000,1.800000,13.500000,2.000000,0.246091,14.100000,0.555205,31.810890,0.817004,46.810890,-0.174433,-9.994260,-0.261799,-15.000000,-0.309113,0.261799,15.107020,37.221785,11.707850,35.113316,13.237476,36.062127,3.997961,26.219295
13.140000,0.020000,3.000000,4.000000,1.800000,13.500000,2.000000,0.243473,13.950000,0.552602,31.661735,0.814401,46.661735,-0.174450,-9.995247,-0.261799,-15.000000,-0.309128,0.261799,15.162722,37.244084,11.758075,35.144470,13.290166,36.089296,4.025059,26.270550
13.160000,0.020000,3.000000,4.000000,1.800000,13.500000,2.000000,0.240855,13.800000,0.549998,31.512566,0.811797,46.512566,-0.174467,-9.996218,-0.261799,-15.000000,-0.309143,0.261799,15.218483,37.266236,11.808381,35.175494,13.342927,36.116328,4.052288,26.321736
13.180000,0.020000,3.000000,4.000000,1.800000,13.500000,2.000000,0.238237,13.650000,0.547394,31.363383,0.809194,46.363383,-0.174484,-9.997172,-0.261799,-15.000000,-0.309157,0.261799,15.274302,37.288242,11.858768,35.206386,13.395758,36.143221,4.079648,26.372853
13.200000,0.020000,3.000000,4.000000,1.800000,13.500000,2.000000,0.235619,13.500000,0.544790,31.214185,0.806590,46.214185,-0.174500,-9.998110,-0.261799,-15.000000,-0.309171,0.261799,15.330178,37.310101,11.909234,35.237146,13.448659,36.169976,4.107139,26.423900
13.220000,0.020000,3.000000,4.000000,1.800000,13.500000,2.000000,0.233001,13.350000,0.542186,31.064974,0.803985,46.064974,-0.174516,-9.999031,-0.261799,-15.000000,-0.309185,0.261799,15.386112,37.331815,11.959781,35.267776,13.501630,36.196593,4.134760,26.474877
13.240000,0.020000,3.000000,4.000000,1.800000,13.500000,2.000000,0.230383,13.200000,0.539582,30.915749,0.801381,45.915749,-0.174532,-9.999937,-0.261799,-15.000000,-0.309198,0.261799,15.442102,37.353381,12.010407,35.298273,13.554670,36.223072,4.162512,26.525785
13.260000,0.020000,3.000000,4.000000,1.800000,13.500000,2.000000,0.227765,13.050000,0.536977,30.766511,0.798776,45.766511,-0.174547,-10.000827,-0.261799,-15.000000,-0.309211,0.261799,15.498148,37.374801,12.061112,35.328638,13.607778,36.249411,4.190394,26.576621
13.280000,0.020000,3.000000,4.000000,1.800000,13.500000,2.000000,0.225147,12.900000,0.534372,30.617259,0.796171,45.617259,-0.174563,-10.001703,-0.261799,-15.000000,-0.309225,0.261799,15.554250,37.396074,12.111896,35.358871,13.660955,36.275612,4.218406,26.627386
13.300000,0.020000,3.000000,4.000000,1.800000,13.500000,2.000000,0.222529,12.750000,0.531767,30.467995,0.793566,45.467995,-0.174578,-10.002563,-0.261799,-15.000000,-0.309237,0.261799,15.610408,37.417200,12.162758,35.388972,13.714201,36.301674,4.246548,26.678080
13.320000,0.020000,3.000000,4.000000,1.800000,13.500000,2.000000,0.219911,12.600000,0.529161,30.318718,0.790961,45.318718,-0.174592,-10.003408,-0.261799,-15.000000,-0.309250,0.261799,15.666621,37.438178,12.213699,35.418939,13.767514,36.327597,4.274821,26.728702
13.340000,0.020000,3.000000,4.000000,1.800000,13.500000,2.000000,0.217293,12.450000,0.526556,30.169428,0.788355,45.169428,-0.174607,-10.004239,-0.261799,-15.000000,-0.309262,0.261799,15.722889,37.459009,12.264717,35.448774,13.820894,36.353380,4.303222,26.779252
13.360000,0.020000,3.000000,4.000000,1.800000,13.500000,2.000000,0.214675,12.300000,0.523950,30.020126,0.785749,45.020126,-0.174621,-10.005056,-0.261799,-15.000000,-0.309275,0.261799,15.779211,37.479693,12.315812,35.478476,13.874342,36.379024,4.331754,26.829730
13.380000,0.020000,3.000000,4.000000,1.800000,13.500000,2.000000,0.212058,12.150000,0.521344,29.870812,0.783143,44.870812,-0.174635,-10.005859,-0.261799,-15.000000,-0.309287,0.261799,15.835587,37.500229,12.366985,35.508045,13.927856,36.404528,4.360415,26.880134
13.400000,0.020000,3.000000,4.000000,1.800000,13.500000,2.000000,0.209440,12.000000,0.518738,29.721486,0.780537,44.721486,-0.174649,-10.006648,-0.261799,-15.000000,-0.309298,0.261799,15.892017,37.520617,12.418234,35.537480,13.981437,36.429892,4.389205,26.930465
13.420000,0.020000,3.000000,4.000000,1.800000,13.500000,2.000000,0.206822,11.850000,0.516131,29.572149,0.777931,44.572149,-0.174662,-10.007423,-0.261799,-15.000000,-0.309310,0.261799,15.948500,37.540858,12.469560,35.566781,14.035083,36.455115,4.418125,26.980723
13.440000,0.020000,3.000000,4.000000,1.800000,13.500000,2.000000,0.204204,11.700000,0.513525,29.422800,0.775324,44.422800,-0.174676,-10.008185,-0.261799,-15.000000,-0.309321,0.261799,16.005036,37.560950,12.520962,35.595948,14.088795,36.480199,4.447174,27.030906
13.460000,0.020000,3.000000,4.000000,1.800000,13.500000,2.000000,0.201586,11.550000,0.510918,29.273440,0.772717,44.273440,-0.174689,-10.008934,-0.261799,-15.000000,-0.309332,0.261799,16.061624,37.580894,12.572440,35.624981,14.142573,36.505142,4.476351,27.081016
13.480000,0.020000,3.000000,4.000000,1.800000,13.500000,2.000000,0.198968,11.400000,0.508311,29.124069,0.770110,44.124069,-0.174702,-10.009670,-0.261799,-15.000000,-0.309343,0.261799,16.118265,37.600690,12.623993,35.653880,14.196415,36.529944,4.505658,27.131050
13.500000,0.020000,3.000000,4.000000,1.800000,13.500000,2.000000,0.196350,11.250000,0.505704,28.974686,0.767503,43.974686,-0.174714,-10.010394,-0.261799,-15.000000,-0.309354,0.261799,16.174957,37.620337,12.675621,35.682644,14.250322,36.554606,4.535093,27.181009
13.520000,0.020000,3.000000,4.000000,1.800000,13.500000,2.000000,0.193732,11.100000,0.503096,28.825294,0.764896,43.825294,-0.174727,-10.011105,-0.261799,-15.000000,-0.309365,0.261799,16.231700,37.639836,12.727324,35.711274,14.304293,36.579127,4.564656,27.230893
13.540000,0.020000,3.000000,4.000000,1.800000,13.500000,2.000000,0.191114,10.950000,0.500489,28.675890,0.762288,43.675890,-0.174739,-10.011804,-0.261799,-15.000000,-0.309375,0.261799,16.288494,37.659186,12.779101,35.739768,14.358328,36.603506,4.594348,27.280701
13.560000,0.020000,3.000000,4.000000,1.800000,13.500000,2.000000,0.188496,10.800000,0.497881,28.526477,0.759680,43.526477,-0.174751,-10.012491,-0.261799,-15.000000,-0.309385,0.261799,16.345339,37.678387,12.830953,35.768128,14.412426,36.627744,4.624168,27.330433
13.580000,0.020000,3.000000,4.000000,1.800000,13.500000,2.000000,0.185878,10.650000,0.495273,28.377053,0.757072,43.377053,-0.174763,-10.013166,-0.261799,-15.000000,-0.309395,0.261799,16.402233,37.697439,12.882877,35.796352,14.466588,36.651841,4.654115,27.380089
13.600000,0.020000,3.000000,4.000000,1.800000,13.500000,2.000000,0.183260,10.500000,0.492665,28.227619,0.754464,43.227619,-0.174774,-10.013830,-0.261799,-15.000000,-0.309405,0.261799,16.459178,37.716342,12.934876,35.824440,14.520812,36.675796,4.684191,27.429667
13.620000,0.020000,3.000000,4.000000,1.800000,13.500000,2.000000,0.180642,10.350000,0.490057,28.078176,0.751856,43.078176,-0.174786,-10.014482,-0.261799,-15.000000,-0.309415,0.261799,16.516172,37.735096,12.986947,35.852393,14.575098,36.699609,4.714394,27.479169
13.640000,0.020000,3.000000,4.000000,1.800000,13.500000,2.000000,0.178024,10.200000,0.487448,27.928722,0.749248,42.928722,-0.174797,-10.015123,-0.261799,-15.000000,-0.309425,0.261799,16.573214,37.753700,13.039091,35.880209,14.629446,36.723280,4.744725,27.528592
13.660000,0.020000,3.000000,4.000000,1.800000,13.500000,2.000000,0.175406,10.050000,0.484840,27.779260,0.746639,42.779260,-0.174808,-10.015752,-0.261799,-15.000000,-0.309434,0.261799,16.630306,37.772155,13.091307,35.907890,14.683856,36.746809,4.775183,27.577938
13.680000,0.020000,3.000000,4.000000,1.800000,13.500000,2.000000,0.172788,9.900000,0.482231,27.629788,0.744030,42.629788,-0.174819,-10.016371,-0.261799,-15.000000,-0.309443,0.261799,16.687445,37.790461,13.143595,35.935434,14.738327,36.770196,4.805769,27.627205
13.700000,0.020000,3.000000,4.000000,1.800000,13.500000,2.000000,0.170170,9.750000,0.479622,27.480307,0.741421,42.480307,-0.174829,-10.016980,-0.261799,-15.000000,-0.309452,0.261799,16.744632,37.808616,13.195954,35.962841,14.792859,36.793440,4.836481,27.676394
13.720000,0.020000,3.000000,4.000000,1.800000,13.500000,2.000000,0.167552,9.600000,0.477013,27.330816,0.738812,42.330816,-0.174840,-10.017578,-0.261799,-15.000000,-0.309461,0.261799,16.801867,37.826622,13.248385,35.990112,14.847452,36.816542,4.867320,27.725504
13.740000,0.020000,3.000000,4.000000,1.800000,13.500000,2.000000,0.164934,9.450000,0.474403,27.181318,0.736203,42.181318,-0.174850,-10.018165,-0.261799,-15.000000,-0.309470,0.261799,16.859148,37.844478,13.300887,36.017246,14.902105,36.839500,4.898286,27.774534
13.760000,0.020000,3.000000,4.000000,1.800000,13.500000,2.000000,0.162316,9.300000,0.471794,27.031810,0.733593,42.031810,-0.174860,-10.018743,-0.261799,-15.000000,-0.309478,0.261799,16.916477,37.862183,13.353459,36.044243,14.956817,36.862316,4.929379,27.823484
13.780000,0.020000,3.000000,4.000000,1.800000,13.500000,2.000000,0.159698,9.150000,0.469185,26.882294,0.730984,41.882294,-0.174870,-10.019310,-0.261799,-15.000000,-0.309487,0.261799,16.973851,37.879739,13.406102,36.071102,15.011589,36.884989,4.960597,27.872355
13.800000,0.020000,3.000000,4.000000,1.800000,13.500000,2.000000,0.157080,9.000000,0.466575,26.732769,0.728374,41.732769,-0.174880,-10.019868,-0.261799,-15.000000,-0.309495,0.261799,17.031271,37.897144,13.458814,36.097824,15.066420,36.907518,4.991942,27.921145
13.820000,0.020000,3.000000,4.000000,1.800000,13.500000,2.000000,0.154462,8.850000,0.463965,26.583237,0.725764,41.583237,-0.174889,-10.020416,-0.261799,-15.000000,-0.309503,0.261799,17.088736,37.914398,13.511596,36.124408,15.121309,36.929904,5.023413,27.969854
13.840000,0.020000,3.000000,4.000000,1.800000,13.500000,2.000000,0.151844,8.700000,0.461355,26.433696,0.723154,41.433696,-0.174899,-10.020955,-0.261799,-15.000000,-0.309511,0.261799,17.146247,37.931502,13.564446,36.150855,15.176257,36.952146,5.055009,28.018482
13.860000,0.020000,3.000000,4.000000,1.800000,13.500000,2.000000,0.149226,8.550000,0.458745,26.284147,0.720544,41.284147,-0.174908,-10.021484,-0.261799,-15.000000,-0.309519,0.261799,17.203802,37.948456,13.617366,36.177163,15.231262,36.974245,5.086731,28.067029
13.880000,0.020000,3.000000,4.000000,1.800000,13.500000,2.000000,0.146608,8.400000,0.456135,26.134590,0.717934,41.134590,-0.174917,-10.022005,-0.261799,-15.000000,-0.309527,0.261799,17.261401,37.965258,13.670354,36.203333,15.286325,36.996199,5.118579,28.115493
13.900000,0.020000,3.000000,4.000000,1.800000,13.500000,2.000000,0.143990,8.250000,0.453524,25.985026,0.715324,40.985026,-0.174926,-10.022516,-0.261799,-15.000000,-0.309535,0.261799,17.319044,37.981910,13.723410,36.229365,15.341445,37.018010,5.150552,28.163876
13.920000,0.020000,3.000000,4.000000,1.800000,13.500000,2.000000,0.141372,8.100000,0.450914,25.835454,0.712713,40.835454,-0.174935,-10.023019,-0.261799,-15.000000,-0.309542,0.261799,17.376731,37.998410,13.776534,36.255258,15.396622,37.039676,5.182650,28.212176
13.940000,0.020000,3.000000,4.000000,1.800000,13.500000,2.000000,0.138754,7.950000,0.448303,25.685875,0.710102,40.685875,-0.174943,-10.023512,-0.261799,-15.000000,-0.309549,0.261799,17.434460,38.014759,13.829725,36.281012,15.451856,37.061198,5.214872,28.260393
13.960000,0.020000,3.000000,4.000000,1.800000,13.500000,2.000000,0.136136,7.800000,0.445692,25.536288,0.707492,40.536288,-0.174952,-10.023998,-0.261799,-15.000000,-0.309557,0.261799,17.492232,38.030958,13.882983,36.306627,15.507145,37.082576,5.247220,28.308527
13.980000,0.020000,3.000000,4.000000,1.800000,13.500000,2.000000,0.133518,7.650000,0.443081,25.386694,0.704881,40.386694,-0.174960,-10.024475,-0.261799,-15.000000,-0.309564,0.261799,17.550047,38.047004,13.936307,36.332103,15.562490,37.103808,5.279691,28.356578
14.000000,0.020000,3.000000,4.000000,1.800000,13.500000,2.000000,0.130900,7.500000,0.440470,25.237094,0.702270,40.237094,-0.174968,-10.024943,-0.261799,-15.000000,-0.309571,0.261799,17.607903,38.062899,13.989698,36.357439,15.617890,37.124896,5.312287,28.404544
14.020000,0.020000,3.000000,4.000000,1.800000,13.500000,2.000000,0.128282,7.350000,0.437859,25.087486,0.699659,40.087486,-0.174976,-10.025404,-0.261799,-15.000000,-0.309578,0.261799,17.665801,38.078643,14.043155,36.382637,15.673346,37.145840,5.345008,28.452426
14.040000,0.020000,3.000000,4.000000,1.800000,13.500000,2.000000,0.125664,7.200000,0.435248,24.937871,0.697047,39.937871,-0.174984,-10.025857,-0.261799,-15.000000,-0.309584,0.261799,17.723739,38.094235,14.096677,36.407694,15.728855,37.166637,5.377852,28.500224
14.060000,0.020000,3.000000,4.000000,1.800000,13.500000,2.000000,0.123046,7.050000,0.432637,24.788250,0.694436,39.788250,-0.174992,-10.026301,-0.261799,-15.000000,-0.309591,0.261799,17.781719,38.109675,14.150265,36.432611,15.784419,37.187290,5.410820,28.547936
14.080000,0.020000,3.000000,4.000000,1.800000,13.500000,2.000000,0.120428,6.900000,0.430025,24.638622,0.691824,39.638622,-0.175000,-10.026739,-0.261799,-15.000000,-0.309597,0.261799,17.839738,38.124963,14.203917,36.457389,15.840037,37.207797,5.443911,28.595564
14.100000,0.020000,3.000000,4.000000,1.800000,13.500000,2.000000,0.117810,6.750000,0.427413,24.488988,0.689213,39.488988,-0.175007,-10.027168,-0.261799,-15.000000,-0.309604,0.261799,17.897798,38.140100,14.257634,36.482026,15.895708,37.228159,5.477126,28.643105
14.120000,0.020000,3.000000,4.000000,1.800000,13.500000,2.000000,0.115192,6.600000,0.424802,24.339347,0.686601,39.339347,-0.175014,-10.027590,-0.261799,-15.000000,-0.309610,0.261799,17.955897,38.155084,14.311415,36.506523,15.951432,37.248375,5.510463,28.690561
14.140000,0.020000,3.000000,4.000000,1.800000,13.500000,2.000000,0.112574,6.450000,0.422190,24.189701,0.683989,39.189701,-0.175022,-10.028005,-0.261799,-15.000000,-0.309616,0.261799,18.014034,38.169916,14.365259,36.530879,16.007208,37.268446,5.543924,28.737931
14.160000,0.020000,3.000000,4.000000,1.800000,13.500000,2.000000,0.109956,6.300000,0.419578,24.040048,0.681377,39.040048,-0.175029,-10.028413,-0.261799,-15.000000,-0.309622,0.261799,18.072211,38.184595,14.419167,36.555095,16.063037,37.288370,5.577507,28.785214
14.180000,0.020000,3.000000,4.000000,1.800000,13.500000,2.000000,0.107338,6.150000,0.416966,23.890389,0.678765,38.890389,-0.175036,-10.028814,-0.261799,-15.000000,-0.309628,0.261799,18.130426,38.199122,14.473138,36.579169,16.118918,37.308148,5.611213,28.832409
14.200000,0.020000,3.000000,4.000000,1.800000,13.500000,2.000000,0.104720,6.000000,0.414354,23.740724,0.676153,38.740724,-0.175043,-10.029207,-0.261799,-15.000000,-0.309634,0.261799,18.188678,38.213497,14.527172,36.603103,16.174850,37.327780,5.645041,28.879518
14.220000,0.020000,3.000000,4.000000,1.800000,13.500000,2.000000,0.102102,5.850000,0.411742,23.591053,0.673541,38.591053,-0.175049,-10.029594,-0.261799,-15.000000,-0.309640,0.261799,18.246969,38.227719,14.581268,36.626895,16.230833,37.347266,5.678992,28.926539
14.240000,0.020000,3.000000,4.000000,1.800000,13.500000,2.000000,0.099484,5.700000,0.409129,23.441377,0.670929,38.441377,-0.175056,-10.029975,-0.261799,-15.000000,-0.309645,0.261799,18.305296,38.241788,14.635425,36.650546,16.286867,37.366605,5.713064,28.973472
14.260000,0.020000,3.000000,4.000000,1.800000,13.500000,2.000000,0.096866,5.550000,0.406517,23.291695,0.668316,38.291695,-0.175063,-10.030348,-0.261799,-15.000000,-0.309651,0.261799,18.363659,38.255705,14.689645,36.674055,16.342951,37.385797,5.747258,29.020316
14.280000,0.020000,3.000000,4.000000,1.800000,13.500000,2.000000,0.094248,5.400000,0.403904,23.142007,0.665704,38.142007,-0.175069,-10.030716,-0.261799,-15.000000,-0.309656,0.261799,18.422060,38.269468,14.743925,36.697423,16.399086,37.404843,5.781573,29.067072
14.300000,0.020000,3.000000,4.000000,1.800000,13.500000,2.000000,0.091630,5.250000,0.401292,22.992314,0.663091,37.992314,-0.175075,-10.031076,-0.261799,-15.000000,-0.309662,0.261799,18.480495,38.283079,14.798266,36.720648,16.455269,37.423742,5.816009,29.113739
14.320000,0.020000,3.000000,4.000000,1.800000,13.500000,2.000000,0.089012,5.100000,0.398679,22.842616,0.660478,37.842616,-0.175082,-10.031431,-0.261799,-15.000000,-0.309667,0.261799,18.538967,38.296536,14.852668,36.743732,16.511502,37.442494,5.850567,29.160317
14.340000,0.020000,3.000000,4.000000,1.800000,13.500000,2.000000,0.086394,4.950000,0.396066,22.692912,0.657865,37.692912,-0.175088,-10.031780,-0.261799,-15.000000,-0.309672,0.261799,18.597473,38.309841,14.907130,36.766673,16.567784,37.461098,5.885245,29.206805
14.360000,0.020000,3.000000,4.000000,1.800000,13.500000,2.000000,0.083776,4.800000,0.393453,22.543204,0.655253,37.543204,-0.175094,-10.032122,-0.261799,-15.000000,-0.309677,0.261799,18.656014,38.322992,14.961651,36.789472,16.624115,37.479556,5.920044,29.253203
14.380000,0.020000,3.000000,4.000000,1.800000,13.500000,2.000000,0.081158,4.650000,0.390840,22.393490,0.652640,37.393490,-0.175099,-10.032459,-0.261799,-15.000000,-0.309682,0.261799,18.714589,38.335989,15.016232,36.812128,16.680493,37.497866,5.954964,29.299511
14.400000,0.020000,3.000000,4.000000,1.800000,13.500000,2.000000,0.078540,4.500000,0.388227,22.243771,0.650026,37.243771,-0.175105,-10.032789,-0.261799,-15.000000,-0.309687,0.261799,18.773198,38.348834,15.070872,36.834642,16.736919,37.516028,5.990003,29.345728
14.420000,0.020000,3.000000,4.000000,1.800000,13.500000,2.000000,0.075922,4.350000,0.385614,22.094047,0.647413,37.094047,-0.175111,-10.033114,-0.261799,-15.000000,-0.309692,0.261799,18.831841,38.361524,15.125570,36.857012,16.793392,37.534043,6.025163,29.391854
14.440000,0.020000,3.000000,4.000000,1.800000,13.500000,2.000000,0.073304,4.200000,0.383001,21.944319,0.644800,36.944319,-0.175116,-10.033434,-0.261799,-15.000000,-0.309697,0.261799,18.890516,38.374062,15.180327,36.879240,16.849912,37.551910,6.060442,29.437888
14.460000,0.020000,3.000000,4.000000,1.800000,13.500000,2.000000,0.070686,4.050000,0.380387,21.794586,0.642187,36.794586,-0.175122,-10.033747,-0.261799,-15.000000,-0.309701,0.261799,18.949225,38.386445,15.235141,36.901325,16.906479,37.569629,6.095841,29.483832
14.480000,0.020000,3.000000,4.000000,1.800000,13.500000,2.000000,0.068068,3.900000,0.377774,21.644848,0.639573,36.644848,-0.175127,-10.034056,-0.261799,-15.000000,-0.309706,0.261799,19.007965,38.398675,15.290013,36.923266,16.963091,37.587200,6.131359,29.529683
14.500000,0.020000,3.000000,4.000000,1.800000,13.500000,2.000000,0.065450,3.750000,0.375160,21.495106,0.636960,36.495106,-0.175133,-10.034359,-0.261799,-15.000000,-0.309711,0.261799,19.066737,38.410750,15.344942,36.945063,17.019750,37.604622,6.166996,29.575442
14.520000,0.020000,3.000000,4.000000,1.800000,13.500000,2.000000,0.062832,3.600000,0.372547,21.345359,0.634346,36.345359,-0.175138,-10.034657,-0.261799,-15.000000,-0.309715,0.261799,19.125541,38.422672,15.399928,36.966717,17.076454,37.621897,6.202752,29.621108
14.540000,0.020000,3.000000,4.000000,1.800000,13.500000,2.000000,0.060214,3.450000,0.369933,21.195608,0.631733,36.195608,-0.175143,-10.034949,-0.261799,-15.000000,-0.309719,0.261799,19.184376,38.434440,15.454970,36.988227,17.133202,37.639023,6.238627,29.666682
14.560000,0.020000,3.000000,4.000000,1.800000,13.500000,2.000000,0.057596,3.300000,0.367319,21.045852,0.629119,36.045852,-0.175148,-10.035237,-0.261799,-15.000000,-0.309724,0.261799,19.243241,38.446053,15.510068,37.009594,17.189996,37.656001,6.274620,29.712162
14.580000,0.020000,3.000000,4.000000,1.800000,13.500000,2.000000,0.054978,3.150000,0.364706,20.896092,0.626505,35.896092,-0.175153,-10.035520,-0.261799,-15.000000,-0.309728,0.261799,19.302136,38.457513,15.565221,37.030816,17.246833,37.672829,6.310731,29.757548
14.600000,0.020000,3.000000,4.000000,1.800000,13.500000,2.000000,0.052360,3.000000,0.362092,20.746329,0.623891,35.746329,-0.175158,-10.035797,-0.261799,-15.000000,-0.309732,0.261799,19.361062,38.468818,15.620430,37.051894,17.303714,37.689510,6.346960,29.802841
14.620000,0.020000,3.000000,4.000000,1.800000,13.500000,2.000000,0.049742,2.850000,0.359478,20.596560,0.621277,35.596560,-0.175162,-10.036070,-0.261799,-15.000000,-0.309736,0.261799,19.420017,38.479969,15.675694,37.072827,17.360639,37.706041,6.383307,29.848040
14.640000,0.020000,3.000000,4.000000,1.800000,13.500000,2.000000,0.047124,2.700000,0.356864,20.446788,0.618663,35.446788,-0.175167,-10.036338,-0.261799,-15.000000,-0.309740,0.261799,19.479000,38.490965,15.731012,37.093616,17.417607,37.722423,6.419771,29.893144
14.660000,0.020000,3.000000,4.000000,1.800000,13.500000,2.000000,0.044506,2.550000,0.354250,20.297012,0.616049,35.297012,-0.175172,-10.036602,-0.261799,-15.000000,-0.309744,0.261799,19.538013,38.501807,15.786384,37.114260,17.474617,37.738656,6.456353,29.938153
14.680000,0.020000,3.000000,4.000000,1.800000,13.500000,2.000000,0.041888,2.400000,0.351636,20.147232,0.613435,35.147232,-0.175176,-10.036861,-0.261799,-15.000000,-0.309748,0.261799,19.597053,38.512495,15.841811,37.134760,17.531670,37.754740,6.493051,29.983067
14.700000,0.020000,3.000000,4.000000,1.800000,13.500000,2.000000,0.039270,2.250000,0.349021,19.997449,0.610821,34.997449,-0.175181,-10.037115,-0.261799,-15.000000,-0.309751,0.261799,19.656121,38.523027,15.897290,37.155114,17.588764,37.770675,6.529867,30.027886
14.720000,0.020000,3.000000,4.000000,1.800000,13.500000,2.000000,0.036652,2.100000,0.346407,19.847661,0.608206,34.847661,-0.175185,-10.037365,-0.261799,-15.000000,-0.309755,0.261799,19.715217,38.533405,15.952822,37.175323,17.645900,37.786460,6.566799,30.072608
14.740000,0.020000,3.000000,4.000000,1.800000,13.500000,2.000000,0.034034,1.950000,0.343793,19.697870,0.605592,34.697870,-0.175189,-10.037611,-0.261799,-15.000000,-0.309759,0.261799,19.774340,38.543628,16.008407,37.195387,17.703077,37.802096,6.603847,30.117235
14.760000,0.020000,3.000000,4.000000,1.800000,13.500000,2.000000,0.031416,1.800000,0.341178,19.548075,0.602978,34.548075,-0.175194,-10.037852,-0.261799,-15.000000,-0.309762,0.261799,19.833489,38.553697,16.064045,37.215306,17.760294,37.817582,6.641011,30.161765
14.780000,0.020000,3.000000,4.000000,1.800000,13.500000,2.000000,0.028798,1.650000,0.338564,19.398277,0.600363,34.398277,-0.175198,-10.038090,-0.261799,-15.000000,-0.309766,0.261799,19.892664,38.563610,16.119734,37.235079,17.817552,37.832918,6.678291,30.206199
14.800000,0.020000,3.000000,4.000000,1.800000,13.500000,2.000000,0.026180,1.500000,0.335949,19.248475,0.597749,34.248475,-0.175202,-10.038323,-0.261799,-15.000000,-0.309769,0.261799,19.951865,38.573369,16.175474,37.254707,17.874850,37.848105,6.715686,30.250535
14.820000,0.020000,3.000000,4.000000,1.800000,13.500000,2.000000,0.023562,1.350000,0.333335,19.098669,0.595134,34.098669,-0.175206,-10.038552,-0.261799,-15.000000,-0.309773,0.261799,20.011092,38.582972,16.231266,37.274188,17.932187,37.863141,6.753197,30.294774
14.840000,0.020000,3.000000,4.000000,1.800000,13.500000,2.000000,0.020944,1.200000,0.330720,18.948861,0.592519,33.948861,-0.175210,-10.038777,-0.261799,-15.000000,-0.309776,0.261799,20.070343,38.592420,16.287108,37.293524,17.989564,37.878027,6.790823,30.338915
14.860000,0.020000,3.000000,4.000000,1.800000,13.500000,2.000000,0.018326,1.050000,0.328105,18.799049,0.589905,33.799049,-0.175214,-10.038998,-0.261799,-15.000000,-0.309779,0.261799,20.129619,38.601713,16.343001,37.312713,18.046979,37.892763,6.828564,30.382959
14.880000,0.020000,3.000000,4.000000,1.800000,13.500000,2.000000,0.015708,0.900000,0.325491,18.649233,0.587290,33.649233,-0.175217,-10.039216,-0.261799,-15.000000,-0.309783,0.261799,20.188919,38.610851,16.398943,37.331757,18.104433,37.907349,6.866419,30.426904
14.900000,0.020000,3.000000,4.000000,1.800000,13.500000,2.000000,0.013090,0.750000,0.322876,18.499415,0.584675,33.499415,-0.175221,-10.039429,-0.261799,-15.000000,-0.309786,0.261799,20.248243,38.619834,16.454936,37.350654,18.161924,37.921785,6.904389,30.470750
14.920000,0.020000,3.000000,4.000000,1.800000,13.500000,2.000000,0.010472,0.600000,0.320261,18.349593,0.582060,33.349593,-0.175225,-10.039639,-0.261799,-15.000000,-0.309789,0.261799,20.307590,38.628661,16.510977,37.369404,18.219453,37.936070,6.942473,30.514498
14.940000,0.020000,3.000000,4.000000,1.800000,13.500000,2.000000,0.007854,0.450000,0.317646,18.199768,0.579445,33.199768,-0.175228,-10.039845,-0.261799,-15.000000,-0.309792,0.261799,20.366960,38.637332,16.567067,37.388008,18.277019,37.950204,6.980671,30.558146
14.960000,0.020000,3.000000,4.000000,1.800000,13.500000,2.000000,0.005236,0.300000,0.315031,18.049940,0.576830,33.049940,-0.175232,-10.040048,-0.261799,-15.000000,-0.309795,0.261799,20.426353,38.645849,16.623206,37.406465,18.334622,37.964188,7.018982,30.601695
14.980000,0.020000,3.000000,4.000000,1.800000,13.500000,2.000000,0.002618,0.150000,0.312416,17.900110,0.574215,32.900110,-0.175235,-10.040247,-0.261799,-15.000000,-0.309798,0.261799,20.485767,38.654209,16.679392,37.424775,18.392261,37.978021,7.057407,30.645144
15.000000,0.020000,3.000000,4.000000,1.800000,13.500000,2.000000,0.000000,0.000000,0.309801,17.750276,0.571600,32.750276,-0.175239,-10.040443,-0.261799,-15.000000,-0.309801,0.261799,20.545204,38.662414,16.735626,37.442939,18.449936,37.991703,7.095945,30.688493
15.020000,0.020000,3.000000,4.000000,1.800000,13.500000,2.000000,0.000000,0.000000,0.307186,17.600439,0.568985,32.600439,-0.175007,-10.027135,-0.261799,-15.000000,-0.307186,0.261799,20.604661,38.670464,16.791908,37.460955,18.507647,38.005234,7.134595,30.731741
15.040000,0.020000,3.000000,4.000000,1.800000,13.500000,2.000000,0.000000,0.000000,0.304574,17.450799,0.566373,32.450799,-0.174682,-10.008517,-0.261799,-15.000000,-0.304574,0.261799,20.664138,38.678371,16.848239,37.478824,18.565393,38.018621,7.173384,30.774856
15.060000,0.020000,3.000000,4.000000,1.800000,13.500000,2.000000,0.000000,0.000000,0.301967,17.301434,0.563766,32.301434,-0.174269,-9.984869,-0.261799,-15.000000,-0.301967,0.261799,20.723633,38.686143,16.904619,37.496548,18.623175,38.031866,7.212321,30.817823
15.080000,0.020000,3.000000,4.000000,1.800000,13.500000,2.000000,0.000000,0.000000,0.299366,17.152418,0.561166,32.152418,-0.173773,-9.956460,-0.261799,-15.000000,-0.299366,0.261799,20.783144,38.693784,16.961050,37.514126,18.680992,38.044972,7.251414,30.860631
15.100000,0.020000,3.000000,4.000000,1.800000,13.500000,2.000000,0.000000,0.000000,0.296773,17.003822,0.558572,32.003822,-0.173199,-9.923549,-0.261799,-15.000000,-0.296773,0.261799,20.842671,38.701300,17.017530,37.531558,18.738844,38.057942,7.290672,30.903268
15.120000,0.020000,3.000000,4.000000,1.800000,13.500000,2.000000,0.000000,0.000000,0.294188,16.855712,0.555987,31.855712,-0.172550,-9.886384,-0.261799,-15.000000,-0.294188,0.261799,20.902214,38.708695,17.074062,37.548845,18.796730,38.070778,7.330102,30.945722
15.140000,0.020000,3.000000,4.000000,1.800000,13.500000,2.000000,0.000000,0.000000,0.291612,16.708152,0.553412,31.708152,-0.171831,-9.845201,-0.261799,-15.000000,-0.291612,0.261799,20.961771,38.715976,17.130644,37.565989,18.854651,38.083483,7.369710,30.987981
15.160000,0.020000,3.000000,4.000000,1.800000,13.500000,2.000000,0.000000,0.000000,0.289047,16.561200,0.550847,31.561200,-0.171046,-9.800230,-0.261799,-15.000000,-0.289047,0.261799,21.021341,38.723145,17.187277,37.582988,18.912606,38.096059,7.409505,31.030037
15.180000,0.020000,3.000000,4.000000,1.800000,13.500000,2.000000,0.000000,0.000000,0.286494,16.414912,0.548294,31.414912,-0.170199,-9.751690,-0.261799,-15.000000,-0.286494,0.261799,21.080923,38.730209,17.243962,37.599845,18.970594,38.108509,7.449490,31.071880
15.200000,0.020000,3.000000,4.000000,1.800000,13.500000,2.000000,0.000000,0.000000,0.283954,16.269342,0.545753,31.269342,-0.169293,-9.699789,-0.261799,-15.000000,-0.283954,0.261799,21.140518,38.737171,17.300697,37.616559,19.028616,38.120834,7.489671,31.113499
15.220000,0.020000,3.000000,4.000000,1.800000,13.500000,2.000000,0.000000,0.000000,0.281426,16.124540,0.543226,31.124540,-0.168332,-9.644730,-0.261799,-15.000000,-0.281426,0.261799,21.200124,38.744036,17.357483,37.633131,19.086672,38.133038,7.530054,31.154888
15.240000,0.020000,3.000000,4.000000,1.800000,13.500000,2.000000,0.000000,0.000000,0.278913,15.980552,0.540713,30.980552,-0.167320,-9.586705,-0.261799,-15.000000,-0.278913,0.261799,21.259741,38.750807,17.414320,37.649563,19.144759,38.145122,7.570641,31.196037
15.260000,0.020000,3.000000,4.000000,1.800000,13.500000,2.000000,0.000000,0.000000,0.276415,15.837421,0.538215,30.837421,-0.166258,-9.525898,-0.261799,-15.000000,-0.276415,0.261799,21.319368,38.757489,17.471208,37.665854,19.202880,38.157090,7.611438,31.236939
15.280000,0.020000,3.000000,4.000000,1.800000,13.500000,2.000000,0.000000,0.000000,0.273933,15.695191,0.535732,30.695191,-0.165152,-9.462488,-0.261799,-15.000000,-0.273933,0.261799,21.379004,38.764085,17.528146,37.682006,19.261032,38.168941,7.652448,31.277586
15.300000,0.020000,3.000000,4.000000,1.800000,13.500000,2.000000,0.000000,0.000000,0.271467,15.553898,0.533266,30.553898,-0.164002,-9.396644,-0.261799,-15.000000,-0.271467,0.261799,21.438649,38.770599,17.585135,37.698020,19.319216,38.180680,7.693673,31.317973
15.320000,0.020000,3.000000,4.000000,1.800000,13.500000,2.000000,0.000000,0.000000,0.269018,15.413579,0.530817,30.413579,-0.162814,-9.328528,-0.261799,-15.000000,-0.269018,0.261799,21.498303,38.777034,17.642173,37.713896,19.377432,38.192308,7.735117,31.358093
15.340000,0.020000,3.000000,4.000000,1.800000,13.500000,2.000000,0.000000,0.000000,0.266586,15.274269,0.528386,30.274269,-0.161588,-9.258295,-0.261799,-15.000000,-0.266586,0.261799,21.557965,38.783394,17.699262,37.729635,19.435678,38.203827,7.776781,31.397939
15.360000,0.020000,3.000000,4.000000,1.800000,13.500000,2.000000,0.000000,0.000000,0.264173,15.135999,0.525972,30.135999,-0.160328,-9.186096,-0.261799,-15.000000,-0.264173,0.261799,21.617635,38.789683,17.756400,37.745238,19.493955,38.215238,7.818667,31.437507
15.380000,0.020000,3.000000,4.000000,1.800000,13.500000,2.000000,0.000000,0.000000,0.261778,14.998797,0.523578,29.998797,-0.159036,-9.112071,-0.261799,-15.000000,-0.261778,0.261799,21.677311,38.795902,17.813586,37.760707,19.552263,38.226545,7.860778,31.476790
15.400000,0.020000,3.000000,4.000000,1.800000,13.500000,2.000000,0.000000,0.000000,0.259403,14.862692,0.521202,29.862692,-0.157714,-9.036359,-0.261799,-15.000000,-0.259403,0.261799,21.736995,38.802056,17.870822,37.776042,19.610600,38.237748,7.903114,31.515786
15.420000,0.020000,3.000000,4.000000,1.800000,13.500000,2.000000,0.000000,0.000000,0.257047,14.727708,0.518846,29.727708,-0.156366,-8.959089,-0.261799,-15.000000,-0.257047,0.261799,21.796685,38.808147,17.928105,37.791244,19.668966,38.248850,7.945677,31.554488
15.440000,0.020000,3.000000,4.000000,1.800000,13.500000,2.000000,0.000000,0.000000,0.254711,14.593869,0.516510,29.593869,-0.154992,-8.880386,-0.261799,-15.000000,-0.254711,0.261799,21.856381,38.814177,17.985437,37.806314,19.727362,38.259853,7.988467,31.592894
15.460000,0.020000,3.000000,4.000000,1.800000,13.500000,2.000000,0.000000,0.000000,0.252395,14.461196,0.514195,29.461196,-0.153595,-8.800370,-0.261799,-15.000000,-0.252395,0.261799,21.916083,38.820151,18.042815,37.821254,19.785786,38.270757,8.031484,31.630998
15.480000,0.020000,3.000000,4.000000,1.800000,13.500000,2.000000,0.000000,0.000000,0.250101,14.329709,0.511900,29.329709,-0.152178,-8.719154,-0.261799,-15.000000,-0.250101,0.261799,21.975791,38.826069,18.100241,37.836063,19.844238,38.281566,8.074730,31.668799
15.500000,0.020000,3.000000,4.000000,1.800000,13.500000,2.000000,0.000000,0.000000,0.247827,14.199426,0.509626,29.199426,-0.150741,-8.636848,-0.261799,-15.000000,-0.247827,0.261799,22.035503,38.831935,18.157712,37.850744,19.902718,38.292280,8.118204,31.706293
15.520000,0.020000,3.000000,4.000000,1.800000,13.500000,2.000000,0.000000,0.000000,0.245574,14.070363,0.507374,29.070363,-0.149288,-8.553556,-0.261799,-15.000000,-0.245574,0.261799,22.095221,38.837751,18.215229,37.865298,19.961225,38.302902,8.161906,31.743476
15.540000,0.020000,3.000000,4.000000,1.800000,13.500000,2.000000,0.000000,0.000000,0.243343,13.942536,0.505143,28.942536,-0.147819,-8.469377,-0.261799,-15.000000,-0.243343,0.261799,22.154943,38.843519,18.272782,37.879722,20.019750,38.313430,8.205826,31.780345
15.560000,0.020000,3.000000,4.000000,1.800000,13.500000,2.000000,0.000000,0.000000,0.241134,13.815958,0.502933,28.815958,-0.146335,-8.384406,-0.261799,-15.000000,-0.241134,0.261799,22.214669,38.849242,18.330398,37.894026,20.078320,38.323873,8.249992,31.816904
15.580000,0.020000,3.000000,4.000000,1.800000,13.500000,2.000000,0.000000,0.000000,0.238947,13.690641,0.500746,28.690641,-0.144840,-8.298734,-0.261799,-15.000000,-0.238947,0.261799,22.274400,38.854921,18.388039,37.908201,20.136897,38.334224,8.294365,31.853141
15.600000,0.020000,3.000000,4.000000,1.800000,13.500000,2.000000,0.000000,0.000000,0.236782,13.566595,0.498581,28.566595,-0.143334,-8.212448,-0.261799,-15.000000,-0.236782,0.261799,22.334134,38.860559,18.445743,37.922258,20.195519,38.344494,8.338983,31.889065
15.620000,0.020000,3.000000,4.000000,1.800000,13.500000,2.000000,0.000000,0.000000,0.234639,13.443830,0.496438,28.443830,-0.141819,-8.125629,-0.261799,-15.000000,-0.234639,0.261799,22.393873,38.866158,18.503470,37.936188,20.254147,38.354674,8.383807,31.924664
15.640000,0.020000,3.000000,4.000000,1.800000,13.500000,2.000000,0.000000,0.000000,0.232519,13.322354,0.494318,28.322354,-0.140296,-8.038357,-0.261799,-15.000000,-0.232519,0.261799,22.453614,38.871719,18.561258,37.950002,20.312818,38.364775,8.428872,31.959947
15.660000,0.020000,3.000000,4.000000,1.800000,13.500000,2.000000,0.000000,0.000000,0.230421,13.202174,0.492221,28.202174,-0.138766,-7.950706,-0.261799,-15.000000,-0.230421,0.261799,22.513359,38.877245,18.619070,37.963692,20.371496,38.374790,8.474142,31.994903
15.680000,0.020000,3.000000,4.000000,1.800000,13.500000,2.000000,0.000000,0.000000,0.228347,13.083296,0.490146,28.083296,-0.137231,-7.862747,-0.261799,-15.000000,-0.228347,0.261799,22.573107,38.882737,18.676939,37.977267,20.430215,38.384728,8.519649,32.029540
15.700000,0.020000,3.000000,4.000000,1.800000,13.500000,2.000000,0.000000,0.000000,0.226295,12.965725,0.488094,27.965725,-0.135691,-7.774549,-0.261799,-15.000000,-0.226295,0.261799,22.632859,38.888196,18.734832,37.990721,20.488941,38.394584,8.565359,32.063850
15.720000,0.020000,3.000000,4.000000,1.800000,13.500000,2.000000,0.000000,0.000000,0.224265,12.849465,0.486065,27.849465,-0.134149,-7.686176,-0.261799,-15.000000,-0.224265,0.261799,22.692612,38.893625,18.792782,38.004064,20.547705,38.404366,8.611302,32.097839
15.740000,0.020000,3.000000,4.000000,1.800000,13.500000,2.000000,0.000000,0.000000,0.222259,12.734518,0.484059,27.734518,-0.132605,-7.597689,-0.261799,-15.000000,-0.222259,0.261799,22.752369,38.899024,18.850753,38.017287,20.606477,38.414068,8.657446,32.131501
15.760000,0.020000,3.000000,4.000000,1.800000,13.500000,2.000000,0.000000,0.000000,0.220276,12.620887,0.482075,27.620887,-0.131059,-7.509147,-0.261799,-15.000000,-0.220276,0.261799,22.812128,38.904396,18.908779,38.030400,20.665286,38.423699,8.703819,32.164841
15.780000,0.020000,3.000000,4.000000,1.800000,13.500000,2.000000,0.000000,0.000000,0.218316,12.508572,0.480115,27.508572,-0.129514,-7.420606,-0.261799,-15.000000,-0.218316,0.261799,22.871889,38.909742,18.966827,38.043398,20.724102,38.433252,8.750388,32.197854
15.800000,0.020000,3.000000,4.000000,1.800000,13.500000,2.000000,0.000000,0.000000,0.216378,12.397574,0.478178,27.397574,-0.127970,-7.332117,-0.261799,-15.000000,-0.216378,0.261799,22.931653,38.915063,19.024927,38.056288,20.782954,38.442737,8.797183,32.230547
15.820000,0.020000,3.000000,4.000000,1.800000,13.500000,2.000000,0.000000,0.000000,0.214464,12.287892,0.476264,27.287892,-0.126427,-7.243732,-0.261799,-15.000000,-0.214464,0.261799,22.991419,38.920361,19.083049,38.069064,20.841812,38.452147,8.844171,32.262913
15.840000,0.020000,3.000000,4.000000,1.800000,13.500000,2.000000,0.000000,0.000000,0.212573,12.179526,0.474372,27.179526,-0.124887,-7.155497,-0.261799,-15.000000,-0.212573,0.261799,23.051186,38.925636,19.141221,38.081734,20.900705,38.461490,8.891380,32.294959
15.860000,0.020000,3.000000,4.000000,1.800000,13.500000,2.000000,0.000000,0.000000,0.210704,12.072472,0.472504,27.072472,-0.123350,-7.067457,-0.261799,-15.000000,-0.210704,0.261799,23.110956,38.930891,19.199414,38.094294,20.959604,38.470762,8.938778,32.326681
15.880000,0.020000,3.000000,4.000000,1.800000,13.500000,2.000000,0.000000,0.000000,0.208859,11.966729,0.470658,26.966729,-0.121818,-6.979655,-0.261799,-15.000000,-0.208859,0.261799,23.170727,38.936125,19.257654,38.106751,21.018537,38.479969,8.986392,32.358083
15.900000,0.020000,3.000000,4.000000,1.800000,13.500000,2.000000,0.000000,0.000000,0.207036,11.862293,0.468835,26.862293,-0.120290,-6.892131,-0.261799,-15.000000,-0.207036,0.261799,23.230500,38.941341,19.315915,38.119099,21.077475,38.489108,9.034192,32.389163
15.920000,0.020000,3.000000,4.000000,1.800000,13.500000,2.000000,0.000000,0.000000,0.205236,11.759161,0.467035,26.759161,-0.118768,-6.804923,-0.261799,-15.000000,-0.205236,0.261799,23.290274,38.946540,19.374223,38.131346,21.136446,38.498183,9.082202,32.419927
15.940000,0.020000,3.000000,4.000000,1.800000,13.500000,2.000000,0.000000,0.000000,0.203459,11.657327,0.465258,26.657327,-0.117252,-6.718067,-0.261799,-15.000000,-0.203459,0.261799,23.350050,38.951721,19.432550,38.143488,21.195422,38.507192,9.130394,32.450370
15.960000,0.020000,3.000000,4.000000,1.800000,13.500000,2.000000,0.000000,0.000000,0.201704,11.556787,0.463503,26.556787,-0.115743,-6.631596,-0.261799,-15.000000,-0.201704,0.261799,23.409827,38.956887,19.490921,38.155531,21.254429,38.516141,9.178791,32.480499
15.980000,0.020000,3.000000,4.000000,1.800000,13.500000,2.000000,0.000000,0.000000,0.199972,11.457535,0.461771,26.457535,-0.114241,-6.545544,-0.261799,-15.000000,-0.199972,0.261799,23.469606,38.962038,19.549311,38.167471,21.313441,38.525026,9.227366,32.510311
16.000000,0.020000,3.000000,4.000000,1.800000,13.500000,2.000000,0.000000,0.000000,0.198262,11.359566,0.460061,26.359566,-0.112747,-6.459940,-0.261799,-15.000000,-0.198262,0.261799,23.529385,38.967176,19.607744,38.179314,21.372482,38.533852,9.276141,32.539812
16.020000,0.020000,3.000000,4.000000,1.800000,13.500000,2.000000,0.000000,0.000000,0.196574,11.262872,0.458374,26.262872,-0.111261,-6.374812,-0.261799,-15.000000,-0.196574,0.261799,23.589166,38.972301,19.666195,38.191057,21.431529,38.542616,9.325089,32.568999
16.040000,0.020000,3.000000,4.000000,1.800000,13.500000,2.000000,0.000000,0.000000,0.194909,11.167447,0.456708,26.167447,-0.109784,-6.290187,-0.261799,-15.000000,-0.194909,0.261799,23.648948,38.977413,19.724686,38.202705,21.490604,38.551324,9.374232,32.597878
16.060000,0.020000,3.000000,4.000000,1.800000,13.500000,2.000000,0.000000,0.000000,0.193265,11.073284,0.455065,26.073284,-0.108317,-6.206089,-0.261799,-15.000000,-0.193265,0.261799,23.708731,38.982514,19.783196,38.214256,21.549684,38.559972,9.423544,32.626447
16.080000,0.020000,3.000000,4.000000,1.800000,13.500000,2.000000,0.000000,0.000000,0.191644,10.980374,0.453443,25.980374,-0.106859,-6.122543,-0.261799,-15.000000,-0.191644,0.261799,23.768514,38.987605,19.841744,38.225714,21.608791,38.568565,9.473045,32.654711
16.100000,0.020000,3.000000,4.000000,1.800000,13.500000,2.000000,0.000000,0.000000,0.190044,10.888711,0.451843,25.888711,-0.105410,-6.039570,-0.261799,-15.000000,-0.190044,0.261799,23.828299,38.992686,19.900310,38.237077,21.667903,38.577101,9.522711,32.682670
16.120000,0.020000,3.000000,4.000000,1.800000,13.500000,2.000000,0.000000,0.000000,0.188466,10.798285,0.450265,25.798285,-0.103973,-5.957190,-0.261799,-15.000000,-0.188466,0.261799,23.888084,38.997758,19.958913,38.248350,21.727040,38.585584,9.572560,32.710328
16.140000,0.020000,3.000000,4.000000,1.800000,13.500000,2.000000,0.000000,0.000000,0.186909,10.709089,0.448708,25.709089,-0.102545,-5.875423,-0.261799,-15.000000,-0.186909,0.261799,23.947870,39.002822,20.017532,38.259531,21.786182,38.594011,9.622571,32.737684
16.160000,0.020000,3.000000,4.000000,1.800000,13.500000,2.000000,0.000000,0.000000,0.185373,10.621112,0.447173,25.621112,-0.101129,-5.794286,-0.261799,-15.000000,-0.185373,0.261799,24.007657,39.007878,20.076177,38.270622,21.845339,38.602386,9.672750,32.764743
16.180000,0.020000,3.000000,4.000000,1.800000,13.500000,2.000000,0.000000,0.000000,0.183859,10.534346,0.445658,25.534346,-0.099725,-5.713796,-0.261799,-15.000000,-0.183859,0.261799,24.067444,39.012926,20.134862,38.281627,21.904524,38.610711,9.723108,32.791508
16.200000,0.020000,3.000000,4.000000,1.800000,13.500000,2.000000,0.000000,0.000000,0.182366,10.448781,0.444165,25.448781,-0.098331,-5.633968,-0.261799,-15.000000,-0.182366,0.261799,24.127232,39.017968,20.193557,38.292542,21.963709,38.618983,9.773617,32.817978
16.220000,0.020000,3.000000,4.000000,1.800000,13.500000,2.000000,0.000000,0.000000,0.180893,10.364408,0.442692,25.364408,-0.096950,-5.554816,-0.261799,-15.000000,-0.180893,0.261799,24.187020,39.023004,20.252277,38.303370,22.022908,38.627205,9.824286,32.844157
16.240000,0.020000,3.000000,4.000000,1.800000,13.500000,2.000000,0.000000,0.000000,0.179441,10.281216,0.441240,25.281216,-0.095580,-5.476353,-0.261799,-15.000000,-0.179441,0.261799,24.246809,39.028035,20.311034,38.314117,22.082133,38.635380,9.875127,32.870050
16.260000,0.020000,3.000000,4.000000,1.800000,13.500000,2.000000,0.000000,0.000000,0.178010,10.199196,0.439809,25.199196,-0.094223,-5.398591,-0.261799,-15.000000,-0.178010,0.261799,24.306598,39.033061,20.369801,38.324776,22.141358,38.643504,9.926112,32.895655
16.280000,0.020000,3.000000,4.000000,1.800000,13.500000,2.000000,0.000000,0.000000,0.176598,10.118337,0.438398,25.118337,-0.092878,-5.321541,-0.261799,-15.000000,-0.176598,0.261799,24.366387,39.038082,20.428591,38.335354,22.200596,38.651581,9.977250,32.920976
16.300000,0.020000,3.000000,4.000000,1.800000,13.500000,2.000000,0.000000,0.000000,0.175207,10.038629,0.437007,25.038629,-0.091546,-5.245212,-0.261799,-15.000000,-0.175207,0.261799,24.426177,39.043099,20.487415,38.345851,22.259858,38.659613,10.028552,32.946019
16.320000,0.020000,3.000000,4.000000,1.800000,13.500000,2.000000,0.000000,0.000000,0.173836,9.960060,0.435635,24.960060,-0.090227,-5.169614,-0.261799,-15.000000,-0.173836,0.261799,24.485967,39.048113,20.546249,38.356266,22.319121,38.667597,10.079991,32.970781
16.340000,0.020000,3.000000,4.000000,1.800000,13.500000,2.000000,0.000000,0.000000,0.172484,9.882622,0.434284,24.882622,-0.088920,-5.094755,-0.261799,-15.000000,-0.172484,0.261799,24.545758,39.053124,20.605105,38.366602,22.378395,38.675536,10.131578,32.995267
16.360000,0.020000,3.000000,4.000000,1.800000,13.500000,2.000000,0.000000,0.000000,0.171152,9.806301,0.432952,24.806301,-0.087627,-5.020642,-0.261799,-15.000000,-0.171152,0.261799,24.605548,39.058132,20.663992,38.376861,22.437692,38.683433,10.183319,33.019482
16.380000,0.020000,3.000000,4.000000,1.800000,13.500000,2.000000,0.000000,0.000000,0.169840,9.731088,0.431637,24.730960,-0.086346,-4.947287,-0.261797,-14.999872,-0.169840,0.261797,24.665339,39.063138,20.722888,38.387040,22.496989,38.691284,10.235179,33.043452
16.400000,0.020000,3.000000,4.000000,1.800000,13.500000,2.000000,0.000000,0.000000,0.168546,9.656971,0.430324,24.655752,-0.085080,-4.874730,-0.261778,-14.998782,-0.168546,0.261778,24.725130,39.068141,20.781804,38.397144,22.556298,38.699092,10.287085,33.067360
16.420000,0.020000,3.000000,4.000000,1.800000,13.500000,2.000000,0.000000,0.000000,0.167271,9.583938,0.429014,24.580683,-0.083828,-4.802988,-0.261743,-14.996744,-0.167271,0.261743,24.784921,39.073144,20.840750,38.407174,22.615627,38.706860,10.339046,33.091209
16.440000,0.020000,3.000000,4.000000,1.800000,13.500000,2.000000,0.000000,0.000000,0.166015,9.511978,0.427706,24.505752,-0.082590,-4.732076,-0.261691,-14.993774,-0.166015,0.261691,24.844712,39.078144,20.899705,38.417129,22.674957,38.714586,10.391042,33.114993
16.460000,0.020000,3.000000,4.000000,1.800000,13.500000,2.000000,0.000000,0.000000,0.164778,9.441077,0.426401,24.430964,-0.081367,-4.662008,-0.261623,-14.989887,-0.164778,0.261623,24.904504,39.083144,20.958678,38.427010,22.734297,38.722270,10.443083,33.138717
16.480000,0.020000,3.000000,4.000000,1.800000,13.500000,2.000000,0.000000,0.000000,0.163559,9.371225,0.425098,24.356321,-0.080159,-4.592796,-0.261539,-14.985097,-0.163559,0.261539,24.964295,39.088143,21.017670,38.436820,22.793647,38.729914,10.495170,33.162379
16.500000,0.020000,3.000000,4.000000,1.800000,13.500000,2.000000,0.000000,0.000000,0.162358,9.302407,0.423798,24.281825,-0.078967,-4.524451,-0.261440,-14.979419,-0.162358,0.261440,25.024087,39.093141,21.076691,38.446560,22.853019,38.737521,10.547313,33.185981
16.520000,0.020000,3.000000,4.000000,1.800000,13.500000,2.000000,0.000000,0.000000,0.161174,9.234610,0.422500,24.207479,-0.077789,-4.456982,-0.261326,-14.972869,-0.161174,0.261326,25.083878,39.098139,21.135717,38.456228,22.912388,38.745088,10.599489,33.209520
16.540000,0.020000,3.000000,4.000000,1.800000,13.500000,2.000000,0.000000,0.000000,0.160009,9.167823,0.421205,24.133284,-0.076627,-4.390399,-0.261197,-14.965461,-0.160009,0.261197,25.143670,39.103136,21.194761,38.465828,22.971767,38.752616,10.651710,33.232997
16.560000,0.020000,3.000000,4.000000,1.800000,13.500000,2.000000,0.000000,0.000000,0.158860,9.102032,0.419913,24.059243,-0.075480,-4.324707,-0.261053,-14.957211,-0.158860,0.261053,25.203461,39.108133,21.253820,38.475360,23.031155,38.760107,10.703976,33.256413
16.580000,0.020000,3.000000,4.000000,1.800000,13.500000,2.000000,0.000000,0.000000,0.157729,9.037223,0.418623,23.985358,-0.074350,-4.259914,-0.260894,-14.948135,-0.157729,0.260894,25.263253,39.113130,21.312907,38.484826,23.090562,38.767563,10.756296,33.279770
16.600000,0.020000,3.000000,4.000000,1.800000,13.500000,2.000000,0.000000,0.000000,0.156615,8.973383,0.417337,23.911630,-0.073234,-4.196024,-0.260722,-14.938247,-0.156615,0.260722,25.323044,39.118127,21.371998,38.494224,23.149968,38.774980,10.808650,33.303064
16.620000,0.020000,3.000000,4.000000,1.800000,13.500000,2.000000,0.000000,0.000000,0.155518,8.910499,0.416053,23.838063,-0.072135,-4.133041,-0.260535,-14.927564,-0.155518,0.260535,25.382836,39.123124,21.431105,38.503558,23.209382,38.782362,10.861048,33.326296
16.640000,0.020000,3.000000,4.000000,1.800000,13.500000,2.000000,0.000000,0.000000,0.154436,8.848557,0.414772,23.764656,-0.071052,-4.070968,-0.260335,-14.916099,-0.154436,0.260335,25.442627,39.128121,21.490227,38.512827,23.268804,38.789709,10.913490,33.349468
16.660000,0.020000,3.000000,4.000000,1.800000,13.500000,2.000000,0.000000,0.000000,0.153372,8.787544,0.413493,23.691414,-0.069984,-4.009807,-0.260122,-14.903869,-0.153372,0.260122,25.502419,39.133119,21.549363,38.522033,23.328234,38.797021,10.965976,33.372579
16.680000,0.020000,3.000000,4.000000,1.800000,13.500000,2.000000,0.000000,0.000000,0.152323,8.727446,0.412218,23.618336,-0.068933,-3.949559,-0.259895,-14.890889,-0.152323,0.259895,25.562210,39.138116,21.608525,38.531179,23.387684,38.804301,11.018517,33.395630
16.700000,0.020000,3.000000,4.000000,1.800000,13.500000,2.000000,0.000000,0.000000,0.151290,8.668250,0.410945,23.545424,-0.067897,-3.890226,-0.259656,-14.877174,-0.151290,0.259656,25.622002,39.143114,21.667690,38.540261,23.447129,38.811545,11.071090,33.418619
16.720000,0.020000,3.000000,4.000000,1.800000,13.500000,2.000000,0.000000,0.000000,0.150272,8.609941,0.409676,23.472681,-0.066878,-3.831805,-0.259404,-14.862739,-0.150272,0.259404,25.681793,39.148111,21.726868,38.549283,23.506582,38.818756,11.123706,33.441547
16.740000,0.020000,3.000000,4.000000,1.800000,13.500000,2.000000,0.000000,0.000000,0.149269,8.552507,0.408409,23.400107,-0.065874,-3.774297,-0.259139,-14.847600,-0.149269,0.259139,25.741585,39.153109,21.786059,38.558246,23.566043,38.825934,11.176365,33.464414
16.760000,0.020000,3.000000,4.000000,1.800000,13.500000,2.000000,0.000000,0.000000,0.148282,8.495934,0.407145,23.327704,-0.064886,-3.717698,-0.258863,-14.831770,-0.148282,0.258863,25.801376,39.158107,21.845263,38.567149,23.625510,38.833080,11.229068,33.487221
16.780000,0.020000,3.000000,4.000000,1.800000,13.500000,2.000000,0.000000,0.000000,0.147309,8.440208,0.405885,23.255473,-0.063914,-3.662008,-0.258575,-14.815266,-0.147309,0.258575,25.861168,39.163105,21.904490,38.575996,23.684995,38.840195,11.281823,33.509968
16.800000,0.020000,3.000000,4.000000,1.800000,13.500000,2.000000,0.000000,0.000000,0.146351,8.385315,0.404627,23.183416,-0.062958,-3.607222,-0.258276,-14.798101,-0.146351,0.258276,25.920959,39.168103,21.963719,38.584785,23.744476,38.847278,11.334610,33.532654
16.820000,0.020000,3.000000,4.000000,1.800000,13.500000,2.000000,0.000000,0.000000,0.145408,8.331242,0.403372,23.111534,-0.062017,-3.553336,-0.257965,-14.780292,-0.145408,0.257965,25.980751,39.173101,22.022960,38.593517,23.803964,38.854330,11.387440,33.555279
16.840000,0.020000,3.000000,4.000000,1.800000,13.500000,2.000000,0.000000,0.000000,0.144478,8.277976,0.402121,23.039828,-0.061093,-3.500347,-0.257643,-14.761851,-0.144478,0.257643,26.040542,39.178099,22.082212,38.602194,23.863458,38.861351,11.440313,33.577844
16.860000,0.020000,3.000000,4.000000,1.800000,13.500000,2.000000,0.000000,0.000000,0.143562,8.225504,0.400872,22.968299,-0.060183,-3.448250,-0.257310,-14.742795,-0.143562,0.257310,26.100334,39.183096,22.141476,38.610817,23.922959,38.868342,11.493227,33.600348
16.880000,0.020000,3.000000,4.000000,1.800000,13.500000,2.000000,0.000000,0.000000,0.142660,8.173812,0.399627,22.896948,-0.059290,-3.397038,-0.256967,-14.723136,-0.142660,0.256967,26.160125,39.188093,22.200752,38.619385,23.982466,38.875303,11.546183,33.622792
16.900000,0.020000,3.000000,4.000000,1.800000,13.500000,2.000000,0.000000,0.000000,0.141771,8.122886,0.398385,22.825776,-0.058411,-3.346707,-0.256614,-14.702890,-0.141771,0.256614,26.219917,39.193089,22.260048,38.627903,24.041989,38.882237,11.599191,33.645178
16.920000,0.020000,3.000000,4.000000,1.800000,13.500000,2.000000,0.000000,0.000000,0.140895,8.072714,0.397146,22.754784,-0.057548,-3.297250,-0.256250,-14.682071,-0.140895,0.256250,26.279709,39.198085,22.319345,38.636366,24.101508,38.889139,11.652231,33.667502
16.940000,0.020000,3.000000,4.000000,1.800000,13.500000,2.000000,0.000000,0.000000,0.140033,8.023283,0.395910,22.683974,-0.056700,-3.248660,-0.255877,-14.660691,-0.140033,0.255877,26.339500,39.203080,22.378652,38.644778,24.161032,38.896014,11.705311,33.689766
16.960000,0.020000,3.000000,4.000000,1.800000,13.500000,2.000000,0.000000,0.000000,0.139183,7.974579,0.394677,22.613345,-0.055867,-3.200930,-0.255495,-14.638766,-0.139183,0.255495,26.399292,39.208074,22.437969,38.653139,24.220562,38.902859,11.758433,33.711970
16.980000,0.020000,3.000000,4.000000,1.800000,13.500000,2.000000,0.000000,0.000000,0.138345,7.926590,0.393448,22.542899,-0.055049,-3.154053,-0.255103,-14.616309,-0.138345,0.255103,26.459084,39.213067,22.497296,38.661450,24.280098,38.909677,11.811596,33.734114
17.000000,0.020000,3.000000,4.000000,1.800000,13.500000,2.000000,0.000000,0.000000,0.137520,7.879303,0.392221,22.472637,-0.054245,-3.108022,-0.254702,-14.593334,-0.137520,0.254702,26.518876,39.218059,22.556633,38.669712,24.339639,38.916468,11.864799,33.756198
17.020000,0.020000,3.000000,4.000000,1.800000,13.500000,2.000000,0.000000,0.000000,0.136707,7.832706,0.390998,22.402558,-0.053456,-3.062827,-0.254292,-14.569853,-0.136707,0.254292,26.578668,39.223050,22.615979,38.677925,24.399185,38.923231,11.918043,33.778223
17.040000,0.020000,3.000000,4.000000,1.800000,13.500000,2.000000,0.000000,0.000000,0.135905,7.786785,0.389779,22.332665,-0.052682,-3.018461,-0.253873,-14.545879,-0.135905,0.253873,26.638460,39.228039,22.675334,38.686090,24.458736,38.929967,11.971328,33.800188
17.060000,0.020000,3.000000,4.000000,1.800000,13.500000,2.000000,0.000000,0.000000,0.135115,7.741529,0.388562,22.262957,-0.051922,-2.974915,-0.253447,-14.521427,-0.135115,0.253447,26.698253,39.233027,22.734709,38.694209,24.518304,38.936677,12.024663,33.822095
17.080000,0.020000,3.000000,4.000000,1.800000,13.500000,2.000000,0.000000,0.000000,0.134337,7.696926,0.387349,22.193435,-0.051176,-2.932180,-0.253012,-14.496509,-0.134337,0.253012,26.758045,39.238013,22.794082,38.702281,24.577865,38.943360,12.078028,33.843942
17.100000,0.020000,3.000000,4.000000,1.800000,13.500000,2.000000,0.000000,0.000000,0.133569,7.652962,0.386138,22.124099,-0.050444,-2.890247,-0.252569,-14.471137,-0.133569,0.252569,26.817838,39.242997,22.853464,38.710306,24.637431,38.950017,12.131432,33.865729
17.120000,0.020000,3.000000,4.000000,1.800000,13.500000,2.000000,0.000000,0.000000,0.132813,7.609627,0.384932,22.054951,-0.049726,-2.849107,-0.252118,-14.445324,-0.132813,0.252118,26.877631,39.247978,22.912854,38.718286,24.697002,38.956648,12.184876,33.887456
17.140000,0.020000,3.000000,4.000000,1.800000,13.500000,2.000000,0.000000,0.000000,0.132067,7.566908,0.383728,21.985990,-0.049022,-2.808751,-0.251660,-14.419082,-0.132067,0.251660,26.937424,39.252958,22.972252,38.726222,24.756577,38.963253,12.238359,33.909125
17.160000,0.020000,3.000000,4.000000,1.800000,13.500000,2.000000,0.000000,0.000000,0.131332,7.524794,0.382528,21.917218,-0.048331,-2.769168,-0.251195,-14.392424,-0.131332,0.251195,26.997217,39.257935,23.031658,38.734113,24.816157,38.969833,12.291881,33.930734
17.180000,0.020000,3.000000,4.000000,1.800000,13.500000,2.000000,0.000000,0.000000,0.130608,7.483272,0.381331,21.848633,-0.047654,-2.730349,-0.250723,-14.365361,-0.130608,0.250723,27.057010,39.262909,23.091072,38.741962,24.875741,38.976388,12.345442,33.952284
17.200000,0.020000,3.000000,4.000000,1.800000,13.500000,2.000000,0.000000,0.000000,0.129893,7.442333,0.380137,21.780238,-0.046989,-2.692285,-0.250244,-14.337905,-0.129893,0.250244,27.116804,39.267881,23.150493,38.749767,24.935330,38.982918,12.399043,33.973776
17.220000,0.020000,3.000000,4.000000,1.800000,13.500000,2.000000,0.000000,0.000000,0.129189,7.401963,0.378946,21.712032,-0.046338,-2.654964,-0.249758,-14.310068,-0.129189,0.249758,27.176598,39.272849,23.209922,38.757530,24.994922,38.989423,12.452681,33.995208
17.240000,0.020000,3.000000,4.000000,1.800000,13.500000,2.000000,0.000000,0.000000,0.128494,7.362153,0.377759,21.644015,-0.045699,-2.618378,-0.249266,-14.281862,-0.128494,0.249266,27.236392,39.277815,23.269358,38.765251,25.054519,38.995904,12.506358,34.016582
17.260000,0.020000,3.000000,4.000000,1.800000,13.500000,2.000000,0.000000,0.000000,0.127809,7.322891,0.376576,21.576188,-0.045073,-2.582515,-0.248767,-14.253296,-0.127809,0.248767,27.296187,39.282777,23.328812,38.772933,25.114131,39.002363,12.560084,34.037898
17.280000,0.020000,3.000000,4.000000,1.800000,13.500000,2.000000,0.000000,0.000000,0.127133,7.284167,0.375395,21.508551,-0.044460,-2.547365,-0.248262,-14.224384,-0.127133,0.248262,27.355981,39.287735,23.388262,38.780573,25.173735,39.008796,12.613837,34.059155
17.300000,0.020000,3.000000,4.000000,1.800000,13.500000,2.000000,0.000000,0.000000,0.126466,7.245969,0.374218,21.441103,-0.043859,-2.512919,-0.247752,-14.195135,-0.126466,0.247752,27.415776,39.292690,23.447719,38.788173,25.233344,39.015206,12.667628,34.080353
17.320000,0.020000,3.000000,4.000000,1.800000,13.500000,2.000000,0.000000,0.000000,0.125808,7.208287,0.373044,21.373847,-0.043270,-2.479165,-0.247236,-14.165559,-0.125808,0.247236,27.475572,39.297641,23.507183,38.795733,25.292957,39.021592,12.721456,34.101493
17.340000,0.020000,3.000000,4.000000,1.800000,13.500000,2.000000,0.000000,0.000000,0.125160,7.171111,0.371873,21.306780,-0.042692,-2.446093,-0.246714,-14.135669,-0.125160,0.246714,27.535368,39.302587,23.566653,38.803255,25.352573,39.027954,12.775322,34.122574
17.360000,0.020000,3.000000,4.000000,1.800000,13.500000,2.000000,0.000000,0.000000,0.124519,7.134431,0.370706,21.239905,-0.042127,-2.413694,-0.246187,-14.105473,-0.124519,0.246187,27.595164,39.307530,23.626129,38.810738,25.412193,39.034294,12.829225,34.143598
17.380000,0.020000,3.000000,4.000000,1.800000,13.500000,2.000000,0.000000,0.000000,0.123888,7.098237,0.369542,21.173220,-0.041573,-2.381955,-0.245655,-14.074983,-0.123888,0.245655,27.654960,39.312468,23.685612,38.818183,25.471816,39.040611,12.883165,34.164563
17.400000,0.020000,3.000000,4.000000,1.800000,13.500000,2.000000,0.000000,0.000000,0.123264,7.062518,0.368382,21.106725,-0.041030,-2.350867,-0.245118,-14.044208,-0.123264,0.245118,27.714757,39.317401,23.745101,38.825591,25.531443,39.046905,12.937141,34.185470
17.420000,0.020000,3.000000,4.000000,1.800000,13.500000,2.000000,0.000000,0.000000,0.122649,7.027264,0.367225,21.040422,-0.040499,-2.320419,-0.244576,-14.013158,-0.122649,0.244576,27.774554,39.322330,23.804595,38.832962,25.591074,39.053177,12.991154,34.206319
17.440000,0.020000,3.000000,4.000000,1.800000,13.500000,2.000000,0.000000,0.000000,0.122042,6.992468,0.366071,20.974310,-0.039979,-2.290601,-0.244029,-13.981842,-0.122042,0.244029,27.834352,39.327253,23.864096,38.840297,25.650708,39.059427,13.045204,34.227111
17.460000,0.020000,3.000000,4.000000,1.800000,13.500000,2.000000,0.000000,0.000000,0.121442,6.958118,0.364920,20.908388,-0.039469,-2.261402,-0.243478,-13.950270,-0.121442,0.243478,27.894150,39.332171,23.923602,38.847595,25.710345,39.065654,13.099290,34.247845
17.480000,0.020000,3.000000,4.000000,1.800000,13.500000,2.000000,0.000000,0.000000,0.120850,6.924206,0.363773,20.842657,-0.038970,-2.232812,-0.242923,-13.918451,-0.120850,0.242923,27.953948,39.337084,23.983114,38.854858,25.769985,39.071859,13.153411,34.268521
17.500000,0.020000,3.000000,4.000000,1.800000,13.500000,2.000000,0.000000,0.000000,0.120266,6.890722,0.362629,20.777117,-0.038481,-2.204820,-0.242363,-13.886395,-0.120266,0.242363,28.013747,39.341992,24.042631,38.862086,25.829629,39.078043,13.207569,34.289140
17.520000,0.020000,3.000000,4.000000,1.800000,13.500000,2.000000,0.000000,0.000000,0.119689,6.857658,0.361489,20.711768,-0.038003,-2.177417,-0.241800,-13.854110,-0.119689,0.241800,28.073547,39.346893,24.102163,38.869280,25.889286,39.084206,13.261772,34.309702
17.540000,0.020000,3.000000,4.000000,1.800000,13.500000,2.000000,0.000000,0.000000,0.119119,6.825005,0.360351,20.646609,-0.037535,-2.150591,-0.241233,-13.821604,-0.119119,0.241233,28.133347,39.351789,24.161691,38.876440,25.948936,39.090347,13.316000,34.330206
17.560000,0.020000,3.000000,4.000000,1.800000,13.500000,2.000000,0.000000,0.000000,0.118556,6.792753,0.359217,20.581641,-0.037077,-2.124332,-0.240661,-13.788888,-0.118556,0.240661,28.193147,39.356678,24.221224,38.883565,26.008589,39.096466,13.370264,34.350653
17.580000,0.020000,3.000000,4.000000,1.800000,13.500000,2.000000,0.000000,0.000000,0.118000,6.760896,0.358087,20.516863,-0.036628,-2.098631,-0.240087,-13.755968,-0.118000,0.240087,28.252948,39.361562,24.280762,38.890657,26.068245,39.102564,13.424562,34.371043
17.600000,0.020000,3.000000,4.000000,1.800000,13.500000,2.000000,0.000000,0.000000,0.117451,6.729423,0.356960,20.452276,-0.036189,-2.073476,-0.239509,-13.722853,-0.117451,0.239509,28.312750,39.366439,24.340305,38.897715,26.127904,39.108641,13.478896,34.391375
17.620000,0.020000,3.000000,4.000000,1.800000,13.500000,2.000000,0.000000,0.000000,0.116908,6.698328,0.355836,20.387879,-0.035759,-2.048859,-0.238928,-13.689551,-0.116908,0.238928,28.372552,39.371309,24.399852,38.904742,26.187566,39.114697,13.533264,34.411651
17.640000,0.020000,3.000000,4.000000,1.800000,13.500000,2.000000,0.000000,0.000000,0.116372,6.667602,0.354715,20.323672,-0.035339,-2.024768,-0.238343,-13.656070,-0.116372,0.238343,28.432354,39.376173,24.459405,38.911736,26.247230,39.120732,13.587666,34.431870
17.660000,0.020000,3.000000,4.000000,1.800000,13.500000,2.000000,0.000000,0.000000,0.115842,6.637237,0.353598,20.259655,-0.034927,-2.001195,-0.237756,-13.622418,-0.115842,0.237756,28.492157,39.381029,24.518962,38.918698,26.306898,39.126747,13.642102,34.452032
17.680000,0.020000,3.000000,4.000000,1.800000,13.500000,2.000000,0.000000,0.000000,0.115318,6.607225,0.352484,20.195827,-0.034525,-1.978129,-0.237166,-13.588602,-0.115318,0.237166,28.551961,39.385879,24.578523,38.925629,26.366568,39.132741,13.696573,34.472138
17.700000,0.020000,3.000000,4.000000,1.800000,13.500000,2.000000,0.000000,0.000000,0.114800,6.577559,0.351373,20.132189,-0.034131,-1.955560,-0.236573,-13.554630,-0.114800,0.236573,28.611765,39.390721,24.638089,38.932528,26.426241,39.138715,13.751077,34.492187
17.720000,0.020000,3.000000,4.000000,1.800000,13.500000,2.000000,0.000000,0.000000,0.114288,6.548231,0.350266,20.068740,-0.033746,-1.933479,-0.235977,-13.520508,-0.114288,0.235977,28.671570,39.395556,24.697660,38.939397,26.485917,39.144668,13.805615,34.512180
17.740000,0.020000,3.000000,4.000000,1.800000,13.500000,2.000000,0.000000,0.000000,0.113782,6.519235,0.349161,20.005479,-0.033369,-1.911876,-0.235379,-13.486245,-0.113782,0.235379,28.731376,39.400383,24.757234,38.946236,26.545595,39.150602,13.860186,34.532117
17.760000,0.020000,3.000000,4.000000,1.800000,13.500000,2.000000,0.000000,0.000000,0.113282,6.490562,0.348061,19.942408,-0.033000,-1.890742,-0.234779,-13.451846,-0.113282,0.234779,28.791182,39.405203,24.816813,38.953044,26.605276,39.156515,13.914791,34.551997
17.780000,0.020000,3.000000,4.000000,1.800000,13.500000,2.000000,0.000000,0.000000,0.112787,6.462206,0.346963,19.879525,-0.032639,-1.870068,-0.234176,-13.417319,-0.112787,0.234176,28.850989,39.410015,24.876396,38.959823,26.664959,39.162409,13.969428,34.571821
17.800000,0.020000,3.000000,4.000000,1.800000,13.500000,2.000000,0.000000,0.000000,0.112297,6.434160,0.345869,19.816830,-0.032286,-1.849843,-0.233572,-13.382670,-0.112297,0.233572,28.910796,39.414818,24.935983,38.966572,26.724645,39.168282,14.024099,34.591590
17.820000,0.020000,3.000000,4.000000,1.800000,13.500000,2.000000,0.000000,0.000000,0.111813,6.406417,0.344778,19.754323,-0.031941,-1.830060,-0.232965,-13.347906,-0.111813,0.232965,28.970604,39.419614,24.995574,38.973292,26.784334,39.174137,14.078802,34.611302
17.840000,0.020000,3.000000,4.000000,1.800000,13.500000,2.000000,0.000000,0.000000,0.111334,6.378971,0.343690,19.692004,-0.031603,-1.810708,-0.232356,-13.313033,-0.111334,0.232356,29.030413,39.424401,25.055169,38.979984,26.844025,39.179971,14.133537,34.630959
17.860000,0.020000,3.000000,4.000000,1.800000,13.500000,2.000000,0.000000,0.000000,0.110860,6.351815,0.342606,19.629871,-0.031272,-1.791780,-0.231746,-13.278057,-0.110860,0.231746,29.090222,39.429180,25.114768,38.986646,26.903718,39.185786,14.188305,34.650560
17.880000,0.020000,3.000000,4.000000,1.800000,13.500000,2.000000,0.000000,0.000000,0.110391,6.324943,0.341525,19.567926,-0.030949,-1.773266,-0.231134,-13.242983,-0.110391,0.231134,29.150032,39.433950,25.174370,38.993281,26.963414,39.191582,14.243105,34.670106
17.900000,0.020000,3.000000,4.000000,1.800000,13.500000,2.000000,0.000000,0.000000,0.109927,6.298348,0.340447,19.506167,-0.030633,-1.755157,-0.230520,-13.207819,-0.109927,0.230520,29.209843,39.438712,25.233986,38.999889,27.023122,39.197359,14.297947,34.689597
17.920000,0.020000,3.000000,4.000000,1.800000,13.500000,2.000000,0.000000,0.000000,0.109467,6.272025,0.339372,19.444595,-0.030324,-1.737446,-0.229905,-13.172570,-0.109467,0.229905,29.269654,39.443464,25.293596,39.006468,27.082822,39.203117,14.352810,34.709032
17.940000,0.020000,3.000000,4.000000,1.800000,13.500000,2.000000,0.000000,0.000000,0.109013,6.245967,0.338301,19.383208,-0.030022,-1.720123,-0.229288,-13.137241,-0.109013,0.229288,29.329467,39.448208,25.353210,39.013020,27.142525,39.208855,14.407705,34.728412
17.960000,0.020000,3.000000,4.000000,1.800000,13.500000,2.000000,0.000000,0.000000,0.108562,6.220169,0.337233,19.322007,-0.029726,-1.703180,-0.228670,-13.101838,-0.108562,0.228670,29.389279,39.452943,25.412827,39.019545,27.202230,39.214574,14.462632,34.747736
17.980000,0.020000,3.000000,4.000000,1.800000,13.500000,2.000000,0.000000,0.000000,0.108117,6.194625,0.336168,19.260991,-0.029437,-1.686608,-0.228051,-13.066366,-0.108117,0.228051,29.449093,39.457668,25.472447,39.026043,27.261937,39.220274,14.517589,34.767006
18.000000,0.020000,3.000000,4.000000,1.800000,13.500000,2.000000,0.000000,0.000000,0.107675,6.169330,0.335106,19.200160,-0.029154,-1.670401,-0.227431,-13.030830,-0.107675,0.227431,29.508907,39.462384,25.532071,39.032515,27.321646,39.225956,14.572578,34.786220
18.020000,0.020000,3.000000,4.000000,1.800000,13.500000,2.000000,0.000000,0.000000,0.107238,6.144277,0.334048,19.139513,-0.028877,-1.654550,-0.226810,-12.995236,-0.107238,0.226810,29.568723,39.467090,25.591698,39.038960,27.381358,39.231619,14.627597,34.805380
18.040000,0.020000,3.000000,4.000000,1.800000,13.500000,2.000000,0.000000,0.000000,0.106805,6.119462,0.332992,19.079051,-0.028607,-1.639046,-0.226187,-12.959588,-0.106805,0.226187,29.628539,39.471787,25.651329,39.045379,27.441072,39.237263,14.682647,34.824486
18.060000,0.020000,3.000000,4.000000,1.800000,13.500000,2.000000,0.000000,0.000000,0.106376,6.094880,0.331940,19.018772,-0.028342,-1.623883,-0.225564,-12.923891,-0.106376,0.225564,29.688355,39.476474,25.710962,39.051773,27.500788,39.242888,14.737728,34.843536
18.080000,0.020000,3.000000,4.000000,1.800000,13.500000,2.000000,0.000000,0.000000,0.105951,6.070525,0.330891,18.958676,-0.028083,-1.609052,-0.224941,-12.888151,-0.105951,0.224941,29.748173,39.481151,25.770599,39.058141,27.560506,39.248495,14.792838,34.862533
18.100000,0.020000,3.000000,4.000000,1.800000,13.500000,2.000000,0.000000,0.000000,0.105529,6.046393,0.329846,18.898763,-0.027830,-1.594546,-0.224316,-12.852370,-0.105529,0.224316,29.807991,39.485819,25.830239,39.064484,27.620226,39.254084,14.847979,34.881475
18.120000,0.020000,3.000000,4.000000,1.800000,13.500000,2.000000,0.000000,0.000000,0.105112,6.022477,0.328803,18.839032,-0.027582,-1.580358,-0.223691,-12.816555,-0.105112,0.223691,29.867810,39.490476,25.889882,39.070801,27.679948,39.259655,14.903149,34.900363
18.140000,0.020000,3.000000,4.000000,1.800000,13.500000,2.000000,0.000000,0.000000,0.104698,5.998775,0.327764,18.779483,-0.027340,-1.566480,-0.223065,-12.780708,-0.104698,0.223065,29.927630,39.495123,25.949528,39.077094,27.739672,39.265207,14.958350,34.919196
18.160000,0.020000,3.000000,4.000000,1.800000,13.500000,2.000000,0.000000,0.000000,0.104288,5.975281,0.326728,18.720116,-0.027103,-1.552906,-0.222439,-12.744835,-0.104288,0.222439,29.987450,39.499760,26.009178,39.083362,27.799398,39.270741,15.013580,34.937976
18.180000,0.020000,3.000000,4.000000,1.800000,13.500000,2.000000,0.000000,0.000000,0.103882,5.951990,0.325695,18.660930,-0.026872,-1.539627,-0.221813,-12.708940,-0.103882,0.221813,30.047271,39.504386,26.068830,39.089606,27.859126,39.276257,15.068839,34.956702
18.200000,0.020000,3.000000,4.000000,1.800000,13.500000,2.000000,0.000000,0.000000,0.103479,5.928899,0.324665,18.601925,-0.026645,-1.526639,-0.221186,-12.673026,-0.103479,0.221186,30.107094,39.509003,26.128485,39.095825,27.918856,39.281755,15.124127,34.975374
18.220000,0.020000,3.000000,4.000000,1.800000,13.500000,2.000000,0.000000,0.000000,0.103079,5.906002,0.323638,18.543100,-0.026423,-1.513932,-0.220559,-12.637098,-0.103079,0.220559,30.166917,39.513608,26.188143,39.102020,27.978588,39.287235,15.179445,34.993993
18.240000,0.020000,3.000000,4.000000,1.800000,13.500000,2.000000,0.000000,0.000000,0.102683,5.883295,0.322615,18.484454,-0.026206,-1.501502,-0.219932,-12.601159,-0.102683,0.219932,30.226740,39.518203,26.247803,39.108192,28.038322,39.292697,15.234791,35.012558
18.260000,0.020000,3.000000,4.000000,1.800000,13.500000,2.000000,0.000000,0.000000,0.102290,5.860776,0.321594,18.425989,-0.025994,-1.489341,-0.219304,-12.565213,-0.102290,0.219304,30.286565,39.522787,26.307467,39.114340,28.098058,39.298141,15.290166,35.031069
18.280000,0.020000,3.000000,4.000000,1.800000,13.500000,2.000000,0.000000,0.000000,0.101900,5.838438,0.320577,18.367701,-0.025786,-1.477443,-0.218677,-12.529263,-0.101900,0.218677,30.346390,39.527360,26.367133,39.120465,28.157796,39.303567,15.345570,35.049527
18.300000,0.020000,3.000000,4.000000,1.800000,13.500000,2.000000,0.000000,0.000000,0.101513,5.816279,0.319563,18.309593,-0.025583,-1.465802,-0.218049,-12.493314,-0.101513,0.218049,30.406217,39.531923,26.426802,39.126566,28.217535,39.308976,15.401001,35.067932
18.320000,0.020000,3.000000,4.000000,1.800000,13.500000,2.000000,0.000000,0.000000,0.101130,5.794294,0.318552,18.251662,-0.025384,-1.454411,-0.217422,-12.457368,-0.101130,0.217422,30.466044,39.536474,26.486473,39.132645,28.277277,39.314368,15.456461,35.086284
18.340000,0.020000,3.000000,4.000000,1.800000,13.500000,2.000000,0.000000,0.000000,0.100749,5.772480,0.317544,18.193909,-0.025190,-1.443265,-0.216795,-12.421428,-0.100749,0.216795,30.525872,39.541015,26.546148,39.138700,28.337020,39.319741,15.511949,35.104583
18.360000,0.020000,3.000000,4.000000,1.800000,13.500000,2.000000,0.000000,0.000000,0.100371,5.750834,0.316539,18.136333,-0.024999,-1.432357,-0.216168,-12.385499,-0.100371,0.216168,30.585701,39.545544,26.605824,39.144733,28.396765,39.325097,15.567465,35.122829
18.380000,0.020000,3.000000,4.000000,1.800000,13.500000,2.000000,0.000000,0.000000,0.099996,5.729351,0.315537,18.078933,-0.024813,-1.421682,-0.215541,-12.349582,-0.099996,0.215541,30.645530,39.550062,26.665504,39.150743,28.456512,39.330436,15.623008,35.141023
18.400000,0.020000,3.000000,4.000000,1.800000,13.500000,2.000000,0.000000,0.000000,0.099624,5.708028,0.314538,18.021710,-0.024631,-1.411234,-0.214914,-12.313682,-0.099624,0.214914,30.705361,39.554569,26.725186,39.156731,28.516261,39.335757,15.678579,35.159164
18.420000,0.020000,3.000000,4.000000,1.800000,13.500000,2.000000,0.000000,0.000000,0.099254,5.686861,0.313542,17.964662,-0.024452,-1.401007,-0.214288,-12.277800,-0.099254,0.214288,30.765192,39.559064,26.784870,39.162697,28.576011,39.341062,15.734178,35.177252
18.440000,0.020000,3.000000,4.000000,1.800000,13.500000,2.000000,0.000000,0.000000,0.098888,5.665848,0.312550,17.907789,-0.024277,-1.390996,-0.213662,-12.241941,-0.098888,0.213662,30.825024,39.563548,26.844557,39.168640,28.635763,39.346348,15.789803,35.195288
18.460000,0.020000,3.000000,4.000000,1.800000,13.500000,2.000000,0.000000,0.000000,0.098524,5.644986,0.311560,17.851091,-0.024106,-1.381196,-0.213037,-12.206105,-0.098524,0.213037,30.884857,39.568020,26.904246,39.174562,28.695517,39.351618,15.845455,35.213271
18.480000,0.020000,3.000000,4.000000,1.800000,13.500000,2.000000,0.000000,0.000000,0.098162,5.624270,0.310574,17.794567,-0.023939,-1.371601,-0.212412,-12.170297,-0.098162,0.212412,30.944691,39.572481,26.963938,39.180462,28.755273,39.356870,15.901135,35.231203
18.500000,0.020000,3.000000,4.000000,1.800000,13.500000,2.000000,0.000000,0.000000,0.097803,5.603698,0.309590,17.738217,-0.023775,-1.362205,-0.211787,-12.134519,-0.097803,0.211787,31.004526,39.576931,27.023632,39.186341,28.815030,39.362106,15.956841,35.249082
18.520000,0.020000,3.000000,4.000000,1.800000,13.500000,2.000000,0.000000,0.000000,0.097446,5.583267,0.308610,17.682040,-0.023614,-1.353005,-0.211163,-12.098773,-0.097446,0.211163,31.064362,39.581368,27.083338,39.192199,28.874799,39.367325,16.012583,35.266911
18.540000,0.020000,3.000000,4.000000,1.800000,13.500000,2.000000,0.000000,0.000000,0.097092,5.562973,0.307632,17.626035,-0.023457,-1.343994,-0.210540,-12.063062,-0.097092,0.210540,31.124198,39.585794,27.143037,39.198035,28.934560,39.372527,16.068342,35.284686
18.560000,0.020000,3.000000,4.000000,1.800000,13.500000,2.000000,0.000000,0.000000,0.096740,5.542815,0.306658,17.570203,-0.023303,-1.335169,-0.209918,-12.027388,-0.096740,0.209918,31.184036,39.590208,27.202738,39.203850,28.994322,39.377711,16.124127,35.302410
18.580000,0.020000,3.000000,4.000000,1.800000,13.500000,2.000000,0.000000,0.000000,0.096391,5.522790,0.305686,17.514543,-0.023152,-1.326524,-0.209296,-11.991753,-0.096391,0.209296,31.243874,39.594610,27.262441,39.209644,29.054086,39.382879,16.179938,35.320083
18.600000,0.020000,3.000000,4.000000,1.800000,13.500000,2.000000,0.000000,0.000000,0.096044,5.502894,0.304718,17.459054,-0.023004,-1.318055,-0.208674,-11.956160,-0.096044,0.208674,31.303713,39.599001,27.322147,39.215417,29.113851,39.388029,16.235775,35.337703
18.620000,0.020000,3.000000,4.000000,1.800000,13.500000,2.000000,0.000000,0.000000,0.095699,5.483124,0.303752,17.403735,-0.022860,-1.309757,-0.208054,-11.920611,-0.095699,0.208054,31.363553,39.603379,27.381855,39.221169,29.173618,39.393163,16.291637,35.355273
18.640000,0.020000,3.000000,4.000000,1.800000,13.500000,2.000000,0.000000,0.000000,0.095356,5.463480,0.302790,17.348587,-0.022718,-1.301626,-0.207434,-11.885107,-0.095356,0.207434,31.423394,39.607746,27.441564,39.226901,29.233387,39.398281,16.347525,35.372791
18.660000,0.020000,3.000000,4.000000,1.800000,13.500000,2.000000,0.000000,0.000000,0.095015,5.443957,0.301830,17.293609,-0.022579,-1.293657,-0.206815,-11.849652,-0.095015,0.206815,31.483236,39.612100,27.501276,39.232612,29.293157,39.403381,16.403439,35.390258
18.680000,0.020000,3.000000,4.000000,1.800000,13.500000,2.000000,0.000000,0.000000,0.094676,5.424554,0.300874,17.238800,-0.022442,-1.285847,-0.206197,-11.814246,-0.094676,0.206197,31.543079,39.616443,27.560991,39.238303,29.352929,39.408466,16.459378,35.407675
18.700000,0.020000,3.000000,4.000000,1.800000,13.500000,2.000000,0.000000,0.000000,0.094340,5.405268,0.299920,17.184159,-0.022309,-1.278190,-0.205580,-11.778891,-0.094340,0.205580,31.602922,39.620773,27.620707,39.243973,29.412703,39.413533,16.515342,35.425040
18.720000,0.020000,3.000000,4.000000,1.800000,13.500000,2.000000,0.000000,0.000000,0.094005,5.386097,0.298969,17.129687,-0.022178,-1.270683,-0.204964,-11.743591,-0.094005,0.204964,31.662767,39.625091,27.680425,39.249624,29.472478,39.418584,16.571331,35.442354
18.740000,0.020000,3.000000,4.000000,1.800000,13.500000,2.000000,0.000000,0.000000,0.093672,5.367038,0.298022,17.075383,-0.022049,-1.263322,-0.204349,-11.708345,-0.093672,0.204349,31.722612,39.629397,27.740146,39.255254,29.532254,39.423618,16.627344,35.459618
18.760000,0.020000,3.000000,4.000000,1.800000,13.500000,2.000000,0.000000,0.000000,0.093342,5.348090,0.297077,17.021246,-0.021923,-1.256103,-0.203735,-11.673156,-0.093342,0.203735,31.782458,39.633691,27.799868,39.260865,29.592032,39.428637,16.683383,35.476832
18.780000,0.020000,3.000000,4.000000,1.800000,13.500000,2.000000,0.000000,0.000000,0.093013,5.329250,0.296135,16.967276,-0.021800,-1.249023,-0.203122,-11.638026,-0.093013,0.203122,31.842305,39.637972,27.859592,39.266456,29.651812,39.433638,16.739445,35.493994
18.800000,0.020000,3.000000,4.000000,1.800000,13.500000,2.000000,0.000000,0.000000,0.092686,5.310516,0.295196,16.913472,-0.021678,-1.242077,-0.202510,-11.602956,-0.092686,0.202510,31.902153,39.642241,27.919319,39.272028,29.711593,39.438624,16.795532,35.511107
18.820000,0.020000,3.000000,4.000000,1.800000,13.500000,2.000000,0.000000,0.000000,0.092361,5.291886,0.294260,16.859834,-0.021559,-1.235262,-0.201899,-11.567948,-0.092361,0.201899,31.962002,39.646498,27.979047,39.277580,29.771375,39.443593,16.851644,35.528169
18.840000,0.020000,3.000000,4.000000,1.800000,13.500000,2.000000,0.000000,0.000000,0.092037,5.273359,0.293326,16.806361,-0.021443,-1.228574,-0.201289,-11.533002,-0.092037,0.201289,32.021851,39.650743,28.038778,39.283112,29.831159,39.448546,16.907779,35.545182
18.860000,0.020000,3.000000,4.000000,1.800000,13.500000,2.000000,0.000000,0.000000,0.091716,5.254931,0.292396,16.753053,-0.021328,-1.222010,-0.200680,-11.498122,-0.091716,0.200680,32.081702,39.654975,28.098510,39.288625,29.890945,39.453482,16.963939,35.562144
18.880000,0.020000,3.000000,4.000000,1.800000,13.500000,2.000000,0.000000,0.000000,0.091396,5.236603,0.291468,16.699909,-0.021216,-1.215567,-0.200072,-11.463307,-0.091396,0.200072,32.141553,39.659195,28.158244,39.294119,29.950732,39.458403,17.020122,35.579056
18.900000,0.020000,3.000000,4.000000,1.800000,13.500000,2.000000,0.000000,0.000000,0.091078,5.218371,0.290544,16.646929,-0.021105,-1.209241,-0.199466,-11.428559,-0.091078,0.199466,32.201406,39.663402,28.217980,39.299594,30.010520,39.463308,17.076328,35.595919
18.920000,0.020000,3.000000,4.000000,1.800000,13.500000,2.000000,0.000000,0.000000,0.090761,5.200233,0.289622,16.594113,-0.020997,-1.203029,-0.198861,-11.393880,-0.090761,0.198861,32.261259,39.667597,28.277718,39.305050,30.070310,39.468196,17.132559,35.612732
18.940000,0.020000,3.000000,4.000000,1.800000,13.500000,2.000000,0.000000,0.000000,0.090446,5.182189,0.288703,16.541459,-0.020890,-1.196927,-0.198257,-11.359270,-0.090446,0.198257,32.321113,39.671779,28.337458,39.310487,30.130101,39.473068,17.188812,35.629496
18.960000,0.020000,3.000000,4.000000,1.800000,13.500000,2.000000,0.000000,0.000000,0.090133,5.164237,0.287787,16.488968,-0.020786,-1.190934,-0.197654,-11.324731,-0.090133,0.197654,32.380968,39.675949,28.397200,39.315905,30.189893,39.477925,17.245089,35.646210
18.980000,0.020000,3.000000,4.000000,1.800000,13.500000,2.000000,0.000000,0.000000,0.089821,5.146374,0.286873,16.436638,-0.020683,-1.185046,-0.197052,-11.290264,-0.089821,0.197052,32.440824,39.680107,28.456943,39.321305,30.249687,39.482766,17.301389,35.662875
19.000000,0.020000,3.000000,4.000000,1.800000,13.500000,2.000000,0.000000,0.000000,0.089511,5.128600,0.285963,16.384470,-0.020582,-1.179259,-0.196452,-11.255870,-0.089511,0.196452,32.500680,39.684252,28.516689,39.326686,30.309483,39.487590,17.357711,35.679491
19.020000,0.020000,3.000000,4.000000,1.800000,13.500000,2.000000,0.000000,0.000000,0.089202,5.110912,0.285055,16.332463,-0.020483,-1.173572,-0.195853,-11.221551,-0.089202,0.195853,32.560538,39.688384,28.576436,39.332048,30.369279,39.492399,17.414057,35.696058
19.040000,0.020000,3.000000,4.000000,1.800000,13.500000,2.000000,0.000000,0.000000,0.088895,5.093310,0.284150,16.280616,-0.020385,-1.167981,-0.195255,-11.187306,-0.088895,0.195255,32.620396,39.692504,28.636185,39.337392,30.429077,39.497192,17.470425,35.712576
19.060000,0.020000,3.000000,4.000000,1.800000,13.500000,2.000000,0.000000,0.000000,0.088589,5.075791,0.283248,16.228928,-0.020289,-1.162483,-0.194659,-11.153137,-0.088589,0.194659,32.680255,39.696612,28.695936,39.342717,30.488877,39.501970,17.526815,35.729045
19.080000,0.020000,3.000000,4.000000,1.800000,13.500000,2.000000,0.000000,0.000000,0.088285,5.058355,0.282349,16.177401,-0.020195,-1.157077,-0.194064,-11.119046,-0.088285,0.194064,32.740116,39.700707,28.755688,39.348025,30.548678,39.506731,17.583228,35.745465
19.100000,0.020000,3.000000,4.000000,1.800000,13.500000,2.000000,0.000000,0.000000,0.087982,5.041000,0.281452,16.126032,-0.020102,-1.151759,-0.193470,-11.085032,-0.087982,0.193470,32.799977,39.704789,28.815442,39.353314,30.608480,39.511477,17.639664,35.761837
19.120000,0.020000,3.000000,4.000000,1.800000,13.500000,2.000000,0.000000,0.000000,0.087681,5.023725,0.280559,16.074821,-0.020011,-1.146527,-0.192878,-11.051096,-0.087681,0.192878,32.859838,39.708858,28.875198,39.358585,30.668283,39.516208,17.696121,35.778160
19.140000,0.020000,3.000000,4.000000,1.800000,13.500000,2.000000,0.000000,0.000000,0.087380,5.006528,0.279668,16.023769,-0.019921,-1.141378,-0.192287,-11.017240,-0.087380,0.192287,32.919701,39.712916,28.934955,39.363838,30.728088,39.520923,17.752600,35.794435
19.160000,0.020000,3.000000,4.000000,1.800000,13.500000,2.000000,0.000000,0.000000,0.087082,4.989409,0.278779,15.972874,-0.019832,-1.136311,-0.191698,-10.983465,-0.087082,0.191698,32.979565,39.716960,28.994715,39.369073,30.787894,39.525622,17.809101,35.810662
19.180000,0.020000,3.000000,4.000000,1.800000,13.500000,2.000000,0.000000,0.000000,0.086784,4.972365,0.277894,15.922135,-0.019745,-1.131322,-0.191110,-10.949770,-0.086784,0.191110,33.039429,39.720992,29.054476,39.374290,30.847702,39.530306,17.865624,35.826841
19.200000,0.020000,3.000000,4.000000,1.800000,13.500000,2.000000,0.000000,0.000000,0.086488,4.955397,0.277011,15.871553,-0.019660,-1.126410,-0.190523,-10.916157,-0.086488,0.190523,33.099294,39.725011,29.114238,39.379490,30.907510,39.534974,17.922168,35.842971
19.220000,0.020000,3.000000,4.000000,1.800000,13.500000,2.000000,0.000000,0.000000,0.086193,4.938501,0.276131,15.821128,-0.019575,-1.121573,-0.189938,-10.882626,-0.086193,0.189938,33.159160,39.729018,29.174002,39.384672,30.967320,39.539627,17.978734,35.859054
19.240000,0.020000,3.000000,4.000000,1.800000,13.500000,2.000000,0.000000,0.000000,0.085900,4.921679,0.275253,15.770857,-0.019492,-1.116807,-0.189354,-10.849178,-0.085900,0.189354,33.219027,39.733012,29.233768,39.389836,31.027131,39.544265,18.035321,35.875089
19.260000,0.020000,3.000000,4.000000,1.800000,13.500000,2.000000,0.000000,0.000000,0.085607,4.904928,0.274379,15.720742,-0.019410,-1.112112,-0.188772,-10.815814,-0.085607,0.188772,33.278895,39.736994,29.293536,39.394983,31.086944,39.548887,18.091929,35.891077
19.280000,0.020000,3.000000,4.000000,1.800000,13.500000,2.000000,0.000000,0.000000,0.085316,4.888247,0.273507,15.670781,-0.019329,-1.107485,-0.188191,-10.782534,-0.085316,0.188191,33.338764,39.740963,29.353305,39.400112,31.146758,39.553494,18.148558,35.907016
19.300000,0.020000,3.000000,4.000000,1.800000,13.500000,2.000000,0.000000,0.000000,0.085026,4.871636,0.272637,15.620974,-0.019250,-1.102924,-0.187611,-10.749338,-0.085026,0.187611,33.398633,39.744919,29.413075,39.405224,31.206573,39.558086,18.205208,35.922909
19.320000,0.020000,3.000000,4.000000,1.800000,13.500000,2.000000,0.000000,0.000000,0.084737,4.855093,0.271771,15.571321,-0.019171,-1.098428,-0.187033,-10.716228,-0.084737,0.187033,33.458503,39.748863,29.472847,39.410318,31.266389,39.562663,18.261879,35.938754
19.340000,0.020000,3.000000,4.000000,1.800000,13.500000,2.000000,0.000000,0.000000,0.084450,4.838618,0.270907,15.521821,-0.019094,-1.093994,-0.186457,-10.683203,-0.084450,0.186457,33.518374,39.752794,29.532621,39.415395,31.326206,39.567224,18.318570,35.954552
19.360000,0.020000,3.000000,4.000000,1.800000,13.500000,2.000000,0.000000,0.000000,0.084163,4.822209,0.270046,15.472473,-0.019017,-1.089620,-0.185882,-10.650264,-0.084163,0.185882,33.578246,39.756712,29.592396,39.420455,31.386025,39.571771,18.375282,35.970303
19.380000,0.020000,3.000000,4.000000,1.800000,13.500000,2.000000,0.000000,0.000000,0.083878,4.805866,0.269187,15.423278,-0.018942,-1.085306,-0.185309,-10.617412,-0.083878,0.185309,33.638119,39.760618,29.652173,39.425498,31.445845,39.576302,18.432015,35.986007
19.400000,0.020000,3.000000,4.000000,1.800000,13.500000,2.000000,0.000000,0.000000,0.083594,4.789587,0.268331,15.374234,-0.018868,-1.081048,-0.184737,-10.584647,-0.083594,0.184737,33.697992,39.764512,29.711952,39.430524,31.505666,39.580818,18.488767,36.001664
19.420000,0.020000,3.000000,4.000000,1.800000,13.500000,2.000000,0.000000,0.000000,0.083311,4.773373,0.267478,15.325342,-0.018795,-1.076846,-0.184167,-10.551969,-0.083311,0.184167,33.757867,39.768393,29.771731,39.435533,31.565488,39.585320,18.545540,36.017274
19.440000,0.020000,3.000000,4.000000,1.800000,13.500000,2.000000,0.000000,0.000000,0.083029,4.757221,0.266627,15.276600,-0.018722,-1.072698,-0.183598,-10.519379,-0.083029,0.183598,33.817742,39.772261,29.831513,39.440525,31.625312,39.589806,18.602333,36.032838
19.460000,0.020000,3.000000,4.000000,1.800000,13.500000,2.000000,0.000000,0.000000,0.082748,4.741131,0.265779,15.228008,-0.018651,-1.068602,-0.183031,-10.486877,-0.082748,0.183031,33.877618,39.776117,29.891296,39.445500,31.685136,39.594277,18.659146,36.048355
19.480000,0.020000,3.000000,4.000000,1.800000,13.500000,2.000000,0.000000,0.000000,0.082469,4.725103,0.264933,15.179566,-0.018580,-1.064556,-0.182465,-10.454463,-0.082469,0.182465,33.937495,39.779960,29.951080,39.450459,31.744962,39.598734,18.715978,36.063826
19.500000,0.020000,3.000000,4.000000,1.800000,13.500000,2.000000,0.000000,0.000000,0.082190,4.709136,0.264091,15.131274,-0.018510,-1.060561,-0.181901,-10.422138,-0.082190,0.181901,33.997372,39.783791,30.010866,39.455400,31.804789,39.603176,18.772830,36.079251
19.520000,0.020000,3.000000,4.000000,1.800000,13.500000,2.000000,0.000000,0.000000,0.081912,4.693228,0.263250,15.083130,-0.018441,-1.056612,-0.181338,-10.389902,-0.081912,0.181338,34.057251,39.787609,30.070653,39.460325,31.864617,39.607602,18.829702,36.094629
19.540000,0.020000,3.000000,4.000000,1.800000,13.500000,2.000000,0.000000,0.000000,0.081636,4.677380,0.262413,15.035135,-0.018373,-1.052711,-0.180777,-10.357755,-0.081636,0.180777,34.117130,39.791415,30.130441,39.465234,31.924447,39.612015,18.886593,36.109962
19.560000,0.020000,3.000000,4.000000,1.800000,13.500000,2.000000,0.000000,0.000000,0.081360,4.661590,0.261578,14.987287,-0.018306,-1.048854,-0.180217,-10.325697,-0.081360,0.180217,34.177010,39.795208,30.190241,39.470126,31.984287,39.616413,18.943514,36.125249
19.580000,0.020000,3.000000,4.000000,1.800000,13.500000,2.000000,0.000000,0.000000,0.081086,4.645859,0.260745,14.939588,-0.018239,-1.045041,-0.179659,-10.293729,-0.081086,0.179659,34.236891,39.798989,30.250033,39.475002,32.044119,39.620796,19.000443,36.140490
19.600000,0.020000,3.000000,4.000000,1.800000,13.500000,2.000000,0.000000,0.000000,0.080812,4.630184,0.259915,14.892035,-0.018174,-1.041270,-0.179103,-10.261851,-0.080812,0.179103,34.296772,39.802757,30.309826,39.479861,32.103952,39.625164,19.057392,36.155685
19.620000,0.020000,3.000000,4.000000,1.800000,13.500000,2.000000,0.000000,0.000000,0.080539,4.614566,0.259088,14.844628,-0.018109,-1.037541,-0.178548,-10.230063,-0.080539,0.178548,34.356655,39.806513,30.369620,39.484703,32.163785,39.629518,19.114360,36.170834
19.640000,0.020000,3.000000,4.000000,1.800000,13.500000,2.000000,0.000000,0.000000,0.080268,4.599003,0.258263,14.797368,-0.018044,-1.033852,-0.177995,-10.198365,-0.080268,0.177995,34.416538,39.810256,30.429416,39.489530,32.223620,39.633857,19.171346,36.185938
19.660000,0.020000,3.000000,4.000000,1.800000,13.500000,2.000000,0.000000,0.000000,0.079997,4.583496,0.257440,14.750253,-0.017980,-1.030201,-0.177443,-10.166757,-0.079997,0.177443,34.476422,39.813987,30.489213,39.494340,32.283457,39.638181,19.228352,36.200997
19.680000,0.020000,3.000000,4.000000,1.800000,13.500000,2.000000,0.000000,0.000000,0.079727,4.568044,0.256621,14.703284,-0.017917,-1.026589,-0.176893,-10.135239,-0.079727,0.176893,34.536306,39.817706,30.549011,39.499134,32.343294,39.642491,19.285375,36.216010
19.700000,0.020000,3.000000,4.000000,1.800000,13.500000,2.000000,0.000000,0.000000,0.079459,4.552646,0.255803,14.656459,-0.017855,-1.023012,-0.176345,-10.103813,-0.079459,0.176345,34.596192,39.821412,30.608811,39.503912,32.403132,39.646787,19.342418,36.230979
19.720000,0.020000,3.000000,4.000000,1.800000,13.500000,2.000000,0.000000,0.000000,0.079191,4.537302,0.254989,14.609778,-0.017793,-1.019471,-0.175798,-10.072477,-0.079191,0.175798,34.656078,39.825106,30.668612,39.508673,32.462971,39.651068,19.399478,36.245902
19.740000,0.020000,3.000000,4.000000,1.800000,13.500000,2.000000,0.000000,0.000000,0.078924,4.522011,0.254177,14.563242,-0.017732,-1.015965,-0.175253,-10.041231,-0.078924,0.175253,34.715965,39.828787,30.728415,39.513419,32.522812,39.655335,19.456557,36.260780
19.760000,0.020000,3.000000,4.000000,1.800000,13.500000,2.000000,0.000000,0.000000,0.078658,4.506772,0.253367,14.516848,-0.017671,-1.012492,-0.174709,-10.010076,-0.078658,0.174709,34.775852,39.832457,30.788219,39.518149,32.582653,39.659587,19.513655,36.275614
19.780000,0.020000,3.000000,4.000000,1.800000,13.500000,2.000000,0.000000,0.000000,0.078393,4.491585,0.252560,14.470598,-0.017611,-1.009052,-0.174167,-9.979013,-0.078393,0.174167,34.835741,39.836114,30.848024,39.522863,32.642496,39.663826,19.570770,36.290403
19.800000,0.020000,3.000000,4.000000,1.800000,13.500000,2.000000,0.000000,0.000000,0.078129,4.476450,0.251755,14.424490,-0.017552,-1.005643,-0.173626,-9.948040,-0.078129,0.173626,34.895630,39.839758,30.907830,39.527561,32.702339,39.668050,19.627903,36.305147
19.820000,0.020000,3.000000,4.000000,1.800000,13.500000,2.000000,0.000000,0.000000,0.077866,4.461366,0.250953,14.378524,-0.017493,-1.002265,-0.173087,-9.917158,-0.077866,0.173087,34.955520,39.843391,30.967638,39.532243,32.762184,39.672259,19.685054,36.319847
19.840000,0.020000,3.000000,4.000000,1.800000,13.500000,2.000000,0.000000,0.000000,0.077603,4.446333,0.250153,14.332700,-0.017434,-0.998916,-0.172550,-9.886367,-0.077603,0.172550,35.015411,39.847011,31.027447,39.536909,32.822030,39.676455,19.742223,36.334503
19.860000,0.020000,3.000000,4.000000,1.800000,13.500000,2.000000,0.000000,0.000000,0.077342,4.431350,0.249355,14.287017,-0.017376,-0.995597,-0.172014,-9.855667,-0.077342,0.172014,35.075302,39.850619,31.087257,39.541560,32.881877,39.680636,19.799409,36.349114
19.880000,0.020000,3.000000,4.000000,1.800000,13.500000,2.000000,0.000000,0.000000,0.077081,4.416417,0.248561,14.241474,-0.017319,-0.992305,-0.171480,-9.825057,-0.077081,0.171480,35.135194,39.854214,31.147069,39.546195,32.941724,39.684804,19.856613,36.363681
19.900000,0.020000,3.000000,4.000000,1.800000,13.500000,2.000000,0.000000,0.000000,0.076821,4.401533,0.247768,14.196072,-0.017262,-0.989040,-0.170947,-9.794539,-0.076821,0.170947,35.195087,39.857798,31.206882,39.550815,33.001573,39.688957,19.913834,36.378205
19.920000,0.020000,3.000000,4.000000,1.800000,13.500000,2.000000,0.000000,0.000000,0.076562,4.386698,0.246978,14.150810,-0.017205,-0.985802,-0.170416,-9.764112,-0.076562,0.170416,35.254981,39.861369,31.266696,39.555419,33.061423,39.693097,19.971073,36.392684
19.940000,0.020000,3.000000,4.000000,1.800000,13.500000,2.000000,0.000000,0.000000,0.076304,4.371912,0.246191,14.105687,-0.017149,-0.982590,-0.169886,-9.733775,-0.076304,0.169886,35.314875,39.864929,31.326511,39.560008,33.121274,39.697222,20.028328,36.407120
19.960000,0.020000,3.000000,4.000000,1.800000,13.500000,2.000000,0.000000,0.000000,0.076047,4.357174,0.245406,14.060703,-0.017094,-0.979402,-0.169359,-9.703529,-0.076047,0.169359,35.374770,39.868476,31.386328,39.564581,33.181126,39.701334,20.085601,36.421512
19.980000,0.020000,3.000000,4.000000,1.800000,13.500000,2.000000,0.000000,0.000000,0.075791,4.342484,0.244623,14.015858,-0.017039,-0.976239,-0.168832,-9.673374,-0.075791,0.168832,35.434666,39.872011,31.446146,39.569139,33.240979,39.705431,20.142891,36.435860
20.000000,0.020000,3.000000,4.000000,1.800000,13.500000,2.000000,0.000000,0.000000,0.075535,4.327841,0.243843,13.971151,-0.016984,-0.973099,-0.168308,-9.643310,-0.075535,0.168308,35.494562,39.875534,31.505965,39.573681,33.300832,39.709515,20.200197,36.450165
20.020000,0.020000,3.000000,4.000000,1.800000,13.500000,2.000000,0.000000,0.000000,0.075280,4.313245,0.243065,13.926581,-0.016929,-0.969982,-0.167784,-9.613336,-0.075280,0.167784,35.554460,39.879045,31.565785,39.578208,33.360687,39.713585,20.257521,36.464427
20.040000,0.020000,3.000000,4.000000,1.800000,13.500000,2.000000,0.000000,0.000000,0.075026,4.298696,0.242289,13.882149,-0.016875,-0.966888,-0.167263,-9.583453,-0.075026,0.167263,35.614357,39.882544,31.625607,39.582720,33.420543,39.717641,20.314861,36.478645
20.060000,0.020000,3.000000,4.000000,1.800000,13.500000,2.000000,0.000000,0.000000,0.074773,4.284193,0.241516,13.837854,-0.016822,-0.963815,-0.166743,-9.553660,-0.074773,0.166743,35.674256,39.886032,31.685429,39.587217,33.480400,39.721683,20.372217,36.492821
20.080000,0.020000,3.000000,4.000000,1.800000,13.500000,2.000000,0.000000,0.000000,0.074521,4.269737,0.240745,13.793694,-0.016768,-0.960762,-0.166224,-9.523958,-0.074521,0.166224,35.734155,39.889507,31.745253,39.591698,33.540258,39.725712,20.429591,36.506953
20.100000,0.020000,3.000000,4.000000,1.800000,13.500000,2.000000,0.000000,0.000000,0.074269,4.255326,0.239977,13.749671,-0.016716,-0.957731,-0.165708,-9.494345,-0.074269,0.165708,35.794055,39.892970,31.805078,39.596165,33.600116,39.729727,20.486980,36.521043
20.120000,0.020000,3.000000,4.000000,1.800000,13.500000,2.000000,0.000000,0.000000,0.074019,4.240961,0.239211,13.705784,-0.016663,-0.954719,-0.165192,-9.464823,-0.074019,0.165192,35.853956,39.896421,31.864905,39.600616,33.659976,39.733728,20.544386,36.535089
20.140000,0.020000,3.000000,4.000000,1.800000,13.500000,2.000000,0.000000,0.000000,0.073769,4.226641,0.238447,13.662032,-0.016611,-0.951726,-0.164679,-9.435391,-0.073769,0.164679,35.913857,39.899861,31.924732,39.605053,33.719837,39.737716,20.601808,36.549093
20.160000,0.020000,3.000000,4.000000,1.800000,13.500000,2.000000,0.000000,0.000000,0.073520,4.212366,0.237686,13.618414,-0.016559,-0.948752,-0.164167,-9.406048,-0.073520,0.164167,35.973759,39.903288,31.984561,39.609474,33.779698,39.741690,20.659246,36.563055
20.180000,0.020000,3.000000,4.000000,1.800000,13.500000,2.000000,0.000000,0.000000,0.073271,4.198135,0.236927,13.574931,-0.016507,-0.945797,-0.163656,-9.376796,-0.073271,0.163656,36.033662,39.906704,32.044390,39.613881,33.839561,39.745651,20.716699,36.576974
20.200000,0.020000,3.000000,4.000000,1.800000,13.500000,2.000000,0.000000,0.000000,0.073024,4.183949,0.236171,13.531581,-0.016456,-0.942859,-0.163147,-9.347633,-0.073024,0.163147,36.093565,39.910108,32.104221,39.618273,33.899424,39.749598,20.774169,36.590851
20.220000,0.020000,3.000000,4.000000,1.800000,13.500000,2.000000,0.000000,0.000000,0.072777,4.169806,0.235416,13.488365,-0.016405,-0.939938,-0.162640,-9.318559,-0.072777,0.162640,36.153469,39.913500,32.164053,39.622650,33.959288,39.753532,20.831655,36.604686
20.240000,0.020000,3.000000,4.000000,1.800000,13.500000,2.000000,0.000000,0.000000,0.072531,4.155708,0.234664,13.445282,-0.016354,-0.937034,-0.162134,-9.289574,-0.072531,0.162134,36.213374,39.916881,32.223886,39.627012,34.019154,39.757453,20.889156,36.618478
20.260000,0.020000,3.000000,4.000000,1.800000,13.500000,2.000000,0.000000,0.000000,0.072285,4.141653,0.233915,13.402332,-0.016304,-0.934147,-0.161629,-9.260679,-0.072285,0.161629,36.273279,39.920250,32.283721,39.631359,34.079020,39.761360,20.946673,36.632229
20.280000,0.020000,3.000000,4.000000,1.800000,13.500000,2.000000,0.000000,0.000000,0.072041,4.127642,0.233168,13.359514,-0.016254,-0.931275,-0.161127,-9.231873,-0.072041,0.161127,36.333185,39.923607,32.343556,39.635692,34.138887,39.765253,21.004205,36.645937
20.300000,0.020000,3.000000,4.000000,1.800000,13.500000,2.000000,0.000000,0.000000,0.071797,4.113673,0.232422,13.316828,-0.016204,-0.928420,-0.160625,-9.203155,-0.071797,0.160625,36.393092,39.926952,32.403392,39.640010,34.198755,39.769134,21.061753,36.659604
20.320000,0.020000,3.000000,4.000000,1.800000,13.500000,2.000000,0.000000,0.000000,0.071554,4.099747,0.231680,13.274273,-0.016154,-0.925579,-0.160126,-9.174526,-0.071554,0.160126,36.452999,39.930286,32.463230,39.644314,34.258624,39.773001,21.119316,36.673229
20.340000,0.020000,3.000000,4.000000,1.800000,13.500000,2.000000,0.000000,0.000000,0.071312,4.085864,0.230939,13.231849,-0.016105,-0.922753,-0.159628,-9.145985,-0.071312,0.159628,36.512907,39.933608,32.523069,39.648603,34.318494,39.776855,21.176894,36.686813
20.360000,0.020000,3.000000,4.000000,1.800000,13.500000,2.000000,0.000000,0.000000,0.071070,4.072024,0.230201,13.189556,-0.016056,-0.919941,-0.159131,-9.117533,-0.071070,0.159131,36.572816,39.936919,32.582908,39.652877,34.378364,39.780696,21.234488,36.700355
20.380000,0.020000,3.000000,4.000000,1.800000,13.500000,2.000000,0.000000,0.000000,0.070829,4.058225,0.229465,13.147393,-0.016007,-0.917143,-0.158636,-9.089168,-0.070829,0.158636,36.632725,39.940218,32.642749,39.657137,34.438236,39.784524,21.292096,36.713856
20.400000,0.020000,3.000000,4.000000,1.800000,13.500000,2.000000,0.000000,0.000000,0.070589,4.044469,0.228732,13.105360,-0.015959,-0.914359,-0.158142,-9.060892,-0.070589,0.158142,36.692635,39.943506,32.702591,39.661383,34.498108,39.788338,21.349719,36.727315
20.420000,0.020000,3.000000,4.000000,1.800000,13.500000,2.000000,0.000000,0.000000,0.070350,4.030754,0.228000,13.063457,-0.015910,-0.911589,-0.157650,-9.032703,-0.070350,0.157650,36.752546,39.946782,32.762434,39.665614,34.557982,39.792140,21.407357,36.740734
20.440000,0.020000,3.000000,4.000000,1.800000,13.500000,2.000000,0.000000,0.000000,0.070111,4.017081,0.227271,13.021682,-0.015862,-0.908831,-0.157160,-9.004601,-0.070111,0.157160,36.812457,39.950047,32.822278,39.669831,34.617856,39.795928,21.465010,36.754111
20.460000,0.020000,3.000000,4.000000,1.800000,13.500000,2.000000,0.000000,0.000000,0.069873,4.003449,0.226544,12.980036,-0.015814,-0.906086,-0.156671,-8.976587,-0.069873,0.156671,36.872368,39.953300,32.882123,39.674034,34.677731,39.799704,21.522678,36.767448
20.480000,0.020000,3.000000,4.000000,1.800000,13.500000,2.000000,0.000000,0.000000,0.069636,3.989858,0.225820,12.938518,-0.015766,-0.903354,-0.156184,-8.948660,-0.069636,0.156184,36.932281,39.956542,32.941969,39.678222,34.737607,39.803466,21.580360,36.780744
20.500000,0.020000,3.000000,4.000000,1.800000,13.500000,2.000000,0.000000,0.000000,0.069400,3.976308,0.225097,12.897128,-0.015719,-0.900633,-0.155698,-8.920820,-0.069400,0.155698,36.992194,39.959773,33.001816,39.682397,34.797483,39.807216,21.638056,36.793999
20.520000,0.020000,3.000000,4.000000,1.800000,13.500000,2.000000,0.000000,0.000000,0.069164,3.962799,0.224377,12.855865,-0.015672,-0.897925,-0.155213,-8.893066,-0.069164,0.155213,37.052107,39.962992,33.061665,39.686557,34.857361,39.810953,21.695767,36.807213
20.540000,0.020000,3.000000,4.000000,1.800000,13.500000,2.000000,0.000000,0.000000,0.068929,3.949331,0.223659,12.814730,-0.015625,-0.895228,-0.154730,-8.865399,-0.068929,0.154730,37.112021,39.966200,33.121514,39.690703,34.917239,39.814676,21.753492,36.820387
20.560000,0.020000,3.000000,4.000000,1.800000,13.500000,2.000000,0.000000,0.000000,0.068694,3.935903,0.222943,12.773721,-0.015578,-0.892542,-0.154249,-8.837818,-0.068694,0.154249,37.171936,39.969397,33.181364,39.694835,34.977119,39.818388,21.811232,36.833521
20.580000,0.020000,3.000000,4.000000,1.800000,13.500000,2.000000,0.000000,0.000000,0.068461,3.922516,0.222230,12.732838,-0.015531,-0.889868,-0.153769,-8.810323,-0.068461,0.153769,37.231852,39.972583,33.241215,39.698953,35.036999,39.822086,21.868985,36.846615
20.600000,0.020000,3.000000,4.000000,1.800000,13.500000,2.000000,0.000000,0.000000,0.068228,3.909168,0.221519,12.692082,-0.015485,-0.887204,-0.153291,-8.782913,-0.068228,0.153291,37.291768,39.975757,33.301067,39.703057,35.096879,39.825772,21.926753,36.859668
20.620000,0.020000,3.000000,4.000000,1.800000,13.500000,2.000000,0.000000,0.000000,0.067996,3.895861,0.220809,12.651450,-0.015438,-0.884551,-0.152814,-8.755590,-0.067996,0.152814,37.351684,39.978920,33.360921,39.707147,35.156761,39.829444,21.984535,36.872681
20.640000,0.020000,3.000000,4.000000,1.800000,13.500000,2.000000,0.000000,0.000000,0.067764,3.882593,0.220102,12.610944,-0.015392,-0.881908,-0.152338,-8.728351,-0.067764,0.152338,37.411601,39.982072,33.420775,39.711223,35.216644,39.833105,22.042330,36.885654
20.660000,0.020000,3.000000,4.000000,1.800000,13.500000,2.000000,0.000000,0.000000,0.067533,3.869365,0.219398,12.570562,-0.015346,-0.879275,-0.151865,-8.701198,-0.067533,0.151865,37.471519,39.985213,33.480630,39.715285,35.276527,39.836752,22.100139,36.898588
20.680000,0.020000,3.000000,4.000000,1.800000,13.500000,2.000000,0.000000,0.000000,0.067303,3.856176,0.218695,12.530305,-0.015300,-0.876653,-0.151392,-8.674129,-0.067303,0.151392,37.531437,39.988343,33.540486,39.719333,35.336411,39.840387,22.157962,36.911482
20.700000,0.020000,3.000000,4.000000,1.800000,13.500000,2.000000,0.000000,0.000000,0.067073,3.843027,0.217995,12.490172,-0.015255,-0.874040,-0.150921,-8.647145,-0.067073,0.150921,37.591356,39.991461,33.600343,39.723368,35.396296,39.844010,22.215799,36.924336
20.720000,0.020000,3.000000,4.000000,1.800000,13.500000,2.000000,0.000000,0.000000,0.066845,3.829917,0.217296,12.450162,-0.015209,-0.871437,-0.150452,-8.620245,-0.066845,0.150452,37.651276,39.994569,33.660201,39.727389,35.456182,39.847620,22.273649,36.937151
20.740000,0.020000,3.000000,4.000000,1.800000,13.500000,2.000000,0.000000,0.000000,0.066617,3.816846,0.216600,12.410276,-0.015164,-0.868843,-0.149984,-8.593430,-0.066617,0.149984,37.711196,39.997666,33.720061,39.731396,35.516068,39.851217,22.331512,36.949926
20.760000,0.020000,3.000000,4.000000,1.800000,13.500000,2.000000,0.000000,0.000000,0.066389,3.803814,0.215906,12.370512,-0.015119,-0.866258,-0.149517,-8.566698,-0.066389,0.149517,37.771116,40.000752,33.779921,39.735390,35.575955,39.854802,22.389389,36.962662
20.780000,0.020000,3.000000,4.000000,1.800000,13.500000,2.000000,0.000000,0.000000,0.066162,3.790821,0.215214,12.330871,-0.015074,-0.863682,-0.149052,-8.540050,-0.066162,0.149052,37.831037,40.003826,33.839782,39.739370,35.635843,39.858375,22.447280,36.975358
20.800000,0.020000,3.000000,4.000000,1.800000,13.500000,2.000000,0.000000,0.000000,0.065936,3.777866,0.214525,12.291352,-0.015029,-0.861116,-0.148588,-8.513486,-0.065936,0.148588,37.890959,40.006890,33.899644,39.743336,35.695732,39.861935,22.505183,36.988016
20.820000,0.020000,3.000000,4.000000,1.800000,13.500000,2.000000,0.000000,0.000000,0.065711,3.764950,0.213837,12.251954,-0.014985,-0.858558,-0.148126,-8.487005,-0.065711,0.148126,37.950881,40.009943,33.959506,39.747289,35.755622,39.865483,22.563099,37.000635
20.840000,0.020000,3.000000,4.000000,1.800000,13.500000,2.000000,0.000000,0.000000,0.065486,3.752072,0.213151,12.212678,-0.014940,-0.856009,-0.147665,-8.460606,-0.065486,0.147665,38.010804,40.012986,34.019370,39.751228,35.815512,39.869019,22.621029,37.013215
20.860000,0.020000,3.000000,4.000000,1.800000,13.500000,2.000000,0.000000,0.000000,0.065262,3.739232,0.212468,12.173523,-0.014896,-0.853468,-0.147206,-8.434290,-0.065262,0.147206,38.070728,40.016017,34.079235,39.755154,35.875403,39.872542,22.678971,37.025756
20.880000,0.020000,3.000000,4.000000,1.800000,13.500000,2.000000,0.000000,0.000000,0.065038,3.726431,0.211787,12.134488,-0.014852,-0.850935,-0.146748,-8.408057,-0.065038,0.146748,38.130652,40.019038,34.139100,39.759067,35.935295,39.876054,22.736927,37.038258
20.900000,0.020000,3.000000,4.000000,1.800000,13.500000,2.000000,0.000000,0.000000,0.064816,3.713667,0.211108,12.095573,-0.014808,-0.848411,-0.146292,-8.381906,-0.064816,0.146292,38.190576,40.022048,34.198967,39.762966,35.995187,39.879553,22.794895,37.050722
20.920000,0.020000,3.000000,4.000000,1.800000,13.500000,2.000000,0.000000,0.000000,0.064594,3.700941,0.210430,12.056779,-0.014764,-0.845895,-0.145837,-8.355837,-0.064594,0.145837,38.250501,40.025047,34.258834,39.766852,36.055081,39.883039,22.852876,37.063147
20.940000,0.020000,3.000000,4.000000,1.800000,13.500000,2.000000,0.000000,0.000000,0.064372,3.688253,0.209755,12.018103,-0.014720,-0.843386,-0.145383,-8.329850,-0.064372,0.145383,38.310427,40.028036,34.318703,39.770724,36.114975,39.886514,22.910870,37.075534
20.960000,0.020000,3.000000,4.000000,1.800000,13.500000,2.000000,0.000000,0.000000,0.064151,3.675603,0.209083,11.979547,-0.014676,-0.840886,-0.144931,-8.303944,-0.064151,0.144931,38.370353,40.031014,34.378572,39.774583,36.174869,39.889977,22.968876,37.087883
20.980000,0.020000,3.000000,4.000000,1.800000,13.500000,2.000000,0.000000,0.000000,0.063931,3.662990,0.208412,11.941110,-0.014633,-0.838393,-0.144480,-8.278119,-0.063931,0.144480,38.430279,40.033981,34.438442,39.778430,36.234765,39.893427,23.026894,37.100194
21.000000,0.020000,3.000000,4.000000,1.800000,13.500000,2.000000,0.000000,0.000000,0.063712,3.650415,0.207743,11.902791,-0.014589,-0.835908,-0.144031,-8.252376,-0.063712,0.144031,38.490206,40.036938,34.498313,39.782262,36.294661,39.896866,23.084925,37.112466
21.020000,0.020000,3.000000,4.000000,1.800000,13.500000,2.000000,0.000000,0.000000,0.063493,3.637877,0.207076,11.864589,-0.014546,-0.833430,-0.143583,-8.226713,-0.063493,0.143583,38.550134,40.039884,34.558185,39.786082,36.354558,39.900293,23.142969,37.124701
21.040000,0.020000,3.000000,4.000000,1.800000,13.500000,2.000000,0.000000,0.000000,0.063275,3.625376,0.206411,11.826506,-0.014503,-0.830960,-0.143137,-8.201130,-0.063275,0.143137,38.610062,40.042819,34.618058,39.789889,36.414456,39.903707,23.201025,37.136897
21.060000,0.020000,3.000000,4.000000,1.800000,13.500000,2.000000,0.000000,0.000000,0.063057,3.612912,0.205749,11.788540,-0.014460,-0.828497,-0.142692,-8.175628,-0.063057,0.142692,38.669991,40.045745,34.677932,39.793682,36.474354,39.907110,23.259092,37.149057
21.080000,0.020000,3.000000,4.000000,1.800000,13.500000,2.000000,0.000000,0.000000,0.062840,3.600485,0.205088,11.750691,-0.014417,-0.826042,-0.142248,-8.150206,-0.062840,0.142248,38.729920,40.048659,34.737806,39.797463,36.534253,39.910501,23.317172,37.161178
21.100000,0.020000,3.000000,4.000000,1.800000,13.500000,2.000000,0.000000,0.000000,0.062624,3.588095,0.204430,11.712958,-0.014374,-0.823593,-0.141806,-8.124863,-0.062624,0.141806,38.789850,40.051563,34.797681,39.801230,36.594153,39.913880,23.375264,37.173262
21.120000,0.020000,3.000000,4.000000,1.800000,13.500000,2.000000,0.000000,0.000000,0.062408,3.575741,0.203773,11.675342,-0.014332,-0.821152,-0.141365,-8.099600,-0.062408,0.141365,38.849780,40.054457,34.857558,39.804985,36.654053,39.917247,23.433368,37.185308
21.140000,0.020000,3.000000,4.000000,1.800000,13.500000,2.000000,0.000000,0.000000,0.062193,3.563424,0.203119,11.637841,-0.014289,-0.818717,-0.140925,-8.074417,-0.062193,0.140925,38.909710,40.057341,34.917435,39.808727,36.713954,39.920603,23.491484,37.197317
21.160000,0.020000,3.000000,4.000000,1.800000,13.500000,2.000000,0.000000,0.000000,0.061979,3.551144,0.202466,11.600456,-0.014247,-0.816290,-0.140487,-8.049312,-0.061979,0.140487,38.969642,40.060214,34.977312,39.812455,36.773856,39.923946,23.549612,37.209289
21.180000,0.020000,3.000000,4.000000,1.800000,13.500000,2.000000,0.000000,0.000000,0.061765,3.538900,0.201816,11.563186,-0.014205,-0.813869,-0.140050,-8.024286,-0.061765,0.140050,39.029573,40.063077,35.037191,39.816171,36.833759,39.927279,23.607752,37.221224
21.200000,0.020000,3.000000,4.000000,1.800000,13.500000,2.000000,0.000000,0.000000,0.061552,3.526693,0.201167,11.526031,-0.014163,-0.811456,-0.139615,-7.999338,-0.061552,0.139615,39.089505,40.065929,35.097071,39.819875,36.893662,39.930599,23.665903,37.233122
21.220000,0.020000,3.000000,4.000000,1.800000,13.500000,2.000000,0.000000,0.000000,0.061340,3.514521,0.200521,11.488990,-0.014121,-0.809048,-0.139181,-7.974469,-0.061340,0.139181,39.149438,40.068772,35.156951,39.823565,36.953566,39.933908,23.724065,37.244983
21.240000,0.020000,3.000000,4.000000,1.800000,13.500000,2.000000,0.000000,0.000000,0.061128,3.502386,0.199876,11.452063,-0.014079,-0.806648,-0.138748,-7.949678,-0.061128,0.138748,39.209371,40.071604,35.216832,39.827243,37.013470,39.937205,23.782240,37.256807
21.260000,0.020000,3.000000,4.000000,1.800000,13.500000,2.000000,0.000000,0.000000,0.060917,3.490287,0.199234,11.415251,-0.014037,-0.804254,-0.138317,-7.924964,-0.060917,0.138317,39.269305,40.074426,35.276714,39.830908,37.073376,39.940491,23.840425,37.268594
21.280000,0.020000,3.000000,4.000000,1.800000,13.500000,2.000000,0.000000,0.000000,0.060706,3.478223,0.198593,11.378551,-0.013995,-0.801867,-0.137887,-7.900328,-0.060706,0.137887,39.329239,40.077237,35.336597,39.834560,37.133281,39.943765,23.898623,37.280345
21.300000,0.020000,3.000000,4.000000,1.800000,13.500000,2.000000,0.000000,0.000000,0.060497,3.466196,0.197955,11.341965,-0.013954,-0.799486,-0.137458,-7.875769,-0.060497,0.137458,39.389173,40.080039,35.396491,39.838201,37.193198,39.947028,23.956841,37.292060
21.320000,0.020000,3.000000,4.000000,1.800000,13.500000,2.000000,0.000000,0.000000,0.060287,3.454204,0.197318,11.305491,-0.013912,-0.797112,-0.137031,-7.851287,-0.060287,0.137031,39.449108,40.082831,35.456375,39.841828,37.253105,39.950279,24.015061,37.303738
21.340000,0.020000,3.000000,4.000000,1.800000,13.500000,2.000000,0.000000,0.000000,0.060079,3.442247,0.196683,11.269130,-0.013871,-0.794744,-0.136605,-7.826882,-0.060079,0.136605,39.509044,40.085612,35.516260,39.845443,37.313013,39.953519,24.073292,37.315379
21.360000,0.020000,3.000000,4.000000,1.800000,13.500000,2.000000,0.000000,0.000000,0.059870,3.430327,0.196051,11.232880,-0.013830,-0.792383,-0.136180,-7.802554,-0.059870,0.136180,39.568980,40.088384,35.576146,39.849045,37.372921,39.956747,24.131534,37.326984
21.380000,0.020000,3.000000,4.000000,1.800000,13.500000,2.000000,0.000000,0.000000,0.059663,3.418441,0.195420,11.196743,-0.013789,-0.790027,-0.135757,-7.778301,-0.059663,0.135757,39.628916,40.091145,35.636033,39.852634,37.432830,39.959964,24.189787,37.338553
21.400000,0.020000,3.000000,4.000000,1.800000,13.500000,2.000000,0.000000,0.000000,0.059456,3.406591,0.194791,11.160716,-0.013748,-0.787678,-0.135335,-7.754125,-0.059456,0.135335,39.688853,40.093897,35.695921,39.856212,37.492740,39.963170,24.248051,37.350087
21.420000,0.020000,3.000000,4.000000,1.800000,13.500000,2.000000,0.000000,0.000000,0.059250,3.394776,0.194164,11.124801,-0.013707,-0.785336,-0.134914,-7.730024,-0.059250,0.134914,39.748790,40.096638,35.755809,39.859777,37.552650,39.966364,24.306326,37.361584
21.440000,0.020000,3.000000,4.000000,1.800000,13.500000,2.000000,0.000000,0.000000,0.059044,3.382997,0.193539,11.088996,-0.013666,-0.782999,-0.134495,-7.705999,-0.059044,0.134495,39.808728,40.099370,35.815698,39.863329,37.612561,39.969548,24.364612,37.373045
21.460000,0.020000,3.000000,4.000000,1.800000,13.500000,2.000000,0.000000,0.000000,0.058839,3.371252,0.192917,11.053302,-0.013625,-0.780669,-0.134077,-7.682050,-0.058839,0.134077,39.868666,40.102092,35.875588,39.866870,37.672473,39.972720,24.422908,37.384471
21.480000,0.020000,3.000000,4.000000,1.800000,13.500000,2.000000,0.000000,0.000000,0.058635,3.359542,0.192295,11.017718,-0.013585,-0.778345,-0.133660,-7.658175,-0.058635,0.133660,39.928605,40.104804,35.935479,39.870398,37.732385,39.975880,24.481215,37.395861
21.500000,0.020000,3.000000,4.000000,1.800000,13.500000,2.000000,0.000000,0.000000,0.058431,3.347868,0.191676,10.982243,-0.013544,-0.776026,-0.133245,-7.634375,-0.058431,0.133245,39.988544,40.107506,35.995370,39.873913,37.792298,39.979030,24.539533,37.407216
21.520000,0.020000,3.000000,4.000000,1.800000,13.500000,2.000000,0.000000,0.000000,0.058228,3.336228,0.191059,10.946877,-0.013504,-0.773714,-0.132831,-7.610650,-0.058228,0.132831,40.048484,40.110198,36.055262,39.877417,37.852211,39.982168,24.597862,37.418535
21.540000,0.020000,3.000000,4.000000,1.800000,13.500000,2.000000,0.000000,0.000000,0.058026,3.324622,0.190444,10.911621,-0.013464,-0.771408,-0.132418,-7.586999,-0.058026,0.132418,40.108424,40.112881,36.115155,39.880908,37.912125,39.985296,24.656201,37.429819
21.560000,0.020000,3.000000,4.000000,1.800000,13.500000,2.000000,0.000000,0.000000,0.057824,3.313052,0.189830,10.876473,-0.013423,-0.769108,-0.132007,-7.563422,-0.057824,0.132007,40.168364,40.115553,36.175048,39.884388,37.972040,39.988412,24.714550,37.441067
21.580000,0.020000,3.000000,4.000000,1.800000,13.500000,2.000000,0.000000,0.000000,0.057622,3.301515,0.189219,10.841434,-0.013383,-0.766814,-0.131596,-7.539919,-0.057622,0.131596,40.228305,40.118217,36.234943,39.887855,38.031955,39.991518,24.772910,37.452281
21.600000,0.020000,3.000000,4.000000,1.800000,13.500000,2.000000,0.000000,0.000000,0.057422,3.290013,0.188609,10.806502,-0.013343,-0.764526,-0.131187,-7.516489,-0.057422,0.131187,40.288246,40.120870,36.294838,39.891310,38.091871,39.994612,24.831280,37.463459
21.620000,0.020000,3.000000,4.000000,1.800000,13.500000,2.000000,0.000000,0.000000,0.057221,3.278546,0.188001,10.771679,-0.013304,-0.762244,-0.130780,-7.493133,-0.057221,0.130780,40.348188,40.123514,36.354734,39.894753,38.151788,39.997695,24.889661,37.474603
21.640000,0.020000,3.000000,4.000000,1.800000,13.500000,2.000000,0.000000,0.000000,0.057022,3.267113,0.187395,10.736962,-0.013264,-0.759967,-0.130373,-7.469850,-0.057022,0.130373,40.408130,40.126148,36.414630,39.898184,38.211705,40.000768,24.948052,37.485711
21.660000,0.020000,3.000000,4.000000,1.800000,13.500000,2.000000,0.000000,0.000000,0.056823,3.255713,0.186791,10.702353,-0.013224,-0.757697,-0.129968,-7.446639,-0.056823,0.129968,40.468073,40.128773,36.474527,39.901603,38.271622,40.003829,25.006452,37.496785
21.680000,0.020000,3.000000,4.000000,1.800000,13.500000,2.000000,0.000000,0.000000,0.056625,3.244348,0.186189,10.667850,-0.013185,-0.755433,-0.129565,-7.423502,-0.056625,0.129565,40.528016,40.131388,36.534425,39.905010,38.331540,40.006880,25.064863,37.507825
21.700000,0.020000,3.000000,4.000000,1.800000,13.500000,2.000000,0.000000,0.000000,0.056427,3.233017,0.185589,10.633454,-0.013145,-0.753174,-0.129162,-7.400437,-0.056427,0.129162,40.587959,40.133993,36.594324,39.908406,38.391459,40.009920,25.123284,37.518830
21.720000,0.020000,3.000000,4.000000,1.800000,13.500000,2.000000,0.000000,0.000000,0.056230,3.221720,0.184990,10.599163,-0.013106,-0.750921,-0.128761,-7.377443,-0.056230,0.128761,40.647903,40.136589,36.654223,39.911789,38.451378,40.012949,25.181715,37.529800
21.740000,0.020000,3.000000,4.000000,1.800000,13.500000,2.000000,0.000000,0.000000,0.056033,3.210456,0.184394,10.564979,-0.013067,-0.748674,-0.128361,-7.354522,-0.056033,0.128361,40.707847,40.139176,36.714123,39.915161,38.511298,40.015968,25.240156,37.540736
21.760000,0.020000,3.000000,4.000000,1.800000,13.500000,2.000000,0.000000,0.000000,0.055837,3.199227,0.183799,10.530899,-0.013028,-0.746433,-0.127962,-7.331673,-0.055837,0.127962,40.767792,40.141753,36.774024,39.918521,38.571219,40.018975,25.298606,37.551638
21.780000,0.020000,3.000000,4.000000,1.800000,13.500000,2.000000,0.000000,0.000000,0.055642,3.188030,0.183206,10.496925,-0.012989,-0.744197,-0.127564,-7.308895,-0.055642,0.127564,40.827737,40.144321,36.833925,39.921869,38.631140,40.021972,25.357066,37.562505
21.800000,0.020000,3.000000,4.000000,1.800000,13.500000,2.000000,0.000000,0.000000,0.055447,3.176868,0.182615,10.463056,-0.012950,-0.741968,-0.127168,-7.286188,-0.055447,0.127168,40.887682,40.146879,36.893827,39.925206,38.691061,40.024959,25.415536,37.573339
21.820000,0.020000,3.000000,4.000000,1.800000,13.500000,2.000000,0.000000,0.000000,0.055253,3.165739,0.182025,10.429291,-0.012911,-0.739744,-0.126773,-7.263552,-0.055253,0.126773,40.947628,40.149428,36.953730,39.928531,38.750983,40.027935,25.474016,37.584138
21.840000,0.020000,3.000000,4.000000,1.800000,13.500000,2.000000,0.000000,0.000000,0.055059,3.154643,0.181438,10.395630,-0.012872,-0.737525,-0.126379,-7.240987,-0.055059,0.126379,41.007574,40.151968,37.013634,39.931844,38.810906,40.030900,25.532505,37.594904
21.860000,0.020000,3.000000,4.000000,1.800000,13.500000,2.000000,0.000000,0.000000,0.054866,3.143580,0.180852,10.362073,-0.012834,-0.735313,-0.125986,-7.218492,-0.054866,0.125986,41.067521,40.154499,37.073538,39.935145,38.870829,40.033854,25.591004,37.605636
21.880000,0.020000,3.000000,4.000000,1.800000,13.500000,2.000000,0.000000,0.000000,0.054673,3.132551,0.180268,10.328619,-0.012795,-0.733106,-0.125595,-7.196068,-0.054673,0.125595,41.127468,40.157020,37.133443,39.938435,38.930753,40.036798,25.649512,37.616334
21.900000,0.020000,3.000000,4.000000,1.800000,13.500000,2.000000,0.000000,0.000000,0.054481,3.121554,0.179686,10.295268,-0.012757,-0.730905,-0.125205,-7.173714,-0.054481,0.125205,41.187415,40.159532,37.193348,39.941714,38.990677,40.039732,25.708030,37.626999
21.920000,0.020000,3.000000,4.000000,1.800000,13.500000,2.000000,0.000000,0.000000,0.054290,3.110591,0.179106,10.262021,-0.012718,-0.728710,-0.124816,-7.151429,-0.054290,0.124816,41.247363,40.162035,37.253254,39.944981,39.050602,40.042655,25.766557,37.637630
21.940000,0.020000,3.000000,4.000000,1.800000,13.500000,2.000000,0.000000,0.000000,0.054099,3.099661,0.178528,10.228876,-0.012680,-0.726520,-0.124428,-7.129215,-0.054099,0.124428,41.307311,40.164528,37.313161,39.948236,39.110527,40.045568,25.825093,37.648228
21.960000,0.020000,3.000000,4.000000,1.800000,13.500000,2.000000,0.000000,0.000000,0.053909,3.088763,0.177951,10.195833,-0.012642,-0.724336,-0.124042,-7.107069,-0.053909,0.124042,41.367260,40.167013,37.373068,39.951480,39.170453,40.048470,25.883639,37.658792
21.980000,0.020000,3.000000,4.000000,1.800000,13.500000,2.000000,0.000000,0.000000,0.053719,3.077899,0.177376,10.162892,-0.012604,-0.722158,-0.123656,-7.084993,-0.053719,0.123656,41.427209,40.169488,37.432976,39.954713,39.230380,40.051362,25.942193,37.669324
22.000000,0.020000,3.000000,4.000000,1.800000,13.500000,2.000000,0.000000,0.000000,0.053530,3.067067,0.176803,10.130052,-0.012566,-0.719985,-0.123272,-7.062986,-0.053530,0.123272,41.487158,40.171954,37.492885,39.957935,39.290307,40.054243,26.000757,37.679822
22.020000,0.020000,3.000000,4.000000,1.800000,13.500000,2.000000,0.000000,0.000000,0.053342,3.056267,0.176231,10.097314,-0.012528,-0.717818,-0.122889,-7.041047,-0.053342,0.122889,41.547108,40.174411,37.552794,39.961145,39.350234,40.057115,26.059330,37.690287
22.040000,0.020000,3.000000,4.000000,1.800000,13.500000,2.000000,0.000000,0.000000,0.053154,3.045500,0.175662,10.064677,-0.012491,-0.715657,-0.122508,-7.019177,-0.053154,0.122508,41.607058,40.176859,37.612704,39.964343,39.410162,40.059976,26.117912,37.700719
22.060000,0.020000,3.000000,4.000000,1.800000,13.500000,2.000000,0.000000,0.000000,0.052967,3.034765,0.175094,10.032140,-0.012453,-0.713501,-0.122127,-6.997375,-0.052967,0.122127,41.667008,40.179299,37.672615,39.967531,39.470091,40.062826,26.176503,37.711118
22.080000,0.020000,3.000000,4.000000,1.800000,13.500000,2.000000,0.000000,0.000000,0.052780,3.024063,0.174528,9.999704,-0.012415,-0.711351,-0.121748,-6.975641,-0.052780,0.121748,41.726959,40.181729,37.732526,39.970707,39.530020,40.065667,26.235103,37.721485
22.100000,0.020000,3.000000,4.000000,1.800000,13.500000,2.000000,0.000000,0.000000,0.052594,3.013393,0.173963,9.967368,-0.012378,-0.709206,-0.121370,-6.953975,-0.052594,0.121370,41.786910,40.184150,37.792438,39.973872,39.589949,40.068497,26.293711,37.731819
22.120000,0.020000,3.000000,4.000000,1.800000,13.500000,2.000000,0.000000,0.000000,0.052408,3.002755,0.173401,9.935132,-0.012341,-0.707067,-0.120993,-6.932376,-0.052408,0.120993,41.846862,40.186562,37.852350,39.977026,39.649879,40.071317,26.352329,37.742120
22.140000,0.020000,3.000000,4.000000,1.800000,13.500000,2.000000,0.000000,0.000000,0.052223,2.992150,0.172840,9.902995,-0.012303,-0.704934,-0.120617,-6.910845,-0.052223,0.120617,41.906813,40.188966,37.912263,39.980169,39.709809,40.074127,26.410955,37.752389
22.160000,0.020000,3.000000,4.000000,1.800000,13.500000,2.000000,0.000000,0.000000,0.052038,2.981576,0.172281,9.870957,-0.012266,-0.702806,-0.120242,-6.889381,-0.052038,0.120242,41.966766,40.191360,37.972177,39.983301,39.769740,40.076927,26.469590,37.762626
22.180000,0.020000,3.000000,4.000000,1.800000,13.500000,2.000000,0.000000,0.000000,0.051854,2.971034,0.171723,9.839018,-0.012229,-0.700684,-0.119869,-6.867984,-0.051854,0.119869,42.026718,40.193746,38.032091,39.986421,39.829672,40.079717,26.528233,37.772830
22.200000,0.020000,3.000000,4.000000,1.800000,13.500000,2.000000,0.000000,0.000000,0.051671,2.960524,0.171168,9.807178,-0.012192,-0.698567,-0.119497,-6.846654,-0.051671,0.119497,42.086671,40.196123,38.092006,39.989531,39.889604,40.082497,26.586885,37.783002
22.220000,0.020000,3.000000,4.000000,1.800000,13.500000,2.000000,0.000000,0.000000,0.051488,2.950046,0.170614,9.775436,-0.012155,-0.696456,-0.119126,-6.825390,-0.051488,0.119126,42.146624,40.198491,38.151922,39.992630,39.949536,40.085267,26.645546,37.793142
22.240000,0.020000,3.000000,4.000000,1.800000,13.500000,2.000000,0.000000,0.000000,0.051306,2.939599,0.170061,9.743792,-0.012119,-0.694351,-0.118756,-6.804193,-0.051306,0.118756,42.206578,40.200850,38.211838,39.995717,40.009469,40.088027,26.704215,37.803250
22.260000,0.020000,3.000000,4.000000,1.800000,13.500000,2.000000,0.000000,0.000000,0.051124,2.929184,0.169511,9.712245,-0.012082,-0.692251,-0.118387,-6.783061,-0.051124,0.118387,42.266532,40.203201,38.271754,39.998794,40.069403,40.090777,26.762892,37.813326
22.280000,0.020000,3.000000,4.000000,1.800000,13.500000,2.000000,0.000000,0.000000,0.050943,2.918801,0.168962,9.680796,-0.012046,-0.690157,-0.118019,-6.761995,-0.050943,0.118019,42.326486,40.205543,38.331672,40.001860,40.129336,40.093517,26.821578,37.823371
22.300000,0.020000,3.000000,4.000000,1.800000,13.500000,2.000000,0.000000,0.000000,0.050762,2.908449,0.168415,9.649444,-0.012009,-0.688068,-0.117653,-6.740995,-0.050762,0.117653,42.386441,40.207876,38.391589,40.004915,40.189271,40.096247,26.880272,37.833383
22.320000,0.020000,3.000000,4.000000,1.800000,13.500000,2.000000,0.000000,0.000000,0.050582,2.898128,0.167869,9.618189,-0.011973,-0.685985,-0.117287,-6.720061,-0.050582,0.117287,42.446396,40.210201,38.451508,40.007959,40.249206,40.098968,26.938975,37.843364
22.340000,0.020000,3.000000,4.000000,1.800000,13.500000,2.000000,0.000000,0.000000,0.050402,2.887838,0.167325,9.587030,-0.011936,-0.683908,-0.116923,-6.699192,-0.050402,0.116923,42.506351,40.212517,38.511427,40.010993,40.309141,40.101678,26.997685,37.853313
22.360000,0.020000,3.000000,4.000000,1.800000,13.500000,2.000000,0.000000,0.000000,0.050223,2.877580,0.166783,9.555967,-0.011900,-0.681835,-0.116560,-6.678387,-0.050223,0.116560,42.566307,40.214824,38.571346,40.014015,40.369077,40.104379,27.056404,37.863231
22.380000,0.020000,3.000000,4.000000,1.800000,13.500000,2.000000,0.000000,0.000000,0.050045,2.867353,0.166243,9.525000,-0.011864,-0.679769,-0.116198,-6.657648,-0.050045,0.116198,42.626263,40.217123,38.631266,40.017027,40.429013,40.107070,27.115131,37.873118
22.400000,0.020000,3.000000,4.000000,1.800000,13.500000,2.000000,0.000000,0.000000,0.049867,2.857157,0.165704,9.494129,-0.011828,-0.677708,-0.115837,-6.636973,-0.049867,0.115837,42.686219,40.219413,38.691187,40.020028,40.488950,40.109751,27.173866,37.882973
22.420000,0.020000,3.000000,4.000000,1.800000,13.500000,2.000000,0.000000,0.000000,0.049689,2.846991,0.165167,9.463353,-0.011792,-0.675653,-0.115477,-6.616362,-0.049689,0.115477,42.746175,40.221695,38.751108,40.023019,40.548887,40.112423,27.232609,37.892797
22.440000,0.020000,3.000000,4.000000,1.800000,13.500000,2.000000,0.000000,0.000000,0.049512,2.836857,0.164631,9.432672,-0.011757,-0.673603,-0.115119,-6.595816,-0.049512,0.115119,42.806132,40.223968,38.811030,40.025999,40.608824,40.115085,27.291360,37.902590
22.460000,0.020000,3.000000,4.000000,1.800000,13.500000,2.000000,0.000000,0.000000,0.049336,2.826753,0.164097,9.402086,-0.011721,-0.671558,-0.114761,-6.575333,-0.049336,0.114761,42.866090,40.226233,38.870952,40.028968,40.668762,40.117737,27.350118,37.912352
22.480000,0.020000,3.000000,4.000000,1.800000,13.500000,2.000000,0.000000,0.000000,0.049160,2.816680,0.163565,9.371594,-0.011685,-0.669519,-0.114405,-6.554914,-0.049160,0.114405,42.926047,40.228489,38.930875,40.031927,40.728701,40.120380,27.408885,37.922083
22.500000,0.020000,3.000000,4.000000,1.800000,13.500000,2.000000,0.000000,0.000000,0.048985,2.806637,0.163035,9.341197,-0.011650,-0.667486,-0.114050,-6.534559,-0.048985,0.114050,42.986005,40.230737,38.990799,40.034875,40.788640,40.123013,27.467659,37.931783
22.520000,0.020000,3.000000,4.000000,1.800000,13.500000,2.000000,0.000000,0.000000,0.048810,2.796625,0.162506,9.310893,-0.011614,-0.665458,-0.113695,-6.514268,-0.048810,0.113695,43.045963,40.232977,39.050723,40.037813,40.848579,40.125637,27.526442,37.941452
22.540000,0.020000,3.000000,4.000000,1.800000,13.500000,2.000000,0.000000,0.000000,0.048636,2.786643,0.161978,9.280682,-0.011579,-0.663436,-0.113342,-6.494039,-0.048636,0.113342,43.105922,40.235208,39.110647,40.040740,40.908519,40.128251,27.585232,37.951091
22.560000,0.020000,3.000000,4.000000,1.800000,13.500000,2.000000,0.000000,0.000000,0.048462,2.776692,0.161453,9.250565,-0.011544,-0.661419,-0.112990,-6.473873,-0.048462,0.112990,43.165881,40.237431,39.170572,40.043657,40.968459,40.130855,27.644029,37.960699
22.580000,0.020000,3.000000,4.000000,1.800000,13.500000,2.000000,0.000000,0.000000,0.048289,2.766771,0.160929,9.220541,-0.011509,-0.659407,-0.112640,-6.453770,-0.048289,0.112640,43.225840,40.239646,39.230498,40.046563,41.028400,40.133450,27.702835,37.970277
22.600000,0.020000,3.000000,4.000000,1.800000,13.500000,2.000000,0.000000,0.000000,0.048117,2.756880,0.160406,9.190610,-0.011474,-0.657401,-0.112290,-6.433730,-0.048117,0.112290,43.285799,40.241852,39.290424,40.049459,41.088341,40.136036,27.761647,37.979824
22.620000,0.020000,3.000000,4.000000,1.800000,13.500000,2.000000,0.000000,0.000000,0.047945,2.747019,0.159886,9.160771,-0.011439,-0.655401,-0.111941,-6.413752,-0.047945,0.111941,43.345759,40.244050,39.350350,40.052345,41.148282,40.138612,27.820468,37.989341
22.640000,0.020000,3.000000,4.000000,1.800000,13.500000,2.000000,0.000000,0.000000,0.047773,2.737189,0.159366,9.131024,-0.011404,-0.653406,-0.111593,-6.393836,-0.047773,0.111593,43.405719,40.246240,39.410278,40.055220,41.208224,40.141179,27.879296,37.998828
22.660000,0.020000,3.000000,4.000000,1.800000,13.500000,2.000000,0.000000,0.000000,0.047602,2.727388,0.158849,9.101369,-0.011369,-0.651417,-0.111247,-6.373982,-0.047602,0.111247,43.465679,40.248421,39.470205,40.058086,41.268166,40.143737,27.938131,38.008284
22.680000,0.020000,3.000000,4.000000,1.800000,13.500000,2.000000,0.000000,0.000000,0.047431,2.717617,0.158333,9.071806,-0.011335,-0.649433,-0.110902,-6.354189,-0.047431,0.110902,43.525640,40.250595,39.530133,40.060940,41.328109,40.146285,27.996974,38.017711
22.700000,0.020000,3.000000,4.000000,1.800000,13.500000,2.000000,0.000000,0.000000,0.047261,2.707876,0.157819,9.042334,-0.011300,-0.647454,-0.110557,-6.334459,-0.047261,0.110557,43.585601,40.252760,39.590062,40.063785,41.388052,40.148824,28.055824,38.027107
22.720000,0.020000,3.000000,4.000000,1.800000,13.500000,2.000000,0.000000,0.000000,0.047092,2.698164,0.157306,9.012953,-0.011266,-0.645481,-0.110214,-6.314789,-0.047092,0.110214,43.645562,40.254917,39.649991,40.066619,41.447996,40.151353,28.114681,38.036474
22.740000,0.020000,3.000000,4.000000,1.800000,13.500000,2.000000,0.000000,0.000000,0.046923,2.688482,0.156794,8.983663,-0.011231,-0.643513,-0.109872,-6.295181,-0.046923,0.109872,43.705523,40.257067,39.709921,40.069444,41.507940,40.153874,28.173546,38.045811
22.760000,0.020000,3.000000,4.000000,1.800000,13.500000,2.000000,0.000000,0.000000,0.046754,2.678829,0.156285,8.954463,-0.011197,-0.641551,-0.109530,-6.275634,-0.046754,0.109530,43.765485,40.259208,39.769851,40.072258,41.567884,40.156385,28.232417,38.055118
22.780000,0.020000,3.000000,4.000000,1.800000,13.500000,2.000000,0.000000,0.000000,0.046586,2.669206,0.155777,8.925353,-0.011163,-0.639594,-0.109190,-6.256147,-0.046586,0.109190,43.825447,40.261341,39.829782,40.075062,41.627829,40.158887,28.291296,38.064395
22.800000,0.020000,3.000000,4.000000,1.800000,13.500000,2.000000,0.000000,0.000000,0.046419,2.659613,0.155270,8.896334,-0.011129,-0.637643,-0.108851,-6.236721,-0.046419,0.108851,43.885410,40.263466,39.889713,40.077856,41.687774,40.161380,28.350182,38.073643
22.820000,0.020000,3.000000,4.000000,1.800000,13.500000,2.000000,0.000000,0.000000,0.046252,2.650048,0.154765,8.867404,-0.011095,-0.635697,-0.108513,-6.217355,-0.046252,0.108513,43.945372,40.265583,39.949645,40.080640,41.747720,40.163864,28.409075,38.082862
22.840000,0.020000,3.000000,4.000000,1.800000,13.500000,2.000000,0.000000,0.000000,0.046086,2.640513,0.154262,8.838563,-0.011061,-0.633757,-0.108176,-6.198050,-0.046086,0.108176,44.005335,40.267691,40.009577,40.083414,41.807666,40.166339,28.467976,38.092051
22.860000,0.020000,3.000000,4.000000,1.800000,13.500000,2.000000,0.000000,0.000000,0.045920,2.631007,0.153760,8.809811,-0.011027,-0.631822,-0.107840,-6.178805,-0.045920,0.107840,44.065298,40.269793,40.069509,40.086178,41.867612,40.168804,28.526883,38.101211
22.880000,0.020000,3.000000,4.000000,1.800000,13.500000,2.000000,0.000000,0.000000,0.045754,2.621530,0.153260,8.781149,-0.010994,-0.629892,-0.107506,-6.159619,-0.045754,0.107506,44.125262,40.271886,40.129443,40.088932,41.927559,40.171261,28.585797,38.110342
22.900000,0.020000,3.000000,4.000000,1.800000,13.500000,2.000000,0.000000,0.000000,0.045589,2.612082,0.152761,8.752574,-0.010960,-0.627968,-0.107172,-6.140493,-0.045589,0.107172,44.185226,40.273971,40.189376,40.091676,41.987506,40.173709,28.644718,38.119443
22.920000,0.020000,3.000000,4.000000,1.800000,13.500000,2.000000,0.000000,0.000000,0.045425,2.602662,0.152264,8.724089,-0.010927,-0.626049,-0.106839,-6.121426,-0.045425,0.106839,44.245190,40.276048,40.249310,40.094410,42.047453,40.176147,28.703646,38.128516
22.940000,0.020000,3.000000,4.000000,1.800000,13.500000,2.000000,0.000000,0.000000,0.045261,2.593272,0.151768,8.695691,-0.010893,-0.624135,-0.106507,-6.102419,-0.045261,0.106507,44.305154,40.278118,40.309245,40.097135,42.107401,40.178577,28.762580,38.137560
22.960000,0.020000,3.000000,4.000000,1.800000,13.500000,2.000000,0.000000,0.000000,0.045098,2.583910,0.151274,8.667380,-0.010860,-0.622227,-0.106177,-6.083471,-0.045098,0.106177,44.365119,40.280179,40.369180,40.099849,42.167350,40.180998,28.821522,38.146574
22.980000,0.020000,3.000000,4.000000,1.800000,13.500000,2.000000,0.000000,0.000000,0.044935,2.574577,0.150782,8.639158,-0.010827,-0.620325,-0.105847,-6.064581,-0.044935,0.105847,44.425083,40.282233,40.429115,40.102554,42.227298,40.183410,28.880470,38.155560
23.000000,0.020000,3.000000,4.000000,1.800000,13.500000,2.000000,0.000000,0.000000,0.044772,2.565272,0.150291,8.611022,-0.010794,-0.618427,-0.105518,-6.045750,-0.044772,0.105518,44.485048,40.284279,40.489051,40.105249,42.287247,40.185813,28.939425,38.164518
23.020000,0.020000,3.000000,4.000000,1.800000,13.500000,2.000000,0.000000,0.000000,0.044611,2.555996,0.149801,8.582974,-0.010761,-0.616535,-0.105191,-6.026978,-0.044611,0.105191,44.545014,40.286318,40.548987,40.107934,42.347197,40.188207,28.998386,38.173446
23.040000,0.020000,3.000000,4.000000,1.800000,13.500000,2.000000,0.000000,0.000000,0.044449,2.546748,0.149313,8.555012,-0.010728,-0.614649,-0.104864,-6.008264,-0.044449,0.104864,44.604979,40.288348,40.608924,40.110610,42.407146,40.190592,29.057354,38.182346
23.060000,0.020000,3.000000,4.000000,1.800000,13.500000,2.000000,0.000000,0.000000,0.044288,2.537528,0.148827,8.527136,-0.010695,-0.612767,-0.104538,-5.989608,-0.044288,0.104538,44.664945,40.290371,40.668862,40.113276,42.467097,40.192969,29.116329,38.191218
23.080000,0.020000,3.000000,4.000000,1.800000,13.500000,2.000000,0.000000,0.000000,0.044128,2.528337,0.148342,8.499347,-0.010662,-0.610891,-0.104214,-5.971010,-0.044128,0.104214,44.724911,40.292386,40.728799,40.115932,42.527047,40.195336,29.175310,38.200062
23.100000,0.020000,3.000000,4.000000,1.800000,13.500000,2.000000,0.000000,0.000000,0.043968,2.519174,0.147858,8.471644,-0.010629,-0.609021,-0.103890,-5.952470,-0.043968,0.103890,44.784878,40.294394,40.788738,40.118579,42.586998,40.197696,29.234298,38.208877
23.120000,0.020000,3.000000,4.000000,1.800000,13.500000,2.000000,0.000000,0.000000,0.043808,2.510039,0.147376,8.444026,-0.010597,-0.607156,-0.103568,-5.933987,-0.043808,0.103568,44.844845,40.296394,40.848676,40.121216,42.646949,40.200046,29.293292,38.217664
23.140000,0.020000,3.000000,4.000000,1.800000,13.500000,2.000000,0.000000,0.000000,0.043649,2.500932,0.146896,8.416493,-0.010564,-0.605296,-0.103246,-5.915562,-0.043649,0.103246,44.904811,40.298386,40.908615,40.123843,42.706901,40.202388,29.352292,38.226422
23.160000,0.020000,3.000000,4.000000,1.800000,13.500000,2.000000,0.000000,0.000000,0.043491,2.491852,0.146416,8.389046,-0.010532,-0.603441,-0.102925,-5.897194,-0.043491,0.102925,44.964779,40.300371,40.968555,40.126461,42.766853,40.204721,29.411299,38.235153
23.180000,0.020000,3.000000,4.000000,1.800000,13.500000,2.000000,0.000000,0.000000,0.043333,2.482801,0.145939,8.361684,-0.010500,-0.601592,-0.102606,-5.878883,-0.043333,0.102606,45.024746,40.302348,41.028495,40.129070,42.826805,40.207045,29.470313,38.243856
23.200000,0.020000,3.000000,4.000000,1.800000,13.500000,2.000000,0.000000,0.000000,0.043176,2.473777,0.145463,8.334406,-0.010468,-0.599748,-0.102287,-5.860628,-0.043176,0.102287,45.084714,40.304318,41.088435,40.131669,42.886758,40.209361,29.529332,38.252531
23.220000,0.020000,3.000000,4.000000,1.800000,13.500000,2.000000,0.000000,0.000000,0.043019,2.464781,0.144988,8.307212,-0.010435,-0.597909,-0.101970,-5.842431,-0.043019,0.101970,45.144682,40.306280,41.148376,40.134259,42.946711,40.211668,29.588358,38.261178
23.240000,0.020000,3.000000,4.000000,1.800000,13.500000,2.000000,0.000000,0.000000,0.042862,2.455813,0.144515,8.280103,-0.010403,-0.596076,-0.101653,-5.824290,-0.042862,0.101653,45.204650,40.308235,41.208317,40.136839,43.006664,40.213967,29.647390,38.269797
23.260000,0.020000,3.000000,4.000000,1.800000,13.500000,2.000000,0.000000,0.000000,0.042706,2.446872,0.144043,8.253077,-0.010372,-0.594247,-0.101337,-5.806205,-0.042706,0.101337,45.264618,40.310182,41.268259,40.139410,43.066618,40.216257,29.706428,38.278389
23.280000,0.020000,3.000000,4.000000,1.800000,13.500000,2.000000,0.000000,0.000000,0.042550,2.437958,0.143573,8.226135,-0.010340,-0.592424,-0.101023,-5.788176,-0.042550,0.101023,45.324587,40.312121,41.328201,40.141971,43.126572,40.218539,29.765472,38.286953
23.300000,0.020000,3.000000,4.000000,1.800000,13.500000,2.000000,0.000000,0.000000,0.042395,2.429072,0.143104,8.199276,-0.010308,-0.590607,-0.100709,-5.770204,-0.042395,0.100709,45.384556,40.314054,41.388143,40.144523,43.186526,40.220812,29.824522,38.295490
23.320000,0.020000,3.000000,4.000000,1.800000,13.500000,2.000000,0.000000,0.000000,0.042241,2.420213,0.142637,8.172500,-0.010276,-0.588794,-0.100396,-5.752287,-0.042241,0.100396,45.444525,40.315979,41.448086,40.147066,43.246481,40.223077,29.883579,38.303999
23.340000,0.020000,3.000000,4.000000,1.800000,13.500000,2.000000,0.000000,0.000000,0.042087,2.411381,0.142171,8.145807,-0.010245,-0.586987,-0.100085,-5.734425,-0.042087,0.100085,45.504494,40.317896,41.508029,40.149599,43.306436,40.225333,29.942641,38.312482
23.360000,0.020000,3.000000,4.000000,1.800000,13.500000,2.000000,0.000000,0.000000,0.041933,2.402577,0.141707,8.119196,-0.010213,-0.585185,-0.099774,-5.716620,-0.041933,0.099774,45.564464,40.319806,41.567973,40.152124,43.366391,40.227581,30.001710,38.320936
23.380000,0.020000,3.000000,4.000000,1.800000,13.500000,2.000000,0.000000,0.000000,0.041780,2.393799,0.141244,8.092668,-0.010182,-0.583389,-0.099464,-5.698869,-0.041780,0.099464,45.624434,40.321709,41.627917,40.154639,43.426347,40.229820,30.060784,38.329364
23.400000,0.020000,3.000000,4.000000,1.800000,13.500000,2.000000,0.000000,0.000000,0.041627,2.385048,0.140782,8.066222,-0.010151,-0.581597,-0.099155,-5.681173,-0.041627,0.099155,45.684404,40.323605,41.687862,40.157145,43.486303,40.232052,30.119864,38.337765
23.420000,0.020000,3.000000,4.000000,1.800000,13.500000,2.000000,0.000000,0.000000,0.041475,2.376325,0.140322,8.039857,-0.010120,-0.579811,-0.098847,-5.663533,-0.041475,0.098847,45.744374,40.325493,41.747807,40.159642,43.546259,40.234275,30.178950,38.346138
23.440000,0.020000,3.000000,4.000000,1.800000,13.500000,2.000000,0.000000,0.000000,0.041323,2.367628,0.139863,8.013574,-0.010089,-0.578030,-0.098540,-5.645947,-0.041323,0.098540,45.804344,40.327374,41.807752,40.162129,43.606216,40.236489,30.238042,38.354485
23.460000,0.020000,3.000000,4.000000,1.800000,13.500000,2.000000,0.000000,0.000000,0.041172,2.358957,0.139406,7.987373,-0.010058,-0.576254,-0.098234,-5.628415,-0.041172,0.098234,45.864315,40.329248,41.867698,40.164608,43.666172,40.238696,30.297140,38.362805
23.480000,0.020000,3.000000,4.000000,1.800000,13.500000,2.000000,0.000000,0.000000,0.041021,2.350314,0.138950,7.961252,-0.010027,-0.574483,-0.097929,-5.610938,-0.041021,0.097929,45.924286,40.331114,41.927644,40.167077,43.726130,40.240894,30.356243,38.371098
23.500000,0.020000,3.000000,4.000000,1.800000,13.500000,2.000000,0.000000,0.000000,0.040870,2.341697,0.138496,7.935212,-0.009996,-0.572717,-0.097625,-5.593516,-0.040870,0.097625,45.984257,40.332974,41.987590,40.169538,43.786087,40.243084,30.415352,38.379365
23.520000,0.020000,3.000000,4.000000,1.800000,13.500000,2.000000,0.000000,0.000000,0.040720,2.333106,0.138043,7.909253,-0.009965,-0.570957,-0.097322,-5.576147,-0.040720,0.097322,46.044229,40.334826,42.047537,40.171989,43.846045,40.245265,30.474467,38.387605
23.540000,0.020000,3.000000,4.000000,1.800000,13.500000,2.000000,0.000000,0.000000,0.040571,2.324542,0.137591,7.883374,-0.009934,-0.569202,-0.097020,-5.558832,-0.040571,0.097020,46.104200,40.336671,42.107485,40.174431,43.906003,40.247439,30.533588,38.395818
23.560000,0.020000,3.000000,4.000000,1.800000,13.500000,2.000000,0.000000,0.000000,0.040422,2.316004,0.137141,7.857575,-0.009904,-0.567452,-0.096719,-5.541571,-0.040422,0.096719,46.164172,40.338509,42.167432,40.176865,43.965962,40.249605,30.592714,38.404005
23.580000,0.020000,3.000000,4.000000,1.800000,13.500000,2.000000,0.000000,0.000000,0.040273,2.307492,0.136692,7.831856,-0.009873,-0.565707,-0.096418,-5.524363,-0.040273,0.096418,46.224144,40.340340,42.227380,40.179289,44.025921,40.251762,30.651846,38.412166
23.600000,0.020000,3.000000,4.000000,1.800000,13.500000,2.000000,0.000000,0.000000,0.040125,2.299007,0.136244,7.806216,-0.009843,-0.563967,-0.096119,-5.507209,-0.040125,0.096119,46.284116,40.342163,42.287329,40.181705,44.085880,40.253911,30.710983,38.420300
23.620000,0.020000,3.000000,4.000000,1.800000,13.500000,2.000000,0.000000,0.000000,0.039978,2.290548,0.135798,7.780656,-0.009813,-0.562232,-0.095820,-5.490108,-0.039978,0.095820,46.344089,40.343980,42.347278,40.184112,44.145839,40.256052,30.770126,38.428408
23.640000,0.020000,3.000000,4.000000,1.800000,13.500000,2.000000,0.000000,0.000000,0.039830,2.282114,0.135353,7.755175,-0.009783,-0.560502,-0.095523,-5.473060,-0.039830,0.095523,46.404062,40.345790,42.407227,40.186510,44.205799,40.258186,30.829274,38.436490
23.660000,0.020000,3.000000,4.000000,1.800000,13.500000,2.000000,0.000000,0.000000,0.039684,2.273707,0.134910,7.729772,-0.009753,-0.558778,-0.095226,-5.456065,-0.039684,0.095226,46.464035,40.347592,42.467176,40.188899,44.265759,40.260311,30.888428,38.444546
23.680000,0.020000,3.000000,4.000000,1.800000,13.500000,2.000000,0.000000,0.000000,0.039537,2.265325,0.134468,7.704448,-0.009723,-0.557058,-0.094931,-5.439123,-0.039537,0.094931,46.524008,40.349388,42.527126,40.191279,44.325720,40.262428,30.947587,38.452576
23.700000,0.020000,3.000000,4.000000,1.800000,13.500000,2.000000,0.000000,0.000000,0.039392,2.256970,0.134027,7.679203,-0.009693,-0.555344,-0.094636,-5.422233,-0.039392,0.094636,46.583981,40.351176,42.587077,40.193651,44.385680,40.264537,31.006751,38.460580
23.720000,0.020000,3.000000,4.000000,1.800000,13.500000,2.000000,0.000000,0.000000,0.039246,2.248640,0.133588,7.654035,-0.009663,-0.553634,-0.094342,-5.405396,-0.039246,0.094342,46.643955,40.352958,42.647027,40.196013,44.445641,40.266638,31.065921,38.468558
23.740000,0.020000,3.000000,4.000000,1.800000,13.500000,2.000000,0.000000,0.000000,0.039101,2.240335,0.133150,7.628946,-0.009633,-0.551930,-0.094049,-5.388611,-0.039101,0.094049,46.703928,40.354733,42.706978,40.198367,44.505602,40.268732,31.125096,38.476510
23.760000,0.020000,3.000000,4.000000,1.800000,13.500000,2.000000,0.000000,0.000000,0.038957,2.232056,0.132714,7.603934,-0.009603,-0.550231,-0.093757,-5.371877,-0.038957,0.093757,46.763902,40.356501,42.766930,40.200713,44.565564,40.270817,31.184277,38.484437
23.780000,0.020000,3.000000,4.000000,1.800000,13.500000,2.000000,0.000000,0.000000,0.038813,2.223803,0.132278,7.578999,-0.009574,-0.548537,-0.093466,-5.355196,-0.038813,0.093466,46.823876,40.358262,42.826881,40.203050,44.625526,40.272895,31.243462,38.492338
23.800000,0.020000,3.000000,4.000000,1.800000,13.500000,2.000000,0.000000,0.000000,0.038669,2.215575,0.131845,7.554142,-0.009544,-0.546847,-0.093176,-5.338567,-0.038669,0.093176,46.883851,40.360016,42.886833,40.205378,44.685488,40.274965,31.302653,38.500214
23.820000,0.020000,3.000000,4.000000,1.800000,13.500000,2.000000,0.000000,0.000000,0.038526,2.207373,0.131412,7.529361,-0.009515,-0.545163,-0.092886,-5.321989,-0.038526,0.092886,46.943825,40.361763,42.946786,40.207697,44.745450,40.277027,31.361849,38.508064
23.840000,0.020000,3.000000,4.000000,1.800000,13.500000,2.000000,0.000000,0.000000,0.038383,2.199195,0.130981,7.504658,-0.009486,-0.543484,-0.092598,-5.305462,-0.038383,0.092598,47.003800,40.363503,43.006738,40.210008,44.805413,40.279081,31.421050,38.515889
23.860000,0.020000,3.000000,4.000000,1.800000,13.500000,2.000000,0.000000,0.000000,0.038241,2.191043,0.130551,7.480030,-0.009456,-0.541810,-0.092310,-5.288987,-0.038241,0.092310,47.063775,40.365237,43.066692,40.212310,44.865376,40.281127,31.480257,38.523689
23.880000,0.020000,3.000000,4.000000,1.800000,13.500000,2.000000,0.000000,0.000000,0.038099,2.182916,0.130123,7.455479,-0.009427,-0.540140,-0.092024,-5.272563,-0.038099,0.092024,47.123750,40.366964,43.126645,40.214604,44.925339,40.283166,31.539468,38.531463
23.900000,0.020000,3.000000,4.000000,1.800000,13.500000,2.000000,0.000000,0.000000,0.037958,2.174814,0.129695,7.431004,-0.009398,-0.538476,-0.091738,-5.256190,-0.037958,0.091738,47.183726,40.368684,43.186599,40.216889,44.985302,40.285197,31.598684,38.539212
23.920000,0.020000,3.000000,4.000000,1.800000,13.500000,2.000000,0.000000,0.000000,0.037817,2.166737,0.129270,7.406604,-0.009369,-0.536817,-0.091453,-5.239867,-0.037817,0.091453,47.243701,40.370397,43.246553,40.219166,45.045266,40.287220,31.657906,38.546936
23.940000,0.020000,3.000000,4.000000,1.800000,13.500000,2.000000,0.000000,0.000000,0.037676,2.158685,0.128845,7.382281,-0.009340,-0.535162,-0.091169,-5.223595,-0.037676,0.091169,47.303677,40.372104,43.306507,40.221435,45.105230,40.289236,31.717132,38.554635
23.960000,0.020000,3.000000,4.000000,1.800000,13.500000,2.000000,0.000000,0.000000,0.037536,2.150658,0.128422,7.358032,-0.009312,-0.533513,-0.090886,-5.207374,-0.037536,0.090886,47.363653,40.373804,43.366462,40.223694,45.165194,40.291244,31.776364,38.562310
23.980000,0.020000,3.000000,4.000000,1.800000,13.500000,2.000000,0.000000,0.000000,0.037396,2.142655,0.128000,7.333858,-0.009283,-0.531868,-0.090604,-5.191203,-0.037396,0.090604,47.423629,40.375497,43.426417,40.225946,45.225159,40.293244,31.835600,38.569959
24.000000,0.020000,3.000000,4.000000,1.800000,13.500000,2.000000,0.000000,0.000000,0.037257,2.134677,0.127579,7.309759,-0.009254,-0.530228,-0.090322,-5.175082,-0.037257,0.090322,47.483605,40.377184,43.486373,40.228189,45.285124,40.295237,31.894841,38.577583
24.020000,0.020000,3.000000,4.000000,1.800000,13.500000,2.000000,0.000000,0.000000,0.037118,2.126724,0.127160,7.285735,-0.009226,-0.528594,-0.090042,-5.159011,-0.037118,0.090042,47.543582,40.378864,43.546329,40.230424,45.345089,40.297222,31.954087,38.585183
24.040000,0.020000,3.000000,4.000000,1.800000,13.500000,2.000000,0.000000,0.000000,0.036980,2.118795,0.126742,7.261785,-0.009197,-0.526964,-0.089762,-5.142990,-0.036980,0.089762,47.603558,40.380537,43.606285,40.232650,45.405054,40.299199,32.013338,38.592759
24.060000,0.020000,3.000000,4.000000,1.800000,13.500000,2.000000,0.000000,0.000000,0.036842,2.110891,0.126325,7.237910,-0.009169,-0.525339,-0.089483,-5.127019,-0.036842,0.089483,47.663535,40.382204,43.666241,40.234869,45.465020,40.301169,32.072594,38.600309
24.080000,0.020000,3.000000,4.000000,1.800000,13.500000,2.000000,0.000000,0.000000,0.036704,2.103011,0.125910,7.214108,-0.009141,-0.523719,-0.089205,-5.111097,-0.036704,0.089205,47.723512,40.383864,43.726198,40.237079,45.524986,40.303132,32.131854,38.607835
24.100000,0.020000,3.000000,4.000000,1.800000,13.500000,2.000000,0.000000,0.000000,0.036567,2.095155,0.125496,7.190380,-0.009112,-0.522103,-0.088928,-5.095224,-0.036567,0.088928,47.783489,40.385517,43.786155,40.239280,45.584952,40.305087,32.191119,38.615337
24.120000,0.020000,3.000000,4.000000,1.800000,13.500000,2.000000,0.000000,0.000000,0.036431,2.087324,0.125083,7.166725,-0.009084,-0.520493,-0.088652,-5.079401,-0.036431,0.088652,47.843467,40.387165,43.846112,40.241474,45.644918,40.307034,32.250389,38.622815
24.140000,0.020000,3.000000,4.000000,1.800000,13.500000,2.000000,0.000000,0.000000,0.036294,2.079517,0.124671,7.143143,-0.009056,-0.518887,-0.088377,-5.063627,-0.036294,0.088377,47.903444,40.388805,43.906070,40.243659,45.704885,40.308975,32.309664,38.630268
24.160000,0.020000,3.000000,4.000000,1.800000,13.500000,2.000000,0.000000,0.000000,0.036159,2.071733,0.124261,7.119635,-0.009028,-0.517286,-0.088103,-5.047901,-0.036159,0.088103,47.963422,40.390439,43.966028,40.245836,45.764852,40.310907,32.368943,38.637697
24.180000,0.020000,3.000000,4.000000,1.800000,13.500000,2.000000,0.000000,0.000000,0.036023,2.063974,0.123852,7.096199,-0.009000,-0.515690,-0.087829,-5.032225,-0.036023,0.087829,48.023400,40.392067,44.025987,40.248005,45.824819,40.312833,32.428227,38.645101
24.200000,0.020000,3.000000,4.000000,1.800000,13.500000,2.000000,0.000000,0.000000,0.035888,2.056239,0.123444,7.072836,-0.008973,-0.514099,-0.087556,-5.016597,-0.035888,0.087556,48.083378,40.393688,44.085945,40.250166,45.884786,40.314751,32.487515,38.652482
24.220000,0.020000,3.000000,4.000000,1.800000,13.500000,2.000000,0.000000,0.000000,0.035754,2.048528,0.123038,7.049545,-0.008945,-0.512513,-0.087284,-5.001017,-0.035754,0.087284,48.143356,40.395303,44.145904,40.252319,45.944754,40.316661,32.546808,38.659839
24.240000,0.020000,3.000000,4.000000,1.800000,13.500000,2.000000,0.000000,0.000000,0.035619,2.040840,0.122633,7.026326,-0.008917,-0.510931,-0.087013,-4.985486,-0.035619,0.087013,48.203335,40.396911,44.205863,40.254463,46.004722,40.318565,32.606106,38.667172
24.260000,0.020000,3.000000,4.000000,1.800000,13.500000,2.000000,0.000000,0.000000,0.035486,2.033176,0.122229,7.003180,-0.008890,-0.509354,-0.086743,-4.970003,-0.035486,0.086743,48.263313,40.398513,44.265823,40.256600,46.064690,40.320461,32.665408,38.674481
24.280000,0.020000,3.000000,4.000000,1.800000,13.500000,2.000000,0.000000,0.000000,0.035352,2.025536,0.121826,6.980104,-0.008862,-0.507782,-0.086474,-4.954568,-0.035352,0.086474,48.323292,40.400108,44.325783,40.258729,46.124658,40.322349,32.724715,38.681766
24.300000,0.020000,3.000000,4.000000,1.800000,13.500000,2.000000,0.000000,0.000000,0.035219,2.017919,0.121424,6.957101,-0.008835,-0.506214,-0.086205,-4.939181,-0.035219,0.086205,48.383271,40.401698,44.385743,40.260849,46.184627,40.324231,32.784026,38.689028
24.320000,0.020000,3.000000,4.000000,1.800000,13.500000,2.000000,0.000000,0.000000,0.035087,2.010326,0.121024,6.934168,-0.008808,-0.504652,-0.085937,-4.923842,-0.035087,0.085937,48.443250,40.403281,44.445703,40.262962,46.244596,40.326105,32.843341,38.696266
24.340000,0.020000,3.000000,4.000000,1.800000,13.500000,2.000000,0.000000,0.000000,0.034955,2.002757,0.120625,6.911307,-0.008781,-0.503094,-0.085670,-4.908550,-0.034955,0.085670,48.503229,40.404857,44.505664,40.265066,46.304565,40.327972,32.902661,38.703480
24.360000,0.020000,3.000000,4.000000,1.800000,13.500000,2.000000,0.000000,0.000000,0.034823,1.995210,0.120227,6.888516,-0.008754,-0.501540,-0.085404,-4.893305,-0.034823,0.085404,48.563209,40.406427,44.565625,40.267163,46.364534,40.329832,32.961985,38.710671
24.380000,0.020000,3.000000,4.000000,1.800000,13.500000,2.000000,0.000000,0.000000,0.034692,1.987687,0.119831,6.865796,-0.008727,-0.499992,-0.085139,-4.878108,-0.034692,0.085139,48.623189,40.407991,44.625587,40.269252,46.424503,40.331685,33.021314,38.717838
24.400000,0.020000,3.000000,4.000000,1.800000,13.500000,2.000000,0.000000,0.000000,0.034561,1.980188,0.119435,6.843146,-0.008700,-0.498448,-0.084875,-4.862958,-0.034561,0.084875,48.683168,40.409549,44.685548,40.271333,46.484473,40.333530,33.080646,38.724983
24.420000,0.020000,3.000000,4.000000,1.800000,13.500000,2.000000,0.000000,0.000000,0.034430,1.972711,0.119041,6.820566,-0.008673,-0.496908,-0.084611,-4.847855,-0.034430,0.084611,48.743148,40.411101,44.745510,40.273406,46.544443,40.335369,33.139984,38.732103
24.440000,0.020000,3.000000,4.000000,1.800000,13.500000,2.000000,0.000000,0.000000,0.034300,1.965258,0.118648,6.798056,-0.008646,-0.495374,-0.084348,-4.832799,-0.034300,0.084348,48.803128,40.412646,44.805472,40.275472,46.604413,40.337200,33.199325,38.739201
24.460000,0.020000,3.000000,4.000000,1.800000,13.500000,2.000000,0.000000,0.000000,0.034171,1.957827,0.118257,6.775616,-0.008619,-0.493844,-0.084086,-4.817789,-0.034171,0.084086,48.863109,40.414185,44.865435,40.277529,46.664384,40.339024,33.258671,38.746276
24.480000,0.020000,3.000000,4.000000,1.800000,13.500000,2.000000,0.000000,0.000000,0.034041,1.950420,0.117866,6.753246,-0.008593,-0.492318,-0.083825,-4.802826,-0.034041,0.083825,48.923089,40.415718,44.925397,40.279579,46.724355,40.340841,33.318020,38.753327
24.500000,0.020000,3.000000,4.000000,1.800000,13.500000,2.000000,0.000000,0.000000,0.033912,1.943035,0.117477,6.730945,-0.008566,-0.490798,-0.083565,-4.787910,-0.033912,0.083565,48.983070,40.417245,44.985360,40.281621,46.784326,40.342651,33.377374,38.760355
24.520000,0.020000,3.000000,4.000000,1.800000,13.500000,2.000000,0.000000,0.000000,0.033784,1.935673,0.117089,6.708712,-0.008540,-0.489281,-0.083305,-4.773039,-0.033784,0.083305,49.043050,40.418765,45.045324,40.283655,46.844297,40.344455,33.436733,38.767361
24.540000,0.020000,3.000000,4.000000,1.800000,13.500000,2.000000,0.000000,0.000000,0.033656,1.928334,0.116702,6.686549,-0.008513,-0.487770,-0.083047,-4.758215,-0.033656,0.083047,49.103031,40.420280,45.105287,40.285682,46.904268,40.346251,33.496095,38.774343
24.560000,0.020000,3.000000,4.000000,1.800000,13.500000,2.000000,0.000000,0.000000,0.033528,1.921017,0.116317,6.664454,-0.008487,-0.486263,-0.082789,-4.743437,-0.033528,0.082789,49.163012,40.421788,45.165251,40.287701,46.964240,40.348040,33.555461,38.781303
24.580000,0.020000,3.000000,4.000000,1.800000,13.500000,2.000000,0.000000,0.000000,0.033401,1.913724,0.115932,6.642428,-0.008461,-0.484761,-0.082531,-4.728705,-0.033401,0.082531,49.222993,40.423290,45.225215,40.289712,47.024211,40.349822,33.614832,38.788240
24.600000,0.020000,3.000000,4.000000,1.800000,13.500000,2.000000,0.000000,0.000000,0.033274,1.906452,0.115549,6.620470,-0.008435,-0.483263,-0.082275,-4.714018,-0.033274,0.082275,49.282975,40.424787,45.285180,40.291716,47.084183,40.351597,33.674206,38.795155
24.620000,0.020000,3.000000,4.000000,1.800000,13.500000,2.000000,0.000000,0.000000,0.033147,1.899203,0.115167,6.598580,-0.008408,-0.481769,-0.082020,-4.699377,-0.033147,0.082020,49.342956,40.426277,45.345144,40.293711,47.144156,40.353366,33.733585,38.802047
24.640000,0.020000,3.000000,4.000000,1.800000,13.500000,2.000000,0.000000,0.000000,0.033021,1.891977,0.114786,6.576758,-0.008382,-0.480281,-0.081765,-4.684781,-0.033021,0.081765,49.402938,40.427761,45.405109,40.295700,47.204128,40.355127,33.792967,38.808916
24.660000,0.020000,3.000000,4.000000,1.800000,13.500000,2.000000,0.000000,0.000000,0.032895,1.884773,0.114406,6.555003,-0.008357,-0.478796,-0.081511,-4.670230,-0.032895,0.081511,49.462920,40.429239,45.465074,40.297681,47.264101,40.356882,33.852354,38.815763
24.680000,0.020000,3.000000,4.000000,1.800000,13.500000,2.000000,0.000000,0.000000,0.032770,1.877591,0.114028,6.533316,-0.008331,-0.477317,-0.081258,-4.655725,-0.032770,0.081258,49.522902,40.430711,45.525040,40.299654,47.324073,40.358630,33.911744,38.822587
24.700000,0.020000,3.000000,4.000000,1.800000,13.500000,2.000000,0.000000,0.000000,0.032645,1.870431,0.113651,6.511696,-0.008305,-0.475841,-0.081005,-4.641264,-0.032645,0.081005,49.582884,40.432178,45.585006,40.301620,47.384047,40.360371,33.971139,38.829389
24.720000,0.020000,3.000000,4.000000,1.800000,13.500000,2.000000,0.000000,0.000000,0.032521,1.863294,0.113274,6.490143,-0.008279,-0.474370,-0.080754,-4.626849,-0.032521,0.080754,49.642866,40.433638,45.644972,40.303578,47.444020,40.362105,34.030537,38.836169
24.740000,0.020000,3.000000,4.000000,1.800000,13.500000,2.000000,0.000000,0.000000,0.032396,1.856178,0.112899,6.468656,-0.008254,-0.472904,-0.080503,-4.612478,-0.032396,0.080503,49.702848,40.435092,45.704938,40.305529,47.503993,40.363832,34.089939,38.842927
24.760000,0.020000,3.000000,4.000000,1.800000,13.500000,2.000000,0.000000,0.000000,0.032273,1.849085,0.112526,6.447237,-0.008228,-0.471442,-0.080253,-4.598152,-0.032273,0.080253,49.762831,40.436541,45.764904,40.307472,47.563967,40.365553,34.149345,38.849662
24.780000,0.020000,3.000000,4.000000,1.800000,13.500000,2.000000,0.000000,0.000000,0.032149,1.842013,0.112153,6.425883,-0.008203,-0.469985,-0.080004,-4.583870,-0.032149,0.080004,49.822813,40.437983,45.824871,40.309408,47.623941,40.367267,34.208755,38.856376
24.800000,0.020000,3.000000,4.000000,1.800000,13.500000,2.000000,0.000000,0.000000,0.032026,1.834964,0.111781,6.404596,-0.008177,-0.468532,-0.079755,-4.569632,-0.032026,0.079755,49.882796,40.439420,45.884838,40.311337,47.683915,40.368974,34.268169,38.863067
24.820000,0.020000,3.000000,4.000000,1.800000,13.500000,2.000000,0.000000,0.000000,0.031903,1.827936,0.111411,6.383374,-0.008152,-0.467083,-0.079507,-4.555439,-0.031903,0.079507,49.942779,40.440851,45.944805,40.313258,47.743889,40.370675,34.327586,38.869737
24.840000,0.020000,3.000000,4.000000,1.800000,13.500000,2.000000,0.000000,0.000000,0.031781,1.820930,0.111042,6.362219,-0.008127,-0.465639,-0.079260,-4.541289,-0.031781,0.079260,50.002762,40.442276,46.004773,40.315172,47.803864,40.372368,34.387007,38.876385
24.860000,0.020000,3.000000,4.000000,1.800000,13.500000,2.000000,0.000000,0.000000,0.031659,1.813945,0.110674,6.341129,-0.008102,-0.464199,-0.079014,-4.527184,-0.031659,0.079014,50.062746,40.443695,46.064740,40.317078,47.863838,40.374056,34.446432,38.883011
24.880000,0.020000,3.000000,4.000000,1.800000,13.500000,2.000000,0.000000,0.000000,0.031538,1.806982,0.110307,6.320104,-0.008077,-0.462764,-0.078769,-4.513122,-0.031538,0.078769,50.122729,40.445108,46.124708,40.318978,47.923813,40.375736,34.505861,38.889615
24.900000,0.020000,3.000000,4.000000,1.800000,13.500000,2.000000,0.000000,0.000000,0.031417,1.800041,0.109941,6.299145,-0.008052,-0.461333,-0.078524,-4.499104,-0.031417,0.078524,50.182712,40.446516,46.184677,40.320869,47.983788,40.377410,34.565293,38.896197
24.920000,0.020000,3.000000,4.000000,1.800000,13.500000,2.000000,0.000000,0.000000,0.031296,1.793121,0.109576,6.278250,-0.008027,-0.459906,-0.078280,-4.485129,-0.031296,0.078280,50.242696,40.447917,46.244645,40.322754,48.043764,40.379077,34.624729,38.902758
24.940000,0.020000,3.000000,4.000000,1.800000,13.500000,2.000000,0.000000,0.000000,0.031175,1.786223,0.109213,6.257420,-0.008002,-0.458484,-0.078037,-4.471198,-0.031175,0.078037,50.302680,40.449313,46.304614,40.324631,48.103739,40.380738,34.684169,38.909297
24.960000,0.020000,3.000000,4.000000,1.800000,13.500000,2.000000,0.000000,0.000000,0.031055,1.779345,0.108850,6.236655,-0.007977,-0.457066,-0.077795,-4.457309,-0.031055,0.077795,50.362664,40.450704,46.364583,40.326502,48.163715,40.382392,34.743612,38.915815
24.980000,0.020000,3.000000,4.000000,1.800000,13.500000,2.000000,0.000000,0.000000,0.030936,1.772489,0.108489,6.215954,-0.007953,-0.455653,-0.077553,-4.443464,-0.030936,0.077553,50.422648,40.452088,46.424552,40.328365,48.223691,40.384040,34.803059,38.922312
25.000000,0.020000,3.000000,4.000000,1.800000,13.500000,2.000000,0.000000,0.000000,0.030816,1.765655,0.108129,6.195317,-0.007928,-0.454243,-0.077312,-4.429662,-0.030816,0.077312,50.482632,40.453467,46.484521,40.330220,48.283667,40.385681,34.862509,38.928787
25.020000,0.020000,3.000000,4.000000,1.800000,13.500000,2.000000,0.000000,0.000000,0.030698,1.758841,0.107770,6.174744,-0.007904,-0.452838,-0.077072,-4.415903,-0.030698,0.077072,50.542616,40.454840,46.544491,40.332069,48.343643,40.387316,34.921963,38.935241
25.040000,0.020000,3.000000,4.000000,1.800000,13.500000,2.000000,0.000000,0.000000,0.030579,1.752049,0.107412,6.154235,-0.007879,-0.451437,-0.076833,-4.402186,-0.030579,0.076833,50.602600,40.456208,46.604461,40.333910,48.403619,40.388944,34.981421,38.941673
25.060000,0.020000,3.000000,4.000000,1.800000,13.500000,2.000000,0.000000,0.000000,0.030461,1.745277,0.107055,6.133789,-0.007855,-0.450041,-0.076594,-4.388512,-0.030461,0.076594,50.662585,40.457570,46.664431,40.335745,48.463596,40.390566,35.040882,38.948085
25.080000,0.020000,3.000000,4.000000,1.800000,13.500000,2.000000,0.000000,0.000000,0.030343,1.738527,0.106699,6.113407,-0.007830,-0.448649,-0.076356,-4.374880,-0.030343,0.076356,50.722570,40.458926,46.724401,40.337572,48.523573,40.392181,35.100346,38.954475
25.100000,0.020000,3.000000,4.000000,1.800000,13.500000,2.000000,0.000000,0.000000,0.030226,1.731797,0.106344,6.093088,-0.007806,-0.447261,-0.076119,-4.361291,-0.030226,0.076119,50.782555,40.460277,46.784372,40.339392,48.583549,40.393790,35.159814,38.960845
25.120000,0.020000,3.000000,4.000000,1.800000,13.500000,2.000000,0.000000,0.000000,0.030108,1.725088,0.105991,6.072832,-0.007782,-0.445877,-0.075882,-4.347744,-0.030108,0.075882,50.842539,40.461622,46.844342,40.341206,48.643527,40.395393,35.219286,38.967193
25.140000,0.020000,3.000000,4.000000,1.800000,13.500000,2.000000,0.000000,0.000000,0.029992,1.718400,0.105638,6.052638,-0.007758,-0.444498,-0.075647,-4.334238,-0.029992,0.075647,50.902524,40.462961,46.904313,40.343012,48.703504,40.396989,35.278760,38.973521
25.160000,0.020000,3.000000,4.000000,1.800000,13.500000,2.000000,0.000000,0.000000,0.029875,1.711733,0.105287,6.032508,-0.007734,-0.443122,-0.075412,-4.320775,-0.029875,0.075412,50.962510,40.464295,46.964285,40.344811,48.763481,40.398579,35.338239,38.979827
25.180000,0.020000,3.000000,4.000000,1.800000,13.500000,2.000000,0.000000,0.000000,0.029759,1.705086,0.104937,6.012439,-0.007710,-0.441751,-0.075177,-4.307353,-0.029759,0.075177,51.022495,40.465623,47.024266,40.346604,48.823469,40.400162,35.397730,38.986113
25.200000,0.020000,3.000000,4.000000,1.800000,13.500000,2.000000,0.000000,0.000000,0.029644,1.698460,0.104588,5.992433,-0.007686,-0.440385,-0.074944,-4.293973,-0.029644,0.074944,51.082480,40.466946,47.084238,40.348389,48.883447,40.401740,35.457215,38.992379
25.220000,0.020000,3.000000,4.000000,1.800000,13.500000,2.000000,0.000000,0.000000,0.029528,1.691854,0.104240,5.972489,-0.007662,-0.439022,-0.074711,-4.280635,-0.029528,0.074711,51.142466,40.468264,47.144210,40.350167,48.943425,40.403311,35.516703,38.998623
25.240000,0.020000,3.000000,4.000000,1.800000,13.500000,2.000000,0.000000,0.000000,0.029413,1.685269,0.103893,5.952607,-0.007639,-0.437663,-0.074479,-4.267338,-0.029413,0.074479,51.202452,40.469575,47.204182,40.351938,49.003403,40.404875,35.576195,39.004847
25.260000,0.020000,3.000000,4.000000,1.800000,13.500000,2.000000,0.000000,0.000000,0.029299,1.678704,0.103547,5.932786,-0.007615,-0.436309,-0.074248,-4.254082,-0.029299,0.074248,51.262437,40.470882,47.264154,40.353703,49.063381,40.406433,35.635690,39.011050
25.280000,0.020000,3.000000,4.000000,1.800000,13.500000,2.000000,0.000000,0.000000,0.029185,1.672159,0.103202,5.913026,-0.007591,-0.434959,-0.074017,-4.240867,-0.029185,0.074017,51.322423,40.472183,47.324126,40.355461,49.123360,40.407986,35.695188,39.017233
25.300000,0.020000,3.000000,4.000000,1.800000,13.500000,2.000000,0.000000,0.000000,0.029071,1.665635,0.102858,5.893328,-0.007568,-0.433613,-0.073787,-4.227693,-0.029071,0.073787,51.382409,40.473478,47.384099,40.357211,49.183339,40.409531,35.754689,39.023396
25.320000,0.020000,3.000000,4.000000,1.800000,13.500000,2.000000,0.000000,0.000000,0.028957,1.659131,0.102515,5.873691,-0.007545,-0.432271,-0.073558,-4.214560,-0.028957,0.073558,51.442395,40.474768,47.444072,40.358955,49.243317,40.411071,35.814194,39.029538
25.340000,0.020000,3.000000,4.000000,1.800000,13.500000,2.000000,0.000000,0.000000,0.028844,1.652647,0.102174,5.854115,-0.007521,-0.430933,-0.073329,-4.201468,-0.028844,0.073329,51.502382,40.476053,47.504045,40.360692,49.303297,40.412605,35.873701,39.035660
25.360000,0.020000,3.000000,4.000000,1.800000,13.500000,2.000000,0.000000,0.000000,0.028731,1.646183,0.101833,5.834600,-0.007498,-0.429599,-0.073102,-4.188417,-0.028731,0.073102,51.562368,40.477332,47.564019,40.362423,49.363276,40.414132,35.933212,39.041762
25.380000,0.020000,3.000000,4.000000,1.800000,13.500000,2.000000,0.000000,0.000000,0.028619,1.639739,0.101493,5.815145,-0.007475,-0.428270,-0.072875,-4.175406,-0.028619,0.072875,51.622354,40.478606,47.623992,40.364146,49.423255,40.415653,35.992727,39.047843
25.400000,0.020000,3.000000,4.000000,1.800000,13.500000,2.000000,0.000000,0.000000,0.028507,1.633315,0.101155,5.795750,-0.007452,-0.426944,-0.072648,-4.162435,-0.028507,0.072648,51.682341,40.479875,47.683966,40.365863,49.483235,40.417168,36.052244,39.053905
25.420000,0.020000,3.000000,4.000000,1.800000,13.500000,2.000000,0.000000,0.000000,0.028395,1.626911,0.100817,5.776415,-0.007429,-0.425622,-0.072423,-4.149504,-0.028395,0.072423,51.742328,40.481138,47.743940,40.367573,49.543214,40.418677,36.111764,39.059946
25.440000,0.020000,3.000000,4.000000,1.800000,13.500000,2.000000,0.000000,0.000000,0.028284,1.620527,0.100481,5.757141,-0.007406,-0.424305,-0.072198,-4.136614,-0.028284,0.072198,51.802315,40.482396,47.803914,40.369277,49.603194,40.420180,36.171288,39.065968
25.460000,0.020000,3.000000,4.000000,1.800000,13.500000,2.000000,0.000000,0.000000,0.028172,1.614162,0.100146,5.737926,-0.007383,-0.422991,-0.071973,-4.123764,-0.028172,0.071973,51.862301,40.483648,47.863888,40.370974,49.663174,40.421677,36.230814,39.071969
25.480000,0.020000,3.000000,4.000000,1.800000,13.500000,2.000000,0.000000,0.000000,0.028062,1.607817,0.099811,5.718771,-0.007360,-0.421682,-0.071750,-4.110953,-0.028062,0.071750,51.922288,40.484896,47.923863,40.372664,49.723154,40.423168,36.290344,39.077951
25.500000,0.020000,3.000000,4.000000,1.800000,13.500000,2.000000,0.000000,0.000000,0.027951,1.601492,0.099478,5.699675,-0.007337,-0.420377,-0.071527,-4.098183,-0.027951,0.071527,51.982276,40.486138,47.983838,40.374347,49.783135,40.424653,36.349877,39.083913
25.520000,0.020000,3.000000,4.000000,1.800000,13.500000,2.000000,0.000000,0.000000,0.027841,1.595187,0.099146,5.680638,-0.007314,-0.419075,-0.071305,-4.085451,-0.027841,0.071305,52.042263,40.487375,48.043813,40.376024,49.843115,40.426132,36.409413,39.089855
25.540000,0.020000,3.000000,4.000000,1.800000,13.500000,2.000000,0.000000,0.000000,0.027732,1.588901,0.098815,5.661660,-0.007292,-0.417778,-0.071083,-4.072760,-0.027732,0.071083,52.102250,40.488606,48.103788,40.377694,49.903096,40.427604,36.468951,39.095777
25.560000,0.020000,3.000000,4.000000,1.800000,13.500000,2.000000,0.000000,0.000000,0.027622,1.582634,0.098484,5.642741,-0.007269,-0.416484,-0.070862,-4.060108,-0.027622,0.070862,52.162238,40.489832,48.163763,40.379358,49.963076,40.429071,36.528493,39.101680
25.580000,0.020000,3.000000,4.000000,1.800000,13.500000,2.000000,0.000000,0.000000,0.027513,1.576387,0.098155,5.623881,-0.007247,-0.415195,-0.070642,-4.047495,-0.027513,0.070642,52.222225,40.491054,48.223739,40.381015,50.023057,40.430532,36.588038,39.107563
25.600000,0.020000,3.000000,4.000000,1.800000,13.500000,2.000000,0.000000,0.000000,0.027404,1.570159,0.097827,5.605079,-0.007224,-0.413909,-0.070423,-4.034921,-0.027404,0.070423,52.282213,40.492269,48.283714,40.382665,50.083038,40.431987,36.647585,39.113427
25.620000,0.020000,3.000000,4.000000,1.800000,13.500000,2.000000,0.000000,0.000000,0.027296,1.563950,0.097500,5.586336,-0.007202,-0.412628,-0.070204,-4.022386,-0.027296,0.070204,52.342201,40.493480,48.343690,40.384309,50.143020,40.433436,36.707136,39.119271
25.640000,0.020000,3.000000,4.000000,1.800000,13.500000,2.000000,0.000000,0.000000,0.027188,1.557761,0.097174,5.567651,-0.007179,-0.411350,-0.069986,-4.009890,-0.027188,0.069986,52.402189,40.494686,48.403666,40.385947,50.203001,40.434879,36.766690,39.125096
25.660000,0.020000,3.000000,4.000000,1.800000,13.500000,2.000000,0.000000,0.000000,0.027080,1.551591,0.096849,5.549023,-0.007157,-0.410076,-0.069768,-3.997433,-0.027080,0.069768,52.462177,40.495886,48.463643,40.387578,50.262983,40.436317,36.826246,39.130902
25.680000,0.020000,3.000000,4.000000,1.800000,13.500000,2.000000,0.000000,0.000000,0.026973,1.545440,0.096525,5.530454,-0.007135,-0.408807,-0.069552,-3.985014,-0.026973,0.069552,52.522165,40.497081,48.523619,40.389203,50.322964,40.437748,36.885805,39.136688
25.700000,0.020000,3.000000,4.000000,1.800000,13.500000,2.000000,0.000000,0.000000,0.026866,1.539308,0.096202,5.511942,-0.007113,-0.407541,-0.069336,-3.972634,-0.026866,0.069336,52.582153,40.498272,48.583596,40.390821,50.382946,40.439174,36.945367,39.142455
25.720000,0.020000,3.000000,4.000000,1.800000,13.500000,2.000000,0.000000,0.000000,0.026759,1.533195,0.095879,5.493487,-0.007091,-0.406279,-0.069120,-3.960292,-0.026759,0.069120,52.642141,40.499457,48.643573,40.392432,50.442928,40.440593,37.004932,39.148203
25.740000,0.020000,3.000000,4.000000,1.800000,13.500000,2.000000,0.000000,0.000000,0.026653,1.527100,0.095558,5.475089,-0.007069,-0.405021,-0.068905,-3.947989,-0.026653,0.068905,52.702130,40.500637,48.703550,40.394038,50.502910,40.442007,37.064500,39.153932
25.760000,0.020000,3.000000,4.000000,1.800000,13.500000,2.000000,0.000000,0.000000,0.026547,1.521025,0.095238,5.456749,-0.007047,-0.403766,-0.068691,-3.935724,-0.026547,0.068691,52.762118,40.501812,48.763527,40.395637,50.562893,40.443415,37.124071,39.159642
25.780000,0.020000,3.000000,4.000000,1.800000,13.500000,2.000000,0.000000,0.000000,0.026441,1.514969,0.094919,5.438465,-0.007025,-0.402516,-0.068478,-3.923497,-0.026441,0.068478,52.822107,40.502982,48.823504,40.397229,50.622875,40.444818,37.183644,39.165333
25.800000,0.020000,3.000000,4.000000,1.800000,13.500000,2.000000,0.000000,0.000000,0.026336,1.508931,0.094601,5.420239,-0.007003,-0.401269,-0.068265,-3.911308,-0.026336,0.068265,52.882095,40.504147,48.883482,40.398815,50.682858,40.446214,37.243221,39.171005
25.820000,0.020000,3.000000,4.000000,1.800000,13.500000,2.000000,0.000000,0.000000,0.026231,1.502912,0.094284,5.402068,-0.006982,-0.400027,-0.068053,-3.899156,-0.026231,0.068053,52.942084,40.505306,48.943459,40.400395,50.742840,40.447605,37.302800,39.176658
25.840000,0.020000,3.000000,4.000000,1.800000,13.500000,2.000000,0.000000,0.000000,0.026126,1.496912,0.093968,5.383954,-0.006960,-0.398788,-0.067842,-3.887043,-0.026126,0.067842,53.002073,40.506461,49.003437,40.401969,50.802823,40.448991,37.362381,39.182292
25.860000,0.020000,3.000000,4.000000,1.800000,13.500000,2.000000,0.000000,0.000000,0.026022,1.490930,0.093653,5.365897,-0.006939,-0.397552,-0.067631,-3.874967,-0.026022,0.067631,53.062062,40.507611,49.063415,40.403536,50.862806,40.450370,37.421966,39.187908
25.880000,0.020000,3.000000,4.000000,1.800000,13.500000,2.000000,0.000000,0.000000,0.025918,1.484967,0.093338,5.347895,-0.006917,-0.396321,-0.067421,-3.862928,-0.025918,0.067421,53.122051,40.508756,49.123394,40.405097,50.922789,40.451744,37.481553,39.193505
25.900000,0.020000,3.000000,4.000000,1.800000,13.500000,2.000000,0.000000,0.000000,0.025814,1.479022,0.093025,5.329949,-0.006896,-0.395094,-0.067211,-3.850927,-0.025814,0.067211,53.182040,40.509896,49.183372,40.406652,50.982772,40.453112,37.541143,39.199083
25.920000,0.020000,3.000000,4.000000,1.800000,13.500000,2.000000,0.000000,0.000000,0.025710,1.473096,0.092713,5.312058,-0.006874,-0.393870,-0.067003,-3.838963,-0.025710,0.067003,53.242030,40.511031,49.243351,40.408201,51.042756,40.454475,37.600735,39.204643
25.940000,0.020000,3.000000,4.000000,1.800000,13.500000,2.000000,0.000000,0.000000,0.025607,1.467188,0.092402,5.294224,-0.006853,-0.392650,-0.066794,-3.827036,-0.025607,0.066794,53.302019,40.512161,49.303329,40.409743,51.102739,40.455831,37.660330,39.210184
25.960000,0.020000,3.000000,4.000000,1.800000,13.500000,2.000000,0.000000,0.000000,0.025504,1.461298,0.092091,5.276444,-0.006832,-0.391433,-0.066587,-3.815146,-0.025504,0.066587,53.362008,40.513286,49.363308,40.411280,51.162723,40.457183,37.719928,39.215706
25.980000,0.020000,3.000000,4.000000,1.800000,13.500000,2.000000,0.000000,0.000000,0.025402,1.455426,0.091782,5.258720,-0.006811,-0.390221,-0.066380,-3.803293,-0.025402,0.066380,53.421998,40.514407,49.423287,40.412810,51.222707,40.458528,37.779528,39.221211
26.000000,0.020000,3.000000,4.000000,1.800000,13.500000,2.000000,0.000000,0.000000,0.025300,1.449573,0.091474,5.241050,-0.006790,-0.389012,-0.066174,-3.791477,-0.025300,0.066174,53.481988,40.515522,49.483267,40.414334,51.282691,40.459868,37.839131,39.226696
26.020000,0.020000,3.000000,4.000000,1.800000,13.500000,2.000000,0.000000,0.000000,0.025198,1.443738,0.091166,5.223436,-0.006769,-0.387807,-0.065968,-3.779698,-0.025198,0.065968,53.541977,40.516633,49.543246,40.415851,51.342675,40.461203,37.898737,39.232164
26.040000,0.020000,3.000000,4.000000,1.800000,13.500000,2.000000,0.000000,0.000000,0.025096,1.437921,0.090860,5.205875,-0.006748,-0.386606,-0.065763,-3.767955,-0.025096,0.065763,53.601967,40.517738,49.603226,40.417363,51.402659,40.462532,37.958345,39.237613
26.060000,0.020000,3.000000,4.000000,1.800000,13.500000,2.000000,0.000000,0.000000,0.024995,1.432122,0.090554,5.188370,-0.006727,-0.385408,-0.065559,-3.756248,-0.024995,0.065559,53.661957,40.518839,49.663205,40.418869,51.462643,40.463855,38.017956,39.243045
26.080000,0.020000,3.000000,4.000000,1.800000,13.500000,2.000000,0.000000,0.000000,0.024894,1.426341,0.090250,5.170919,-0.006706,-0.384214,-0.065355,-3.744578,-0.024894,0.065355,53.721947,40.519935,49.723185,40.420368,51.522628,40.465173,38.077569,39.248458
26.100000,0.020000,3.000000,4.000000,1.800000,13.500000,2.000000,0.000000,0.000000,0.024794,1.420578,0.089946,5.153522,-0.006685,-0.383024,-0.065152,-3.732944,-0.024794,0.065152,53.781937,40.521027,49.783165,40.421862,51.582612,40.466486,38.137185,39.253853
26.120000,0.020000,3.000000,4.000000,1.800000,13.500000,2.000000,0.000000,0.000000,0.024693,1.414832,0.089643,5.136178,-0.006664,-0.381837,-0.064950,-3.721346,-0.024693,0.064950,53.841927,40.522113,49.843146,40.423349,51.642597,40.467793,38.196803,39.259229
26.140000,0.020000,3.000000,4.000000,1.800000,13.500000,2.000000,0.000000,0.000000,0.024594,1.409105,0.089341,5.118889,-0.006644,-0.380654,-0.064748,-3.709784,-0.024594,0.064748,53.901917,40.523195,49.903126,40.424831,51.702582,40.469094,38.256424,39.264588
26.160000,0.020000,3.000000,4.000000,1.800000,13.500000,2.000000,0.000000,0.000000,0.024494,1.403395,0.089041,5.101653,-0.006623,-0.379475,-0.064547,-3.698258,-0.024494,0.064547,53.961908,40.524272,49.963106,40.426306,51.762567,40.470390,38.316047,39.269929
26.180000,0.020000,3.000000,4.000000,1.800000,13.500000,2.000000,0.000000,0.000000,0.024395,1.397703,0.088741,5.084471,-0.006603,-0.378299,-0.064346,-3.686768,-0.024395,0.064346,54.021898,40.525344,50.023087,40.427775,51.822552,40.471681,38.375672,39.275253
26.200000,0.020000,3.000000,4.000000,1.800000,13.500000,2.000000,0.000000,0.000000,0.024295,1.392029,0.088442,5.067342,-0.006582,-0.377127,-0.064146,-3.675313,-0.024295,0.064146,54.081889,40.526411,50.083068,40.429239,51.882537,40.472966,38.435301,39.280558
26.220000,0.020000,3.000000,4.000000,1.800000,13.500000,2.000000,0.000000,0.000000,0.024197,1.386372,0.088144,5.050266,-0.006562,-0.375958,-0.063947,-3.663894,-0.024197,0.063947,54.141879,40.527474,50.143049,40.430696,51.942522,40.474246,38.494931,39.285846
26.240000,0.020000,3.000000,4.000000,1.800000,13.500000,2.000000,0.000000,0.000000,0.024098,1.380732,0.087847,5.033243,-0.006541,-0.374793,-0.063748,-3.652511,-0.024098,0.063748,54.201870,40.528532,50.203030,40.432148,52.002508,40.475521,38.554564,39.291116
26.260000,0.020000,3.000000,4.000000,1.800000,13.500000,2.000000,0.000000,0.000000,0.024000,1.375110,0.087550,5.016273,-0.006521,-0.373632,-0.063550,-3.641163,-0.024000,0.063550,54.261861,40.529585,50.263011,40.433594,52.062493,40.476790,38.614199,39.296368
26.280000,0.020000,3.000000,4.000000,1.800000,13.500000,2.000000,0.000000,0.000000,0.023902,1.369506,0.087255,4.999356,-0.006501,-0.372474,-0.063353,-3.629850,-0.023902,0.063353,54.321852,40.530634,50.322993,40.435034,52.122479,40.478054,38.673837,39.301603
26.300000,0.020000,3.000000,4.000000,1.800000,13.500000,2.000000,0.000000,0.000000,0.023805,1.363919,0.086961,4.982491,-0.006481,-0.371320,-0.063156,-3.618572,-0.023805,0.063156,54.381842,40.531678,50.382974,40.436468,52.182464,40.479312,38.733477,39.306820
26.320000,0.020000,3.000000,4.000000,1.800000,13.500000,2.000000,0.000000,0.000000,0.023708,1.358349,0.086667,4.965678,-0.006461,-0.370169,-0.062960,-3.607329,-0.023708,0.062960,54.441833,40.532718,50.442956,40.437896,52.242450,40.480566,38.793120,39.312019
26.340000,0.020000,3.000000,4.000000,1.800000,13.500000,2.000000,0.000000,0.000000,0.023611,1.352797,0.086375,4.948917,-0.006441,-0.369022,-0.062764,-3.596121,-0.023611,0.062764,54.501825,40.533752,50.502938,40.439318,52.302436,40.481813,38.852764,39.317202
26.360000,0.020000,3.000000,4.000000,1.800000,13.500000,2.000000,0.000000,0.000000,0.023514,1.347261,0.086083,4.932209,-0.006421,-0.367879,-0.062569,-3.584948,-0.023514,0.062569,54.561816,40.534782,50.562920,40.440735,52.362423,40.483056,38.912411,39.322366
26.380000,0.020000,3.000000,4.000000,1.800000,13.500000,2.000000,0.000000,0.000000,0.023418,1.341743,0.085793,4.915552,-0.006401,-0.366739,-0.062375,-3.573809,-0.023418,0.062375,54.621807,40.535808,50.622902,40.442145,52.422409,40.484293,38.972061,39.327514
26.400000,0.020000,3.000000,4.000000,1.800000,13.500000,2.000000,0.000000,0.000000,0.023322,1.336242,0.085503,4.898947,-0.006381,-0.365602,-0.062181,-3.562705,-0.023322,0.062181,54.681798,40.536829,50.682885,40.443550,52.482395,40.485526,39.031712,39.332644
26.420000,0.020000,3.000000,4.000000,1.800000,13.500000,2.000000,0.000000,0.000000,0.023226,1.330758,0.085214,4.882394,-0.006361,-0.364469,-0.061988,-3.551635,-0.023226,0.061988,54.741790,40.537845,50.742867,40.444949,52.542382,40.486753,39.091366,39.337757
26.440000,0.020000,3.000000,4.000000,1.800000,13.500000,2.000000,0.000000,0.000000,0.023131,1.325291,0.084926,4.865892,-0.006341,-0.363340,-0.061795,-3.540600,-0.023131,0.061795,54.801781,40.538857,50.802850,40.446343,52.602368,40.487974,39.151023,39.342853
26.460000,0.020000,3.000000,4.000000,1.800000,13.500000,2.000000,0.000000,0.000000,0.023036,1.319841,0.084639,4.849441,-0.006322,-0.362213,-0.061603,-3.529599,-0.023036,0.061603,54.861773,40.539865,50.862832,40.447730,52.662355,40.489191,39.210681,39.347932
26.480000,0.020000,3.000000,4.000000,1.800000,13.500000,2.000000,0.000000,0.000000,0.022941,1.314408,0.084352,4.833041,-0.006302,-0.361091,-0.061412,-3.518633,-0.022941,0.061412,54.921764,40.540867,50.922815,40.449112,52.722342,40.490402,39.270342,39.352994
26.500000,0.020000,3.000000,4.000000,1.800000,13.500000,2.000000,0.000000,0.000000,0.022846,1.308992,0.084067,4.816692,-0.006283,-0.359972,-0.061221,-3.507700,-0.022846,0.061221,54.981756,40.541866,50.982798,40.450489,52.782329,40.491608,39.330005,39.358038
26.520000,0.020000,3.000000,4.000000,1.800000,13.500000,2.000000,0.000000,0.000000,0.022752,1.303592,0.083783,4.800393,-0.006263,-0.358856,-0.061031,-3.496801,-0.022752,0.061031,55.041748,40.542859,51.042781,40.451859,52.842316,40.492809,39.389670,39.363066
26.540000,0.020000,3.000000,4.000000,1.800000,13.500000,2.000000,0.000000,0.000000,0.022658,1.298209,0.083499,4.784146,-0.006244,-0.357744,-0.060841,-3.485936,-0.022658,0.060841,55.101740,40.543849,51.102765,40.453224,52.902303,40.494005,39.449337,39.368077
26.560000,0.020000,3.000000,4.000000,1.800000,13.500000,2.000000,0.000000,0.000000,0.022564,1.292843,0.083216,4.767948,-0.006224,-0.356635,-0.060652,-3.475105,-0.022564,0.060652,55.161731,40.544833,51.162748,40.454584,52.962290,40.495196,39.509007,39.373071
26.580000,0.020000,3.000000,4.000000,1.800000,13.500000,2.000000,0.000000,0.000000,0.022471,1.287494,0.082935,4.751801,-0.006205,-0.355530,-0.060464,-3.464307,-0.022471,0.060464,55.221723,40.545814,51.222732,40.455937,53.022277,40.496382,39.568678,39.378048
26.600000,0.020000,3.000000,4.000000,1.800000,13.500000,2.000000,0.000000,0.000000,0.022378,1.282161,0.082654,4.735704,-0.006186,-0.354428,-0.060276,-3.453543,-0.022378,0.060276,55.281716,40.546790,51.282715,40.457285,53.082265,40.497562,39.628352,39.383008
26.620000,0.020000,3.000000,4.000000,1.800000,13.500000,2.000000,0.000000,0.000000,0.022285,1.276844,0.082374,4.719657,-0.006167,-0.353329,-0.060088,-3.442813,-0.022285,0.060088,55.341708,40.547761,51.342699,40.458628,53.142252,40.498738,39.688028,39.387952
26.640000,0.020000,3.000000,4.000000,1.800000,13.500000,2.000000,0.000000,0.000000,0.022193,1.271545,0.082094,4.703660,-0.006148,-0.352234,-0.059902,-3.432115,-0.022193,0.059902,55.401700,40.548728,51.402683,40.459965,53.202240,40.499908,39.747706,39.392879
26.660000,0.020000,3.000000,4.000000,1.800000,13.500000,2.000000,0.000000,0.000000,0.022100,1.266261,0.081816,4.687712,-0.006129,-0.351142,-0.059716,-3.421451,-0.022100,0.059716,55.461692,40.549691,51.462667,40.461296,53.262228,40.501074,39.807386,39.397790
26.680000,0.020000,3.000000,4.000000,1.800000,13.500000,2.000000,0.000000,0.000000,0.022008,1.260994,0.081539,4.671814,-0.006110,-0.350053,-0.059530,-3.410820,-0.022008,0.059530,55.521684,40.550649,51.522652,40.462622,53.322216,40.502234,39.867068,39.402683
26.700000,0.020000,3.000000,4.000000,1.800000,13.500000,2.000000,0.000000,0.000000,0.021917,1.255743,0.081262,4.655965,-0.006091,-0.348968,-0.059345,-3.400222,-0.021917,0.059345,55.581677,40.551603,51.582636,40.463943,53.382204,40.503390,39.926753,39.407561
26.720000,0.020000,3.000000,4.000000,1.800000,13.500000,2.000000,0.000000,0.000000,0.021825,1.250509,0.080986,4.640166,-0.006072,-0.347887,-0.059161,-3.389657,-0.021825,0.059161,55.641669,40.552553,51.642620,40.465258,53.442192,40.504540,39.986439,39.412422
26.740000,0.020000,3.000000,4.000000,1.800000,13.500000,2.000000,0.000000,0.000000,0.021734,1.245291,0.080711,4.624415,-0.006053,-0.346808,-0.058977,-3.379124,-0.021734,0.058977,55.701662,40.553498,51.702605,40.466567,53.502180,40.505686,40.046128,39.417266
26.760000,0.020000,3.000000,4.000000,1.800000,13.500000,2.000000,0.000000,0.000000,0.021644,1.240088,0.080437,4.608713,-0.006034,-0.345733,-0.058794,-3.368625,-0.021644,0.058794,55.761655,40.554439,51.762590,40.467871,53.562168,40.506826,40.105818,39.422095
26.780000,0.020000,3.000000,4.000000,1.800000,13.500000,2.000000,0.000000,0.000000,0.021553,1.234902,0.080164,4.593060,-0.006015,-0.344661,-0.058611,-3.358158,-0.021553,0.058611,55.821647,40.555375,51.822575,40.469169,53.622157,40.507962,40.165511,39.426906
26.800000,0.020000,3.000000,4.000000,1.800000,13.500000,2.000000,0.000000,0.000000,0.021463,1.229733,0.079892,4.577456,-0.005997,-0.343593,-0.058429,-3.347723,-0.021463,0.058429,55.881640,40.556307,51.882560,40.470462,53.682145,40.509093,40.225205,39.431702
26.820000,0.020000,3.000000,4.000000,1.800000,13.500000,2.000000,0.000000,0.000000,0.021373,1.224579,0.079620,4.561900,-0.005978,-0.342527,-0.058247,-3.337321,-0.021373,0.058247,55.941633,40.557235,51.942545,40.471750,53.742134,40.510218,40.284902,39.436481
26.840000,0.020000,3.000000,4.000000,1.800000,13.500000,2.000000,0.000000,0.000000,0.021283,1.219441,0.079350,4.546392,-0.005960,-0.341466,-0.058066,-3.326951,-0.021283,0.058066,56.001626,40.558159,52.002530,40.473032,53.802122,40.511339,40.344600,39.441245
26.860000,0.020000,3.000000,4.000000,1.800000,13.500000,2.000000,0.000000,0.000000,0.021194,1.214319,0.079080,4.530932,-0.005941,-0.340407,-0.057886,-3.316613,-0.021194,0.057886,56.061619,40.559078,52.062515,40.474309,53.862111,40.512455,40.404301,39.445992
26.880000,0.020000,3.000000,4.000000,1.800000,13.500000,2.000000,0.000000,0.000000,0.021105,1.209213,0.078811,4.515521,-0.005923,-0.339352,-0.057706,-3.306308,-0.021105,0.057706,56.121612,40.559993,52.122501,40.475581,53.922100,40.513566,40.464003,39.450723
26.900000,0.020000,3.000000,4.000000,1.800000,13.500000,2.000000,0.000000,0.000000,0.021016,1.204123,0.078543,4.500157,-0.005904,-0.338299,-0.057527,-3.296034,-0.021016,0.057527,56.181605,40.560904,52.182486,40.476847,53.982089,40.514673,40.523708,39.455438
26.920000,0.020000,3.000000,4.000000,1.800000,13.500000,2.000000,0.000000,0.000000,0.020927,1.199048,0.078275,4.484840,-0.005886,-0.337251,-0.057348,-3.285792,-0.020927,0.057348,56.241598,40.561811,52.242472,40.478108,54.042078,40.515774,40.583414,39.460137
26.940000,0.020000,3.000000,4.000000,1.800000,13.500000,2.000000,0.000000,0.000000,0.020839,1.193989,0.078009,4.469572,-0.005868,-0.336205,-0.057170,-3.275582,-0.020839,0.057170,56.301591,40.562713,52.302458,40.479363,54.102067,40.516871,40.643122,39.464821
26.960000,0.020000,3.000000,4.000000,1.800000,13.500000,2.000000,0.000000,0.000000,0.020751,1.188946,0.077743,4.454351,-0.005850,-0.335162,-0.056992,-3.265404,-0.020751,0.056992,56.361584,40.563612,52.362444,40.480613,54.162056,40.517963,40.702833,39.469488
26.980000,0.020000,3.000000,4.000000,1.800000,13.500000,2.000000,0.000000,0.000000,0.020663,1.183919,0.077478,4.439177,-0.005832,-0.334123,-0.056815,-3.255258,-0.020663,0.056815,56.421578,40.564506,52.422430,40.481858,54.222046,40.519050,40.762545,39.474140
27.000000,0.020000,3.000000,4.000000,1.800000,13.500000,2.000000,0.000000,0.000000,0.020576,1.178907,0.077214,4.424050,-0.005813,-0.333087,-0.056638,-3.245142,-0.020576,0.056638,56.481571,40.565396,52.482416,40.483098,54.282035,40.520132,40.822259,39.478775
27.020000,0.020000,3.000000,4.000000,1.800000,13.500000,2.000000,0.000000,0.000000,0.020489,1.173911,0.076951,4.408970,-0.005795,-0.332054,-0.056462,-3.235059,-0.020489,0.056462,56.541565,40.566281,52.542402,40.484333,54.342024,40.521209,40.881975,39.483395
27.040000,0.020000,3.000000,4.000000,1.800000,13.500000,2.000000,0.000000,0.000000,0.020402,1.168930,0.076689,4.393936,-0.005777,-0.331025,-0.056287,-3.225006,-0.020402,0.056287,56.601558,40.567163,52.602389,40.485562,54.402014,40.522282,40.941692,39.488000
27.060000,0.020000,3.000000,4.000000,1.800000,13.500000,2.000000,0.000000,0.000000,0.020315,1.163965,0.076427,4.378950,-0.005760,-0.329998,-0.056112,-3.214985,-0.020315,0.056112,56.661552,40.568040,52.662375,40.486786,54.462004,40.523350,41.001412,39.492589
27.080000,0.020000,3.000000,4.000000,1.800000,13.500000,2.000000,0.000000,0.000000,0.020229,1.159015,0.076166,4.364010,-0.005742,-0.328975,-0.055938,-3.204995,-0.020229,0.055938,56.721545,40.568914,52.722362,40.488005,54.521994,40.524414,41.061133,39.497162
27.100000,0.020000,3.000000,4.000000,1.800000,13.500000,2.000000,0.000000,0.000000,0.020142,1.154080,0.075906,4.349116,-0.005724,-0.327955,-0.055764,-3.195036,-0.020142,0.055764,56.781539,40.569783,52.782349,40.489218,54.581983,40.525472,41.120857,39.501720
27.120000,0.020000,3.000000,4.000000,1.800000,13.500000,2.000000,0.000000,0.000000,0.020057,1.149161,0.075647,4.334269,-0.005706,-0.326938,-0.055591,-3.185108,-0.020057,0.055591,56.841533,40.570648,52.842335,40.490427,54.641973,40.526526,41.180582,39.506262
27.140000,0.020000,3.000000,4.000000,1.800000,13.500000,2.000000,0.000000,0.000000,0.019971,1.144257,0.075389,4.319467,-0.005688,-0.325924,-0.055418,-3.175210,-0.019971,0.055418,56.901527,40.571509,52.902322,40.491630,54.701963,40.527575,41.240309,39.510789
27.160000,0.020000,3.000000,4.000000,1.800000,13.500000,2.000000,0.000000,0.000000,0.019886,1.139368,0.075131,4.304712,-0.005671,-0.324914,-0.055246,-3.165344,-0.019886,0.055246,56.961521,40.572366,52.962309,40.492828,54.761954,40.528620,41.300038,39.515300
27.180000,0.020000,3.000000,4.000000,1.800000,13.500000,2.000000,0.000000,0.000000,0.019801,1.134494,0.074875,4.290002,-0.005653,-0.323906,-0.055074,-3.155508,-0.019801,0.055074,57.021514,40.573219,53.022297,40.494021,54.821944,40.529660,41.359768,39.519796
27.200000,0.020000,3.000000,4.000000,1.800000,13.500000,2.000000,0.000000,0.000000,0.019716,1.129636,0.074619,4.275338,-0.005636,-0.322902,-0.054903,-3.145702,-0.019716,0.054903,57.081508,40.574067,53.082284,40.495209,54.881934,40.530695,41.419500,39.524277
27.220000,0.020000,3.000000,4.000000,1.800000,13.500000,2.000000,0.000000,0.000000,0.019631,1.124792,0.074364,4.260720,-0.005618,-0.321900,-0.054732,-3.135927,-0.019631,0.054732,57.141503,40.574912,53.142271,40.496392,54.941924,40.531726,41.479234,39.528743
27.240000,0.020000,3.000000,4.000000,1.800000,13.500000,2.000000,0.000000,0.000000,0.019547,1.119964,0.074109,4.246147,-0.005601,-0.320902,-0.054562,-3.126183,-0.019547,0.054562,57.201497,40.575753,53.202259,40.497570,55.001915,40.532752,41.538970,39.533193
27.260000,0.020000,3.000000,4.000000,1.800000,13.500000,2.000000,0.000000,0.000000,0.019463,1.115150,0.073856,4.231619,-0.005583,-0.319907,-0.054393,-3.116468,-0.019463,0.054393,57.261491,40.576590,53.262246,40.498742,55.061905,40.533774,41.598708,39.537628
27.280000,0.020000,3.000000,4.000000,1.800000,13.500000,2.000000,0.000000,0.000000,0.019379,1.110352,0.073603,4.217136,-0.005566,-0.318915,-0.054224,-3.106784,-0.019379,0.054224,57.321485,40.577423,53.322234,40.499910,55.121896,40.534791,41.658447,39.542048
27.300000,0.020000,3.000000,4.000000,1.800000,13.500000,2.000000,0.000000,0.000000,0.019296,1.105568,0.073351,4.202698,-0.005549,-0.317926,-0.054055,-3.097130,-0.019296,0.054055,57.381479,40.578251,53.382222,40.501073,55.181887,40.535803,41.718188,39.546453
27.320000,0.020000,3.000000,4.000000,1.800000,13.500000,2.000000,0.000000,0.000000,0.019213,1.100799,0.073100,4.188305,-0.005532,-0.316940,-0.053887,-3.087506,-0.019213,0.053887,57.441474,40.579076,53.442210,40.502230,55.241878,40.536811,41.777931,39.550843
27.340000,0.020000,3.000000,4.000000,1.800000,13.500000,2.000000,0.000000,0.000000,0.019130,1.096045,0.072849,4.173957,-0.005514,-0.315957,-0.053720,-3.077912,-0.019130,0.053720,57.501468,40.579897,53.502198,40.503383,55.301868,40.537814,41.837675,39.555219
27.360000,0.020000,3.000000,4.000000,1.800000,13.500000,2.000000,0.000000,0.000000,0.019047,1.091306,0.072600,4.159653,-0.005497,-0.314977,-0.053553,-3.068347,-0.019047,0.053553,57.561462,40.580714,53.562186,40.504531,55.361859,40.538813,41.897421,39.559579
27.380000,0.020000,3.000000,4.000000,1.800000,13.500000,2.000000,0.000000,0.000000,0.018964,1.086581,0.072351,4.145394,-0.005480,-0.314000,-0.053386,-3.058812,-0.018964,0.053386,57.621457,40.581527,53.622174,40.505674,55.421850,40.539807,41.957169,39.563924
27.400000,0.020000,3.000000,4.000000,1.800000,13.500000,2.000000,0.000000,0.000000,0.018882,1.081871,0.072103,4.131178,-0.005463,-0.313026,-0.053220,-3.049307,-0.018882,0.053220,57.681452,40.582336,53.682162,40.506811,55.481842,40.540797,42.016918,39.568255
27.420000,0.020000,3.000000,4.000000,1.800000,13.500000,2.000000,0.000000,0.000000,0.018800,1.077176,0.071855,4.117007,-0.005446,-0.312055,-0.053055,-3.039831,-0.018800,0.053055,57.741446,40.583141,53.742151,40.507944,55.541833,40.541783,42.076669,39.572570
27.440000,0.020000,3.000000,4.000000,1.800000,13.500000,2.000000,0.000000,0.000000,0.018719,1.072495,0.071609,4.102880,-0.005429,-0.311087,-0.052890,-3.030385,-0.018719,0.052890,57.801441,40.583942,53.802139,40.509072,55.601824,40.542764,42.136422,39.576871
27.460000,0.020000,3.000000,4.000000,1.800000,13.500000,2.000000,0.000000,0.000000,0.018637,1.067829,0.071363,4.088797,-0.005413,-0.310122,-0.052726,-3.020968,-0.018637,0.052726,57.861435,40.584739,53.862128,40.510195,55.661815,40.543740,42.196176,39.581157
27.480000,0.020000,3.000000,4.000000,1.800000,13.500000,2.000000,0.000000,0.000000,0.018556,1.063177,0.071118,4.074758,-0.005396,-0.309160,-0.052562,-3.011581,-0.018556,0.052562,57.921430,40.585533,53.922117,40.511313,55.721807,40.544712,42.255932,39.585429
27.500000,0.020000,3.000000,4.000000,1.800000,13.500000,2.000000,0.000000,0.000000,0.018475,1.058540,0.070874,4.060762,-0.005379,-0.308201,-0.052399,-3.002222,-0.018475,0.052399,57.981425,40.586322,53.982105,40.512427,55.781798,40.545680,42.315690,39.589686
27.520000,0.020000,3.000000,4.000000,1.800000,13.500000,2.000000,0.000000,0.000000,0.018394,1.053917,0.070630,4.046809,-0.005362,-0.307245,-0.052236,-2.992893,-0.018394,0.052236,58.041420,40.587108,54.042094,40.513535,55.841790,40.546643,42.375449,39.593929
27.540000,0.020000,3.000000,4.000000,1.800000,13.500000,2.000000,0.000000,0.000000,0.018314,1.049308,0.070387,4.032900,-0.005346,-0.306292,-0.052074,-2.983592,-0.018314,0.052074,58.101415,40.587890,54.102083,40.514639,55.901781,40.547602,42.435210,39.598156
27.560000,0.020000,3.000000,4.000000,1.800000,13.500000,2.000000,0.000000,0.000000,0.018234,1.044714,0.070145,4.019034,-0.005329,-0.305342,-0.051912,-2.974321,-0.018234,0.051912,58.161410,40.588668,54.162072,40.515737,55.961773,40.548556,42.494972,39.602370
27.580000,0.020000,3.000000,4.000000,1.800000,13.500000,2.000000,0.000000,0.000000,0.018154,1.040133,0.069904,4.005211,-0.005313,-0.304395,-0.051750,-2.965078,-0.018154,0.051750,58.221405,40.589442,54.222062,40.516831,56.021765,40.549506,42.554736,39.606569
27.600000,0.020000,3.000000,4.000000,1.800000,13.500000,2.000000,0.000000,0.000000,0.018074,1.035568,0.069664,3.991431,-0.005296,-0.303451,-0.051590,-2.955864,-0.018074,0.051590,58.281400,40.590213,54.282051,40.517920,56.081757,40.550452,42.614501,39.610754
27.620000,0.020000,3.000000,4.000000,1.800000,13.500000,2.000000,0.000000,0.000000,0.017995,1.031016,0.069424,3.977694,-0.005280,-0.302510,-0.051429,-2.946678,-0.017995,0.051429,58.341395,40.590979,54.342040,40.519005,56.141749,40.551393,42.674268,39.614924
27.640000,0.020000,3.000000,4.000000,1.800000,13.500000,2.000000,0.000000,0.000000,0.017915,1.026478,0.069185,3.963999,-0.005263,-0.301571,-0.051269,-2.937521,-0.017915,0.051269,58.401390,40.591742,54.402030,40.520084,56.201741,40.552330,42.734037,39.619080
27.660000,0.020000,3.000000,4.000000,1.800000,13.500000,2.000000,0.000000,0.000000,0.017836,1.021955,0.068947,3.950347,-0.005247,-0.300636,-0.051110,-2.928393,-0.017836,0.051110,58.461385,40.592501,54.462019,40.521159,56.261733,40.553263,42.793807,39.623222
27.680000,0.020000,3.000000,4.000000,1.800000,13.500000,2.000000,0.000000,0.000000,0.017758,1.017445,0.068709,3.936737,-0.005231,-0.299703,-0.050951,-2.919292,-0.017758,0.050951,58.521380,40.593257,54.522009,40.522229,56.321725,40.554192,42.853579,39.627349
27.700000,0.020000,3.000000,4.000000,1.800000,13.500000,2.000000,0.000000,0.000000,0.017679,1.012950,0.068472,3.923170,-0.005215,-0.298773,-0.050793,-2.910220,-0.017679,0.050793,58.581376,40.594008,54.581999,40.523295,56.381717,40.555116,42.913352,39.631463
27.720000,0.020000,3.000000,4.000000,1.800000,13.500000,2.000000,0.000000,0.000000,0.017601,1.008468,0.068236,3.909645,-0.005198,-0.297847,-0.050635,-2.901177,-0.017601,0.050635,58.641371,40.594756,54.641988,40.524355,56.441710,40.556036,42.973127,39.635562
27.740000,0.020000,3.000000,4.000000,1.800000,13.500000,2.000000,0.000000,0.000000,0.017523,1.004000,0.068001,3.896161,-0.005182,-0.296923,-0.050478,-2.892161,-0.017523,0.050478,58.701366,40.595500,54.701978,40.525411,56.501702,40.556951,43.032903,39.639647
27.760000,0.020000,3.000000,4.000000,1.800000,13.500000,2.000000,0.000000,0.000000,0.017445,0.999547,0.067766,3.882720,-0.005166,-0.296001,-0.050321,-2.883173,-0.017445,0.050321,58.761362,40.596241,54.761968,40.526463,56.561694,40.557863,43.092680,39.643719
27.780000,0.020000,3.000000,4.000000,1.800000,13.500000,2.000000,0.000000,0.000000,0.017368,0.995107,0.067532,3.869320,-0.005150,-0.295083,-0.050164,-2.874213,-0.017368,0.050164,58.821357,40.596978,54.821958,40.527509,56.621687,40.558770,43.152459,39.647776
27.800000,0.020000,3.000000,4.000000,1.800000,13.500000,2.000000,0.000000,0.000000,0.017291,0.990680,0.067299,3.855962,-0.005134,-0.294168,-0.050009,-2.865282,-0.017291,0.050009,58.881353,40.597711,54.881948,40.528551,56.681679,40.559673,43.212240,39.651819
27.820000,0.020000,3.000000,4.000000,1.800000,13.500000,2.000000,0.000000,0.000000,0.017214,0.986268,0.067067,3.842645,-0.005118,-0.293255,-0.049853,-2.856377,-0.017214,0.049853,58.941348,40.598440,54.941939,40.529589,56.741672,40.560572,43.272022,39.655848
27.840000,0.020000,3.000000,4.000000,1.800000,13.500000,2.000000,0.000000,0.000000,0.017137,0.981869,0.066835,3.829370,-0.005102,-0.292345,-0.049698,-2.847501,-0.017137,0.049698,59.001344,40.599166,55.001929,40.530622,56.801665,40.561466,43.331805,39.659864
27.860000,0.020000,3.000000,4.000000,1.800000,13.500000,2.000000,0.000000,0.000000,0.017060,0.977484,0.066604,3.816136,-0.005087,-0.291438,-0.049544,-2.838652,-0.017060,0.049544,59.061340,40.599888,55.061919,40.531650,56.861657,40.562357,43.391590,39.663866
27.880000,0.020000,3.000000,4.000000,1.800000,13.500000,2.000000,0.000000,0.000000,0.016984,0.973112,0.066374,3.802943,-0.005071,-0.290534,-0.049390,-2.829830,-0.016984,0.049390,59.121335,40.600606,55.121910,40.532673,56.921650,40.563243,43.451376,39.667854
27.900000,0.020000,3.000000,4.000000,1.800000,13.500000,2.000000,0.000000,0.000000,0.016908,0.968754,0.066144,3.789790,-0.005055,-0.289633,-0.049236,-2.821036,-0.016908,0.049236,59.181331,40.601321,55.181900,40.533692,56.981643,40.564125,43.511164,39.671828
27.920000,0.020000,3.000000,4.000000,1.800000,13.500000,2.000000,0.000000,0.000000,0.016832,0.964410,0.065915,3.776679,-0.005039,-0.288734,-0.049083,-2.812269,-0.016832,0.049083,59.241327,40.602032,55.241891,40.534707,57.041636,40.565003,43.570953,39.675788
27.940000,0.020000,3.000000,4.000000,1.800000,13.500000,2.000000,0.000000,0.000000,0.016757,0.960079,0.065687,3.763609,-0.005024,-0.287838,-0.048931,-2.803530,-0.016757,0.048931,59.301323,40.602740,55.301882,40.535717,57.101629,40.565877,43.630744,39.679735
27.960000,0.020000,3.000000,4.000000,1.800000,13.500000,2.000000,0.000000,0.000000,0.016681,0.955761,0.065460,3.750579,-0.005008,-0.286945,-0.048779,-2.794817,-0.016681,0.048779,59.361319,40.603444,55.361873,40.536722,57.161622,40.566747,43.690536,39.683668
27.980000,0.020000,3.000000,4.000000,1.800000,13.500000,2.000000,0.000000,0.000000,0.016606,0.951457,0.065233,3.737589,-0.004993,-0.286055,-0.048627,-2.786132,-0.016606,0.048627,59.421315,40.604144,55.421864,40.537723,57.221615,40.567612,43.750329,39.687588
28.000000,0.020000,3.000000,4.000000,1.800000,13.500000,2.000000,0.000000,0.000000,0.016531,0.947166,0.065007,3.724640,-0.004977,-0.285167,-0.048476,-2.777474,-0.016531,0.048476,59.481311,40.604841,55.481855,40.538719,57.281609,40.568474,43.810124,39.691494
28.020000,0.020000,3.000000,4.000000,1.800000,13.500000,2.000000,0.000000,0.000000,0.016457,0.942889,0.064782,3.711731,-0.004962,-0.284283,-0.048325,-2.768842,-0.016457,0.048325,59.541307,40.605534,55.541846,40.539711,57.341602,40.569331,43.869920,39.695387
28.040000,0.020000,3.000000,4.000000,1.800000,13.500000,2.000000,0.000000,0.000000,0.016382,0.938625,0.064557,3.698862,-0.004946,-0.283401,-0.048175,-2.760237,-0.016382,0.048175,59.601303,40.606224,55.601837,40.540698,57.401595,40.570185,43.929717,39.699266
28.060000,0.020000,3.000000,4.000000,1.800000,13.500000,2.000000,0.000000,0.000000,0.016308,0.934374,0.064333,3.686033,-0.004931,-0.282521,-0.048026,-2.751659,-0.016308,0.048026,59.661299,40.606910,55.661828,40.541681,57.461589,40.571034,43.989516,39.703132
28.080000,0.020000,3.000000,4.000000,1.800000,13.500000,2.000000,0.000000,0.000000,0.016234,0.930136,0.064110,3.673244,-0.004916,-0.281645,-0.047876,-2.743108,-0.016234,0.047876,59.721295,40.607592,55.721819,40.542659,57.521582,40.571879,44.049316,39.706984
28.100000,0.020000,3.000000,4.000000,1.800000,13.500000,2.000000,0.000000,0.000000,0.016160,0.925911,0.063888,3.660494,-0.004900,-0.280771,-0.047727,-2.734583,-0.016160,0.047727,59.781291,40.608271,55.781811,40.543633,57.581576,40.572720,44.109117,39.710823
28.120000,0.020000,3.000000,4.000000,1.800000,13.500000,2.000000,0.000000,0.000000,0.016087,0.921700,0.063666,3.647785,-0.004885,-0.279899,-0.047579,-2.726085,-0.016087,0.047579,59.841287,40.608947,55.841802,40.544603,57.641569,40.573558,44.168920,39.714649
28.140000,0.020000,3.000000,4.000000,1.800000,13.500000,2.000000,0.000000,0.000000,0.016013,0.917501,0.063445,3.635114,-0.004870,-0.279031,-0.047431,-2.717613,-0.016013,0.047431,59.901283,40.609619,55.901794,40.545568,57.701563,40.574391,44.228724,39.718462
28.160000,0.020000,3.000000,4.000000,1.800000,13.500000,2.000000,0.000000,0.000000,0.015940,0.913316,0.063224,3.622483,-0.004855,-0.278165,-0.047284,-2.709167,-0.015940,0.047284,59.961280,40.610288,55.961785,40.546529,57.761557,40.575220,44.288529,39.722261
28.180000,0.020000,3.000000,4.000000,1.800000,13.500000,2.000000,0.000000,0.000000,0.015868,0.909143,0.063004,3.609891,-0.004840,-0.277302,-0.047137,-2.700748,-0.015868,0.047137,60.021276,40.610953,56.021777,40.547485,57.821550,40.576046,44.348336,39.726048
28.200000,0.020000,3.000000,4.000000,1.800000,13.500000,2.000000,0.000000,0.000000,0.015795,0.904984,0.062785,3.597339,-0.004825,-0.276441,-0.046990,-2.692355,-0.015795,0.046990,60.081272,40.611614,56.081769,40.548437,57.881544,40.576867,44.408144,39.729821
28.220000,0.020000,3.000000,4.000000,1.800000,13.500000,2.000000,0.000000,0.000000,0.015723,0.900837,0.062567,3.584825,-0.004810,-0.275584,-0.046844,-2.683988,-0.015723,0.046844,60.141269,40.612273,56.141760,40.549385,57.941538,40.577684,44.467953,39.733581
28.240000,0.020000,3.000000,4.000000,1.800000,13.500000,2.000000,0.000000,0.000000,0.015650,0.896703,0.062349,3.572350,-0.004795,-0.274728,-0.046699,-2.675647,-0.015650,0.046699,60.201265,40.612927,56.201752,40.550328,58.001532,40.578498,44.527764,39.737328
28.260000,0.020000,3.000000,4.000000,1.800000,13.500000,2.000000,0.000000,0.000000,0.015579,0.892583,0.062132,3.559914,-0.004780,-0.273876,-0.046554,-2.667331,-0.015579,0.046554,60.261262,40.613579,56.261744,40.551267,58.061526,40.579307,44.587575,39.741062
28.280000,0.020000,3.000000,4.000000,1.800000,13.500000,2.000000,0.000000,0.000000,0.015507,0.888474,0.061916,3.547516,-0.004765,-0.273026,-0.046409,-2.659042,-0.015507,0.046409,60.321258,40.614227,56.321736,40.552202,58.121520,40.580113,44.647388,39.744783
28.300000,0.020000,3.000000,4.000000,1.800000,13.500000,2.000000,0.000000,0.000000,0.015435,0.884379,0.061700,3.535157,-0.004750,-0.272179,-0.046265,-2.650778,-0.015435,0.046265,60.381255,40.614871,56.381728,40.553132,58.181514,40.580915,44.707202,39.748491
28.320000,0.020000,3.000000,4.000000,1.800000,13.500000,2.000000,0.000000,0.000000,0.015364,0.880296,0.061485,3.522837,-0.004736,-0.271334,-0.046121,-2.642540,-0.015364,0.046121,60.441251,40.615512,56.441721,40.554058,58.241508,40.581712,44.767018,39.752187
28.340000,0.020000,3.000000,4.000000,1.800000,13.500000,2.000000,0.000000,0.000000,0.015293,0.876226,0.061271,3.510554,-0.004721,-0.270492,-0.045978,-2.634328,-0.015293,0.045978,60.501248,40.616150,56.501713,40.554980,58.301502,40.582506,44.826835,39.755869
28.360000,0.020000,3.000000,4.000000,1.800000,13.500000,2.000000,0.000000,0.000000,0.015222,0.872169,0.061057,3.498310,-0.004706,-0.269653,-0.045835,-2.626141,-0.015222,0.045835,60.561244,40.616784,56.561705,40.555898,58.361497,40.583297,44.886653,39.759539
28.380000,0.020000,3.000000,4.000000,1.800000,13.500000,2.000000,0.000000,0.000000,0.015152,0.868124,0.060844,3.486104,-0.004692,-0.268816,-0.045692,-2.617979,-0.015152,0.045692,60.621241,40.617415,56.621698,40.556811,58.421491,40.584083,44.946472,39.763196
28.400000,0.020000,3.000000,4.000000,1.800000,13.500000,2.000000,0.000000,0.000000,0.015081,0.864092,0.060632,3.473935,-0.004677,-0.267982,-0.045550,-2.609843,-0.015081,0.045550,60.681238,40.618043,56.681690,40.557720,58.481485,40.584865,45.006292,39.766840
28.420000,0.020000,3.000000,4.000000,1.800000,13.500000,2.000000,0.000000,0.000000,0.015011,0.860072,0.060420,3.461805,-0.004663,-0.267150,-0.045409,-2.601732,-0.015011,0.045409,60.741235,40.618667,56.741683,40.558625,58.541480,40.585644,45.066114,39.770471
28.440000,0.020000,3.000000,4.000000,1.800000,13.500000,2.000000,0.000000,0.000000,0.014941,0.856065,0.060209,3.449712,-0.004648,-0.266321,-0.045268,-2.593647,-0.014941,0.045268,60.801231,40.619288,56.801675,40.559525,58.601474,40.586418,45.125936,39.774090
28.460000,0.020000,3.000000,4.000000,1.800000,13.500000,2.000000,0.000000,0.000000,0.014871,0.852070,0.059998,3.437656,-0.004634,-0.265494,-0.045127,-2.585586,-0.014871,0.045127,60.861228,40.619905,56.861668,40.560422,58.661469,40.587189,45.185760,39.777697
28.480000,0.020000,3.000000,4.000000,1.800000,13.500000,2.000000,0.000000,0.000000,0.014802,0.848088,0.059789,3.425639,-0.004619,-0.264670,-0.044987,-2.577551,-0.014802,0.044987,60.921225,40.620520,56.921660,40.561314,58.721463,40.587957,45.245585,39.781290
28.500000,0.020000,3.000000,4.000000,1.800000,13.500000,2.000000,0.000000,0.000000,0.014733,0.844118,0.059580,3.413658,-0.004605,-0.263849,-0.044847,-2.569540,-0.014733,0.044847,60.981222,40.621131,56.981653,40.562202,58.781458,40.588720,45.305411,39.784871
28.520000,0.020000,3.000000,4.000000,1.800000,13.500000,2.000000,0.000000,0.000000,0.014664,0.840160,0.059371,3.401715,-0.004591,-0.263030,-0.044708,-2.561554,-0.014664,0.044708,61.041219,40.621738,57.041646,40.563086,58.841453,40.589479,45.365239,39.788440
28.540000,0.020000,3.000000,4.000000,1.800000,13.500000,2.000000,0.000000,0.000000,0.014595,0.836215,0.059163,3.389808,-0.004576,-0.262214,-0.044569,-2.553594,-0.014595,0.044569,61.101216,40.622343,57.101639,40.563966,58.901447,40.590235,45.425067,39.791996
28.560000,0.020000,3.000000,4.000000,1.800000,13.500000,2.000000,0.000000,0.000000,0.014526,0.832281,0.058956,3.377939,-0.004562,-0.261400,-0.044430,-2.545657,-0.014526,0.044430,61.161213,40.622944,57.161632,40.564841,58.961442,40.590987,45.484897,39.795540
28.580000,0.020000,3.000000,4.000000,1.800000,13.500000,2.000000,0.000000,0.000000,0.014458,0.828360,0.058750,3.366106,-0.004548,-0.260589,-0.044292,-2.537746,-0.014458,0.044292,61.221210,40.623541,57.221625,40.565713,59.021437,40.591736,45.544728,39.799072
28.600000,0.020000,3.000000,4.000000,1.800000,13.500000,2.000000,0.000000,0.000000,0.014389,0.824452,0.058544,3.354311,-0.004534,-0.259780,-0.044154,-2.529859,-0.014389,0.044154,61.281207,40.624136,57.281618,40.566580,59.081432,40.592480,45.604560,39.802591
28.620000,0.020000,3.000000,4.000000,1.800000,13.500000,2.000000,0.000000,0.000000,0.014321,0.820555,0.058339,3.342552,-0.004520,-0.258974,-0.044017,-2.521997,-0.014321,0.044017,61.341204,40.624727,57.341611,40.567444,59.141427,40.593221,45.664393,39.806098
28.640000,0.020000,3.000000,4.000000,1.800000,13.500000,2.000000,0.000000,0.000000,0.014254,0.816670,0.058134,3.330829,-0.004506,-0.258170,-0.043880,-2.514159,-0.014254,0.043880,61.401201,40.625315,57.401605,40.568303,59.201422,40.593959,45.724227,39.809592
28.660000,0.020000,3.000000,4.000000,1.800000,13.500000,2.000000,0.000000,0.000000,0.014186,0.812798,0.057930,3.319143,-0.004492,-0.257369,-0.043744,-2.506345,-0.014186,0.043744,61.461198,40.625900,57.461598,40.569158,59.261417,40.594692,45.784063,39.813075
28.680000,0.020000,3.000000,4.000000,1.800000,13.500000,2.000000,0.000000,0.000000,0.014119,0.808937,0.057727,3.307493,-0.004478,-0.256570,-0.043608,-2.498556,-0.014119,0.043608,61.521195,40.626482,57.521591,40.570009,59.321412,40.595422,45.843899,39.816545
28.700000,0.020000,3.000000,4.000000,1.800000,13.500000,2.000000,0.000000,0.000000,0.014051,0.805089,0.057524,3.295879,-0.004464,-0.255773,-0.043472,-2.490790,-0.014051,0.043472,61.581193,40.627060,57.581585,40.570856,59.381407,40.596148,45.903737,39.820003
28.720000,0.020000,3.000000,4.000000,1.800000,13.500000,2.000000,0.000000,0.000000,0.013984,0.801252,0.057322,3.284302,-0.004450,-0.254979,-0.043337,-2.483049,-0.013984,0.043337,61.641190,40.627636,57.641578,40.571699,59.441402,40.596871,45.963575,39.823449
28.740000,0.020000,3.000000,4.000000,1.800000,13.500000,2.000000,0.000000,0.000000,0.013918,0.797428,0.057120,3.272760,-0.004436,-0.254188,-0.043203,-2.475332,-0.013918,0.043203,61.701187,40.628208,57.701572,40.572538,59.501397,40.597590,46.023415,39.826883
28.760000,0.020000,3.000000,4.000000,1.800000,13.500000,2.000000,0.000000,0.000000,0.013851,0.793615,0.056920,3.261254,-0.004423,-0.253399,-0.043068,-2.467639,-0.013851,0.043068,61.761184,40.628776,57.761565,40.573373,59.561393,40.598305,46.083256,39.830305
28.780000,0.020000,3.000000,4.000000,1.800000,13.500000,2.000000,0.000000,0.000000,0.013785,0.789814,0.056719,3.249784,-0.004409,-0.252613,-0.042935,-2.459970,-0.013785,0.042935,61.821182,40.629342,57.821559,40.574204,59.621388,40.599016,46.143097,39.833715
28.800000,0.020000,3.000000,4.000000,1.800000,13.500000,2.000000,0.000000,0.000000,0.013719,0.786025,0.056520,3.238350,-0.004395,-0.251828,-0.042801,-2.452325,-0.013719,0.042801,61.881179,40.629905,57.881553,40.575032,59.681383,40.599724,46.202940,39.837113
28.820000,0.020000,3.000000,4.000000,1.800000,13.500000,2.000000,0.000000,0.000000,0.013653,0.782247,0.056321,3.226951,-0.004382,-0.251047,-0.042668,-2.444703,-0.013653,0.042668,61.941177,40.630464,57.941546,40.575855,59.741379,40.600429,46.262784,39.840498
28.840000,0.020000,3.000000,4.000000,1.800000,13.500000,2.000000,0.000000,0.000000,0.013587,0.778482,0.056123,3.215587,-0.004368,-0.250267,-0.042536,-2.437105,-0.013587,0.042536,62.001174,40.631020,58.001540,40.576674,59.801374,40.601130,46.322629,39.843873
28.860000,0.020000,3.000000,4.000000,1.800000,13.500000,2.000000,0.000000,0.000000,0.013522,0.774728,0.055925,3.204259,-0.004354,-0.249491,-0.042403,-2.429531,-0.013522,0.042403,62.061171,40.631574,58.061534,40.577489,59.861370,40.601827,46.382475,39.847235
28.880000,0.020000,3.000000,4.000000,1.800000,13.500000,2.000000,0.000000,0.000000,0.013456,0.770985,0.055728,3.192966,-0.004341,-0.248716,-0.042272,-2.421980,-0.013456,0.042272,62.121169,40.632124,58.121528,40.578300,59.921365,40.602521,46.442322,39.850585
28.900000,0.020000,3.000000,4.000000,1.800000,13.500000,2.000000,0.000000,0.000000,0.013391,0.767254,0.055531,3.181708,-0.004327,-0.247944,-0.042140,-2.414453,-0.013391,0.042140,62.181166,40.632670,58.181522,40.579108,59.981361,40.603211,46.502170,39.853924
28.920000,0.020000,3.000000,4.000000,1.800000,13.500000,2.000000,0.000000,0.000000,0.013326,0.763535,0.055335,3.170484,-0.004314,-0.247174,-0.042009,-2.406949,-0.013326,0.042009,62.241164,40.633214,58.241516,40.579911,60.041356,40.603897,46.562020,39.857251
28.940000,0.020000,3.000000,4.000000,1.800000,13.500000,2.000000,0.000000,0.000000,0.013261,0.759828,0.055140,3.159296,-0.004301,-0.246407,-0.041879,-2.399469,-0.013261,0.041879,62.301162,40.633755,58.301510,40.580711,60.101352,40.604581,46.621870,39.860566
28.960000,0.020000,3.000000,4.000000,1.800000,13.500000,2.000000,0.000000,0.000000,0.013197,0.756132,0.054945,3.148143,-0.004287,-0.245642,-0.041748,-2.392011,-0.013197,0.041748,62.361159,40.634293,58.361504,40.581506,60.161348,40.605260,46.681721,39.863870
28.980000,0.020000,3.000000,4.000000,1.800000,13.500000,2.000000,0.000000,0.000000,0.013133,0.752447,0.054751,3.137024,-0.004274,-0.244880,-0.041619,-2.384577,-0.013133,0.041619,62.421157,40.634827,58.421499,40.582298,60.221343,40.605936,46.741573,39.867162
29.000000,0.020000,3.000000,4.000000,1.800000,13.500000,2.000000,0.000000,0.000000,0.013069,0.748774,0.054558,3.125940,-0.004261,-0.244120,-0.041489,-2.377166,-0.013069,0.041489,62.481154,40.635359,58.481493,40.583086,60.281339,40.606609,46.801426,39.870442
29.020000,0.020000,3.000000,4.000000,1.800000,13.500000,2.000000,0.000000,0.000000,0.013005,0.745112,0.054365,3.114890,-0.004247,-0.243362,-0.041360,-2.369778,-0.013005,0.041360,62.541152,40.635887,58.541487,40.583870,60.341335,40.607278,46.861280,39.873711
29.040000,0.020000,3.000000,4.000000,1.800000,13.500000,2.000000,0.000000,0.000000,0.012941,0.741462,0.054173,3.103874,-0.004234,-0.242606,-0.041232,-2.362413,-0.012941,0.041232,62.601150,40.636413,58.601482,40.584650,60.401331,40.607943,46.921135,39.876968
29.060000,0.020000,3.000000,4.000000,1.800000,13.500000,2.000000,0.000000,0.000000,0.012877,0.737823,0.053981,3.092893,-0.004221,-0.241853,-0.041104,-2.355070,-0.012877,0.041104,62.661147,40.636935,58.661476,40.585427,60.461327,40.608605,46.980991,39.880214
29.080000,0.020000,3.000000,4.000000,1.800000,13.500000,2.000000,0.000000,0.000000,0.012814,0.734195,0.053790,3.081946,-0.004208,-0.241102,-0.040976,-2.347751,-0.012814,0.040976,62.721145,40.637454,58.721471,40.586199,60.521323,40.609264,47.040848,39.883448
29.100000,0.020000,3.000000,4.000000,1.800000,13.500000,2.000000,0.000000,0.000000,0.012751,0.730578,0.053600,3.071032,-0.004195,-0.240354,-0.040849,-2.340454,-0.012751,0.040849,62.781143,40.637971,58.781465,40.586968,60.581319,40.609919,47.100706,39.886671
29.120000,0.020000,3.000000,4.000000,1.800000,13.500000,2.000000,0.000000,0.000000,0.012688,0.726973,0.053410,3.060153,-0.004182,-0.239608,-0.040722,-2.333180,-0.012688,0.040722,62.841141,40.638484,58.841460,40.587733,60.641315,40.610571,47.160565,39.889882
29.140000,0.020000,3.000000,4.000000,1.800000,13.500000,2.000000,0.000000,0.000000,0.012625,0.723379,0.053220,3.049308,-0.004169,-0.238864,-0.040595,-2.325929,-0.012625,0.040595,62.901139,40.638994,58.901454,40.588494,60.701311,40.611219,47.220425,39.893082
29.160000,0.020000,3.000000,4.000000,1.800000,13.500000,2.000000,0.000000,0.000000,0.012563,0.719796,0.053032,3.038496,-0.004156,-0.238122,-0.040469,-2.318700,-0.012563,0.040469,62.961136,40.639502,58.961449,40.589252,60.761307,40.611864,47.280286,39.896271
29.180000,0.020000,3.000000,4.000000,1.800000,13.500000,2.000000,0.000000,0.000000,0.012500,0.716224,0.052844,3.027717,-0.004143,-0.237383,-0.040343,-2.311493,-0.012500,0.040343,63.021134,40.640006,59.021444,40.590006,60.821303,40.612506,47.340148,39.899449
29.200000,0.020000,3.000000,4.000000,1.800000,13.500000,2.000000,0.000000,0.000000,0.012438,0.712663,0.052656,3.016973,-0.004130,-0.236646,-0.040218,-2.304309,-0.012438,0.040218,63.081132,40.640508,59.081439,40.590756,60.881299,40.613144,47.400011,39.902615
29.220000,0.020000,3.000000,4.000000,1.800000,13.500000,2.000000,0.000000,0.000000,0.012376,0.709114,0.052469,3.006261,-0.004117,-0.235911,-0.040093,-2.297148,-0.012376,0.040093,63.141130,40.641006,59.141433,40.591502,60.941296,40.613779,47.459874,39.905770
29.240000,0.020000,3.000000,4.000000,1.800000,13.500000,2.000000,0.000000,0.000000,0.012315,0.705575,0.052283,2.995583,-0.004105,-0.235179,-0.039968,-2.290008,-0.012315,0.039968,63.201128,40.641502,59.201428,40.592244,61.001292,40.614410,47.519739,39.908914
29.260000,0.020000,3.000000,4.000000,1.800000,13.500000,2.000000,0.000000,0.000000,0.012253,0.702047,0.052097,2.984938,-0.004092,-0.234449,-0.039844,-2.282891,-0.012253,0.039844,63.261126,40.641994,59.261423,40.592983,61.061288,40.615038,47.579604,39.912047
29.280000,0.020000,3.000000,4.000000,1.800000,13.500000,2.000000,0.000000,0.000000,0.012192,0.698531,0.051912,2.974326,-0.004079,-0.233721,-0.039720,-2.275795,-0.012192,0.039720,63.321124,40.642484,59.321418,40.593718,61.121285,40.615663,47.639471,39.915169
29.300000,0.020000,3.000000,4.000000,1.800000,13.500000,2.000000,0.000000,0.000000,0.012130,0.695025,0.051727,2.963747,-0.004067,-0.232995,-0.039597,-2.268722,-0.012130,0.039597,63.381122,40.642971,59.381413,40.594450,61.181281,40.616284,47.699338,39.918279
29.320000,0.020000,3.000000,4.000000,1.800000,13.500000,2.000000,0.000000,0.000000,0.012069,0.691530,0.051543,2.953201,-0.004054,-0.232272,-0.039474,-2.261671,-0.012069,0.039474,63.441120,40.643455,59.441408,40.595178,61.241277,40.616902,47.759206,39.921379
29.340000,0.020000,3.000000,4.000000,1.800000,13.500000,2.000000,0.000000,0.000000,0.012009,0.688046,0.051360,2.942688,-0.004041,-0.231551,-0.039351,-2.254642,-0.012009,0.039351,63.501118,40.643935,59.501404,40.595902,61.301274,40.617517,47.819075,39.924467
29.360000,0.020000,3.000000,4.000000,1.800000,13.500000,2.000000,0.000000,0.000000,0.011948,0.684573,0.051177,2.932207,-0.004029,-0.230832,-0.039229,-2.247634,-0.011948,0.039229,63.561116,40.644413,59.561399,40.596622,61.361270,40.618128,47.878945,39.927545
29.380000,0.020000,3.000000,4.000000,1.800000,13.500000,2.000000,0.000000,0.000000,0.011888,0.681110,0.050994,2.921759,-0.004016,-0.230115,-0.039107,-2.240649,-0.011888,0.039107,63.621115,40.644889,59.621394,40.597339,61.421267,40.618736,47.938816,39.930612
29.400000,0.020000,3.000000,4.000000,1.800000,13.500000,2.000000,0.000000,0.000000,0.011827,0.677658,0.050813,2.911343,-0.004004,-0.229401,-0.038985,-2.233685,-0.011827,0.038985,63.681113,40.645361,59.681389,40.598052,61.481263,40.619341,47.998688,39.933667
29.420000,0.020000,3.000000,4.000000,1.800000,13.500000,2.000000,0.000000,0.000000,0.011767,0.674217,0.050631,2.900960,-0.003991,-0.228689,-0.038864,-2.226742,-0.011767,0.038864,63.741111,40.645830,59.741385,40.598762,61.541260,40.619943,48.058560,39.936712
29.440000,0.020000,3.000000,4.000000,1.800000,13.500000,2.000000,0.000000,0.000000,0.011707,0.670787,0.050451,2.890609,-0.003979,-0.227979,-0.038743,-2.219822,-0.011707,0.038743,63.801109,40.646297,59.801380,40.599468,61.601257,40.620541,48.118433,39.939746
29.460000,0.020000,3.000000,4.000000,1.800000,13.500000,2.000000,0.000000,0.000000,0.011648,0.667367,0.050271,2.880290,-0.003967,-0.227271,-0.038623,-2.212922,-0.011648,0.038623,63.861107,40.646761,59.861375,40.600171,61.661253,40.621136,48.178308,39.942770
29.480000,0.020000,3.000000,4.000000,1.800000,13.500000,2.000000,0.000000,0.000000,0.011588,0.663958,0.050091,2.870003,-0.003954,-0.226565,-0.038503,-2.206044,-0.011588,0.038503,63.921105,40.647221,59.921371,40.600869,61.721250,40.621728,48.238183,39.945782
29.500000,0.020000,3.000000,4.000000,1.800000,13.500000,2.000000,0.000000,0.000000,0.011529,0.660560,0.049912,2.859748,-0.003942,-0.225862,-0.038383,-2.199188,-0.011529,0.038383,63.981104,40.647679,59.981366,40.601565,61.781247,40.622316,48.298059,39.948784
29.520000,0.020000,3.000000,4.000000,1.800000,13.500000,2.000000,0.000000,0.000000,0.011470,0.657172,0.049734,2.849525,-0.003930,-0.225160,-0.038264,-2.192353,-0.011470,0.038264,64.041102,40.648135,60.041362,40.602256,61.841243,40.622902,48.357936,39.951775
29.540000,0.020000,3.000000,4.000000,1.800000,13.500000,2.000000,0.000000,0.000000,0.011411,0.653795,0.049556,2.839333,-0.003918,-0.224461,-0.038145,-2.185539,-0.011411,0.038145,64.101100,40.648587,60.101357,40.602945,61.901240,40.623484,48.417813,39.954755
29.560000,0.020000,3.000000,4.000000,1.800000,13.500000,2.000000,0.000000,0.000000,0.011352,0.650428,0.049378,2.829174,-0.003905,-0.223764,-0.038026,-2.178746,-0.011352,0.038026,64.161099,40.649037,60.161353,40.603629,61.961237,40.624063,48.477692,39.957725
29.580000,0.020000,3.000000,4.000000,1.800000,13.500000,2.000000,0.000000,0.000000,0.011294,0.647071,0.049202,2.819046,-0.003893,-0.223070,-0.037908,-2.171974,-0.011294,0.037908,64.221097,40.649483,60.221349,40.604310,62.021234,40.624638,48.537571,39.960684
29.600000,0.020000,3.000000,4.000000,1.800000,13.500000,2.000000,0.000000,0.000000,0.011235,0.643725,0.049025,2.808949,-0.003881,-0.222377,-0.037790,-2.165224,-0.011235,0.037790,64.281095,40.649927,60.281344,40.604988,62.081231,40.625211,48.597451,39.963633
29.620000,0.020000,3.000000,4.000000,1.800000,13.500000,2.000000,0.000000,0.000000,0.011177,0.640390,0.048850,2.798884,-0.003869,-0.221686,-0.037673,-2.158494,-0.011177,0.037673,64.341094,40.650369,60.341340,40.605662,62.141228,40.625780,48.657332,39.966571
29.640000,0.020000,3.000000,4.000000,1.800000,13.500000,2.000000,0.000000,0.000000,0.011119,0.637064,0.048675,2.788850,-0.003857,-0.220998,-0.037556,-2.151785,-0.011119,0.037556,64.401092,40.650807,60.401336,40.606333,62.201225,40.626346,48.717214,39.969498
29.660000,0.020000,3.000000,4.000000,1.800000,13.500000,2.000000,0.000000,0.000000,0.011061,0.633749,0.048500,2.778847,-0.003845,-0.220312,-0.037439,-2.145098,-0.011061,0.037439,64.461090,40.651243,60.461332,40.607000,62.261222,40.626909,48.777096,39.972415
29.680000,0.020000,3.000000,4.000000,1.800000,13.500000,2.000000,0.000000,0.000000,0.011003,0.630445,0.048326,2.768875,-0.003833,-0.219628,-0.037323,-2.138430,-0.011003,0.037323,64.521089,40.651676,60.521328,40.607663,62.321219,40.627469,48.836980,39.975322
29.700000,0.020000,3.000000,4.000000,1.800000,13.500000,2.000000,0.000000,0.000000,0.010946,0.627150,0.048152,2.758934,-0.003821,-0.218946,-0.037207,-2.131784,-0.010946,0.037207,64.581087,40.652106,60.581324,40.608324,62.381216,40.628026,48.896864,39.978218
29.720000,0.020000,3.000000,4.000000,1.800000,13.500000,2.000000,0.000000,0.000000,0.010889,0.623866,0.047980,2.749024,-0.003809,-0.218266,-0.037091,-2.125158,-0.010889,0.037091,64.641086,40.652533,60.641320,40.608980,62.441213,40.628579,48.956749,39.981104
29.740000,0.020000,3.000000,4.000000,1.800000,13.500000,2.000000,0.000000,0.000000,0.010831,0.620592,0.047807,2.739145,-0.003798,-0.217588,-0.036976,-2.118553,-0.010831,0.036976,64.701084,40.652958,60.701316,40.609634,62.501210,40.629130,49.016634,39.983980
29.760000,0.020000,3.000000,4.000000,1.800000,13.500000,2.000000,0.000000,0.000000,0.010774,0.617328,0.047635,2.729297,-0.003786,-0.216913,-0.036861,-2.111969,-0.010774,0.036861,64.761083,40.653380,60.761312,40.610283,62.561207,40.629677,49.076521,39.986845
29.780000,0.020000,3.000000,4.000000,1.800000,13.500000,2.000000,0.000000,0.000000,0.010718,0.614075,0.047464,2.719479,-0.003774,-0.216239,-0.036746,-2.105404,-0.010718,0.036746,64.821081,40.653800,60.821308,40.610930,62.621204,40.630221,49.136408,39.989700
29.800000,0.020000,3.000000,4.000000,1.800000,13.500000,2.000000,0.000000,0.000000,0.010661,0.610831,0.047293,2.709692,-0.003762,-0.215568,-0.036632,-2.098861,-0.010661,0.036632,64.881080,40.654216,60.881304,40.611573,62.681202,40.630762,49.196296,39.992544
29.820000,0.020000,3.000000,4.000000,1.800000,13.500000,2.000000,0.000000,0.000000,0.010605,0.607597,0.047123,2.699935,-0.003751,-0.214898,-0.036518,-2.092337,-0.010605,0.036518,64.941078,40.654630,60.941300,40.612213,62.741199,40.631300,49.256185,39.995379
29.840000,0.020000,3.000000,4.000000,1.800000,13.500000,2.000000,0.000000,0.000000,0.010548,0.604374,0.046953,2.690208,-0.003739,-0.214231,-0.036405,-2.085834,-0.010548,0.036405,65.001077,40.655041,61.001296,40.612849,62.801196,40.631835,49.316074,39.998203
29.860000,0.020000,3.000000,4.000000,1.800000,13.500000,2.000000,0.000000,0.000000,0.010492,0.601161,0.046784,2.680512,-0.003727,-0.213566,-0.036292,-2.079351,-0.010492,0.036292,65.061076,40.655450,61.061293,40.613482,62.861193,40.632367,49.375965,40.001017
29.880000,0.020000,3.000000,4.000000,1.800000,13.500000,2.000000,0.000000,0.000000,0.010436,0.597957,0.046615,2.670845,-0.003716,-0.212902,-0.036179,-2.072888,-0.010436,0.036179,65.121074,40.655856,61.121289,40.614111,62.921191,40.632896,49.435856,40.003821
29.900000,0.020000,3.000000,4.000000,1.800000,13.500000,2.000000,0.000000,0.000000,0.010381,0.594764,0.046447,2.661209,-0.003704,-0.212241,-0.036066,-2.066445,-0.010381,0.036066,65.181073,40.656259,61.181285,40.614737,62.981188,40.633422,49.495747,40.006615
29.920000,0.020000,3.000000,4.000000,1.800000,13.500000,2.000000,0.000000,0.000000,0.010325,0.591580,0.046279,2.651603,-0.003693,-0.211582,-0.035954,-2.060023,-0.010325,0.035954,65.241072,40.656660,61.241282,40.615360,63.041186,40.633945,49.555640,40.009399
29.940000,0.020000,3.000000,4.000000,1.800000,13.500000,2.000000,0.000000,0.000000,0.010270,0.588406,0.046112,2.642026,-0.003681,-0.210925,-0.035842,-2.053620,-0.010270,0.035842,65.301070,40.657057,61.301278,40.615980,63.101183,40.634465,49.615533,40.012173
29.960000,0.020000,3.000000,4.000000,1.800000,13.500000,2.000000,0.000000,0.000000,0.010214,0.585242,0.045945,2.632479,-0.003670,-0.210270,-0.035731,-2.047237,-0.010214,0.035731,65.361069,40.657453,61.361274,40.616596,63.161180,40.634981,49.675427,40.014936
29.980000,0.020000,3.000000,4.000000,1.800000,13.500000,2.000000,0.000000,0.000000,0.010159,0.582088,0.045779,2.622962,-0.003659,-0.209617,-0.035620,-2.040874,-0.010159,0.035620,65.421068,40.657845,61.421271,40.617209,63.221178,40.635495,49.735322,40.017690
30.000000,0.020000,3.000000,4.000000,1.800000,13.500000,2.000000,0.000000,0.000000,0.010104,0.578944,0.045614,2.613475,-0.003647,-0.208966,-0.035509,-2.034531,-0.010104,0.035509,65.481066,40.658235,61.481267,40.617818,63.281175,40.636006,49.795217,40.020434
30.020000,0.020000,3.000000,4.000000,1.800000,13.500000,2.000000,0.000000,0.000000,0.010050,0.575810,0.045449,2.604017,-0.003636,-0.208317,-0.035399,-2.028207,-0.010050,0.035399,65.541065,40.658623,61.541264,40.618424,63.341173,40.636514,49.855113,40.023168
30.040000,0.020000,3.000000,4.000000,1.800000,13.500000,2.000000,0.000000,0.000000,0.009995,0.572685,0.045284,2.594588,-0.003625,-0.207670,-0.035289,-2.021903,-0.009995,0.035289,65.601064,40.659008,61.601260,40.619027,63.401171,40.637019,49.915010,40.025892
30.060000,0.020000,3.000000,4.000000,1.800000,13.500000,2.000000,0.000000,0.000000,0.009941,0.569570,0.045120,2.585189,-0.003613,-0.207025,-0.035179,-2.015619,-0.009941,0.035179,65.661063,40.659390,61.661257,40.619627,63.461168,40.637520,49.974908,40.028606
30.080000,0.020000,3.000000,4.000000,1.800000,13.500000,2.000000,0.000000,0.000000,0.009887,0.566464,0.044957,2.575818,-0.003602,-0.206383,-0.035070,-2.009354,-0.009887,0.035070,65.721062,40.659770,61.721254,40.620224,63.521166,40.638019,50.034806,40.031311
30.100000,0.020000,3.000000,4.000000,1.800000,13.500000,2.000000,0.000000,0.000000,0.009833,0.563369,0.044793,2.566477,-0.003591,-0.205742,-0.034961,-2.003109,-0.009833,0.034961,65.781060,40.660147,61.781250,40.620817,63.581163,40.638515,50.094705,40.034005
30.120000,0.020000,3.000000,4.000000,1.800000,13.500000,2.000000,0.000000,0.000000,0.009779,0.560283,0.044631,2.557165,-0.003580,-0.205103,-0.034852,-1.996883,-0.009779,0.034852,65.841059,40.660521,61.841247,40.621407,63.641161,40.639008,50.154604,40.036690
30.140000,0.020000,3.000000,4.000000,1.800000,13.500000,2.000000,0.000000,0.000000,0.009725,0.557206,0.044469,2.547882,-0.003569,-0.204466,-0.034744,-1.990676,-0.009725,0.034744,65.901058,40.660893,61.901244,40.621993,63.701159,40.639498,50.214505,40.039366
30.160000,0.020000,3.000000,4.000000,1.800000,13.500000,2.000000,0.000000,0.000000,0.009672,0.554139,0.044307,2.538628,-0.003558,-0.203831,-0.034636,-1.984489,-0.009672,0.034636,65.961057,40.661263,61.961241,40.622577,63.761156,40.639985,50.274405,40.042031
30.180000,0.020000,3.000000,4.000000,1.800000,13.500000,2.000000,0.000000,0.000000,0.009618,0.551082,0.044146,2.529402,-0.003546,-0.203198,-0.034528,-1.978321,-0.009618,0.034528,66.021056,40.661629,62.021237,40.623157,63.821154,40.640470,50.334307,40.044687
30.200000,0.020000,3.000000,4.000000,1.800000,13.500000,2.000000,0.000000,0.000000,0.009565,0.548034,0.043986,2.520205,-0.003535,-0.202567,-0.034421,-1.972172,-0.009565,0.034421,66.081055,40.661994,62.081234,40.623734,63.881152,40.640951,50.394209,40.047333
30.220000,0.020000,3.000000,4.000000,1.800000,13.500000,2.000000,0.000000,0.000000,0.009512,0.544995,0.043826,2.511037,-0.003524,-0.201938,-0.034314,-1.966042,-0.009512,0.034314,66.141054,40.662355,62.141231,40.624308,63.941150,40.641429,50.454112,40.049970
30.240000,0.020000,3.000000,4.000000,1.800000,13.500000,2.000000,0.000000,0.000000,0.009459,0.541966,0.043666,2.501897,-0.003514,-0.201310,-0.034207,-1.959931,-0.009459,0.034207,66.201053,40.662715,62.201228,40.624879,64.001148,40.641905,50.514016,40.052597
30.260000,0.020000,3.000000,4.000000,1.800000,13.500000,2.000000,0.000000,0.000000,0.009406,0.538946,0.043507,2.492786,-0.003503,-0.200685,-0.034101,-1.953839,-0.009406,0.034101,66.261051,40.663071,62.261225,40.625446,64.061145,40.642378,50.573920,40.055214
30.280000,0.020000,3.000000,4.000000,1.800000,13.500000,2.000000,0.000000,0.000000,0.009354,0.535936,0.043349,2.483703,-0.003492,-0.200062,-0.033995,-1.947766,-0.009354,0.033995,66.321050,40.663426,62.321222,40.626011,64.121143,40.642847,50.633825,40.057822
30.300000,0.020000,3.000000,4.000000,1.800000,13.500000,2.000000,0.000000,0.000000,0.009301,0.532935,0.043191,2.474648,-0.003481,-0.199441,-0.033889,-1.941712,-0.009301,0.033889,66.381049,40.663777,62.381219,40.626572,64.181141,40.643314,50.693731,40.060421
30.320000,0.020000,3.000000,4.000000,1.800000,13.500000,2.000000,0.000000,0.000000,0.009249,0.529944,0.043033,2.465621,-0.003470,-0.198821,-0.033784,-1.935677,-0.009249,0.033784,66.441048,40.664127,62.441216,40.627130,64.241139,40.643779,50.753637,40.063010
30.340000,0.020000,3.000000,4.000000,1.800000,13.500000,2.000000,0.000000,0.000000,0.009197,0.526961,0.042876,2.456622,-0.003459,-0.198204,-0.033679,-1.929661,-0.009197,0.033679,66.501047,40.664473,62.501213,40.627685,64.301137,40.644240,50.813544,40.065589
30.360000,0.020000,3.000000,4.000000,1.800000,13.500000,2.000000,0.000000,0.000000,0.009145,0.523988,0.042720,2.447651,-0.003449,-0.197588,-0.033574,-1.923663,-0.009145,0.033574,66.561046,40.664818,62.561210,40.628237,64.361135,40.644698,50.873452,40.068159
30.380000,0.020000,3.000000,4.000000,1.800000,13.500000,2.000000,0.000000,0.000000,0.009094,0.521025,0.042563,2.438709,-0.003438,-0.196974,-0.033470,-1.917684,-0.009094,0.033470,66.621045,40.665159,62.621207,40.628786,64.421133,40.645154,50.933360,40.070720
30.400000,0.020000,3.000000,4.000000,1.800000,13.500000,2.000000,0.000000,0.000000,0.009042,0.518070,0.042408,2.429793,-0.003427,-0.196363,-0.033366,-1.911723,-0.009042,0.033366,66.681044,40.665499,62.681204,40.629331,64.481131,40.645607,50.993268,40.073272
30.420000,0.020000,3.000000,4.000000,1.800000,13.500000,2.000000,0.000000,0.000000,0.008991,0.515124,0.042253,2.420906,-0.003417,-0.195753,-0.033262,-1.905781,-0.008991,0.033262,66.741043,40.665836,62.741202,40.629874,64.541129,40.646057,51.053178,40.075814
30.440000,0.020000,3.000000,4.000000,1.800000,13.500000,2.000000,0.000000,0.000000,0.008939,0.512188,0.042098,2.412046,-0.003406,-0.195145,-0.033159,-1.899858,-0.008939,0.033159,66.801043,40.666170,62.801199,40.630413,64.601127,40.646504,51.113088,40.078347
30.460000,0.020000,3.000000,4.000000,1.800000,13.500000,2.000000,0.000000,0.000000,0.008888,0.509261,0.041944,2.403214,-0.003395,-0.194539,-0.033056,-1.893953,-0.008888,0.033056,66.861042,40.666502,62.861196,40.630949,64.661125,40.646948,51.172999,40.080870
30.480000,0.020000,3.000000,4.000000,1.800000,13.500000,2.000000,0.000000,0.000000,0.008837,0.506343,0.041790,2.394409,-0.003385,-0.193935,-0.032953,-1.888066,-0.008837,0.032953,66.921041,40.666832,62.921193,40.631483,64.721123,40.647390,51.232910,40.083385
30.500000,0.020000,3.000000,4.000000,1.800000,13.500000,2.000000,0.000000,0.000000,0.008787,0.503434,0.041637,2.385632,-0.003374,-0.193332,-0.032851,-1.882198,-0.008787,0.032851,66.981040,40.667159,62.981191,40.632013,64.781121,40.647829,51.292822,40.085890
30.520000,0.020000,3.000000,4.000000,1.800000,13.500000,2.000000,0.000000,0.000000,0.008736,0.500534,0.041484,2.376881,-0.003364,-0.192732,-0.032748,-1.876347,-0.008736,0.032748,67.041039,40.667484,63.041188,40.632540,64.841119,40.648265,51.352734,40.088386
30.540000,0.020000,3.000000,4.000000,1.800000,13.500000,2.000000,0.000000,0.000000,0.008686,0.497643,0.041332,2.368158,-0.003353,-0.192133,-0.032647,-1.870515,-0.008686,0.032647,67.101038,40.667806,63.101185,40.633064,64.901118,40.648698,51.412647,40.090873
30.560000,0.020000,3.000000,4.000000,1.800000,13.500000,2.000000,0.000000,0.000000,0.008635,0.494761,0.041180,2.359462,-0.003343,-0.191536,-0.032545,-1.864701,-0.008635,0.032545,67.161037,40.668126,63.161183,40.633585,64.961116,40.649129,51.472561,40.093351
30.580000,0.020000,3.000000,4.000000,1.800000,13.500000,2.000000,0.000000,0.000000,0.008585,0.491888,0.041029,2.350793,-0.003333,-0.190941,-0.032444,-1.858905,-0.008585,0.032444,67.221036,40.668443,63.221180,40.634104,65.021114,40.649556,51.532475,40.095819
30.600000,0.020000,3.000000,4.000000,1.800000,13.500000,2.000000,0.000000,0.000000,0.008535,0.489024,0.040878,2.342151,-0.003322,-0.190348,-0.032343,-1.853128,-0.008535,0.032343,67.281036,40.668759,63.281178,40.634619,65.081112,40.649982,51.592390,40.098279
30.620000,0.020000,3.000000,4.000000,1.800000,13.500000,2.000000,0.000000,0.000000,0.008485,0.486169,0.040728,2.333536,-0.003312,-0.189757,-0.032243,-1.847368,-0.008485,0.032243,67.341035,40.669071,63.341175,40.635131,65.141110,40.650404,51.652306,40.100729
30.640000,0.020000,3.000000,4.000000,1.800000,13.500000,2.000000,0.000000,0.000000,0.008436,0.483322,0.040578,2.324948,-0.003302,-0.189168,-0.032142,-1.841626,-0.008436,0.032142,67.401034,40.669382,63.401173,40.635640,65.201109,40.650824,51.712222,40.103171
30.660000,0.020000,3.000000,4.000000,1.800000,13.500000,2.000000,0.000000,0.000000,0.008386,0.480485,0.040429,2.316386,-0.003291,-0.188580,-0.032043,-1.835901,-0.008386,0.032043,67.461033,40.669690,63.461170,40.636146,65.261107,40.651241,51.772138,40.105604
30.680000,0.020000,3.000000,4.000000,1.800000,13.500000,2.000000,0.000000,0.000000,0.008337,0.477656,0.040280,2.307851,-0.003281,-0.187995,-0.031943,-1.830195,-0.008337,0.031943,67.521032,40.669995,63.521168,40.636649,65.321105,40.651655,51.832055,40.108027
30.700000,0.020000,3.000000,4.000000,1.800000,13.500000,2.000000,0.000000,0.000000,0.008287,0.474836,0.040131,2.299343,-0.003271,-0.187411,-0.031844,-1.824506,-0.008287,0.031844,67.581032,40.670299,63.581165,40.637149,65.381104,40.652067,51.891973,40.110442
30.720000,0.020000,3.000000,4.000000,1.800000,13.500000,2.000000,0.000000,0.000000,0.008238,0.472025,0.039983,2.290860,-0.003261,-0.186828,-0.031745,-1.818835,-0.008238,0.031745,67.641031,40.670600,63.641163,40.637647,65.441102,40.652475,51.951891,40.112848
30.740000,0.020000,3.000000,4.000000,1.800000,13.500000,2.000000,0.000000,0.000000,0.008189,0.469223,0.039835,2.282405,-0.003251,-0.186248,-0.031646,-1.813182,-0.008189,0.031646,67.701030,40.670898,63.701161,40.638141,65.501100,40.652882,52.011810,40.115245
30.760000,0.020000,3.000000,4.000000,1.800000,13.500000,2.000000,0.000000,0.000000,0.008141,0.466429,0.039688,2.273975,-0.003241,-0.185670,-0.031548,-1.807546,-0.008141,0.031548,67.761029,40.671195,63.761158,40.638632,65.561099,40.653285,52.071730,40.117633
30.780000,0.020000,3.000000,4.000000,1.800000,13.500000,2.000000,0.000000,0.000000,0.008092,0.463644,0.039542,2.265572,-0.003230,-0.185093,-0.031450,-1.801928,-0.008092,0.031450,67.821029,40.671489,63.821156,40.639121,65.621097,40.653686,52.131650,40.120013
30.800000,0.020000,3.000000,4.000000,1.800000,13.500000,2.000000,0.000000,0.000000,0.008044,0.460867,0.039395,2.257195,-0.003220,-0.184518,-0.031352,-1.796327,-0.008044,0.031352,67.881028,40.671780,63.881154,40.639606,65.681096,40.654085,52.191570,40.122383
30.820000,0.020000,3.000000,4.000000,1.800000,13.500000,2.000000,0.000000,0.000000,0.007995,0.458100,0.039250,2.248843,-0.003210,-0.183945,-0.031254,-1.790744,-0.007995,0.031254,67.941027,40.672070,63.941152,40.640089,65.741094,40.654480,52.251491,40.124745
30.840000,0.020000,3.000000,4.000000,1.800000,13.500000,2.000000,0.000000,0.000000,0.007947,0.455341,0.039104,2.240518,-0.003200,-0.183374,-0.031157,-1.785178,-0.007947,0.031157,68.001027,40.672357,64.001149,40.640568,65.801092,40.654873,52.311413,40.127098
30.860000,0.020000,3.000000,4.000000,1.800000,13.500000,2.000000,0.000000,0.000000,0.007899,0.452590,0.038960,2.232219,-0.003191,-0.182804,-0.031060,-1.779629,-0.007899,0.031060,68.061026,40.672642,64.061147,40.641045,65.861091,40.655264,52.371335,40.129443
30.880000,0.020000,3.000000,4.000000,1.800000,13.500000,2.000000,0.000000,0.000000,0.007851,0.449848,0.038815,2.223945,-0.003181,-0.182236,-0.030964,-1.774097,-0.007851,0.030964,68.121025,40.672924,64.121145,40.641519,65.921089,40.655651,52.431258,40.131778
30.900000,0.020000,3.000000,4.000000,1.800000,13.500000,2.000000,0.000000,0.000000,0.007804,0.447114,0.038671,2.215697,-0.003171,-0.181670,-0.030868,-1.768583,-0.007804,0.030868,68.181025,40.673204,64.181143,40.641990,65.981088,40.656037,52.491181,40.134105
30.920000,0.020000,3.000000,4.000000,1.800000,13.500000,2.000000,0.000000,0.000000,0.007756,0.444389,0.038528,2.207475,-0.003161,-0.181106,-0.030772,-1.763086,-0.007756,0.030772,68.241024,40.673482,64.241141,40.642459,66.041087,40.656419,52.551105,40.136424
30.940000,0.020000,3.000000,4.000000,1.800000,13.500000,2.000000,0.000000,0.000000,0.007709,0.441673,0.038385,2.199278,-0.003151,-0.180543,-0.030676,-1.757606,-0.007709,0.030676,68.301023,40.673758,64.301139,40.642924,66.101085,40.656799,52.611029,40.138734
30.960000,0.020000,3.000000,4.000000,1.800000,13.500000,2.000000,0.000000,0.000000,0.007661,0.438965,0.038242,2.191107,-0.003141,-0.179982,-0.030581,-1.752143,-0.007661,0.030581,68.361023,40.674032,64.361136,40.643386,66.161084,40.657177,52.670954,40.141035
30.980000,0.020000,3.000000,4.000000,1.800000,13.500000,2.000000,0.000000,0.000000,0.007614,0.436265,0.038100,2.182961,-0.003132,-0.179423,-0.030486,-1.746697,-0.007614,0.030486,68.421022,40.674303,64.421134,40.643846,66.221082,40.657552,52.730879,40.143328
31.000000,0.020000,3.000000,4.000000,1.800000,13.500000,2.000000,0.000000,0.000000,0.007567,0.433574,0.037958,2.174841,-0.003122,-0.178866,-0.030391,-1.741267,-0.007567,0.030391,68.481021,40.674572,64.481132,40.644303,66.281081,40.657924,52.790805,40.145612
31.020000,0.020000,3.000000,4.000000,1.800000,13.500000,2.000000,0.000000,0.000000,0.007520,0.430891,0.037817,2.166746,-0.003112,-0.178310,-0.030296,-1.735855,-0.007520,0.030296,68.541021,40.674839,64.541130,40.644757,66.341079,40.658294,52.850732,40.147888
31.040000,0.020000,3.000000,4.000000,1.800000,13.500000,2.000000,0.000000,0.000000,0.007474,0.428216,0.037676,2.158675,-0.003102,-0.177756,-0.030202,-1.730460,-0.007474,0.030202,68.601020,40.675103,64.601128,40.645208,66.401078,40.658661,52.910658,40.150155
31.060000,0.020000,3.000000,4.000000,1.800000,13.500000,2.000000,0.000000,0.000000,0.007427,0.425550,0.037536,2.150630,-0.003093,-0.177204,-0.030108,-1.725081,-0.007427,0.030108,68.661020,40.675365,64.661126,40.645657,66.461077,40.659025,52.970586,40.152414
31.080000,0.020000,3.000000,4.000000,1.800000,13.500000,2.000000,0.000000,0.000000,0.007381,0.422891,0.037396,2.142610,-0.003083,-0.176654,-0.030015,-1.719719,-0.007381,0.030015,68.721019,40.675625,64.721124,40.646102,66.521075,40.659388,53.030514,40.154665
31.100000,0.020000,3.000000,4.000000,1.800000,13.500000,2.000000,0.000000,0.000000,0.007335,0.420242,0.037256,2.134615,-0.003074,-0.176105,-0.029921,-1.714373,-0.007335,0.029921,68.781019,40.675883,64.781123,40.646545,66.581074,40.659747,53.090442,40.156907
31.120000,0.020000,3.000000,4.000000,1.800000,13.500000,2.000000,0.000000,0.000000,0.007288,0.417600,0.037117,2.126645,-0.003064,-0.175558,-0.029828,-1.709045,-0.007288,0.029828,68.841018,40.676139,64.841121,40.646985,66.641073,40.660104,53.150371,40.159140
31.140000,0.020000,3.000000,4.000000,1.800000,13.500000,2.000000,0.000000,0.000000,0.007243,0.414967,0.036978,2.118699,-0.003055,-0.175013,-0.029736,-1.703733,-0.007243,0.029736,68.901018,40.676392,64.901119,40.647422,66.701072,40.660459,53.210300,40.161366
31.160000,0.020000,3.000000,4.000000,1.800000,13.500000,2.000000,0.000000,0.000000,0.007197,0.412342,0.036840,2.110778,-0.003045,-0.174469,-0.029643,-1.698437,-0.007197,0.029643,68.961017,40.676644,64.961117,40.647857,66.761070,40.660811,53.270230,40.163583
31.180000,0.020000,3.000000,4.000000,1.800000,13.500000,2.000000,0.000000,0.000000,0.007151,0.409725,0.036702,2.102882,-0.003036,-0.173927,-0.029551,-1.693158,-0.007151,0.029551,69.021016,40.676893,65.021115,40.648289,66.821069,40.661161,53.330161,40.165792
31.200000,0.020000,3.000000,4.000000,1.800000,13.500000,2.000000,0.000000,0.000000,0.007106,0.407116,0.036565,2.095010,-0.003026,-0.173387,-0.029459,-1.687895,-0.007106,0.029459,69.081016,40.677140,65.081113,40.648718,66.881068,40.661508,53.390092,40.167992
31.220000,0.020000,3.000000,4.000000,1.800000,13.500000,2.000000,0.000000,0.000000,0.007060,0.404515,0.036428,2.087163,-0.003017,-0.172848,-0.029368,-1.682648,-0.007060,0.029368,69.141015,40.677384,65.141112,40.649144,66.941067,40.661852,53.450023,40.170185
31.240000,0.020000,3.000000,4.000000,1.800000,13.500000,2.000000,0.000000,0.000000,0.007015,0.401922,0.036291,2.079340,-0.003007,-0.172311,-0.029276,-1.677418,-0.007015,0.029276,69.201015,40.677627,65.201110,40.649568,67.001065,40.662194,53.509955,40.172369
31.260000,0.020000,3.000000,4.000000,1.800000,13.500000,2.000000,0.000000,0.000000,0.006970,0.399337,0.036155,2.071542,-0.002998,-0.171776,-0.029185,-1.672204,-0.006970,0.029185,69.261015,40.677867,65.261108,40.649989,67.061064,40.662534,53.569887,40.174545
31.280000,0.020000,3.000000,4.000000,1.800000,13.500000,2.000000,0.000000,0.000000,0.006925,0.396761,0.036020,2.063767,-0.002989,-0.171242,-0.029095,-1.667007,-0.006925,0.029095,69.321014,40.678106,65.321106,40.650407,67.121063,40.662871,53.629820,40.176713
31.300000,0.020000,3.000000,4.000000,1.800000,13.500000,2.000000,0.000000,0.000000,0.006880,0.394192,0.035884,2.056017,-0.002979,-0.170710,-0.029004,-1.661825,-0.006880,0.029004,69.381014,40.678342,65.381105,40.650822,67.181062,40.663206,53.689753,40.178872
31.320000,0.020000,3.000000,4.000000,1.800000,13.500000,2.000000,0.000000,0.000000,0.006835,0.391632,0.035749,2.048291,-0.002970,-0.170180,-0.028914,-1.656660,-0.006835,0.028914,69.441013,40.678576,65.441103,40.651235,67.241061,40.663538,53.749687,40.181024
31.340000,0.020000,3.000000,4.000000,1.800000,13.500000,2.000000,0.000000,0.000000,0.006791,0.389079,0.035615,2.040589,-0.002961,-0.169651,-0.028824,-1.651510,-0.006791,0.028824,69.501013,40.678808,65.501101,40.651645,67.301060,40.663868,53.809621,40.183168
31.360000,0.020000,3.000000,4.000000,1.800000,13.500000,2.000000,0.000000,0.000000,0.006746,0.386534,0.035481,2.032911,-0.002952,-0.169124,-0.028735,-1.646377,-0.006746,0.028735,69.561012,40.679038,65.561100,40.652053,67.361059,40.664196,53.869555,40.185303
31.380000,0.020000,3.000000,4.000000,1.800000,13.500000,2.000000,0.000000,0.000000,0.006702,0.383997,0.035347,2.025257,-0.002943,-0.168599,-0.028645,-1.641259,-0.006702,0.028645,69.621012,40.679265,65.621098,40.652457,67.421058,40.664521,53.929490,40.187430
31.400000,0.020000,3.000000,4.000000,1.800000,13.500000,2.000000,0.000000,0.000000,0.006658,0.381468,0.035214,2.017626,-0.002933,-0.168075,-0.028556,-1.636158,-0.006658,0.028556,69.681011,40.679491,65.681096,40.652860,67.481056,40.664844,53.989426,40.189550
31.420000,0.020000,3.000000,4.000000,1.800000,13.500000,2.000000,0.000000,0.000000,0.006614,0.378947,0.035081,2.010019,-0.002924,-0.167553,-0.028468,-1.631072,-0.006614,0.028468,69.741011,40.679714,65.741095,40.653259,67.541055,40.665164,54.049362,40.191661
31.440000,0.020000,3.000000,4.000000,1.800000,13.500000,2.000000,0.000000,0.000000,0.006570,0.376434,0.034949,2.002436,-0.002915,-0.167033,-0.028379,-1.626002,-0.006570,0.028379,69.801011,40.679936,65.801093,40.653656,67.601054,40.665482,54.109298,40.193765
31.460000,0.020000,3.000000,4.000000,1.800000,13.500000,2.000000,0.000000,0.000000,0.006526,0.373928,0.034817,1.994877,-0.002906,-0.166514,-0.028291,-1.620948,-0.006526,0.028291,69.861010,40.680155,65.861092,40.654050,67.661053,40.665797,54.169235,40.195861
31.480000,0.020000,3.000000,4.000000,1.800000,13.500000,2.000000,0.000000,0.000000,0.006483,0.371431,0.034686,1.987340,-0.002897,-0.165996,-0.028203,-1.615910,-0.006483,0.028203,69.921010,40.680372,65.921090,40.654442,67.721052,40.666110,54.229172,40.197948
31.500000,0.020000,3.000000,4.000000,1.800000,13.500000,2.000000,0.000000,0.000000,0.006439,0.368941,0.034555,1.979828,-0.002888,-0.165481,-0.028115,-1.610887,-0.006439,0.028115,69.981009,40.680587,65.981089,40.654831,67.781051,40.666421,54.289110,40.200028
31.520000,0.020000,3.000000,4.000000,1.800000,13.500000,2.000000,0.000000,0.000000,0.006396,0.366459,0.034424,1.972338,-0.002879,-0.164967,-0.028028,-1.605880,-0.006396,0.028028,70.041009,40.680800,66.041087,40.655217,67.841050,40.666729,54.349048,40.202100
31.540000,0.020000,3.000000,4.000000,1.800000,13.500000,2.000000,0.000000,0.000000,0.006353,0.363984,0.034293,1.964872,-0.002870,-0.164454,-0.027941,-1.600888,-0.006353,0.027941,70.101009,40.681011,66.101086,40.655601,67.901049,40.667035,54.408987,40.204164
31.560000,0.020000,3.000000,4.000000,1.800000,13.500000,2.000000,0.000000,0.000000,0.006310,0.361517,0.034164,1.957429,-0.002861,-0.163943,-0.027854,-1.595912,-0.006310,0.027854,70.161008,40.681220,66.161084,40.655982,67.961048,40.667339,54.468926,40.206220
31.580000,0.020000,3.000000,4.000000,1.800000,13.500000,2.000000,0.000000,0.000000,0.006267,0.359058,0.034034,1.950010,-0.002852,-0.163434,-0.027767,-1.590952,-0.006267,0.027767,70.221008,40.681427,66.221083,40.656360,68.021047,40.667640,54.528865,40.208269
31.600000,0.020000,3.000000,4.000000,1.800000,13.500000,2.000000,0.000000,0.000000,0.006224,0.356607,0.033905,1.942613,-0.002844,-0.162926,-0.027681,-1.586006,-0.006224,0.027681,70.281008,40.681632,66.281081,40.656736,68.081046,40.667939,54.588805,40.210310
31.620000,0.020000,3.000000,4.000000,1.800000,13.500000,2.000000,0.000000,0.000000,0.006181,0.354163,0.033776,1.935239,-0.002835,-0.162420,-0.027595,-1.581077,-0.006181,0.027595,70.341007,40.681835,66.341080,40.657110,68.141045,40.668236,54.648745,40.212343
31.640000,0.020000,3.000000,4.000000,1.800000,13.500000,2.000000,0.000000,0.000000,0.006139,0.351726,0.033648,1.927888,-0.002826,-0.161915,-0.027509,-1.576162,-0.006139,0.027509,70.401007,40.682036,66.401078,40.657481,68.201045,40.668530,54.708686,40.214368
31.660000,0.020000,3.000000,4.000000,1.800000,13.500000,2.000000,0.000000,0.000000,0.006096,0.349298,0.033520,1.920560,-0.002817,-0.161412,-0.027424,-1.571263,-0.006096,0.027424,70.461007,40.682234,66.461077,40.657849,68.261044,40.668822,54.768627,40.216386
31.680000,0.020000,3.000000,4.000000,1.800000,13.500000,2.000000,0.000000,0.000000,0.006054,0.346876,0.033393,1.913255,-0.002808,-0.160911,-0.027338,-1.566379,-0.006054,0.027338,70.521006,40.682431,66.521076,40.658215,68.321043,40.669112,54.828569,40.218396
31.700000,0.020000,3.000000,4.000000,1.800000,13.500000,2.000000,0.000000,0.000000,0.006012,0.344463,0.033266,1.905973,-0.002800,-0.160411,-0.027253,-1.561510,-0.006012,0.027253,70.581006,40.682626,66.581074,40.658578,68.381042,40.669400,54.888511,40.220398
31.720000,0.020000,3.000000,4.000000,1.800000,13.500000,2.000000,0.000000,0.000000,0.005970,0.342057,0.033139,1.898713,-0.002791,-0.159913,-0.027169,-1.556656,-0.005970,0.027169,70.641006,40.682819,66.641073,40.658939,68.441041,40.669685,54.948453,40.222393
31.740000,0.020000,3.000000,4.000000,1.800000,13.500000,2.000000,0.000000,0.000000,0.005928,0.339658,0.033012,1.891476,-0.002782,-0.159416,-0.027084,-1.551818,-0.005928,0.027084,70.701005,40.683009,66.701072,40.659297,68.501040,40.669968,55.008396,40.224380
31.760000,0.020000,3.000000,4.000000,1.800000,13.500000,2.000000,0.000000,0.000000,0.005886,0.337267,0.032887,1.884261,-0.002774,-0.158921,-0.027000,-1.546994,-0.005886,0.027000,70.761005,40.683198,66.761071,40.659653,68.561039,40.670248,55.068339,40.226360
31.780000,0.020000,3.000000,4.000000,1.800000,13.500000,2.000000,0.000000,0.000000,0.005845,0.334883,0.032761,1.877068,-0.002765,-0.158427,-0.026916,-1.542185,-0.005845,0.026916,70.821005,40.683385,66.821069,40.660006,68.621039,40.670526,55.128283,40.228332
31.800000,0.020000,3.000000,4.000000,1.800000,13.500000,2.000000,0.000000,0.000000,0.005803,0.332507,0.032636,1.869898,-0.002756,-0.157935,-0.026833,-1.537392,-0.005803,0.026833,70.881004,40.683570,66.881068,40.660357,68.681038,40.670802,55.188226,40.230296
31.820000,0.020000,3.000000,4.000000,1.800000,13.500000,2.000000,0.000000,0.000000,0.005762,0.330138,0.032511,1.862751,-0.002748,-0.157444,-0.026749,-1.532613,-0.005762,0.026749,70.941004,40.683753,66.941067,40.660705,68.741037,40.671076,55.248171,40.232253
31.840000,0.020000,3.000000,4.000000,1.800000,13.500000,2.000000,0.000000,0.000000,0.005721,0.327776,0.032387,1.855625,-0.002739,-0.156955,-0.026666,-1.527849,-0.005721,0.026666,71.001004,40.683933,67.001066,40.661050,68.801036,40.671348,55.308116,40.234203
31.860000,0.020000,3.000000,4.000000,1.800000,13.500000,2.000000,0.000000,0.000000,0.005680,0.325422,0.032263,1.848522,-0.002731,-0.156467,-0.026583,-1.523100,-0.005680,0.026583,71.061004,40.684112,67.061064,40.661394,68.861035,40.671617,55.368061,40.236145
31.880000,0.020000,3.000000,4.000000,1.800000,13.500000,2.000000,0.000000,0.000000,0.005639,0.323075,0.032139,1.841440,-0.002722,-0.155981,-0.026500,-1.518366,-0.005639,0.026500,71.121003,40.684289,67.121063,40.661734,68.921035,40.671884,55.428006,40.238080
31.900000,0.020000,3.000000,4.000000,1.800000,13.500000,2.000000,0.000000,0.000000,0.005598,0.320735,0.032016,1.834381,-0.002714,-0.155496,-0.026418,-1.513646,-0.005598,0.026418,71.181003,40.684464,67.181062,40.662073,68.981034,40.672149,55.487952,40.240007
31.920000,0.020000,3.000000,4.000000,1.800000,13.500000,2.000000,0.000000,0.000000,0.005557,0.318402,0.031893,1.827344,-0.002705,-0.155013,-0.026336,-1.508941,-0.005557,0.026336,71.241003,40.684637,67.241061,40.662409,69.041033,40.672411,55.547898,40.241927
31.940000,0.020000,3.000000,4.000000,1.800000,13.500000,2.000000,0.000000,0.000000,0.005517,0.316077,0.031771,1.820328,-0.002697,-0.154532,-0.026254,-1.504251,-0.005517,0.026254,71.301003,40.684808,67.301060,40.662742,69.101032,40.672672,55.607845,40.243839
31.960000,0.020000,3.000000,4.000000,1.800000,13.500000,2.000000,0.000000,0.000000,0.005476,0.313759,0.031649,1.813334,-0.002689,-0.154052,-0.026173,-1.499575,-0.005476,0.026173,71.361002,40.684977,67.361059,40.663073,69.161032,40.672930,55.667792,40.245745
31.980000,0.020000,3.000000,4.000000,1.800000,13.500000,2.000000,0.000000,0.000000,0.005436,0.311448,0.031527,1.806362,-0.002680,-0.153573,-0.026091,-1.494914,-0.005436,0.026091,71.421002,40.685145,67.421057,40.663402,69.221031,40.673186,55.727739,40.247642
32.000000,0.020000,3.000000,4.000000,1.800000,13.500000,2.000000,0.000000,0.000000,0.005396,0.309145,0.031406,1.799412,-0.002672,-0.153096,-0.026010,-1.490267,-0.005396,0.026010,71.481002,40.685310,67.481056,40.663728,69.281030,40.673440,55.787687,40.249533
32.020000,0.020000,3.000000,4.000000,1.800000,13.500000,2.000000,0.000000,0.000000,0.005356,0.306848,0.031285,1.792483,-0.002664,-0.152620,-0.025929,-1.485635,-0.005356,0.025929,71.541002,40.685473,67.541055,40.664051,69.341029,40.673691,55.847635,40.251416
32.040000,0.020000,3.000000,4.000000,1.800000,13.500000,2.000000,0.000000,0.000000,0.005316,0.304559,0.031164,1.785576,-0.002655,-0.152146,-0.025849,-1.481017,-0.005316,0.025849,71.601001,40.685635,67.601054,40.664373,69.401029,40.673941,55.907584,40.253292
32.060000,0.020000,3.000000,4.000000,1.800000,13.500000,2.000000,0.000000,0.000000,0.005276,0.302277,0.031044,1.778690,-0.002647,-0.151673,-0.025768,-1.476413,-0.005276,0.025768,71.661001,40.685795,67.661053,40.664692,69.461028,40.674188,55.967533,40.255161
32.080000,0.020000,3.000000,4.000000,1.800000,13.500000,2.000000,0.000000,0.000000,0.005236,0.300002,0.030924,1.771826,-0.002639,-0.151202,-0.025688,-1.471824,-0.005236,0.025688,71.721001,40.685952,67.721052,40.665008,69.521027,40.674433,56.027482,40.257023
32.100000,0.020000,3.000000,4.000000,1.800000,13.500000,2.000000,0.000000,0.000000,0.005196,0.297734,0.030805,1.764983,-0.002631,-0.150732,-0.025608,-1.467249,-0.005196,0.025608,71.781001,40.686108,67.781051,40.665322,69.581027,40.674676,56.087432,40.258877
32.120000,0.020000,3.000000,4.000000,1.800000,13.500000,2.000000,0.000000,0.000000,0.005157,0.295473,0.030686,1.758161,-0.002623,-0.150264,-0.025529,-1.462688,-0.005157,0.025529,71.841001,40.686262,67.841050,40.665634,69.641026,40.674917,56.147381,40.260725
32.140000,0.020000,3.000000,4.000000,1.800000,13.500000,2.000000,0.000000,0.000000,0.005118,0.293219,0.030567,1.751361,-0.002614,-0.149797,-0.025449,-1.458142,-0.005118,0.025449,71.901000,40.686414,67.901049,40.665944,69.701025,40.675155,56.207332,40.262565
32.160000,0.020000,3.000000,4.000000,1.800000,13.500000,2.000000,0.000000,0.000000,0.005078,0.290972,0.030449,1.744581,-0.002606,-0.149332,-0.025370,-1.453609,-0.005078,0.025370,71.961000,40.686564,67.961048,40.666251,69.761025,40.675392,56.267282,40.264398
32.180000,0.020000,3.000000,4.000000,1.800000,13.500000,2.000000,0.000000,0.000000,0.005039,0.288732,0.030331,1.737823,-0.002598,-0.148868,-0.025291,-1.449091,-0.005039,0.025291,72.021000,40.686713,68.021047,40.666555,69.821024,40.675626,56.327233,40.266224
32.200000,0.020000,3.000000,4.000000,1.800000,13.500000,2.000000,0.000000,0.000000,0.005000,0.286499,0.030213,1.731086,-0.002590,-0.148405,-0.025213,-1.444587,-0.005000,0.025213,72.081000,40.686859,68.081046,40.666858,69.881024,40.675858,56.387185,40.268043
32.220000,0.020000,3.000000,4.000000,1.800000,13.500000,2.000000,0.000000,0.000000,0.004961,0.284273,0.030096,1.724369,-0.002582,-0.147944,-0.025134,-1.440096,-0.004961,0.025134,72.141000,40.687004,68.141045,40.667158,69.941023,40.676088,56.447136,40.269855
32.240000,0.020000,3.000000,4.000000,1.800000,13.500000,2.000000,0.000000,0.000000,0.004923,0.282054,0.029979,1.717674,-0.002574,-0.147484,-0.025056,-1.435620,-0.004923,0.025056,72.201000,40.687146,68.201044,40.667455,70.001022,40.676316,56.507088,40.271660
32.260000,0.020000,3.000000,4.000000,1.800000,13.500000,2.000000,0.000000,0.000000,0.004884,0.279842,0.029863,1.710999,-0.002566,-0.147026,-0.024978,-1.431158,-0.004884,0.024978,72.260999,40.687287,68.261043,40.667751,70.061022,40.676542,56.567041,40.273458
32.280000,0.020000,3.000000,4.000000,1.800000,13.500000,2.000000,0.000000,0.000000,0.004846,0.277636,0.029746,1.704345,-0.002558,-0.146569,-0.024901,-1.426709,-0.004846,0.024901,72.320999,40.687426,68.321042,40.668044,70.121021,40.676766,56.626993,40.275248
32.300000,0.020000,3.000000,4.000000,1.800000,13.500000,2.000000,0.000000,0.000000,0.004807,0.275438,0.029631,1.697712,-0.002550,-0.146114,-0.024823,-1.422274,-0.004807,0.024823,72.380999,40.687564,68.381041,40.668335,70.181021,40.676988,56.686947,40.277032
32.320000,0.020000,3.000000,4.000000,1.800000,13.500000,2.000000,0.000000,0.000000,0.004769,0.273246,0.029515,1.691099,-0.002542,-0.145660,-0.024746,-1.417853,-0.004769,0.024746,72.440999,40.687699,68.441041,40.668623,70.241020,40.677207,56.746900,40.278809
32.340000,0.020000,3.000000,4.000000,1.800000,13.500000,2.000000,0.000000,0.000000,0.004731,0.271061,0.029400,1.684507,-0.002534,-0.145207,-0.024669,-1.413446,-0.004731,0.024669,72.500999,40.687833,68.501040,40.668909,70.301020,40.677425,56.806854,40.280579
32.360000,0.020000,3.000000,4.000000,1.800000,13.500000,2.000000,0.000000,0.000000,0.004693,0.268883,0.029285,1.677935,-0.002526,-0.144756,-0.024593,-1.409052,-0.004693,0.024593,72.560999,40.687965,68.561039,40.669193,70.361019,40.677640,56.866808,40.282343
32.380000,0.020000,3.000000,4.000000,1.800000,13.500000,2.000000,0.000000,0.000000,0.004655,0.266712,0.029171,1.671384,-0.002519,-0.144306,-0.024516,-1.404673,-0.004655,0.024516,72.620998,40.688095,68.621038,40.669475,70.421018,40.677854,56.926762,40.284099
32.400000,0.020000,3.000000,4.000000,1.800000,13.500000,2.000000,0.000000,0.000000,0.004617,0.264547,0.029057,1.664853,-0.002511,-0.143858,-0.024440,-1.400306,-0.004617,0.024440,72.680998,40.688223,68.681037,40.669754,70.481018,40.678065,56.986717,40.285848
32.420000,0.020000,3.000000,4.000000,1.800000,13.500000,2.000000,0.000000,0.000000,0.004580,0.262389,0.028944,1.658343,-0.002503,-0.143411,-0.024364,-1.395954,-0.004580,0.024364,72.740998,40.688349,68.741036,40.670031,70.541017,40.678274,57.046672,40.287591
32.440000,0.020000,3.000000,4.000000,1.800000,13.500000,2.000000,0.000000,0.000000,0.004542,0.260238,0.028830,1.651852,-0.002495,-0.142965,-0.024288,-1.391614,-0.004542,0.024288,72.800998,40.688474,68.801035,40.670306,70.601017,40.678481,57.106627,40.289327
32.460000,0.020000,3.000000,4.000000,1.800000,13.500000,2.000000,0.000000,0.000000,0.004505,0.258093,0.028717,1.645382,-0.002487,-0.142521,-0.024213,-1.387289,-0.004505,0.024213,72.860998,40.688597,68.861035,40.670578,70.661016,40.678686,57.166583,40.291056
32.480000,0.020000,3.000000,4.000000,1.800000,13.500000,2.000000,0.000000,0.000000,0.004467,0.255956,0.028605,1.638932,-0.002480,-0.142078,-0.024137,-1.382976,-0.004467,0.024137,72.920998,40.688718,68.921034,40.670849,70.721016,40.678890,57.226539,40.292778
32.500000,0.020000,3.000000,4.000000,1.800000,13.500000,2.000000,0.000000,0.000000,0.004430,0.253824,0.028493,1.632502,-0.002472,-0.141637,-0.024062,-1.378678,-0.004430,0.024062,72.980998,40.688837,68.981033,40.671117,70.781015,40.679091,57.286495,40.294493
32.520000,0.020000,3.000000,4.000000,1.800000,13.500000,2.000000,0.000000,0.000000,0.004393,0.251700,0.028381,1.626092,-0.002464,-0.141197,-0.023988,-1.374392,-0.004393,0.023988,73.040998,40.688954,69.041032,40.671382,70.841015,40.679290,57.346451,40.296202
32.540000,0.020000,3.000000,4.000000,1.800000,13.500000,2.000000,0.000000,0.000000,0.004356,0.249582,0.028269,1.619702,-0.002457,-0.140758,-0.023913,-1.370120,-0.004356,0.023913,73.100997,40.689070,69.101032,40.671646,70.901014,40.679487,57.406408,40.297904
32.560000,0.020000,3.000000,4.000000,1.800000,13.500000,2.000000,0.000000,0.000000,0.004319,0.247471,0.028158,1.613332,-0.002449,-0.140321,-0.023839,-1.365861,-0.004319,0.023839,73.160997,40.689184,69.161031,40.671907,70.961014,40.679682,57.466366,40.299600
32.580000,0.020000,3.000000,4.000000,1.800000,13.500000,2.000000,0.000000,0.000000,0.004282,0.245366,0.028047,1.606981,-0.002441,-0.139885,-0.023765,-1.361615,-0.004282,0.023765,73.220997,40.689296,69.221030,40.672166,71.021014,40.679875,57.526323,40.301288
32.600000,0.020000,3.000000,4.000000,1.800000,13.500000,2.000000,0.000000,0.000000,0.004246,0.243268,0.027937,1.600651,-0.002434,-0.139450,-0.023691,-1.357383,-0.004246,0.023691,73.280997,40.689407,69.281029,40.672423,71.081013,40.680066,57.586281,40.302971
32.620000,0.020000,3.000000,4.000000,1.800000,13.500000,2.000000,0.000000,0.000000,0.004209,0.241176,0.027826,1.594339,-0.002426,-0.139017,-0.023617,-1.353164,-0.004209,0.023617,73.340997,40.689515,69.341029,40.672678,71.141013,40.680255,57.646239,40.304646
32.640000,0.020000,3.000000,4.000000,1.800000,13.500000,2.000000,0.000000,0.000000,0.004173,0.239091,0.027717,1.588048,-0.002419,-0.138585,-0.023544,-1.348957,-0.004173,0.023544,73.400997,40.689622,69.401028,40.672931,71.201012,40.680442,57.706197,40.306315
32.660000,0.020000,3.000000,4.000000,1.800000,13.500000,2.000000,0.000000,0.000000,0.004137,0.237012,0.027607,1.581776,-0.002411,-0.138154,-0.023471,-1.344764,-0.004137,0.023471,73.460997,40.689728,69.461027,40.673181,71.261012,40.680627,57.766156,40.307977
32.680000,0.020000,3.000000,4.000000,1.800000,13.500000,2.000000,0.000000,0.000000,0.004100,0.234939,0.027498,1.575524,-0.002404,-0.137725,-0.023398,-1.340584,-0.004100,0.023398,73.520997,40.689831,69.521027,40.673429,71.321011,40.680810,57.826115,40.309633
32.700000,0.020000,3.000000,4.000000,1.800000,13.500000,2.000000,0.000000,0.000000,0.004064,0.232874,0.027389,1.569291,-0.002396,-0.137297,-0.023325,-1.336417,-0.004064,0.023325,73.580997,40.689933,69.581026,40.673675,71.381011,40.680991,57.886074,40.311282
32.720000,0.020000,3.000000,4.000000,1.800000,13.500000,2.000000,0.000000,0.000000,0.004028,0.230814,0.027281,1.563077,-0.002389,-0.136870,-0.023252,-1.332263,-0.004028,0.023252,73.640997,40.690033,69.641025,40.673919,71.441011,40.681170,57.946034,40.312925
32.740000,0.020000,3.000000,4.000000,1.800000,13.500000,2.000000,0.000000,0.000000,0.003993,0.228761,0.027173,1.556883,-0.002381,-0.136445,-0.023180,-1.328122,-0.003993,0.023180,73.700997,40.690131,69.701025,40.674161,71.501010,40.681348,58.005994,40.314561
32.760000,0.020000,3.000000,4.000000,1.800000,13.500000,2.000000,0.000000,0.000000,0.003957,0.226714,0.027065,1.550708,-0.002374,-0.136021,-0.023108,-1.323993,-0.003957,0.023108,73.760996,40.690228,69.761024,40.674400,71.561010,40.681523,58.065954,40.316191
32.780000,0.020000,3.000000,4.000000,1.800000,13.500000,2.000000,0.000000,0.000000,0.003921,0.224674,0.026958,1.544552,-0.002367,-0.135598,-0.023036,-1.319878,-0.003921,0.023036,73.820996,40.690323,69.821023,40.674638,71.621009,40.681696,58.125914,40.317814
32.800000,0.020000,3.000000,4.000000,1.800000,13.500000,2.000000,0.000000,0.000000,0.003886,0.222640,0.026850,1.538415,-0.002359,-0.135177,-0.022965,-1.315775,-0.003886,0.022965,73.880996,40.690416,69.881023,40.674873,71.681009,40.681868,58.185875,40.319431
32.820000,0.020000,3.000000,4.000000,1.800000,13.500000,2.000000,0.000000,0.000000,0.003850,0.220612,0.026744,1.532298,-0.002352,-0.134757,-0.022893,-1.311685,-0.003850,0.022893,73.940996,40.690508,69.941022,40.675106,71.741009,40.682037,58.245836,40.321041
32.840000,0.020000,3.000000,4.000000,1.800000,13.500000,2.000000,0.000000,0.000000,0.003815,0.218591,0.026637,1.526199,-0.002345,-0.134338,-0.022822,-1.307608,-0.003815,0.022822,74.000996,40.690598,70.001021,40.675337,71.801008,40.682204,58.305797,40.322645
32.860000,0.020000,3.000000,4.000000,1.800000,13.500000,2.000000,0.000000,0.000000,0.003780,0.216576,0.026531,1.520119,-0.002337,-0.133921,-0.022751,-1.303543,-0.003780,0.022751,74.060996,40.690686,70.061021,40.675566,71.861008,40.682370,58.365759,40.324242
32.880000,0.020000,3.000000,4.000000,1.800000,13.500000,2.000000,0.000000,0.000000,0.003745,0.214567,0.026425,1.514059,-0.002330,-0.133505,-0.022680,-1.299491,-0.003745,0.022680,74.120996,40.690773,70.121020,40.675793,71.921008,40.682534,58.425721,40.325834
32.900000,0.020000,3.000000,4.000000,1.800000,13.500000,2.000000,0.000000,0.000000,0.003710,0.212565,0.026320,1.508017,-0.002323,-0.133090,-0.022610,-1.295452,-0.003710,0.022610,74.180996,40.690857,70.181020,40.676018,71.981007,40.682696,58.485683,40.327419
32.920000,0.020000,3.000000,4.000000,1.800000,13.500000,2.000000,0.000000,0.000000,0.003675,0.210568,0.026215,1.501993,-0.002316,-0.132676,-0.022540,-1.291425,-0.003675,0.022540,74.240996,40.690941,70.241019,40.676240,72.041007,40.682855,58.545645,40.328997
32.940000,0.020000,3.000000,4.000000,1.800000,13.500000,2.000000,0.000000,0.000000,0.003640,0.208578,0.026110,1.495989,-0.002308,-0.132264,-0.022470,-1.287411,-0.003640,0.022470,74.300996,40.691022,70.301018,40.676461,72.101007,40.683013,58.605608,40.330569
32.960000,0.020000,3.000000,4.000000,1.800000,13.500000,2.000000,0.000000,0.000000,0.003606,0.206594,0.026005,1.490003,-0.002301,-0.131853,-0.022400,-1.283409,-0.003606,0.022400,74.360996,40.691102,70.361018,40.676679,72.161006,40.683170,58.665571,40.332135
32.980000,0.020000,3.000000,4.000000,1.800000,13.500000,2.000000,0.000000,0.000000,0.003571,0.204616,0.025901,1.484036,-0.002294,-0.131443,-0.022330,-1.279420,-0.003571,0.022330,74.420996,40.691180,70.421017,40.676896,72.221006,40.683324,58.725534,40.333695
33.000000,0.020000,3.000000,4.000000,1.800000,13.500000,2.000000,0.000000,0.000000,0.003537,0.202645,0.025797,1.478087,-0.002287,-0.131035,-0.022261,-1.275443,-0.003537,0.022261,74.480996,40.691257,70.481017,40.677110,72.281006,40.683476,58.785497,40.335249
33.020000,0.020000,3.000000,4.000000,1.800000,13.500000,2.000000,0.000000,0.000000,0.003503,0.200679,0.025694,1.472157,-0.002280,-0.130628,-0.022191,-1.271478,-0.003503,0.022191,74.540996,40.691332,70.541016,40.677322,72.341005,40.683627,58.845461,40.336796
33.040000,0.020000,3.000000,4.000000,1.800000,13.500000,2.000000,0.000000,0.000000,0.003468,0.198720,0.025591,1.466246,-0.002273,-0.130222,-0.022122,-1.267526,-0.003468,0.022122,74.600996,40.691405,70.601016,40.677532,72.401005,40.683775,58.905425,40.338337
33.060000,0.020000,3.000000,4.000000,1.800000,13.500000,2.000000,0.000000,0.000000,0.003434,0.196767,0.025488,1.460352,-0.002266,-0.129817,-0.022054,-1.263586,-0.003434,0.022054,74.660996,40.691477,70.661015,40.677740,72.461005,40.683922,58.965389,40.339872
33.080000,0.020000,3.000000,4.000000,1.800000,13.500000,2.000000,0.000000,0.000000,0.003400,0.194819,0.025385,1.454477,-0.002259,-0.129414,-0.021985,-1.259658,-0.003400,0.021985,74.720996,40.691547,70.721015,40.677946,72.521004,40.684067,59.025354,40.341400
33.100000,0.020000,3.000000,4.000000,1.800000,13.500000,2.000000,0.000000,0.000000,0.003366,0.192878,0.025283,1.448620,-0.002252,-0.129012,-0.021917,-1.255742,-0.003366,0.021917,74.780996,40.691616,70.781014,40.678150,72.581004,40.684210,59.085319,40.342923
33.120000,0.020000,3.000000,4.000000,1.800000,13.500000,2.000000,0.000000,0.000000,0.003333,0.190943,0.025181,1.442782,-0.002245,-0.128611,-0.021849,-1.251839,-0.003333,0.021849,74.840995,40.691683,70.841014,40.678352,72.641004,40.684351,59.145284,40.344439
33.140000,0.020000,3.000000,4.000000,1.800000,13.500000,2.000000,0.000000,0.000000,0.003299,0.189014,0.025080,1.436961,-0.002238,-0.128211,-0.021781,-1.247948,-0.003299,0.021781,74.900995,40.691748,70.901013,40.678552,72.701003,40.684490,59.205249,40.345950
33.160000,0.020000,3.000000,4.000000,1.800000,13.500000,2.000000,0.000000,0.000000,0.003265,0.187091,0.024978,1.431159,-0.002231,-0.127813,-0.021713,-1.244068,-0.003265,0.021713,74.960995,40.691812,70.961013,40.678750,72.761003,40.684628,59.265214,40.347454
33.180000,0.020000,3.000000,4.000000,1.800000,13.500000,2.000000,0.000000,0.000000,0.003232,0.185173,0.024877,1.425375,-0.002224,-0.127416,-0.021646,-1.240201,-0.003232,0.021646,75.020995,40.691874,71.021012,40.678946,72.821003,40.684764,59.325180,40.348952
33.200000,0.020000,3.000000,4.000000,1.800000,13.500000,2.000000,0.000000,0.000000,0.003199,0.183262,0.024777,1.419608,-0.002217,-0.127020,-0.021578,-1.236346,-0.003199,0.021578,75.080995,40.691934,71.081012,40.679140,72.881003,40.684897,59.385146,40.350444
33.220000,0.020000,3.000000,4.000000,1.800000,13.500000,2.000000,0.000000,0.000000,0.003165,0.181357,0.024677,1.413860,-0.002210,-0.126625,-0.021511,-1.232503,-0.003165,0.021511,75.140995,40.691993,71.141011,40.679332,72.941002,40.685029,59.445112,40.351930
33.240000,0.020000,3.000000,4.000000,1.800000,13.500000,2.000000,0.000000,0.000000,0.003132,0.179457,0.024576,1.408129,-0.002203,-0.126231,-0.021444,-1.228672,-0.003132,0.021444,75.200995,40.692050,71.201011,40.679522,73.001002,40.685160,59.505079,40.353410
33.260000,0.020000,3.000000,4.000000,1.800000,13.500000,2.000000,0.000000,0.000000,0.003099,0.177564,0.024477,1.402417,-0.002196,-0.125839,-0.021378,-1.224853,-0.003099,0.021378,75.260995,40.692106,71.261010,40.679710,73.061002,40.685288,59.565046,40.354884
33.280000,0.020000,3.000000,4.000000,1.800000,13.500000,2.000000,0.000000,0.000000,0.003066,0.175676,0.024377,1.396722,-0.002189,-0.125448,-0.021311,-1.221045,-0.003066,0.021311,75.320995,40.692160,71.321010,40.679896,73.121002,40.685415,59.625013,40.356353
33.300000,0.020000,3.000000,4.000000,1.800000,13.500000,2.000000,0.000000,0.000000,0.003033,0.173795,0.024278,1.391044,-0.002183,-0.125058,-0.021245,-1.217250,-0.003033,0.021245,75.380995,40.692213,71.381010,40.680080,73.181001,40.685540,59.684980,40.357815
33.320000,0.020000,3.000000,4.000000,1.800000,13.500000,2.000000,0.000000,0.000000,0.003001,0.171919,0.024180,1.385385,-0.002176,-0.124670,-0.021179,-1.213466,-0.003001,0.021179,75.440995,40.692264,71.441009,40.680262,73.241001,40.685663,59.744947,40.359271
33.340000,0.020000,3.000000,4.000000,1.800000,13.500000,2.000000,0.000000,0.000000,0.002968,0.170049,0.024081,1.379743,-0.002169,-0.124282,-0.021113,-1.209694,-0.002968,0.021113,75.500995,40.692313,71.501009,40.680442,73.301001,40.685784,59.804915,40.360721
33.360000,0.020000,3.000000,4.000000,1.800000,13.500000,2.000000,0.000000,0.000000,0.002935,0.168185,0.023983,1.374118,-0.002162,-0.123896,-0.021048,-1.205934,-0.002935,0.021048,75.560995,40.692361,71.561008,40.680620,73.361001,40.685903,59.864883,40.362166
33.380000,0.020000,3.000000,4.000000,1.800000,13.500000,2.000000,0.000000,0.000000,0.002903,0.166326,0.023885,1.368511,-0.002156,-0.123511,-0.020982,-1.202185,-0.002903,0.020982,75.620995,40.692408,71.621008,40.680796,73.421000,40.686021,59.924851,40.363604
33.400000,0.020000,3.000000,4.000000,1.800000,13.500000,2.000000,0.000000,0.000000,0.002871,0.164473,0.023787,1.362922,-0.002149,-0.123127,-0.020917,-1.198448,-0.002871,0.020917,75.680995,40.692453,71.681008,40.680970,73.481000,40.686137,59.984819,40.365037
33.420000,0.020000,3.000000,4.000000,1.800000,13.500000,2.000000,0.000000,0.000000,0.002838,0.162627,0.023690,1.357349,-0.002142,-0.122745,-0.020852,-1.194723,-0.002838,0.020852,75.740995,40.692496,71.741007,40.681142,73.541000,40.686251,60.044788,40.366463
33.440000,0.020000,3.000000,4.000000,1.800000,13.500000,2.000000,0.000000,0.000000,0.002806,0.160785,0.023593,1.351794,-0.002136,-0.122363,-0.020787,-1.191009,-0.002806,0.020787,75.800995,40.692538,71.801007,40.681313,73.601000,40.686364,60.104757,40.367884
33.460000,0.020000,3.000000,4.000000,1.800000,13.500000,2.000000,0.000000,0.000000,0.002774,0.158950,0.023497,1.346257,-0.002129,-0.121983,-0.020722,-1.187307,-0.002774,0.020722,75.860995,40.692578,71.861006,40.681481,73.661000,40.686475,60.164726,40.369299
33.480000,0.020000,3.000000,4.000000,1.800000,13.500000,2.000000,0.000000,0.000000,0.002742,0.157120,0.023400,1.340736,-0.002122,-0.121604,-0.020658,-1.183616,-0.002742,0.020658,75.920995,40.692617,71.921006,40.681647,73.720999,40.686584,60.224695,40.370709
33.500000,0.020000,3.000000,4.000000,1.800000,13.500000,2.000000,0.000000,0.000000,0.002710,0.155296,0.023304,1.335233,-0.002116,-0.121226,-0.020594,-1.179937,-0.002710,0.020594,75.980995,40.692654,71.981006,40.681812,73.780999,40.686691,60.284665,40.372112
33.520000,0.020000,3.000000,4.000000,1.800000,13.500000,2.000000,0.000000,0.000000,0.002679,0.153478,0.023208,1.329747,-0.002109,-0.120849,-0.020530,-1.176269,-0.002679,0.020530,76.040995,40.692689,72.041005,40.681975,73.840999,40.686796,60.344635,40.373510
33.540000,0.020000,3.000000,4.000000,1.800000,13.500000,2.000000,0.000000,0.000000,0.002647,0.151665,0.023113,1.324278,-0.002103,-0.120474,-0.020466,-1.172613,-0.002647,0.020466,76.100995,40.692724,72.101005,40.682135,73.900999,40.686900,60.404604,40.374902
33.560000,0.020000,3.000000,4.000000,1.800000,13.500000,2.000000,0.000000,0.000000,0.002616,0.149858,0.023018,1.318826,-0.002096,-0.120099,-0.020402,-1.168968,-0.002616,0.020402,76.160995,40.692756,72.161005,40.682294,73.960999,40.687002,60.464575,40.376289
33.580000,0.020000,3.000000,4.000000,1.800000,13.500000,2.000000,0.000000,0.000000,0.002584,0.148056,0.022923,1.313390,-0.002090,-0.119726,-0.020339,-1.165334,-0.002584,0.020339,76.220995,40.692787,72.221004,40.682451,74.020998,40.687102,60.524545,40.377669
33.600000,0.020000,3.000000,4.000000,1.800000,13.500000,2.000000,0.000000,0.000000,0.002553,0.146261,0.022828,1.307972,-0.002083,-0.119354,-0.020276,-1.161712,-0.002553,0.020276,76.280995,40.692817,72.281004,40.682606,74.080998,40.687201,60.584516,40.379044
33.620000,0.020000,3.000000,4.000000,1.800000,13.500000,2.000000,0.000000,0.000000,0.002521,0.144470,0.022734,1.302571,-0.002077,-0.118983,-0.020213,-1.158100,-0.002521,0.020213,76.340995,40.692845,72.341004,40.682759,74.140998,40.687298,60.644487,40.380413
33.640000,0.020000,3.000000,4.000000,1.800000,13.500000,2.000000,0.000000,0.000000,0.002490,0.142685,0.022640,1.297186,-0.002070,-0.118613,-0.020150,-1.154501,-0.002490,0.020150,76.400995,40.692872,72.401003,40.682911,74.200998,40.687393,60.704458,40.381777
33.660000,0.020000,3.000000,4.000000,1.800000,13.500000,2.000000,0.000000,0.000000,0.002459,0.140906,0.022546,1.291818,-0.002064,-0.118245,-0.020087,-1.150912,-0.002459,0.020087,76.460995,40.692897,72.461003,40.683060,74.260998,40.687487,60.764429,40.383135
33.680000,0.020000,3.000000,4.000000,1.800000,13.500000,2.000000,0.000000,0.000000,0.002428,0.139133,0.022453,1.286467,-0.002057,-0.117877,-0.020025,-1.147334,-0.002428,0.020025,76.520995,40.692921,72.521003,40.683208,74.320997,40.687579,60.824400,40.384487
33.700000,0.020000,3.000000,4.000000,1.800000,13.500000,2.000000,0.000000,0.000000,0.002397,0.137364,0.022360,1.281132,-0.002051,-0.117511,-0.019963,-1.143768,-0.002397,0.019963,76.580995,40.692943,72.581002,40.683353,74.380997,40.687669,60.884372,40.385834
33.720000,0.020000,3.000000,4.000000,1.800000,13.500000,2.000000,0.000000,0.000000,0.002367,0.135602,0.022267,1.275814,-0.002045,-0.117146,-0.019900,-1.140212,-0.002367,0.019900,76.640995,40.692964,72.641002,40.683497,74.440997,40.687757,60.944344,40.387175
33.740000,0.020000,3.000000,4.000000,1.800000,13.500000,2.000000,0.000000,0.000000,0.002336,0.133845,0.022175,1.270513,-0.002038,-0.116782,-0.019839,-1.136668,-0.002336,0.019839,76.700995,40.692983,72.701002,40.683639,74.500997,40.687844,61.004316,40.388511
33.760000,0.020000,3.000000,4.000000,1.800000,13.500000,2.000000,0.000000,0.000000,0.002305,0.132093,0.022082,1.265228,-0.002032,-0.116419,-0.019777,-1.133135,-0.002305,0.019777,76.760995,40.693001,72.761002,40.683779,74.560997,40.687929,61.064288,40.389841
33.780000,0.020000,3.000000,4.000000,1.800000,13.500000,2.000000,0.000000,0.000000,0.002275,0.130347,0.021990,1.259959,-0.002026,-0.116057,-0.019715,-1.129612,-0.002275,0.019715,76.820995,40.693018,72.821001,40.683918,74.620997,40.688013,61.124261,40.391166
33.800000,0.020000,3.000000,4.000000,1.800000,13.500000,2.000000,0.000000,0.000000,0.002245,0.128606,0.021899,1.254707,-0.002019,-0.115696,-0.019654,-1.126101,-0.002245,0.019654,76.880995,40.693032,72.881001,40.684054,74.680996,40.688094,61.184233,40.392485
33.820000,0.020000,3.000000,4.000000,1.800000,13.500000,2.000000,0.000000,0.000000,0.002214,0.126870,0.021807,1.249471,-0.002013,-0.115337,-0.019593,-1.122601,-0.002214,0.019593,76.940995,40.693046,72.941001,40.684189,74.740996,40.688175,61.244206,40.393798
33.840000,0.020000,3.000000,4.000000,1.800000,13.500000,2.000000,0.000000,0.000000,0.002184,0.125140,0.021716,1.244251,-0.002007,-0.114978,-0.019532,-1.119111,-0.002184,0.019532,77.000995,40.693058,73.001000,40.684322,74.800996,40.688253,61.304179,40.395106
33.860000,0.020000,3.000000,4.000000,1.800000,13.500000,2.000000,0.000000,0.000000,0.002154,0.123416,0.021625,1.239048,-0.002001,-0.114621,-0.019471,-1.115632,-0.002154,0.019471,77.060995,40.693069,73.061000,40.684453,74.860996,40.688330,61.364153,40.396409
33.880000,0.020000,3.000000,4.000000,1.800000,13.500000,2.000000,0.000000,0.000000,0.002124,0.121696,0.021535,1.233861,-0.001994,-0.114265,-0.019411,-1.112164,-0.002124,0.019411,77.120995,40.693078,73.121000,40.684582,74.920996,40.688405,61.424126,40.397706
33.900000,0.020000,3.000000,4.000000,1.800000,13.500000,2.000000,0.000000,0.000000,0.002094,0.119982,0.021445,1.228689,-0.001988,-0.113910,-0.019351,-1.108707,-0.002094,0.019351,77.180995,40.693086,73.181000,40.684709,74.980996,40.688479,61.484100,40.398998
33.920000,0.020000,3.000000,4.000000,1.800000,13.500000,2.000000,0.000000,0.000000,0.002064,0.118274,0.021355,1.223534,-0.001982,-0.113556,-0.019290,-1.105261,-0.002064,0.019290,77.240995,40.693092,73.240999,40.684835,75.040996,40.688551,61.544074,40.400284
33.940000,0.020000,3.000000,4.000000,1.800000,13.500000,2.000000,0.000000,0.000000,0.002035,0.116570,0.021265,1.218395,-0.001976,-0.113203,-0.019230,-1.101825,-0.002035,0.019230,77.300995,40.693097,73.300999,40.684959,75.100995,40.688621,61.604048,40.401565
33.960000,0.020000,3.000000,4.000000,1.800000,13.500000,2.000000,0.000000,0.000000,0.002005,0.114872,0.021176,1.213272,-0.001970,-0.112851,-0.019171,-1.098400,-0.002005,0.019171,77.360995,40.693101,73.360999,40.685081,75.160995,40.688690,61.664022,40.402841
33.980000,0.020000,3.000000,4.000000,1.800000,13.500000,2.000000,0.000000,0.000000,0.001975,0.113180,0.021086,1.208165,-0.001964,-0.112500,-0.019111,-1.094986,-0.001975,0.019111,77.420995,40.693103,73.420999,40.685201,75.220995,40.688757,61.723996,40.404111
34.000000,0.020000,3.000000,4.000000,1.800000,13.500000,2.000000,0.000000,0.000000,0.001946,0.111492,0.020998,1.203074,-0.001957,-0.112151,-0.019052,-1.091582,-0.001946,0.019052,77.480995,40.693103,73.480998,40.685320,75.280995,40.688822,61.783971,40.405376
34.020000,0.020000,3.000000,4.000000,1.800000,13.500000,2.000000,0.000000,0.000000,0.001917,0.109810,0.020909,1.197999,-0.001951,-0.111802,-0.018992,-1.088189,-0.001917,0.018992,77.540995,40.693103,73.540998,40.685436,75.340995,40.688886,61.843946,40.406635
34.040000,0.020000,3.000000,4.000000,1.800000,13.500000,2.000000,0.000000,0.000000,0.001887,0.108133,0.020821,1.192939,-0.001945,-0.111455,-0.018933,-1.084806,-0.001887,0.018933,77.600995,40.693101,73.600998,40.685551,75.400995,40.688949,61.903921,40.407889
34.060000,0.020000,3.000000,4.000000,1.800000,13.500000,2.000000,0.000000,0.000000,0.001858,0.106461,0.020733,1.187895,-0.001939,-0.111108,-0.018875,-1.081434,-0.001858,0.018875,77.660995,40.693097,73.660998,40.685665,75.460995,40.689009,61.963896,40.409138
34.080000,0.020000,3.000000,4.000000,1.800000,13.500000,2.000000,0.000000,0.000000,0.001829,0.104794,0.020645,1.182867,-0.001933,-0.110763,-0.018816,-1.078072,-0.001829,0.018816,77.720995,40.693092,73.720998,40.685776,75.520995,40.689068,62.023871,40.410382
34.100000,0.020000,3.000000,4.000000,1.800000,13.500000,2.000000,0.000000,0.000000,0.001800,0.103133,0.020557,1.177854,-0.001927,-0.110419,-0.018757,-1.074721,-0.001800,0.018757,77.780995,40.693086,73.780997,40.685886,75.580994,40.689126,62.083847,40.411620
34.120000,0.020000,3.000000,4.000000,1.800000,13.500000,2.000000,0.000000,0.000000,0.001771,0.101477,0.020470,1.172857,-0.001921,-0.110076,-0.018699,-1.071380,-0.001771,0.018699,77.840995,40.693078,73.840997,40.685994,75.640994,40.689182,62.143823,40.412853
34.140000,0.020000,3.000000,4.000000,1.800000,13.500000,2.000000,0.000000,0.000000,0.001742,0.099825,0.020383,1.167876,-0.001915,-0.109734,-0.018641,-1.068050,-0.001742,0.018641,77.900995,40.693069,73.900997,40.686100,75.700994,40.689236,62.203799,40.414081
34.160000,0.020000,3.000000,4.000000,1.800000,13.500000,2.000000,0.000000,0.000000,0.001714,0.098179,0.020297,1.162909,-0.001909,-0.109393,-0.018583,-1.064730,-0.001714,0.018583,77.960995,40.693059,73.960997,40.686205,75.760994,40.689289,62.263775,40.415304
34.180000,0.020000,3.000000,4.000000,1.800000,13.500000,2.000000,0.000000,0.000000,0.001685,0.096539,0.020210,1.157959,-0.001903,-0.109053,-0.018525,-1.061420,-0.001685,0.018525,78.020995,40.693047,74.020997,40.686308,75.820994,40.689340,62.323751,40.416521
34.200000,0.020000,3.000000,4.000000,1.800000,13.500000,2.000000,0.000000,0.000000,0.001656,0.094903,0.020124,1.153024,-0.001897,-0.108714,-0.018468,-1.058121,-0.001656,0.018468,78.080995,40.693034,74.080996,40.686409,75.880994,40.689390,62.383727,40.417734
34.220000,0.020000,3.000000,4.000000,1.800000,13.500000,2.000000,0.000000,0.000000,0.001628,0.093272,0.020038,1.148104,-0.001892,-0.108376,-0.018410,-1.054832,-0.001628,0.018410,78.140995,40.693020,74.140996,40.686508,75.940994,40.689438,62.443704,40.418941
34.240000,0.020000,3.000000,4.000000,1.800000,13.500000,2.000000,0.000000,0.000000,0.001600,0.091646,0.019953,1.143199,-0.001886,-0.108039,-0.018353,-1.051553,-0.001600,0.018353,78.200995,40.693004,74.200996,40.686606,76.000994,40.689485,62.503681,40.420143
34.260000,0.020000,3.000000,4.000000,1.800000,13.500000,2.000000,0.000000,0.000000,0.001571,0.090026,0.019867,1.138310,-0.001880,-0.107703,-0.018296,-1.048284,-0.001571,0.018296,78.260995,40.692987,74.260996,40.686702,76.060994,40.689530,62.563658,40.421340
34.280000,0.020000,3.000000,4.000000,1.800000,13.500000,2.000000,0.000000,0.000000,0.001543,0.088410,0.019782,1.133436,-0.001874,-0.107369,-0.018239,-1.045025,-0.001543,0.018239,78.320995,40.692968,74.320996,40.686796,76.120993,40.689573,62.623635,40.422531
34.300000,0.020000,3.000000,4.000000,1.800000,13.500000,2.000000,0.000000,0.000000,0.001515,0.086800,0.019697,1.128577,-0.001868,-0.107035,-0.018182,-1.041777,-0.001515,0.018182,78.380995,40.692948,74.380995,40.686889,76.180993,40.689615,62.683612,40.423718
34.320000,0.020000,3.000000,4.000000,1.800000,13.500000,2.000000,0.000000,0.000000,0.001487,0.085194,0.019613,1.123733,-0.001862,-0.106702,-0.018126,-1.038539,-0.001487,0.018126,78.440995,40.692927,74.440995,40.686979,76.240993,40.689656,62.743590,40.424900
34.340000,0.020000,3.000000,4.000000,1.800000,13.500000,2.000000,0.000000,0.000000,0.001459,0.083594,0.019529,1.118904,-0.001857,-0.106371,-0.018070,-1.035310,-0.001459,0.018070,78.500995,40.692905,74.500995,40.687069,76.300993,40.689695,62.803567,40.426076
34.360000,0.020000,3.000000,4.000000,1.800000,13.500000,2.000000,0.000000,0.000000,0.001431,0.081998,0.019445,1.114090,-0.001851,-0.106040,-0.018013,-1.032092,-0.001431,0.018013,78.560995,40.692881,74.560995,40.687156,76.360993,40.689732,62.863545,40.427247
34.380000,0.020000,3.000000,4.000000,1.800000,13.500000,2.000000,0.000000,0.000000,0.001403,0.080408,0.019361,1.109291,-0.001845,-0.105711,-0.017957,-1.028884,-0.001403,0.017957,78.620995,40.692856,74.620995,40.687242,76.420993,40.689768,62.923523,40.428414
34.400000,0.020000,3.000000,4.000000,1.800000,13.500000,2.000000,0.000000,0.000000,0.001376,0.078822,0.019277,1.104507,-0.001839,-0.105382,-0.017902,-1.025686,-0.001376,0.017902,78.680995,40.692829,74.680995,40.687326,76.480993,40.689803,62.983501,40.429575
34.420000,0.020000,3.000000,4.000000,1.800000,13.500000,2.000000,0.000000,0.000000,0.001348,0.077241,0.019194,1.099738,-0.001834,-0.105055,-0.017846,-1.022497,-0.001348,0.017846,78.740995,40.692801,74.740994,40.687409,76.540993,40.689835,63.043480,40.430732
34.440000,0.020000,3.000000,4.000000,1.800000,13.500000,2.000000,0.000000,0.000000,0.001321,0.075665,0.019111,1.094984,-0.001828,-0.104728,-0.017790,-1.019319,-0.001321,0.017790,78.800995,40.692772,74.800994,40.687490,76.600993,40.689867,63.103458,40.431883
34.460000,0.020000,3.000000,4.000000,1.800000,13.500000,2.000000,0.000000,0.000000,0.001293,0.074094,0.019028,1.090245,-0.001822,-0.104403,-0.017735,-1.016150,-0.001293,0.017735,78.860995,40.692742,74.860994,40.687569,76.660993,40.689897,63.163437,40.433029
34.480000,0.020000,3.000000,4.000000,1.800000,13.500000,2.000000,0.000000,0.000000,0.001266,0.072528,0.018946,1.085520,-0.001817,-0.104078,-0.017680,-1.012991,-0.001266,0.017680,78.920995,40.692710,74.920994,40.687647,76.720993,40.689925,63.223415,40.434171
34.500000,0.020000,3.000000,4.000000,1.800000,13.500000,2.000000,0.000000,0.000000,0.001239,0.070967,0.018864,1.080810,-0.001811,-0.103755,-0.017625,-1.009843,-0.001239,0.017625,78.980995,40.692677,74.980994,40.687722,76.780992,40.689952,63.283394,40.435307
34.520000,0.020000,3.000000,4.000000,1.800000,13.500000,2.000000,0.000000,0.000000,0.001211,0.069411,0.018782,1.076114,-0.001805,-0.103432,-0.017570,-1.006703,-0.001211,0.017570,79.040995,40.692643,75.040994,40.687797,76.840992,40.689977,63.343373,40.436439
34.540000,0.020000,3.000000,4.000000,1.800000,13.500000,2.000000,0.000000,0.000000,0.001184,0.067859,0.018700,1.071434,-0.001800,-0.103111,-0.017516,-1.003574,-0.001184,0.017516,79.100995,40.692607,75.100994,40.687869,76.900992,40.690001,63.403353,40.437565
34.560000,0.020000,3.000000,4.000000,1.800000,13.500000,2.000000,0.000000,0.000000,0.001157,0.066313,0.018619,1.066767,-0.001794,-0.102790,-0.017461,-1.000454,-0.001157,0.017461,79.160995,40.692570,75.160993,40.687941,76.960992,40.690024,63.463332,40.438687
34.580000,0.020000,3.000000,4.000000,1.800000,13.500000,2.000000,0.000000,0.000000,0.001130,0.064771,0.018537,1.062115,-0.001788,-0.102471,-0.017407,-0.997345,-0.001130,0.017407,79.220995,40.692532,75.220993,40.688010,77.020992,40.690045,63.523312,40.439804
34.600000,0.020000,3.000000,4.000000,1.800000,13.500000,2.000000,0.000000,0.000000,0.001104,0.063234,0.018456,1.057478,-0.001783,-0.102152,-0.017353,-0.994244,-0.001104,0.017353,79.280995,40.692492,75.280993,40.688078,77.080992,40.690064,63.583291,40.440916
34.620000,0.020000,3.000000,4.000000,1.800000,13.500000,2.000000,0.000000,0.000000,0.001077,0.061702,0.018376,1.052855,-0.001777,-0.101835,-0.017299,-0.991154,-0.001077,0.017299,79.340995,40.692452,75.340993,40.688144,77.140992,40.690082,63.643271,40.442023
34.640000,0.020000,3.000000,4.000000,1.800000,13.500000,2.000000,0.000000,0.000000,0.001050,0.060174,0.018295,1.048247,-0.001772,-0.101518,-0.017245,-0.988073,-0.001050,0.017245,79.400995,40.692410,75.400993,40.688209,77.200992,40.690099,63.703251,40.443126
34.660000,0.020000,3.000000,4.000000,1.800000,13.500000,2.000000,0.000000,0.000000,0.001024,0.058651,0.018215,1.043652,-0.001766,-0.101203,-0.017192,-0.985001,-0.001024,0.017192,79.460995,40.692366,75.460993,40.688272,77.260992,40.690114,63.763231,40.444223
34.680000,0.020000,3.000000,4.000000,1.800000,13.500000,2.000000,0.000000,0.000000,0.000997,0.057133,0.018135,1.039073,-0.001761,-0.100888,-0.017138,-0.981939,-0.000997,0.017138,79.520995,40.692322,75.520993,40.688333,77.320992,40.690128,63.823212,40.445316
34.700000,0.020000,3.000000,4.000000,1.800000,13.500000,2.000000,0.000000,0.000000,0.000971,0.055620,0.018056,1.034507,-0.001755,-0.100575,-0.017085,-0.978887,-0.000971,0.017085,79.580995,40.692276,75.580993,40.688393,77.380992,40.690140,63.883192,40.446404
34.720000,0.020000,3.000000,4.000000,1.800000,13.500000,2.000000,0.000000,0.000000,0.000944,0.054111,0.017976,1.029955,-0.001750,-0.100262,-0.017032,-0.975844,-0.000944,0.017032,79.640995,40.692229,75.640992,40.688451,77.440992,40.690151,63.943173,40.447487
34.740000,0.020000,3.000000,4.000000,1.800000,13.500000,2.000000,0.000000,0.000000,0.000918,0.052607,0.017897,1.025418,-0.001744,-0.099951,-0.016979,-0.972811,-0.000918,0.016979,79.700995,40.692181,75.700992,40.688508,77.500992,40.690161,64.003153,40.448565
34.760000,0.020000,3.000000,4.000000,1.800000,13.500000,2.000000,0.000000,0.000000,0.000892,0.051108,0.017818,1.020895,-0.001739,-0.099640,-0.016926,-0.969787,-0.000892,0.016926,79.760995,40.692131,75.760992,40.688563,77.560991,40.690169,64.063134,40.449639
34.780000,0.020000,3.000000,4.000000,1.800000,13.500000,2.000000,0.000000,0.000000,0.000866,0.049613,0.017739,1.016385,-0.001734,-0.099330,-0.016873,-0.966772,-0.000866,0.016873,79.820995,40.692080,75.820992,40.688616,77.620991,40.690175,64.123115,40.450707
34.800000,0.020000,3.000000,4.000000,1.800000,13.500000,2.000000,0.000000,0.000000,0.000840,0.048124,0.017661,1.011890,-0.001728,-0.099022,-0.016821,-0.963767,-0.000840,0.016821,79.880995,40.692028,75.880992,40.688668,77.680991,40.690180,64.183097,40.451772
34.820000,0.020000,3.000000,4.000000,1.800000,13.500000,2.000000,0.000000,0.000000,0.000814,0.046638,0.017583,1.007409,-0.001723,-0.098714,-0.016769,-0.960771,-0.000814,0.016769,79.940995,40.691975,75.940992,40.688719,77.740991,40.690184,64.243078,40.452831
34.840000,0.020000,3.000000,4.000000,1.800000,13.500000,2.000000,0.000000,0.000000,0.000788,0.045157,0.017505,1.002942,-0.001718,-0.098407,-0.016716,-0.957784,-0.000788,0.016716,80.000995,40.691920,76.000992,40.688768,77.800991,40.690186,64.303059,40.453886
34.860000,0.020000,3.000000,4.000000,1.800000,13.500000,2.000000,0.000000,0.000000,0.000762,0.043681,0.017427,0.998488,-0.001712,-0.098101,-0.016665,-0.954807,-0.000762,0.016665,80.060995,40.691864,76.060992,40.688815,77.860991,40.690187,64.363041,40.454936
34.880000,0.020000,3.000000,4.000000,1.800000,13.500000,2.000000,0.000000,0.000000,0.000737,0.042210,0.017349,0.994049,-0.001707,-0.097796,-0.016613,-0.951839,-0.000737,0.016613,80.120995,40.691807,76.120992,40.688861,77.920991,40.690187,64.423023,40.455981
34.900000,0.020000,3.000000,4.000000,1.800000,13.500000,2.000000,0.000000,0.000000,0.000711,0.040743,0.017272,0.989623,-0.001702,-0.097492,-0.016561,-0.948880,-0.000711,0.016561,80.180995,40.691749,76.180991,40.688905,77.980991,40.690185,64.483005,40.457022
34.920000,0.020000,3.000000,4.000000,1.800000,13.500000,2.000000,0.000000,0.000000,0.000686,0.039281,0.017195,0.985211,-0.001696,-0.097189,-0.016510,-0.945931,-0.000686,0.016510,80.240994,40.691690,76.240991,40.688948,78.040991,40.690182,64.542987,40.458058
34.940000,0.020000,3.000000,4.000000,1.800000,13.500000,2.000000,0.000000,0.000000,0.000660,0.037823,0.017118,0.980813,-0.001691,-0.096887,-0.016458,-0.942990,-0.000660,0.016458,80.300994,40.691629,76.300991,40.688989,78.100991,40.690177,64.602969,40.459090
34.960000,0.020000,3.000000,4.000000,1.800000,13.500000,2.000000,0.000000,0.000000,0.000635,0.036369,0.017042,0.976428,-0.001686,-0.096586,-0.016407,-0.940059,-0.000635,0.016407,80.360994,40.691567,76.360991,40.689028,78.160991,40.690171,64.662951,40.460117
34.980000,0.020000,3.000000,4.000000,1.800000,13.500000,2.000000,0.000000,0.000000,0.000609,0.034921,0.016966,0.972057,-0.001681,-0.096286,-0.016356,-0.937137,-0.000609,0.016356,80.420994,40.691504,76.420991,40.689066,78.220991,40.690163,64.722933,40.461139
35.000000,0.020000,3.000000,4.000000,1.800000,13.500000,2.000000,0.000000,0.000000,0.000584,0.033476,0.016890,0.967700,-0.001681,-0.096286,-0.016305,-0.934223,-0.000609,0.016356,80.480994,40.691440,76.480991,40.689103,78.280991,40.690155,64.782916,40.462157